"regime","rep","gene","bool_boundary","pearson","ll_gain","mean_count","score_at_poisson"
"baseline",1,"gene1",FALSE,1.148,3.645,4.247,285.8
"baseline",1,"gene2",FALSE,1.089,1.079,2.285,72.41
"baseline",1,"gene3",FALSE,1.195,5.263,6.215,472.1
"baseline",1,"gene4",FALSE,1.212,7.791,4.43,419.7
"baseline",1,"gene5",FALSE,1.209,4.681,3.218,235.7
"baseline",1,"gene6",FALSE,1.455,25.47,5.112,1033
"baseline",1,"gene7",FALSE,1.145,3.805,4.603,284.2
"baseline",1,"gene8",FALSE,1.495,25.63,4.765,991.4
"baseline",1,"gene9",FALSE,1.327,14.04,5.715,783.7
"baseline",1,"gene10",FALSE,1.416,23.43,4.36,825
"baseline",1,"gene11",FALSE,1.385,18.37,2.798,401.8
"baseline",1,"gene12",FALSE,1.249,8.062,4.987,508.3
"baseline",1,"gene13",FALSE,1.317,10.86,2.375,315.4
"baseline",1,"gene14",FALSE,1.266,8.834,4.4,489.1
"baseline",1,"gene15",FALSE,1.562,42.99,6.333,1763
"baseline",1,"gene16",FALSE,1.223,8.245,2.08,333.9
"baseline",1,"gene17",FALSE,1.208,5.98,3.322,464.1
"baseline",1,"gene18",FALSE,1.257,9.672,2.602,413.9
"baseline",1,"gene19",FALSE,1.514,30.88,2.597,872.4
"baseline",1,"gene20",FALSE,1.309,8.591,3.115,539.9
"baseline",1,"gene21",FALSE,1.231,4.38,2.623,296.5
"baseline",1,"gene22",FALSE,1.215,6.263,2.878,380.1
"baseline",1,"gene23",FALSE,1.16,2.3,3.183,256.6
"baseline",1,"gene24",FALSE,1.344,15.2,1.937,445.3
"baseline",1,"gene25",FALSE,1.431,20.17,3.262,937.9
"baseline",1,"gene26",FALSE,1.131,1.881,1.833,132.2
"baseline",1,"gene27",FALSE,1.183,6.151,2.208,341.5
"baseline",1,"gene28",FALSE,1.139,2.335,3.992,329.6
"baseline",1,"gene29",FALSE,1.199,5.62,3.182,407.1
"baseline",1,"gene30",FALSE,1.156,3.528,1.655,178
"baseline",1,"gene31",FALSE,1.205,5.155,1.672,234.8
"baseline",1,"gene32",FALSE,1.338,14.53,2.132,483.8
"baseline",1,"gene33",FALSE,1.226,7.203,1.18,155
"baseline",1,"gene34",FALSE,1.214,6.592,3.687,560.8
"baseline",1,"gene35",FALSE,1.014,0.2875,3.302,93.18
"baseline",1,"gene36",FALSE,1.188,6.402,0.9583,127.8
"baseline",1,"gene37",FALSE,1.305,11.8,2.395,512.1
"baseline",1,"gene38",FALSE,1.354,17.93,3.177,718
"baseline",1,"gene39",FALSE,1.149,2.519,3,261.5
"baseline",1,"gene40",FALSE,1.331,13.21,2.488,495.6
"baseline",1,"gene41",FALSE,1.52,27.43,0.965,323.5
"baseline",1,"gene42",FALSE,1.592,36.98,1.155,510
"baseline",1,"gene43",FALSE,1.181,5.983,1.66,212.1
"baseline",1,"gene44",FALSE,1.36,18.9,4.838,1451
"baseline",1,"gene45",FALSE,1.147,2.993,4.297,366
"baseline",1,"gene46",FALSE,1.247,10.04,1.348,226.1
"baseline",1,"gene47",FALSE,1.403,19.74,2.177,603.5
"baseline",1,"gene48",FALSE,1.114,2.315,4.508,389.9
"baseline",1,"gene49",FALSE,1.226,7.691,1.293,225
"baseline",1,"gene50",FALSE,1.171,3.9,2.433,238.6
"baseline",1,"gene51",FALSE,1.063,0.6367,1.842,71.08
"baseline",1,"gene52",FALSE,1.486,28.94,2.28,828.4
"baseline",1,"gene53",FALSE,1.164,3.141,1.44,139.8
"baseline",1,"gene54",FALSE,1.141,2.846,1.227,105.7
"baseline",1,"gene55",FALSE,1.343,15.73,4.417,983
"baseline",1,"gene56",FALSE,1.153,4.209,4.78,594.7
"baseline",1,"gene57",FALSE,1.123,0.9392,4.05,214
"baseline",1,"gene58",FALSE,1.322,11.61,3.307,667.7
"baseline",1,"gene59",FALSE,1.346,18.01,1.415,372.1
"baseline",1,"gene60",FALSE,1.216,6.109,2.247,333.2
"baseline",1,"gene61",FALSE,1.304,15.89,1.975,460.5
"baseline",1,"gene62",FALSE,1.284,9.26,3.887,618.9
"baseline",1,"gene63",FALSE,1.325,16.12,1.955,452.5
"baseline",1,"gene64",FALSE,1.286,10.37,1.413,242.8
"baseline",1,"gene65",FALSE,1.185,5.382,4.793,636
"baseline",1,"gene66",FALSE,1.237,7.999,3.205,491.7
"baseline",1,"gene67",FALSE,1.289,11.65,1.13,220.1
"baseline",1,"gene68",FALSE,1.199,6.531,1.945,266.7
"baseline",1,"gene69",FALSE,1.212,6.141,2.148,259.3
"baseline",1,"gene70",FALSE,1.199,5.066,1.585,187.9
"baseline",1,"gene71",FALSE,1.433,21.74,4.213,1219
"baseline",1,"gene72",FALSE,1.182,4.2,1.693,177
"baseline",1,"gene73",FALSE,1.312,14.13,1.925,446.1
"baseline",1,"gene74",FALSE,1.107,1.201,2.46,151.7
"baseline",1,"gene75",FALSE,1.501,27.94,1.937,679.5
"baseline",1,"gene76",FALSE,1.118,2.806,2.01,176.8
"baseline",1,"gene77",FALSE,1.145,4.383,2.91,367.7
"baseline",1,"gene78",FALSE,1.329,11.7,3.617,682.5
"baseline",1,"gene79",FALSE,1.135,3.109,3.428,343.3
"baseline",1,"gene80",FALSE,1.249,10.02,2.688,473.8
"baseline",1,"gene81",FALSE,1.337,14.46,1.415,297.3
"baseline",1,"gene82",FALSE,1.045,0.3791,1.175,39.87
"baseline",1,"gene83",FALSE,1.253,8.494,1.105,147.6
"baseline",1,"gene84",FALSE,1.149,3.695,4.493,485.8
"baseline",1,"gene85",FALSE,1.38,17.35,1.353,359.1
"baseline",1,"gene86",TRUE,0.971,-1.51e-06,1.022,-23.82
"baseline",1,"gene87",FALSE,1.399,17.75,1.135,258.9
"baseline",1,"gene88",FALSE,1.358,15.44,1.697,382.2
"baseline",1,"gene89",FALSE,1.189,4.621,3.838,451.7
"baseline",1,"gene90",FALSE,1.193,2.645,1.552,146.1
"baseline",1,"gene91",FALSE,1.231,6.495,1.615,235.3
"baseline",1,"gene92",FALSE,1.376,18.26,2.135,478.4
"baseline",1,"gene93",FALSE,1.218,6.528,3.648,489.6
"baseline",1,"gene94",FALSE,1.252,9.324,2.813,535.8
"baseline",1,"gene95",FALSE,1.262,9.557,2.057,374.3
"baseline",1,"gene96",FALSE,1.199,5.409,2.278,280.2
"baseline",1,"gene97",FALSE,1.465,25.97,3.305,963.7
"baseline",1,"gene98",FALSE,1.435,19.82,5.448,1614
"baseline",1,"gene99",FALSE,1.453,23.99,1.677,520.1
"baseline",1,"gene100",FALSE,1.207,6.013,2.935,413.9
"baseline",1,"gene101",FALSE,1.199,4.853,4.003,466.1
"baseline",1,"gene102",FALSE,1.112,2.344,4.423,371
"baseline",1,"gene103",FALSE,1.239,7.653,2.68,435.5
"baseline",1,"gene104",FALSE,1.383,22.43,3.473,1062
"baseline",1,"gene105",FALSE,1.436,25.91,1.442,407.8
"baseline",1,"gene106",FALSE,1.153,3.893,3.798,384.6
"baseline",1,"gene107",FALSE,1.148,4.536,1.83,249.5
"baseline",1,"gene108",FALSE,1.371,16.54,2.762,575.3
"baseline",1,"gene109",FALSE,1.056,0.3395,1.585,46.93
"baseline",1,"gene110",FALSE,1.212,5.495,2.088,252.8
"baseline",1,"gene111",FALSE,1.501,27.02,3.238,959.8
"baseline",1,"gene112",FALSE,1.2,7.319,2.668,430
"baseline",1,"gene113",FALSE,1.245,10.38,2.867,519.6
"baseline",1,"gene114",FALSE,1.207,5.107,4.173,516.5
"baseline",1,"gene115",FALSE,1.252,8.85,2.732,431.9
"baseline",1,"gene116",FALSE,1.517,21.39,1.083,287.6
"baseline",1,"gene117",FALSE,1.164,6.139,1.34,192.8
"baseline",1,"gene118",FALSE,1.33,15.85,2.435,519.4
"baseline",1,"gene119",FALSE,1.147,3.284,1.65,189.7
"baseline",1,"gene120",FALSE,1.07,0.9635,2.222,108.8
"baseline",1,"gene121",FALSE,1.093,1.093,2.197,126.9
"baseline",1,"gene122",FALSE,1.461,23.86,3.98,1177
"baseline",1,"gene123",FALSE,1.247,9.54,2.075,352.2
"baseline",1,"gene124",FALSE,1.402,19.67,3.14,801
"baseline",1,"gene125",FALSE,1.384,18.13,4.605,1145
"baseline",1,"gene126",FALSE,1.126,2.294,2.683,213.1
"baseline",1,"gene127",FALSE,1.122,2.08,2.932,200.6
"baseline",1,"gene128",FALSE,1.224,7.376,1.198,220.2
"baseline",1,"gene129",FALSE,1.322,12.51,1.795,374
"baseline",1,"gene130",FALSE,1.144,3.549,1.32,139
"baseline",1,"gene131",FALSE,1.304,12.9,1.64,324.3
"baseline",1,"gene132",FALSE,1.247,10.22,2.5,446
"baseline",1,"gene133",FALSE,1.281,9.694,3.707,671.8
"baseline",1,"gene134",FALSE,1.237,6.562,1.525,251.9
"baseline",1,"gene135",FALSE,1.207,8.004,2.44,441.9
"baseline",1,"gene136",FALSE,1.109,2.012,3.273,211.7
"baseline",1,"gene137",FALSE,1.134,2.794,1.113,95.72
"baseline",1,"gene138",FALSE,1.297,10.49,2.972,525.4
"baseline",1,"gene139",FALSE,1.185,4.521,1.472,159.3
"baseline",1,"gene140",FALSE,1.153,2.446,4.682,396.8
"baseline",1,"gene141",FALSE,1.318,16.58,1.77,442.2
"baseline",1,"gene142",FALSE,1.294,13.64,1.93,435.1
"baseline",1,"gene143",FALSE,1.267,7.4,2.048,313
"baseline",1,"gene144",FALSE,1.324,13.55,1.593,332.6
"baseline",1,"gene145",FALSE,1.201,4.439,3.735,404.8
"baseline",1,"gene146",FALSE,1.282,10.68,1.102,188.9
"baseline",1,"gene147",FALSE,1.302,11.61,2.258,427.1
"baseline",1,"gene148",FALSE,1.248,8.259,1.648,300.9
"baseline",1,"gene149",FALSE,1.253,10.19,2.435,465
"baseline",1,"gene150",FALSE,1.179,4.507,1.66,200.1
"baseline",1,"gene151",FALSE,1.384,16.96,4.863,1029
"baseline",1,"gene152",FALSE,1.234,6.895,1.717,232.7
"baseline",1,"gene153",FALSE,1.177,2.774,3.412,295.2
"baseline",1,"gene154",FALSE,1.109,1.79,1.547,126.2
"baseline",1,"gene155",FALSE,1.163,3.865,1.79,186.9
"baseline",1,"gene156",FALSE,1.16,4.013,3.35,376.8
"baseline",1,"gene157",FALSE,1.254,8.178,1.815,272.8
"baseline",1,"gene158",FALSE,1.396,18.56,1.222,308.7
"baseline",1,"gene159",FALSE,1.194,4.06,3.083,319
"baseline",1,"gene160",FALSE,1.162,3.989,3.703,404.7
"baseline",1,"gene161",FALSE,1.275,7.393,1.712,245.9
"baseline",1,"gene162",FALSE,1.109,2.352,1.443,121
"baseline",1,"gene163",FALSE,1.225,5.57,4.323,521.7
"baseline",1,"gene164",FALSE,1.33,12.23,3.317,624.9
"baseline",1,"gene165",FALSE,1.193,6.418,1.503,213.6
"baseline",1,"gene166",FALSE,1.37,9.594,1.08,201.4
"baseline",1,"gene167",FALSE,1.265,7.621,4.07,605.8
"baseline",1,"gene168",FALSE,1.219,6.743,1.8,271.5
"baseline",1,"gene169",FALSE,1.17,4.253,3.905,441.1
"baseline",1,"gene170",FALSE,1.125,3.7,3.335,374.9
"baseline",1,"gene171",FALSE,1.168,4.495,1.835,208.4
"baseline",1,"gene172",FALSE,1.412,17.95,1.187,301.4
"baseline",1,"gene173",FALSE,1.078,0.633,3.293,129.8
"baseline",1,"gene174",FALSE,1.167,2.354,4.127,381.3
"baseline",1,"gene175",FALSE,1.152,3.578,1.487,189
"baseline",1,"gene176",FALSE,1.273,9.955,3.765,651.8
"baseline",1,"gene177",FALSE,1.264,9.985,5.292,862.6
"baseline",1,"gene178",FALSE,1.452,25.58,1.462,467.9
"baseline",1,"gene179",FALSE,1.577,35.64,2.03,745.6
"baseline",1,"gene180",FALSE,1.266,8.381,1.958,298.8
"baseline",1,"gene181",FALSE,1.285,11.81,3.383,670.3
"baseline",1,"gene182",FALSE,1.422,14.92,1.42,320.6
"baseline",1,"gene183",FALSE,1.314,12.17,4.523,1061
"baseline",1,"gene184",FALSE,1.167,4.227,3.182,339.6
"baseline",1,"gene185",FALSE,1.068,1.611,1.14,89.39
"baseline",1,"gene186",FALSE,1.424,26.41,2.248,737.8
"baseline",1,"gene187",FALSE,1.044,0.8402,1.277,59.43
"baseline",1,"gene188",FALSE,1.286,11.73,1.813,326
"baseline",1,"gene189",FALSE,1.342,16.4,1.143,274.6
"baseline",1,"gene190",FALSE,1.144,4.185,1.993,231.5
"baseline",1,"gene191",FALSE,1.099,1.27,3.072,163.9
"baseline",1,"gene192",FALSE,1.192,5.798,1.605,224.1
"baseline",1,"gene193",FALSE,1.143,3.053,1.542,143.5
"baseline",1,"gene194",FALSE,1.023,0.2811,1.09,29.38
"baseline",1,"gene195",FALSE,1.105,1.894,1.303,95.52
"baseline",1,"gene196",FALSE,1.292,8.87,1.123,217.5
"baseline",1,"gene197",FALSE,1.075,1.113,1.793,118
"baseline",1,"gene198",FALSE,1.233,5.702,2.048,263.3
"baseline",1,"gene199",FALSE,1.204,7.473,3.712,644.1
"baseline",1,"gene200",FALSE,1.172,5.535,1.708,251.4
"baseline",1,"gene201",FALSE,1.172,3.699,3.285,366.8
"baseline",1,"gene202",FALSE,1.112,3.343,1.615,185.8
"baseline",1,"gene203",FALSE,1.154,3.801,1.91,208.7
"baseline",1,"gene204",FALSE,1.19,4.546,4.628,533
"baseline",1,"gene205",FALSE,1.081,1.69,1.43,97.03
"baseline",1,"gene206",FALSE,1.221,8.051,2.865,500.5
"baseline",1,"gene207",FALSE,1.373,19.26,2.12,616
"baseline",1,"gene208",FALSE,1.244,10.16,0.8583,176.6
"baseline",1,"gene209",FALSE,1.191,3.22,1.663,164.9
"baseline",1,"gene210",FALSE,1.28,9.822,3.277,681.3
"baseline",1,"gene211",FALSE,1.278,9.977,1.71,323.8
"baseline",1,"gene212",FALSE,1.377,18.86,2.892,707.9
"baseline",1,"gene213",TRUE,0.9613,-2.061e-06,1.792,-36.51
"baseline",1,"gene214",FALSE,1.216,8.542,1.137,186.4
"baseline",1,"gene215",FALSE,1.232,7.992,3.13,416.9
"baseline",1,"gene216",FALSE,1.237,9.465,4.898,900.6
"baseline",1,"gene217",FALSE,1.672,42.14,1.617,669.2
"baseline",1,"gene218",FALSE,1.114,2.074,1.708,157.8
"baseline",1,"gene219",FALSE,1.097,1.958,1.17,95.09
"baseline",1,"gene220",FALSE,1.097,2.33,4.127,343.5
"baseline",1,"gene221",FALSE,1.234,8.133,3.84,614.3
"baseline",1,"gene222",FALSE,1.395,12.78,3.175,729.6
"baseline",1,"gene223",FALSE,1.078,1.065,2.422,146.1
"baseline",1,"gene224",FALSE,1.146,3.64,2.81,290.8
"baseline",1,"gene225",FALSE,1.52,23.97,1.283,381.3
"baseline",1,"gene226",FALSE,1.336,16.06,1.753,383.3
"baseline",1,"gene227",FALSE,1.404,15.89,1.228,309.7
"baseline",1,"gene228",FALSE,1.22,7.194,3.233,499.9
"baseline",1,"gene229",FALSE,1.333,14.77,1.147,244.1
"baseline",1,"gene230",FALSE,1.133,2.61,3.865,336.1
"baseline",1,"gene231",FALSE,1.2,5.12,3.853,495.2
"baseline",1,"gene232",FALSE,1.319,12.73,1.33,307
"baseline",1,"gene233",FALSE,1.218,9.833,4.378,867.4
"baseline",1,"gene234",FALSE,1.117,2.366,3.565,288.6
"baseline",1,"gene235",FALSE,1.364,19.3,1.728,495.7
"baseline",1,"gene236",FALSE,1.184,4.452,1.345,160.7
"baseline",1,"gene237",FALSE,1.448,19.18,4.118,1087
"baseline",1,"gene238",FALSE,1.251,8.49,1.315,266.5
"baseline",1,"gene239",FALSE,1.312,12.42,0.9783,194.9
"baseline",1,"gene240",FALSE,1.111,2.661,4.05,359
"baseline",1,"gene241",FALSE,1.415,21.54,2.043,550.1
"baseline",1,"gene242",FALSE,1.318,14.3,2.285,469.6
"baseline",1,"gene243",FALSE,1.304,16.5,2.177,470.9
"baseline",1,"gene244",FALSE,1.292,10.5,2.817,530.7
"baseline",1,"gene245",FALSE,1.271,14.02,4.91,1122
"baseline",1,"gene246",FALSE,1.322,9.773,1.347,223.1
"baseline",1,"gene247",FALSE,1.285,12.99,1.108,251.4
"baseline",1,"gene248",FALSE,1.116,4.405,1.535,164.5
"baseline",1,"gene249",FALSE,1.226,6.926,2.695,396
"baseline",1,"gene250",FALSE,1.313,12.55,1.952,401.2
"baseline",1,"gene251",TRUE,0.9464,-3.997e-06,2.458,-55.23
"baseline",1,"gene252",FALSE,1.151,4.1,3.04,316.3
"baseline",1,"gene253",FALSE,1.179,5.204,3.943,542.6
"baseline",1,"gene254",FALSE,1.13,2.803,3.58,343.5
"baseline",1,"gene255",FALSE,1.174,2.667,1.488,128.4
"baseline",1,"gene256",FALSE,1.301,13.83,2.092,469.4
"baseline",1,"gene257",FALSE,1.149,4.755,4.327,491.4
"baseline",1,"gene258",FALSE,1.201,3.393,1.02,104.8
"baseline",1,"gene259",FALSE,1.182,5.009,2.75,337.4
"baseline",1,"gene260",FALSE,1.555,29.97,2.688,958
"baseline",1,"gene261",FALSE,1.243,8.274,4.34,649.8
"baseline",1,"gene262",FALSE,1.326,12.29,1.38,280
"baseline",1,"gene263",FALSE,1.443,21.6,1.693,534.6
"baseline",1,"gene264",FALSE,1.316,12.84,1.345,282.5
"baseline",1,"gene265",FALSE,1.592,39.37,4.337,1759
"baseline",1,"gene266",FALSE,1.466,26,1.588,483.4
"baseline",1,"gene267",FALSE,1.393,19.84,2.742,690
"baseline",1,"gene268",FALSE,1.59,36.94,3.19,1327
"baseline",1,"gene269",FALSE,1.144,3.775,2.55,296.4
"baseline",1,"gene270",FALSE,1.304,15.07,3.617,823.7
"baseline",1,"gene271",FALSE,1.202,5.336,2.073,245.2
"baseline",1,"gene272",FALSE,1.134,2.58,3.952,319.5
"baseline",1,"gene273",FALSE,1.104,1.308,3.648,213.3
"baseline",1,"gene274",FALSE,1.324,9.702,1.943,362
"baseline",1,"gene275",FALSE,1.245,7.15,4.023,630.6
"baseline",1,"gene276",FALSE,1.229,9.043,1.802,327.1
"baseline",1,"gene277",FALSE,1.273,10.86,3.432,680.9
"baseline",1,"gene278",FALSE,1.114,2.419,2.833,235.5
"baseline",1,"gene279",FALSE,1.179,5.369,2.077,263.7
"baseline",1,"gene280",FALSE,1.394,18.57,1.502,367
"baseline",1,"gene281",FALSE,1.121,2.788,5.107,485.7
"baseline",1,"gene282",FALSE,1.064,0.7159,3.052,139.9
"baseline",1,"gene283",FALSE,1.188,6.035,2.203,365.1
"baseline",1,"gene284",FALSE,1.229,6.442,3.77,527.3
"baseline",1,"gene285",FALSE,1.272,7.052,3.95,589.9
"baseline",1,"gene286",FALSE,1.209,4.708,2.438,271.9
"baseline",1,"gene287",FALSE,1.253,7.951,1.18,177.9
"baseline",1,"gene288",FALSE,1.067,1.122,2.828,152.4
"baseline",1,"gene289",FALSE,1.232,6.602,2.712,412.6
"baseline",1,"gene290",FALSE,1.236,6.286,1.697,232
"baseline",1,"gene291",FALSE,1.445,24.97,2.148,685.8
"baseline",1,"gene292",FALSE,1.329,13.63,2.152,425.1
"baseline",1,"gene293",FALSE,1.135,1.887,4.088,295.5
"baseline",1,"gene294",FALSE,1.081,2.039,1.302,112.3
"baseline",1,"gene295",FALSE,1.335,13.88,1.213,258.3
"baseline",1,"gene296",FALSE,1.124,2.839,3.91,426.3
"baseline",1,"gene297",FALSE,1.659,43.01,1.325,640.1
"baseline",1,"gene298",FALSE,1.25,7.023,2.413,364.6
"baseline",1,"gene299",FALSE,1.207,4.762,1.862,222.1
"baseline",1,"gene300",FALSE,1.246,9.933,1.418,261
"baseline",2,"gene1",FALSE,1.399,20.71,2.085,313.5
"baseline",2,"gene2",FALSE,1.269,12.29,2.665,326
"baseline",2,"gene3",FALSE,1.12,1.762,2.487,106.4
"baseline",2,"gene4",FALSE,1.235,6.727,6.537,553.9
"baseline",2,"gene5",FALSE,1.09,1.102,3.005,119.1
"baseline",2,"gene6",FALSE,1.188,3.255,3.855,227.8
"baseline",2,"gene7",FALSE,0.9896,0.009062,5.78,17.46
"baseline",2,"gene8",FALSE,1.469,29.5,9.418,1882
"baseline",2,"gene9",FALSE,1.12,1.459,4.453,148.5
"baseline",2,"gene10",FALSE,1.276,11.98,7.115,796.9
"baseline",2,"gene11",FALSE,1.295,10.49,7.962,945.8
"baseline",2,"gene12",FALSE,1.158,2.818,4.662,253
"baseline",2,"gene13",FALSE,1.244,9.36,3.497,338
"baseline",2,"gene14",FALSE,1.39,18.45,6.115,977.1
"baseline",2,"gene15",FALSE,1.212,7.458,3.73,353.8
"baseline",2,"gene16",FALSE,1.258,9.768,1.067,230.3
"baseline",2,"gene17",FALSE,1.195,5.207,2.228,266.8
"baseline",2,"gene18",FALSE,1.279,9.476,2.703,412.1
"baseline",2,"gene19",FALSE,1.138,2.724,2.93,300.4
"baseline",2,"gene20",FALSE,1.472,24.36,2.833,778.1
"baseline",2,"gene21",FALSE,1.29,9.809,3.232,578.3
"baseline",2,"gene22",FALSE,1.239,7.317,1.617,253.2
"baseline",2,"gene23",FALSE,1.233,7.809,3.7,616.6
"baseline",2,"gene24",FALSE,1.353,16.13,4.205,1178
"baseline",2,"gene25",FALSE,1.253,9.58,4.245,763.2
"baseline",2,"gene26",FALSE,1.37,18.57,1.475,395.6
"baseline",2,"gene27",FALSE,1.125,3.667,3.357,387.7
"baseline",2,"gene28",FALSE,1.246,6.765,1.31,211.7
"baseline",2,"gene29",FALSE,1.162,4.179,2.875,316.5
"baseline",2,"gene30",FALSE,1.207,7.889,3.017,484
"baseline",2,"gene31",FALSE,1.439,24.19,1.272,440.6
"baseline",2,"gene32",FALSE,1.126,3.628,1.27,146.3
"baseline",2,"gene33",FALSE,1.367,17.76,1.493,361.6
"baseline",2,"gene34",FALSE,1.431,23.51,1.98,511.3
"baseline",2,"gene35",FALSE,1.408,19.04,2.055,526.2
"baseline",2,"gene36",FALSE,1.208,5.531,2.642,365.2
"baseline",2,"gene37",FALSE,1.27,10.29,1.395,238.4
"baseline",2,"gene38",FALSE,1.224,7.306,2.398,339.3
"baseline",2,"gene39",FALSE,1.372,10.4,1.428,266.9
"baseline",2,"gene40",FALSE,1.264,10.1,3.068,643.3
"baseline",2,"gene41",FALSE,1.13,2.223,1.012,87.01
"baseline",2,"gene42",FALSE,1.225,8.545,2.502,425.6
"baseline",2,"gene43",FALSE,1.339,15.36,1.592,334.4
"baseline",2,"gene44",FALSE,1.072,2.041,1.922,140
"baseline",2,"gene45",FALSE,1.041,0.497,2.05,69.36
"baseline",2,"gene46",FALSE,1.165,2.479,4.28,305.6
"baseline",2,"gene47",FALSE,1.091,1.869,3.22,271.3
"baseline",2,"gene48",FALSE,1.166,4.875,2.285,304.5
"baseline",2,"gene49",FALSE,1.538,31.31,1.82,595.8
"baseline",2,"gene50",FALSE,1.129,3.037,1.117,103.8
"baseline",2,"gene51",FALSE,1.067,1.004,2.575,138.2
"baseline",2,"gene52",FALSE,1.112,2.384,2.235,197.7
"baseline",2,"gene53",FALSE,1.227,7.618,1.065,174.6
"baseline",2,"gene54",FALSE,1.327,13.74,4.738,908.1
"baseline",2,"gene55",FALSE,1.187,3.2,1.527,154.7
"baseline",2,"gene56",FALSE,1.19,4.48,2.335,302.1
"baseline",2,"gene57",FALSE,1.074,0.8896,3.71,198.8
"baseline",2,"gene58",FALSE,1.421,22.56,1.805,478.5
"baseline",2,"gene59",FALSE,1.08,1.559,1.328,85.84
"baseline",2,"gene60",FALSE,1.299,11.62,2.793,567.7
"baseline",2,"gene61",FALSE,1.147,3.421,3.842,420
"baseline",2,"gene62",FALSE,1.175,3.952,2.217,243
"baseline",2,"gene63",FALSE,1.088,1.243,1.147,62.43
"baseline",2,"gene64",FALSE,1.279,10.25,2.323,420.9
"baseline",2,"gene65",FALSE,1.2,5.14,1.093,125.9
"baseline",2,"gene66",FALSE,1.246,8.895,2.168,415.7
"baseline",2,"gene67",FALSE,1.606,37.52,4.807,1963
"baseline",2,"gene68",FALSE,1.333,18.25,1.27,323.8
"baseline",2,"gene69",FALSE,1.06,0.61,2.217,83.66
"baseline",2,"gene70",FALSE,1.356,15.02,1.585,344.6
"baseline",2,"gene71",FALSE,1.488,22.83,2.29,656.4
"baseline",2,"gene72",FALSE,1.154,3.333,3.83,393.7
"baseline",2,"gene73",FALSE,1.046,0.7256,1.077,49.51
"baseline",2,"gene74",FALSE,1.085,0.4338,1.572,51.8
"baseline",2,"gene75",FALSE,1.214,5.717,1.103,153.9
"baseline",2,"gene76",FALSE,1.267,8.355,1.21,220
"baseline",2,"gene77",FALSE,1.167,5.498,1.367,169.7
"baseline",2,"gene78",FALSE,1.149,3.854,1.365,157
"baseline",2,"gene79",FALSE,1.219,7.553,1.847,300.4
"baseline",2,"gene80",FALSE,1.069,0.9287,4.268,221.1
"baseline",2,"gene81",FALSE,1.337,14.01,1.478,357.7
"baseline",2,"gene82",FALSE,1.3,10.72,5.473,1034
"baseline",2,"gene83",FALSE,1.23,6.244,1.062,138.8
"baseline",2,"gene84",FALSE,1.342,13.49,1.628,384.7
"baseline",2,"gene85",FALSE,1.511,25.91,1.932,606.4
"baseline",2,"gene86",FALSE,1.163,5.229,5.623,723.8
"baseline",2,"gene87",FALSE,1.182,6.334,2.365,366.9
"baseline",2,"gene88",FALSE,1.443,24.21,1.238,393.6
"baseline",2,"gene89",FALSE,1.261,11.64,2.007,410.6
"baseline",2,"gene90",FALSE,1.422,22.84,4.215,1227
"baseline",2,"gene91",FALSE,1.218,7.32,3.805,539.6
"baseline",2,"gene92",FALSE,1.334,16.24,2.635,627.2
"baseline",2,"gene93",FALSE,1.172,4.063,1.328,150.1
"baseline",2,"gene94",FALSE,1.053,1.006,2.247,119
"baseline",2,"gene95",FALSE,1.242,7.516,4.247,585.5
"baseline",2,"gene96",FALSE,1.294,10.92,5.32,992.4
"baseline",2,"gene97",FALSE,1.368,16.67,2.495,644.4
"baseline",2,"gene98",FALSE,1.307,13.69,1.14,259.8
"baseline",2,"gene99",FALSE,1.244,6.151,2.325,340
"baseline",2,"gene100",FALSE,1.338,14.94,3.002,744.2
"baseline",2,"gene101",TRUE,0.9584,-2.156e-06,1.2,-20.8
"baseline",2,"gene102",FALSE,1.235,8.187,3.895,595.7
"baseline",2,"gene103",FALSE,1.335,13.4,5.158,1069
"baseline",2,"gene104",FALSE,1.122,3.2,2.423,245.9
"baseline",2,"gene105",FALSE,1.091,1.042,4.317,237.8
"baseline",2,"gene106",FALSE,1.112,2.529,1.292,123.5
"baseline",2,"gene107",FALSE,1.214,6.708,2.78,450.1
"baseline",2,"gene108",FALSE,1.372,20.71,1.803,499
"baseline",2,"gene109",FALSE,1.241,9.235,1.92,334.1
"baseline",2,"gene110",FALSE,1.241,7.864,1.427,231.6
"baseline",2,"gene111",FALSE,1.422,20.08,2.335,607.4
"baseline",2,"gene112",FALSE,1.403,17.8,1.727,498.8
"baseline",2,"gene113",FALSE,1.206,5.404,1.362,153.1
"baseline",2,"gene114",FALSE,1.086,1.346,1.273,71.29
"baseline",2,"gene115",FALSE,0.9971,0.09742,1.525,23.08
"baseline",2,"gene116",FALSE,1.158,5.326,1.008,133
"baseline",2,"gene117",FALSE,1.306,13.4,1.235,246.3
"baseline",2,"gene118",FALSE,1.22,6.993,3.168,472.5
"baseline",2,"gene119",FALSE,1.269,8.601,2.057,346.5
"baseline",2,"gene120",FALSE,1.272,13.02,1.325,298.9
"baseline",2,"gene121",FALSE,1.046,0.4829,1.46,51.2
"baseline",2,"gene122",FALSE,1.678,45.2,3.333,1566
"baseline",2,"gene123",FALSE,1.597,38.21,2.53,910.1
"baseline",2,"gene124",FALSE,1.23,6.362,1.817,251.1
"baseline",2,"gene125",FALSE,1.286,12.17,2.237,420.2
"baseline",2,"gene126",FALSE,1.277,8.775,2.553,468.4
"baseline",2,"gene127",FALSE,1.153,3.013,3.602,331.3
"baseline",2,"gene128",FALSE,1.186,6.998,1.482,217.7
"baseline",2,"gene129",FALSE,1.38,18.2,2.748,631.9
"baseline",2,"gene130",FALSE,1.176,5.241,1.498,191.4
"baseline",2,"gene131",FALSE,1.382,18.3,2.333,579.2
"baseline",2,"gene132",FALSE,1.148,4.345,1.367,168.3
"baseline",2,"gene133",FALSE,1.145,3.624,3.613,362.6
"baseline",2,"gene134",FALSE,1.261,8.941,1.548,262.4
"baseline",2,"gene135",FALSE,1.024,0.2749,1.997,59.62
"baseline",2,"gene136",FALSE,1.081,0.8859,1.558,69.98
"baseline",2,"gene137",FALSE,1.22,7.467,2.422,352.5
"baseline",2,"gene138",FALSE,1.17,3.611,1.28,153.8
"baseline",2,"gene139",FALSE,1.203,6.56,1.658,219.4
"baseline",2,"gene140",FALSE,1.169,3.933,0.985,95.79
"baseline",2,"gene141",FALSE,1.023,0.1415,1.145,21.63
"baseline",2,"gene142",FALSE,1.108,1.776,1.482,93.64
"baseline",2,"gene143",FALSE,1.379,15.38,3.738,833.5
"baseline",2,"gene144",FALSE,1.225,9.835,5.023,786.9
"baseline",2,"gene145",FALSE,1.545,31.12,2.48,898.4
"baseline",2,"gene146",FALSE,1.155,3.968,1.525,175.5
"baseline",2,"gene147",FALSE,1.313,12.59,2.433,445.7
"baseline",2,"gene148",FALSE,1.386,18.68,2.853,768.8
"baseline",2,"gene149",FALSE,1.27,9.857,3.59,629
"baseline",2,"gene150",FALSE,1.274,11.68,3.573,704.8
"baseline",2,"gene151",FALSE,1.489,23.56,1.063,337.8
"baseline",2,"gene152",FALSE,1.356,11.31,1.267,163.5
"baseline",2,"gene153",FALSE,1.131,2.918,2.767,264.2
"baseline",2,"gene154",FALSE,1.103,1.002,2.103,107.1
"baseline",2,"gene155",FALSE,1.258,9.927,4.048,865.6
"baseline",2,"gene156",FALSE,1.166,3.416,3.162,303.9
"baseline",2,"gene157",FALSE,1.237,9.725,3.822,638.4
"baseline",2,"gene158",TRUE,0.9961,-9.559e-07,1.792,-28.83
"baseline",2,"gene159",FALSE,1.328,14.31,2.182,484.3
"baseline",2,"gene160",FALSE,1.533,29.96,1.45,534.1
"baseline",2,"gene161",FALSE,1.432,20.56,1.92,506.4
"baseline",2,"gene162",FALSE,1.119,2.243,3.507,260.9
"baseline",2,"gene163",FALSE,1.194,5.372,4.532,574.1
"baseline",2,"gene164",FALSE,1.503,28.61,3.588,1102
"baseline",2,"gene165",FALSE,1.35,11.94,2.557,571.9
"baseline",2,"gene166",FALSE,1.178,4.495,1.575,183.4
"baseline",2,"gene167",FALSE,1.195,4.887,3.18,379.3
"baseline",2,"gene168",FALSE,1.19,5.21,3.397,464.8
"baseline",2,"gene169",FALSE,1.232,8.929,1.325,224.4
"baseline",2,"gene170",FALSE,1.061,0.4542,2.558,84.75
"baseline",2,"gene171",FALSE,1.211,6.684,3.558,484.8
"baseline",2,"gene172",FALSE,1.102,3.092,1.513,151.5
"baseline",2,"gene173",FALSE,1.052,0.5287,1.228,43.81
"baseline",2,"gene174",FALSE,1.065,0.8666,1.368,75.43
"baseline",2,"gene175",FALSE,1.304,13.95,4.337,874.1
"baseline",2,"gene176",FALSE,1.386,17.95,3.387,876.7
"baseline",2,"gene177",FALSE,1.276,11.06,2.675,545.9
"baseline",2,"gene178",FALSE,1.555,32.25,3.622,1373
"baseline",2,"gene179",FALSE,1.351,17.66,3.178,713.8
"baseline",2,"gene180",FALSE,1.136,2.367,4.713,370.4
"baseline",2,"gene181",FALSE,1.266,10.77,1.477,278.2
"baseline",2,"gene182",FALSE,1.248,8.491,1.548,264.7
"baseline",2,"gene183",FALSE,1.264,11.79,1.375,257.9
"baseline",2,"gene184",FALSE,1.352,12.83,1.65,385.2
"baseline",2,"gene185",FALSE,1.243,8.49,2.428,399
"baseline",2,"gene186",FALSE,1.19,4.636,1.432,174.1
"baseline",2,"gene187",FALSE,1.365,11.01,0.9867,180.3
"baseline",2,"gene188",FALSE,1.227,6.031,1.87,270.8
"baseline",2,"gene189",FALSE,1.196,7.395,1.323,210.5
"baseline",2,"gene190",FALSE,1.495,27.43,3.035,1047
"baseline",2,"gene191",FALSE,1.34,11.54,4.93,1009
"baseline",2,"gene192",FALSE,1.313,15.63,3.217,686.5
"baseline",2,"gene193",FALSE,1.432,22.47,4.812,1270
"baseline",2,"gene194",FALSE,1.506,29.97,3.893,1253
"baseline",2,"gene195",FALSE,1.347,13.08,1.978,441.6
"baseline",2,"gene196",FALSE,1.173,4.76,1.387,148.7
"baseline",2,"gene197",FALSE,1.109,3.042,4.123,367.9
"baseline",2,"gene198",FALSE,1.371,18.74,3.262,908.5
"baseline",2,"gene199",FALSE,1.688,48.14,2.727,1248
"baseline",2,"gene200",FALSE,1.116,2.805,1.412,135.5
"baseline",2,"gene201",FALSE,1.282,8.311,1.248,221
"baseline",2,"gene202",FALSE,1.296,11.6,1.767,388
"baseline",2,"gene203",FALSE,1.006,0.04221,4.85,49.65
"baseline",2,"gene204",FALSE,1.166,5.592,1.182,170.7
"baseline",2,"gene205",FALSE,1.07,1.378,2.137,129.7
"baseline",2,"gene206",FALSE,1.167,5.51,3.137,391.7
"baseline",2,"gene207",FALSE,1.204,5.598,2.098,280
"baseline",2,"gene208",FALSE,1.206,6.301,3.38,451.1
"baseline",2,"gene209",FALSE,1.24,8.223,3.37,579.1
"baseline",2,"gene210",FALSE,1.094,2.194,1.843,130.4
"baseline",2,"gene211",FALSE,1.092,1.517,1.342,89.71
"baseline",2,"gene212",FALSE,1.316,15.35,1.767,425.2
"baseline",2,"gene213",FALSE,1.138,2.93,1.042,110
"baseline",2,"gene214",FALSE,1.189,6.118,1.222,140.1
"baseline",2,"gene215",FALSE,1.255,9.396,2.988,519.4
"baseline",2,"gene216",FALSE,1.191,8.311,2.198,361.7
"baseline",2,"gene217",FALSE,1.443,25.35,2.868,868
"baseline",2,"gene218",FALSE,1.21,6.623,4.787,742.8
"baseline",2,"gene219",FALSE,1.248,9.772,3.78,718.1
"baseline",2,"gene220",FALSE,1.237,7.592,3.248,548.3
"baseline",2,"gene221",FALSE,1.272,9.067,2.472,424.1
"baseline",2,"gene222",FALSE,1.386,16.17,3.078,752.5
"baseline",2,"gene223",FALSE,1.315,9.62,2.193,371.2
"baseline",2,"gene224",FALSE,1.419,19.85,1.807,448.5
"baseline",2,"gene225",FALSE,1.131,3.859,1.597,175
"baseline",2,"gene226",FALSE,1.436,25.5,1.542,471.7
"baseline",2,"gene227",FALSE,1.156,1.992,1.213,91.53
"baseline",2,"gene228",FALSE,1.071,0.8095,3.292,160.6
"baseline",2,"gene229",FALSE,1.185,5.066,4.597,612.3
"baseline",2,"gene230",FALSE,1.297,10.36,4.327,804.4
"baseline",2,"gene231",FALSE,1.121,1.76,1.248,80.12
"baseline",2,"gene232",FALSE,1.145,2.812,1.377,118.7
"baseline",2,"gene233",FALSE,1.331,14.43,2.523,595.6
"baseline",2,"gene234",FALSE,1.128,3.655,3.36,349.2
"baseline",2,"gene235",FALSE,1.615,40.16,4.078,1659
"baseline",2,"gene236",FALSE,1.044,0.3367,0.9833,30.22
"baseline",2,"gene237",FALSE,1.094,1.13,2.898,167.8
"baseline",2,"gene238",FALSE,1.437,25.21,1.542,498.3
"baseline",2,"gene239",FALSE,1.14,4.578,2.833,357.8
"baseline",2,"gene240",FALSE,1.156,3.59,1.665,166.3
"baseline",2,"gene241",FALSE,1.319,12.33,2.583,497.3
"baseline",2,"gene242",FALSE,1.311,9.775,3.367,527.8
"baseline",2,"gene243",FALSE,1.361,18.5,1.448,395.7
"baseline",2,"gene244",FALSE,1.252,8.715,1.395,233
"baseline",2,"gene245",FALSE,1.254,9.225,1.042,200.1
"baseline",2,"gene246",FALSE,1.027,0.3797,2.213,78.83
"baseline",2,"gene247",FALSE,1.427,23.82,2.627,814.8
"baseline",2,"gene248",FALSE,1.38,12.7,1.352,270.5
"baseline",2,"gene249",FALSE,1.143,3.075,3.958,392
"baseline",2,"gene250",FALSE,1.151,3.924,1.892,213.7
"baseline",2,"gene251",FALSE,1.143,3.633,1.23,123.4
"baseline",2,"gene252",FALSE,1.057,1.083,1.365,78.26
"baseline",2,"gene253",FALSE,1.252,9.897,3.065,557.2
"baseline",2,"gene254",FALSE,1.104,1.453,1.912,120.3
"baseline",2,"gene255",FALSE,1.107,2.607,1.643,150.4
"baseline",2,"gene256",FALSE,1.068,0.03062,1.353,12.53
"baseline",2,"gene257",FALSE,1.217,5.551,1.478,194.3
"baseline",2,"gene258",FALSE,1.373,20.21,1.477,403.1
"baseline",2,"gene259",FALSE,1.259,9.325,2.335,340
"baseline",2,"gene260",FALSE,1.222,6.641,1.357,201.8
"baseline",2,"gene261",FALSE,1.184,5.773,2.813,366.8
"baseline",2,"gene262",FALSE,1.449,24.81,4.697,1335
"baseline",2,"gene263",FALSE,1.44,25.54,3.527,1080
"baseline",2,"gene264",FALSE,1.241,10.11,3.31,631.6
"baseline",2,"gene265",FALSE,1.222,7.976,1.665,259.8
"baseline",2,"gene266",FALSE,1.099,1.511,2.343,159.4
"baseline",2,"gene267",FALSE,1.082,1.344,1.6,97.13
"baseline",2,"gene268",FALSE,1.553,30.37,3.422,1212
"baseline",2,"gene269",FALSE,1.349,16.83,3.367,838.8
"baseline",2,"gene270",FALSE,1.583,35.2,1.277,492
"baseline",2,"gene271",FALSE,1.191,6.412,1.907,286.4
"baseline",2,"gene272",FALSE,1.13,3.141,3.535,323.1
"baseline",2,"gene273",FALSE,1.176,3.757,2.668,276.7
"baseline",2,"gene274",FALSE,1.42,21.69,4.363,1290
"baseline",2,"gene275",FALSE,1.504,25.3,2.23,619.4
"baseline",2,"gene276",FALSE,1.241,7.73,3.515,546.3
"baseline",2,"gene277",FALSE,1.07,1.027,1.79,93.24
"baseline",2,"gene278",FALSE,1.176,3.555,3.505,368.3
"baseline",2,"gene279",FALSE,1.235,9.873,1.875,330.7
"baseline",2,"gene280",FALSE,1.258,10.43,4.363,826.9
"baseline",2,"gene281",FALSE,1.466,27.06,3.518,960
"baseline",2,"gene282",FALSE,1.074,1.147,1.627,100.8
"baseline",2,"gene283",FALSE,1.292,13.78,3.947,821.1
"baseline",2,"gene284",FALSE,1.143,1.165,4.213,216.1
"baseline",2,"gene285",FALSE,1.296,12.55,1.377,297.5
"baseline",2,"gene286",FALSE,1.26,8.755,3.833,716.5
"baseline",2,"gene287",FALSE,1.119,2.999,1.252,114.5
"baseline",2,"gene288",FALSE,1.444,23.23,1.718,464.7
"baseline",2,"gene289",FALSE,1.47,27.33,1.84,625.5
"baseline",2,"gene290",FALSE,1.229,7.716,2.612,403.9
"baseline",2,"gene291",FALSE,1.046,0.5598,1.238,49.95
"baseline",2,"gene292",FALSE,1.193,5.084,4.038,568.4
"baseline",2,"gene293",FALSE,1.108,2.009,4.038,321.5
"baseline",2,"gene294",FALSE,1.105,1.604,1.887,121.9
"baseline",2,"gene295",FALSE,1.295,12.38,1.802,350.4
"baseline",2,"gene296",FALSE,1.364,15.77,1.42,289.7
"baseline",2,"gene297",FALSE,1.051,0.5722,2.35,79.51
"baseline",2,"gene298",FALSE,1.334,13.13,1.695,361.3
"baseline",2,"gene299",FALSE,1.408,20.77,3.542,990.1
"baseline",2,"gene300",FALSE,1.314,11.23,2.147,395.3
"baseline",3,"gene1",FALSE,1.213,7.764,1.882,185.6
"baseline",3,"gene2",FALSE,1.024,0.1211,6.85,73.67
"baseline",3,"gene3",FALSE,1.265,11.31,1.943,231.2
"baseline",3,"gene4",FALSE,1.397,19.44,1.953,344.7
"baseline",3,"gene5",FALSE,1.426,22.03,6.135,985.7
"baseline",3,"gene6",FALSE,1.172,5.458,2.292,181.5
"baseline",3,"gene7",FALSE,1.272,11.03,3.22,395.5
"baseline",3,"gene8",FALSE,1.27,10.13,2.898,289.3
"baseline",3,"gene9",FALSE,1.36,19.25,5.44,846.7
"baseline",3,"gene10",FALSE,1.199,5.911,4.042,334.3
"baseline",3,"gene11",FALSE,1.131,2.509,3.043,162.5
"baseline",3,"gene12",FALSE,1.278,8.476,5.412,564.2
"baseline",3,"gene13",FALSE,1.388,18.04,1.972,284.2
"baseline",3,"gene14",FALSE,1.143,2.645,4.373,234
"baseline",3,"gene15",FALSE,1.157,3.897,1.607,97.77
"baseline",3,"gene16",FALSE,1.193,3.064,5.188,515.6
"baseline",3,"gene17",FALSE,1.25,9.982,4.24,773.1
"baseline",3,"gene18",FALSE,1.336,11.47,1.642,304.6
"baseline",3,"gene19",FALSE,1.254,6.31,2.312,343.1
"baseline",3,"gene20",FALSE,1.312,11.58,3.695,793.8
"baseline",3,"gene21",FALSE,1.256,6.71,1.723,238.1
"baseline",3,"gene22",FALSE,1.283,8.711,2.068,392
"baseline",3,"gene23",FALSE,1.347,13.62,1.622,340.5
"baseline",3,"gene24",FALSE,1.379,16.55,2.097,549.3
"baseline",3,"gene25",FALSE,1.085,1.471,1.47,101.2
"baseline",3,"gene26",FALSE,1.16,2.773,1.172,97.68
"baseline",3,"gene27",FALSE,1.257,8.421,4.33,669.3
"baseline",3,"gene28",FALSE,1.478,24.68,1.315,395.6
"baseline",3,"gene29",FALSE,1.149,3.588,1.785,183.7
"baseline",3,"gene30",FALSE,1.146,2.368,1.213,103.1
"baseline",3,"gene31",FALSE,1.25,5.222,1.635,196
"baseline",3,"gene32",FALSE,1.599,36.94,1.242,531.2
"baseline",3,"gene33",FALSE,1.275,9.455,4.703,810.2
"baseline",3,"gene34",FALSE,1.06,0.1135,2.637,42.28
"baseline",3,"gene35",FALSE,1.399,16.35,4.718,1108
"baseline",3,"gene36",FALSE,1.282,12.69,2.672,584.8
"baseline",3,"gene37",FALSE,1.207,6.362,3.06,433.8
"baseline",3,"gene38",FALSE,1.247,7.883,1.932,307.1
"baseline",3,"gene39",FALSE,1.429,22.77,3.595,967.2
"baseline",3,"gene40",FALSE,1.364,16.62,4.525,1141
"baseline",3,"gene41",FALSE,1.177,4.918,1.322,183.2
"baseline",3,"gene42",FALSE,1.259,8.454,3.903,651.4
"baseline",3,"gene43",FALSE,1.134,1.972,3.662,263.1
"baseline",3,"gene44",FALSE,1.253,6.571,2.618,384
"baseline",3,"gene45",FALSE,1.256,6.267,1.912,257.7
"baseline",3,"gene46",FALSE,1.327,12.75,2.385,476.7
"baseline",3,"gene47",FALSE,1.407,20.68,2.388,655.8
"baseline",3,"gene48",FALSE,1.144,2.662,2.265,209.5
"baseline",3,"gene49",FALSE,1.246,6.993,1.075,150.9
"baseline",3,"gene50",FALSE,1.138,3.034,4.202,407.1
"baseline",3,"gene51",FALSE,1.292,11.24,3.815,729
"baseline",3,"gene52",FALSE,1.321,13,1.17,254.5
"baseline",3,"gene53",FALSE,1.206,7.527,1.127,192
"baseline",3,"gene54",FALSE,1.184,5.866,2.085,296.5
"baseline",3,"gene55",FALSE,1.129,3.346,1.722,157.6
"baseline",3,"gene56",FALSE,1.093,2.259,2.848,214.3
"baseline",3,"gene57",FALSE,1.062,0.8228,1.503,70.18
"baseline",3,"gene58",FALSE,1.283,10.51,2.203,416.8
"baseline",3,"gene59",FALSE,1.219,8.381,3.832,611.5
"baseline",3,"gene60",FALSE,1.241,9.487,3.32,558.8
"baseline",3,"gene61",FALSE,1.225,6.704,1.67,221.6
"baseline",3,"gene62",FALSE,1.301,10.86,3.825,714.7
"baseline",3,"gene63",FALSE,1.135,2.296,2.9,240.2
"baseline",3,"gene64",FALSE,1.364,20.78,1.648,478.4
"baseline",3,"gene65",FALSE,1.298,8.124,2.152,371.4
"baseline",3,"gene66",FALSE,1.389,17.95,4.297,1028
"baseline",3,"gene67",FALSE,1.059,1.214,1.175,79.12
"baseline",3,"gene68",FALSE,1.205,9.347,6.115,1122
"baseline",3,"gene69",FALSE,1.149,2.87,3.322,285.3
"baseline",3,"gene70",FALSE,1.182,3.793,2.283,242
"baseline",3,"gene71",FALSE,1.242,9.414,3.778,674.1
"baseline",3,"gene72",FALSE,1.438,21.45,2.785,896.1
"baseline",3,"gene73",FALSE,1.221,8.337,2.768,455.9
"baseline",3,"gene74",FALSE,1.211,6.263,1.385,200.8
"baseline",3,"gene75",FALSE,1.381,19.88,4.812,1258
"baseline",3,"gene76",FALSE,1.163,4.463,2.723,297.3
"baseline",3,"gene77",FALSE,1.14,2.979,1.107,103.3
"baseline",3,"gene78",FALSE,1.489,28.53,4.568,1400
"baseline",3,"gene79",FALSE,1.131,5.25,1.512,221.5
"baseline",3,"gene80",FALSE,1.257,8.307,5.045,795.3
"baseline",3,"gene81",FALSE,1.139,2.903,3.228,297.9
"baseline",3,"gene82",FALSE,1.339,12.44,3.295,685.9
"baseline",3,"gene83",FALSE,1.5,26.05,4.102,1044
"baseline",3,"gene84",FALSE,1.287,11.88,1.787,369.9
"baseline",3,"gene85",FALSE,1.273,9.34,1.66,322.1
"baseline",3,"gene86",FALSE,1.204,6.037,3.573,480.1
"baseline",3,"gene87",FALSE,1.272,8.59,1.887,308.3
"baseline",3,"gene88",FALSE,1.117,4.007,2.437,282.7
"baseline",3,"gene89",FALSE,1.126,2.421,1.178,104.3
"baseline",3,"gene90",FALSE,1.235,8.49,2.165,375.9
"baseline",3,"gene91",FALSE,1.494,26.75,3.76,1139
"baseline",3,"gene92",FALSE,1.098,1.097,1.698,98.21
"baseline",3,"gene93",FALSE,1.329,11.52,3.42,678.1
"baseline",3,"gene94",FALSE,1.228,8.222,1.333,212.5
"baseline",3,"gene95",FALSE,1.232,10.06,4.12,641.2
"baseline",3,"gene96",FALSE,1.246,10.35,1.56,299.3
"baseline",3,"gene97",FALSE,1.229,6.954,5.008,739.4
"baseline",3,"gene98",FALSE,1.195,5.113,3.832,467
"baseline",3,"gene99",FALSE,1.198,6.118,3.705,522.1
"baseline",3,"gene100",FALSE,1.29,9.182,1.422,236.9
"baseline",3,"gene101",FALSE,1.496,28.6,3.212,1006
"baseline",3,"gene102",FALSE,1.348,14.98,2.098,443.3
"baseline",3,"gene103",FALSE,1.048,1.226,1.612,106.1
"baseline",3,"gene104",FALSE,1.361,16.34,2.573,665.4
"baseline",3,"gene105",FALSE,1.307,12.89,3.103,599.1
"baseline",3,"gene106",FALSE,1.292,11.33,4.1,803
"baseline",3,"gene107",FALSE,1.37,17.82,1.077,320.4
"baseline",3,"gene108",FALSE,1.306,12.98,2.002,341
"baseline",3,"gene109",FALSE,1.114,2.152,3.398,256.1
"baseline",3,"gene110",FALSE,1.179,5.079,1.303,137.7
"baseline",3,"gene111",FALSE,1.078,1.601,3.022,173.8
"baseline",3,"gene112",FALSE,1.106,1.268,1.23,72.98
"baseline",3,"gene113",FALSE,1.384,15.93,2.612,625.6
"baseline",3,"gene114",FALSE,1.34,12.78,3.077,621.1
"baseline",3,"gene115",FALSE,1.215,7.853,1.698,293.6
"baseline",3,"gene116",FALSE,1.117,1.983,1.627,125.6
"baseline",3,"gene117",FALSE,1.388,20.58,4.608,1286
"baseline",3,"gene118",FALSE,1.46,24.66,4.102,1314
"baseline",3,"gene119",FALSE,1.091,1.356,3.043,191.5
"baseline",3,"gene120",FALSE,1.032,0.4712,1.638,68.42
"baseline",3,"gene121",FALSE,1.269,9.592,3.413,542.6
"baseline",3,"gene122",FALSE,1.222,6.564,2.168,284.1
"baseline",3,"gene123",FALSE,1.201,5.006,1.832,214.4
"baseline",3,"gene124",FALSE,1.278,8.27,1.968,304.7
"baseline",3,"gene125",FALSE,1.056,1.547,3,219.6
"baseline",3,"gene126",FALSE,1.172,3.022,4.688,450.4
"baseline",3,"gene127",FALSE,1.154,4.757,1.765,187.6
"baseline",3,"gene128",FALSE,1.401,19.94,2.848,717
"baseline",3,"gene129",FALSE,1.309,12.32,3.248,642
"baseline",3,"gene130",FALSE,1.217,4.743,2.982,394.8
"baseline",3,"gene131",FALSE,1.157,3.909,2.613,287.3
"baseline",3,"gene132",FALSE,1.188,6.139,2.262,314.5
"baseline",3,"gene133",FALSE,1.428,19.49,1.335,358.5
"baseline",3,"gene134",FALSE,1.424,20.29,2.488,647.8
"baseline",3,"gene135",FALSE,1.353,16.27,3.205,706.7
"baseline",3,"gene136",FALSE,1.329,13.3,3.84,733.6
"baseline",3,"gene137",FALSE,1.317,15.95,2.702,622.9
"baseline",3,"gene138",FALSE,1.275,10.03,3.018,492.8
"baseline",3,"gene139",FALSE,1.094,2.242,2.582,196.1
"baseline",3,"gene140",FALSE,1.458,25.05,2.112,636.8
"baseline",3,"gene141",FALSE,1.217,6.447,3.217,412
"baseline",3,"gene142",FALSE,1.225,8.2,1.645,252
"baseline",3,"gene143",FALSE,1.198,5.36,4.105,484.4
"baseline",3,"gene144",FALSE,1.454,20.62,3.172,851.7
"baseline",3,"gene145",FALSE,1.409,21.05,3.205,909.3
"baseline",3,"gene146",FALSE,1.075,0.688,2.072,80.86
"baseline",3,"gene147",FALSE,1.577,37.31,1.898,746.5
"baseline",3,"gene148",FALSE,1.2,6.96,4.465,676.6
"baseline",3,"gene149",FALSE,1.301,10.92,3.575,724.3
"baseline",3,"gene150",FALSE,1.433,18.64,1.173,319.2
"baseline",3,"gene151",FALSE,1.336,13.15,1.192,264.8
"baseline",3,"gene152",FALSE,1.284,9.176,1.567,296.9
"baseline",3,"gene153",FALSE,1.133,2.976,2.287,216.1
"baseline",3,"gene154",FALSE,1.306,12.01,1.948,362.7
"baseline",3,"gene155",FALSE,1.134,3.31,1.315,137.8
"baseline",3,"gene156",FALSE,1.331,13.82,4.81,980.2
"baseline",3,"gene157",FALSE,1.13,3.12,1.228,122.4
"baseline",3,"gene158",FALSE,1.093,1.145,2.382,139.6
"baseline",3,"gene159",FALSE,1.424,22.03,1.465,449.9
"baseline",3,"gene160",FALSE,1.341,12.51,4.463,926.7
"baseline",3,"gene161",FALSE,1.12,3.52,2.37,256.2
"baseline",3,"gene162",FALSE,1.316,13.38,4.812,956.2
"baseline",3,"gene163",FALSE,1.367,15.03,1.345,293.2
"baseline",3,"gene164",FALSE,1.183,4.716,1.82,222.2
"baseline",3,"gene165",FALSE,1.286,11.08,1.2,235.7
"baseline",3,"gene166",FALSE,1.279,11.97,1.625,321.5
"baseline",3,"gene167",FALSE,1.316,9.409,4.865,931.1
"baseline",3,"gene168",FALSE,1.177,4.812,2.657,325.1
"baseline",3,"gene169",FALSE,1.051,0.7683,4.363,191.2
"baseline",3,"gene170",FALSE,1.31,13.1,3.3,698.6
"baseline",3,"gene171",FALSE,1.216,5.998,2.855,418.6
"baseline",3,"gene172",FALSE,1.257,10.75,1.77,326.8
"baseline",3,"gene173",FALSE,1.101,1.556,4.638,254.2
"baseline",3,"gene174",FALSE,1.137,2.557,1.95,173.4
"baseline",3,"gene175",FALSE,1.321,11.22,1.763,314
"baseline",3,"gene176",FALSE,1.187,4.848,4.123,484.8
"baseline",3,"gene177",FALSE,1.126,2.186,2.563,228.2
"baseline",3,"gene178",FALSE,1.16,2.243,3.368,306
"baseline",3,"gene179",FALSE,1.266,10.61,1.31,256.9
"baseline",3,"gene180",FALSE,1.534,28.74,3.312,1043
"baseline",3,"gene181",FALSE,1.331,13.1,2.868,604.1
"baseline",3,"gene182",FALSE,1.238,6.511,1.328,182.4
"baseline",3,"gene183",FALSE,1.104,2.227,1.018,74.19
"baseline",3,"gene184",FALSE,1.213,6.816,2.7,381.3
"baseline",3,"gene185",FALSE,1.444,18.27,1.932,495.3
"baseline",3,"gene186",FALSE,1.304,10.74,3.93,629.2
"baseline",3,"gene187",FALSE,1.17,3.388,3.218,334.9
"baseline",3,"gene188",FALSE,1.086,1.907,1.185,89.91
"baseline",3,"gene189",FALSE,1.261,8.705,2.013,329.6
"baseline",3,"gene190",FALSE,1.192,5.662,1.53,197.8
"baseline",3,"gene191",FALSE,1.273,11.18,2.193,393.1
"baseline",3,"gene192",FALSE,1.175,3.786,3.308,342.2
"baseline",3,"gene193",FALSE,1.106,2.42,1.978,146.9
"baseline",3,"gene194",FALSE,1.153,3.006,1.113,114.4
"baseline",3,"gene195",FALSE,1.106,2.422,3.313,273.8
"baseline",3,"gene196",FALSE,1.195,4.506,4.863,557.3
"baseline",3,"gene197",FALSE,1.24,7.748,1.633,227.1
"baseline",3,"gene198",FALSE,1.016,0.09885,2.372,38.11
"baseline",3,"gene199",FALSE,1.332,13,4.837,1070
"baseline",3,"gene200",FALSE,1.289,10.5,1.188,214.1
"baseline",3,"gene201",FALSE,1.279,13.56,3.367,645.3
"baseline",3,"gene202",FALSE,1.293,11.76,1.702,322.7
"baseline",3,"gene203",FALSE,1.274,9.907,1.957,381.2
"baseline",3,"gene204",FALSE,1.491,27.82,2.13,709.9
"baseline",3,"gene205",FALSE,1.413,20.27,4.01,1038
"baseline",3,"gene206",FALSE,1.239,10.91,3.417,660.9
"baseline",3,"gene207",FALSE,1.109,2.615,1.94,174
"baseline",3,"gene208",FALSE,1.171,5.134,2.148,285.2
"baseline",3,"gene209",FALSE,1.227,7.115,3.885,572.9
"baseline",3,"gene210",FALSE,1.247,9.413,1.297,222.6
"baseline",3,"gene211",FALSE,1.032,0.3331,2.542,81.87
"baseline",3,"gene212",FALSE,0.9899,0.1291,2.543,47.53
"baseline",3,"gene213",FALSE,1.087,1.127,3.215,171.3
"baseline",3,"gene214",FALSE,1.484,23.34,2.08,633.7
"baseline",3,"gene215",FALSE,1.259,9.79,1.2,217.3
"baseline",3,"gene216",FALSE,1.419,23.13,1.7,481.5
"baseline",3,"gene217",FALSE,1.315,11.85,1.243,218.9
"baseline",3,"gene218",FALSE,1.145,3.409,2.807,296
"baseline",3,"gene219",FALSE,1.169,3.856,2.283,243.9
"baseline",3,"gene220",FALSE,1.33,13.64,2.132,460.2
"baseline",3,"gene221",FALSE,1.395,14.81,1.378,370.8
"baseline",3,"gene222",FALSE,1.402,19.14,2.383,650.2
"baseline",3,"gene223",FALSE,1.214,6.104,2.413,306
"baseline",3,"gene224",FALSE,1.424,18.1,1.975,477.8
"baseline",3,"gene225",FALSE,1.284,8.079,2.392,396.3
"baseline",3,"gene226",FALSE,1.419,19.03,4.823,1151
"baseline",3,"gene227",FALSE,1.18,3.388,2.858,264.4
"baseline",3,"gene228",FALSE,1.127,2.424,3.723,311.8
"baseline",3,"gene229",FALSE,1.382,20.2,1.37,372.7
"baseline",3,"gene230",FALSE,1.332,13.08,2.353,467.5
"baseline",3,"gene231",FALSE,1.218,3.884,1.6,139.2
"baseline",3,"gene232",FALSE,1.134,3.235,1.655,162
"baseline",3,"gene233",FALSE,1.153,4.114,1.973,208.9
"baseline",3,"gene234",FALSE,1.19,4.003,2.302,269.1
"baseline",3,"gene235",FALSE,1.254,8.621,3.715,647.3
"baseline",3,"gene236",FALSE,1.278,9.466,2.538,364.2
"baseline",3,"gene237",FALSE,1.08,1.589,2.255,145
"baseline",3,"gene238",FALSE,1.093,0.9128,1.168,59.33
"baseline",3,"gene239",FALSE,1.285,12.71,4.147,891
"baseline",3,"gene240",FALSE,1.354,13.53,2.16,430
"baseline",3,"gene241",FALSE,1.55,28.26,1.207,436.8
"baseline",3,"gene242",FALSE,1.19,3.934,1.37,156.3
"baseline",3,"gene243",FALSE,1.341,15.52,4.16,850.9
"baseline",3,"gene244",FALSE,1.212,6.156,1.248,189.8
"baseline",3,"gene245",FALSE,1.297,10.96,2.202,405.2
"baseline",3,"gene246",FALSE,1.259,10.2,1.39,246
"baseline",3,"gene247",FALSE,1.37,19.77,2.262,587.3
"baseline",3,"gene248",FALSE,1.118,1.872,2.17,158.2
"baseline",3,"gene249",FALSE,1.34,16.72,5.157,1346
"baseline",3,"gene250",FALSE,1.161,4.082,2.808,294.2
"baseline",3,"gene251",FALSE,1.131,2.81,3.79,324
"baseline",3,"gene252",TRUE,0.9895,-8.703e-07,2.96,-7.652
"baseline",3,"gene253",FALSE,1.067,0.7321,4.592,200.3
"baseline",3,"gene254",FALSE,1.314,13.85,1.547,357.2
"baseline",3,"gene255",FALSE,1.182,4.779,1.477,170
"baseline",3,"gene256",FALSE,1.187,4.101,3.715,393
"baseline",3,"gene257",FALSE,1.04,0.9879,1.362,70.64
"baseline",3,"gene258",FALSE,1.183,4.189,5.217,625.8
"baseline",3,"gene259",FALSE,1.136,4.267,1.25,156.6
"baseline",3,"gene260",FALSE,1.27,8.136,3.043,440.8
"baseline",3,"gene261",FALSE,1.11,2.262,1.783,125.2
"baseline",3,"gene262",FALSE,1.473,20.76,1.35,401.9
"baseline",3,"gene263",FALSE,1.334,13.89,2.922,642.3
"baseline",3,"gene264",FALSE,1.233,9.516,1.443,254.9
"baseline",3,"gene265",FALSE,1.093,0.8322,1.923,89.12
"baseline",3,"gene266",FALSE,1.118,3.293,2.743,292.4
"baseline",3,"gene267",FALSE,1.304,14.96,2.017,441.3
"baseline",3,"gene268",FALSE,1.415,21.47,3.552,944.3
"baseline",3,"gene269",FALSE,1.136,3.328,1.398,122
"baseline",3,"gene270",FALSE,1.241,7.912,1.29,183.9
"baseline",3,"gene271",FALSE,1.069,0.993,1.518,80.46
"baseline",3,"gene272",FALSE,1.127,2.12,1.145,95.55
"baseline",3,"gene273",FALSE,1.168,4.284,2.72,315.9
"baseline",3,"gene274",FALSE,1.43,21.62,2.813,708.5
"baseline",3,"gene275",FALSE,1.311,13.11,1.232,245.9
"baseline",3,"gene276",FALSE,1.155,2.908,3.812,365.9
"baseline",3,"gene277",FALSE,1.297,10.66,1.22,251.9
"baseline",3,"gene278",FALSE,1.356,14.27,1.033,258.8
"baseline",3,"gene279",FALSE,1.132,2.678,2.337,208.9
"baseline",3,"gene280",FALSE,1.447,14.55,1.392,315.7
"baseline",3,"gene281",FALSE,1.157,3.631,2.37,247.5
"baseline",3,"gene282",FALSE,1.316,7.613,1.388,248.8
"baseline",3,"gene283",FALSE,1.278,11.36,1.907,353
"baseline",3,"gene284",FALSE,1.15,4.598,2.293,255.9
"baseline",3,"gene285",FALSE,1.235,6.399,3.675,498.3
"baseline",3,"gene286",FALSE,1.241,8.665,5.553,850.3
"baseline",3,"gene287",FALSE,1.24,6.753,4.205,621.6
"baseline",3,"gene288",FALSE,1.383,17.65,2.973,853.9
"baseline",3,"gene289",FALSE,1.204,5.73,1.468,178.1
"baseline",3,"gene290",FALSE,1.276,9.437,2.06,321.4
"baseline",3,"gene291",FALSE,1.106,0.9495,4.722,240
"baseline",3,"gene292",FALSE,1.27,8.956,2.368,415.1
"baseline",3,"gene293",FALSE,1.366,14.59,1.063,230.7
"baseline",3,"gene294",FALSE,1.234,7.207,1.79,235.5
"baseline",3,"gene295",FALSE,1.273,8.986,3.693,550
"baseline",3,"gene296",FALSE,1.216,5.534,4.863,542.4
"baseline",3,"gene297",FALSE,1.539,28.75,2.302,750.3
"baseline",3,"gene298",FALSE,1.376,13.8,2.44,548.8
"baseline",3,"gene299",FALSE,1.371,17.16,2.122,528.7
"baseline",3,"gene300",FALSE,1.221,7.024,1.642,261.2
"baseline",4,"gene1",FALSE,1.116,2.907,2.815,153.2
"baseline",4,"gene2",FALSE,1.165,4.83,4.713,354.2
"baseline",4,"gene3",FALSE,1.206,6.149,3.66,316.7
"baseline",4,"gene4",FALSE,1.209,6.808,7.433,538.7
"baseline",4,"gene5",FALSE,1.245,7.298,7.037,632
"baseline",4,"gene6",FALSE,1.299,11.18,4.065,481.3
"baseline",4,"gene7",FALSE,1.314,15.18,5.913,926.8
"baseline",4,"gene8",FALSE,1.317,13.84,1.778,236.3
"baseline",4,"gene9",FALSE,1.161,4.733,2.063,138.9
"baseline",4,"gene10",FALSE,1.068,0.7459,2.508,60.35
"baseline",4,"gene11",FALSE,1.22,8.806,8.738,971.3
"baseline",4,"gene12",FALSE,1.216,8.332,1.962,174.9
"baseline",4,"gene13",FALSE,1.353,14.02,5.693,785
"baseline",4,"gene14",FALSE,1.219,7.063,5.218,479.8
"baseline",4,"gene15",FALSE,1.233,8.189,2.893,315.5
"baseline",4,"gene16",FALSE,1.183,5.741,2.502,335.8
"baseline",4,"gene17",FALSE,1.204,5.413,2.087,269.7
"baseline",4,"gene18",FALSE,1.403,18.64,3.313,864.6
"baseline",4,"gene19",FALSE,1.192,7.151,1.252,205.3
"baseline",4,"gene20",FALSE,1.081,0.5016,2.168,77.44
"baseline",4,"gene21",FALSE,1.299,13.53,1.63,373
"baseline",4,"gene22",FALSE,1.384,17.21,2.297,615.3
"baseline",4,"gene23",FALSE,1.263,11.15,2.295,450.8
"baseline",4,"gene24",FALSE,1.173,4.49,3.295,407.2
"baseline",4,"gene25",FALSE,1.1,1.434,1.718,109.7
"baseline",4,"gene26",FALSE,1.424,20.59,1.163,322.5
"baseline",4,"gene27",FALSE,1.251,8.062,4.147,684.7
"baseline",4,"gene28",FALSE,1.196,4.782,4.942,523.7
"baseline",4,"gene29",FALSE,1.325,13.25,2.703,556.6
"baseline",4,"gene30",FALSE,1.038,0.7089,1.488,68.37
"baseline",4,"gene31",FALSE,1.16,5.638,2.272,321.7
"baseline",4,"gene32",FALSE,1.13,1.76,1.783,117
"baseline",4,"gene33",FALSE,1.069,1.24,1.225,69.77
"baseline",4,"gene34",FALSE,1.257,8.377,2.338,352.1
"baseline",4,"gene35",FALSE,1.106,2.989,1.543,124.7
"baseline",4,"gene36",FALSE,1.136,2.027,4.043,272.5
"baseline",4,"gene37",FALSE,1.187,6.767,2.835,432.7
"baseline",4,"gene38",FALSE,1.003,0.4004,1.812,63.26
"baseline",4,"gene39",FALSE,1.348,17.32,2.96,728.8
"baseline",4,"gene40",FALSE,1.162,4.225,2.797,325.2
"baseline",4,"gene41",FALSE,1.452,24.09,4.595,1434
"baseline",4,"gene42",FALSE,1.176,5.401,2.772,345.7
"baseline",4,"gene43",FALSE,1.086,0.6056,1.328,52.57
"baseline",4,"gene44",FALSE,1.107,1.457,2.433,147.2
"baseline",4,"gene45",FALSE,1.249,8.897,3.915,642.5
"baseline",4,"gene46",FALSE,1.383,22.77,2.778,745
"baseline",4,"gene47",FALSE,1.293,12.13,4.408,874.2
"baseline",4,"gene48",FALSE,1.167,3.68,3.202,333.3
"baseline",4,"gene49",FALSE,1.16,3.719,1.447,155.5
"baseline",4,"gene50",FALSE,1.256,9.154,1.01,205.9
"baseline",4,"gene51",FALSE,1.151,3.138,3.385,331.7
"baseline",4,"gene52",FALSE,1.347,15.74,3.353,865.8
"baseline",4,"gene53",FALSE,1.341,11.68,1.763,375.6
"baseline",4,"gene54",FALSE,1.135,3.175,1.52,142
"baseline",4,"gene55",FALSE,1.128,3.002,2.063,184.9
"baseline",4,"gene56",FALSE,1.201,5.636,2.395,296.4
"baseline",4,"gene57",FALSE,1.455,25.1,4.023,1233
"baseline",4,"gene58",FALSE,1.282,11.18,1.58,335.1
"baseline",4,"gene59",FALSE,1.628,41.88,4.608,1989
"baseline",4,"gene60",FALSE,1.193,3.835,2.713,292.3
"baseline",4,"gene61",FALSE,1.377,18.47,1.205,321.3
"baseline",4,"gene62",FALSE,1.474,22.58,2.27,653.4
"baseline",4,"gene63",FALSE,1.461,27.36,2.432,787.1
"baseline",4,"gene64",FALSE,1.386,16.67,4.083,1052
"baseline",4,"gene65",FALSE,1.207,6.778,2.672,374.3
"baseline",4,"gene66",FALSE,1.297,12.34,1.462,272.9
"baseline",4,"gene67",FALSE,1.294,12.04,1.243,242.2
"baseline",4,"gene68",FALSE,1.164,3.773,2.002,230.1
"baseline",4,"gene69",FALSE,1.009,0.007299,2.188,8.964
"baseline",4,"gene70",FALSE,1.398,21.6,4.133,1336
"baseline",4,"gene71",FALSE,1.453,23.13,3.668,1060
"baseline",4,"gene72",FALSE,1.373,15.71,1.468,361.1
"baseline",4,"gene73",FALSE,1.087,1.886,1.952,149.1
"baseline",4,"gene74",FALSE,1.104,1.715,1.225,84.15
"baseline",4,"gene75",FALSE,1.238,8.042,2.783,455.7
"baseline",4,"gene76",FALSE,1.345,14.76,3.815,774.1
"baseline",4,"gene77",FALSE,1.208,8.266,1.177,144.1
"baseline",4,"gene78",FALSE,1.462,25.45,2.307,679.9
"baseline",4,"gene79",FALSE,1.305,12.26,1.298,259.6
"baseline",4,"gene80",FALSE,1.281,8.835,5.588,896.8
"baseline",4,"gene81",FALSE,1.337,13.66,1.877,420.9
"baseline",4,"gene82",FALSE,1.522,30.5,3.96,1510
"baseline",4,"gene83",FALSE,1.263,8.878,2.497,489.5
"baseline",4,"gene84",FALSE,1.415,22.59,1.095,334
"baseline",4,"gene85",FALSE,1.287,11.48,1.097,203.3
"baseline",4,"gene86",FALSE,1.142,4.684,1.283,147.7
"baseline",4,"gene87",FALSE,1.165,2.888,3.48,315.1
"baseline",4,"gene88",FALSE,1.223,4.541,1.167,134.4
"baseline",4,"gene89",FALSE,1.252,9.657,2.133,375.4
"baseline",4,"gene90",FALSE,1.234,7.651,1.732,259.9
"baseline",4,"gene91",FALSE,1.092,1.346,3.018,184.1
"baseline",4,"gene92",FALSE,1.408,17.99,4.893,1173
"baseline",4,"gene93",FALSE,1.443,22.26,4.278,1121
"baseline",4,"gene94",FALSE,1.087,0.8315,1.545,68.21
"baseline",4,"gene95",FALSE,1.448,22.2,2.885,834.7
"baseline",4,"gene96",FALSE,1.087,1.688,1.945,131.9
"baseline",4,"gene97",FALSE,1.218,6.254,3.492,532.2
"baseline",4,"gene98",FALSE,1.508,26.33,1.08,340.5
"baseline",4,"gene99",FALSE,1.345,12.55,1.643,346.5
"baseline",4,"gene100",FALSE,1.278,10.89,1.688,332.5
"baseline",4,"gene101",FALSE,1.24,7.832,1.317,221.8
"baseline",4,"gene102",FALSE,1.172,5.564,3.337,468.4
"baseline",4,"gene103",FALSE,1.344,15.84,3.628,868.1
"baseline",4,"gene104",FALSE,1.095,1.4,1.703,101.6
"baseline",4,"gene105",FALSE,1.182,4.765,1.322,140.8
"baseline",4,"gene106",FALSE,1.151,3.209,1.218,117.7
"baseline",4,"gene107",FALSE,1.199,5.506,3.758,540.6
"baseline",4,"gene108",FALSE,1.229,7.532,3.875,577.4
"baseline",4,"gene109",FALSE,1.092,1.574,4.137,267.9
"baseline",4,"gene110",FALSE,1.106,0.9157,1.317,63.92
"baseline",4,"gene111",FALSE,1.315,9.805,2.338,447.5
"baseline",4,"gene112",FALSE,1.232,8.68,1.032,170.7
"baseline",4,"gene113",FALSE,1.215,6.529,2.235,329.3
"baseline",4,"gene114",FALSE,1.438,23.36,3.095,845.4
"baseline",4,"gene115",FALSE,1.067,0.8462,2.303,116.4
"baseline",4,"gene116",FALSE,1.359,17.15,2.688,643.7
"baseline",4,"gene117",FALSE,1.05,0.577,4.068,170.3
"baseline",4,"gene118",FALSE,1.125,2.856,1.798,173.7
"baseline",4,"gene119",FALSE,1.142,1.761,1.635,121.9
"baseline",4,"gene120",FALSE,1.217,7.635,1.485,222.8
"baseline",4,"gene121",FALSE,1.252,8.655,4.065,714.1
"baseline",4,"gene122",FALSE,1.325,14.37,1.875,411.1
"baseline",4,"gene123",FALSE,1.045,0.4107,1.15,38.17
"baseline",4,"gene124",FALSE,1.337,12.85,1.522,324.7
"baseline",4,"gene125",FALSE,1.431,23.24,3.402,997
"baseline",4,"gene126",FALSE,1.286,10.32,4.08,736
"baseline",4,"gene127",FALSE,1.121,1.348,2.038,126.2
"baseline",4,"gene128",FALSE,1.136,2.592,2.722,192.7
"baseline",4,"gene129",FALSE,1.07,0.6883,1.228,62.03
"baseline",4,"gene130",FALSE,1.118,2.379,1.448,114.7
"baseline",4,"gene131",FALSE,1.249,7.377,2.527,376
"baseline",4,"gene132",FALSE,1.174,3.914,1.417,140.5
"baseline",4,"gene133",FALSE,1.194,6.244,1.652,244.5
"baseline",4,"gene134",FALSE,1.153,2.922,2.232,205.7
"baseline",4,"gene135",FALSE,1.307,12.74,1.727,350.2
"baseline",4,"gene136",FALSE,1.21,6.73,1.213,184
"baseline",4,"gene137",FALSE,1.124,2.113,1.867,136.4
"baseline",4,"gene138",FALSE,1.101,1.903,0.9517,65.34
"baseline",4,"gene139",FALSE,1.161,4.507,3.098,366
"baseline",4,"gene140",FALSE,1.126,2.439,1.318,118
"baseline",4,"gene141",FALSE,1.241,9.156,3.053,525.9
"baseline",4,"gene142",FALSE,1.157,3.817,4.03,434.7
"baseline",4,"gene143",FALSE,1.427,22.74,2.148,613.4
"baseline",4,"gene144",FALSE,1.422,20.77,1.59,424
"baseline",4,"gene145",FALSE,1.184,4.054,1.628,171.8
"baseline",4,"gene146",FALSE,1.282,9.962,1.343,234.3
"baseline",4,"gene147",FALSE,1.133,3.893,1.195,112
"baseline",4,"gene148",FALSE,1.144,5.291,1.217,150.7
"baseline",4,"gene149",FALSE,1.348,14.04,4.08,879.1
"baseline",4,"gene150",FALSE,1.286,9.375,1.273,217.5
"baseline",4,"gene151",FALSE,1.13,3.004,1.852,169.8
"baseline",4,"gene152",FALSE,1.189,5.361,1.832,245.2
"baseline",4,"gene153",FALSE,1.15,3.808,1.077,129.8
"baseline",4,"gene154",FALSE,1.384,18.46,2.602,629.3
"baseline",4,"gene155",FALSE,1.033,0.4699,1.833,63.52
"baseline",4,"gene156",FALSE,1.127,1.426,1.775,120.3
"baseline",4,"gene157",FALSE,1.533,28.5,1.28,486.1
"baseline",4,"gene158",FALSE,1.158,5.053,4.057,489.7
"baseline",4,"gene159",FALSE,1.463,23.29,1.712,489.2
"baseline",4,"gene160",FALSE,1.479,26.48,1.247,404
"baseline",4,"gene161",FALSE,1.487,26.4,2.323,715.2
"baseline",4,"gene162",FALSE,1.491,19.41,2.313,708.9
"baseline",4,"gene163",FALSE,1.207,5.831,2.278,305.7
"baseline",4,"gene164",FALSE,1.138,3.795,2.522,265.4
"baseline",4,"gene165",FALSE,1.209,6.622,3.217,431.8
"baseline",4,"gene166",FALSE,1.101,1.743,4.183,304.4
"baseline",4,"gene167",FALSE,1.251,8.895,0.955,170.2
"baseline",4,"gene168",FALSE,1.421,22.74,3.493,965.5
"baseline",4,"gene169",FALSE,1.143,4.254,2.415,295.2
"baseline",4,"gene170",FALSE,1.016,0.1587,4.402,93.79
"baseline",4,"gene171",FALSE,1.056,0.5658,2.318,95.15
"baseline",4,"gene172",FALSE,1.139,3.68,1.438,148
"baseline",4,"gene173",FALSE,1.09,1.505,1.295,88.77
"baseline",4,"gene174",FALSE,1.215,5.487,2.408,256.9
"baseline",4,"gene175",FALSE,1.279,9.809,1.678,270.2
"baseline",4,"gene176",FALSE,1.226,8.157,2.035,317.5
"baseline",4,"gene177",FALSE,1.179,4.312,4.023,442.1
"baseline",4,"gene178",FALSE,1.344,12.48,3.577,702.6
"baseline",4,"gene179",FALSE,1.184,5.09,1.352,159.4
"baseline",4,"gene180",FALSE,1.075,0.697,1.092,47.79
"baseline",4,"gene181",FALSE,1.309,11.52,1.932,428.7
"baseline",4,"gene182",FALSE,1.684,51.14,3.733,1651
"baseline",4,"gene183",FALSE,1.24,6.582,1.012,170.1
"baseline",4,"gene184",FALSE,1.065,2.216,1.53,133.8
"baseline",4,"gene185",FALSE,1.13,2.778,1.388,120
"baseline",4,"gene186",FALSE,1.253,8.058,3.807,615.3
"baseline",4,"gene187",FALSE,1.153,3.491,5.118,513.3
"baseline",4,"gene188",FALSE,1.208,6.014,2.207,310.4
"baseline",4,"gene189",FALSE,1.484,25.16,2.443,727.3
"baseline",4,"gene190",FALSE,1.191,5.712,2.672,342.1
"baseline",4,"gene191",FALSE,1.268,7.487,3.713,588.7
"baseline",4,"gene192",FALSE,1.115,2.159,2.372,182.4
"baseline",4,"gene193",FALSE,1.189,7.255,1.22,164.1
"baseline",4,"gene194",FALSE,1.413,22.31,1.128,305.6
"baseline",4,"gene195",FALSE,1.347,15.1,1.408,334
"baseline",4,"gene196",FALSE,1.197,8.071,1.195,232.6
"baseline",4,"gene197",FALSE,1.301,13.85,3.762,892.9
"baseline",4,"gene198",FALSE,1.449,21.61,2.25,578.4
"baseline",4,"gene199",FALSE,1.453,27.09,2.903,1035
"baseline",4,"gene200",FALSE,1.131,2.426,2.595,233.3
"baseline",4,"gene201",FALSE,1.332,14.53,2.61,569.8
"baseline",4,"gene202",FALSE,1.134,2.647,1.202,108.2
"baseline",4,"gene203",FALSE,1.127,2.036,1.825,134.5
"baseline",4,"gene204",FALSE,1.326,13.77,3.598,765.4
"baseline",4,"gene205",FALSE,1.217,9.449,3.698,694.3
"baseline",4,"gene206",FALSE,1.218,7.373,2.45,379.1
"baseline",4,"gene207",FALSE,1.479,27.75,1.118,347.8
"baseline",4,"gene208",FALSE,1.251,9.5,1.697,301.4
"baseline",4,"gene209",FALSE,1.214,6.869,2.117,299.5
"baseline",4,"gene210",FALSE,1.409,22.32,2.88,866.6
"baseline",4,"gene211",FALSE,1.131,1.811,1.598,116.2
"baseline",4,"gene212",FALSE,1.22,5.214,2.658,325.9
"baseline",4,"gene213",FALSE,1.484,28.32,2.695,945.2
"baseline",4,"gene214",FALSE,1.441,23.46,3.127,822.5
"baseline",4,"gene215",FALSE,1.187,5.956,2.86,348.2
"baseline",4,"gene216",FALSE,1.251,10.41,1.887,326.2
"baseline",4,"gene217",FALSE,1.417,19.46,1.863,465.3
"baseline",4,"gene218",FALSE,1.252,8.395,1.492,250.9
"baseline",4,"gene219",FALSE,1.573,31.84,1.73,574.8
"baseline",4,"gene220",FALSE,1.241,6.663,3.505,514.2
"baseline",4,"gene221",FALSE,1.133,2.482,1.075,81.52
"baseline",4,"gene222",FALSE,1.083,0.9998,1.47,72.44
"baseline",4,"gene223",FALSE,1.151,2.646,1.747,149.2
"baseline",4,"gene224",FALSE,1.293,11.56,1.56,305.3
"baseline",4,"gene225",FALSE,1.177,4.972,1.365,161.4
"baseline",4,"gene226",FALSE,1.182,4.91,2.432,286
"baseline",4,"gene227",FALSE,1.126,3.542,1.137,126.5
"baseline",4,"gene228",FALSE,1.129,2.015,1.622,127
"baseline",4,"gene229",FALSE,1.213,6.477,5.448,825.8
"baseline",4,"gene230",FALSE,1.062,0.691,1.095,43.51
"baseline",4,"gene231",FALSE,1.055,1.478,3.92,240.2
"baseline",4,"gene232",FALSE,1.478,26.23,3.048,1045
"baseline",4,"gene233",FALSE,1.272,12.55,2.353,531.3
"baseline",4,"gene234",FALSE,1.386,18.31,2.615,641.1
"baseline",4,"gene235",FALSE,1.325,12.94,2.722,529.9
"baseline",4,"gene236",FALSE,1.096,1.744,2.622,191.5
"baseline",4,"gene237",FALSE,1.339,12.9,1.597,334.8
"baseline",4,"gene238",FALSE,1.139,3.179,2.497,248.1
"baseline",4,"gene239",FALSE,1.196,5.502,1.168,138.8
"baseline",4,"gene240",FALSE,1.392,18.22,3.947,1007
"baseline",4,"gene241",FALSE,1.299,11.7,1.09,226.6
"baseline",4,"gene242",FALSE,1.155,3.296,1.712,166.3
"baseline",4,"gene243",FALSE,1.222,6.651,1.813,243.8
"baseline",4,"gene244",FALSE,1.233,6.762,1.213,149.3
"baseline",4,"gene245",FALSE,1.291,12.87,2.76,572.7
"baseline",4,"gene246",FALSE,1.192,5.925,2.008,301.2
"baseline",4,"gene247",FALSE,1.165,1.544,2.363,146.9
"baseline",4,"gene248",FALSE,1.418,20.5,1.35,372.1
"baseline",4,"gene249",FALSE,1.204,5.909,3.138,433.7
"baseline",4,"gene250",FALSE,1.419,20.61,2.58,667.6
"baseline",4,"gene251",FALSE,1.662,45.88,2.368,1019
"baseline",4,"gene252",FALSE,1.46,16.42,2.115,473
"baseline",4,"gene253",FALSE,1.232,7.7,2.82,463.3
"baseline",4,"gene254",FALSE,1.319,11.66,4.363,774
"baseline",4,"gene255",FALSE,1.336,16.68,2.895,665.4
"baseline",4,"gene256",FALSE,1.45,24.82,2.155,608.9
"baseline",4,"gene257",FALSE,1.526,27.62,1.475,542.7
"baseline",4,"gene258",FALSE,1.21,8.463,1.963,243.6
"baseline",4,"gene259",FALSE,1.237,5.165,1.39,180.7
"baseline",4,"gene260",FALSE,1.181,5.039,1.347,199.7
"baseline",4,"gene261",FALSE,1.244,7.45,1.367,228.2
"baseline",4,"gene262",FALSE,1.243,9.858,2.055,351.6
"baseline",4,"gene263",FALSE,1.213,4.31,1.567,175.1
"baseline",4,"gene264",FALSE,1.345,15.09,3.498,810.8
"baseline",4,"gene265",FALSE,1.298,12.77,1.308,249.1
"baseline",4,"gene266",FALSE,1.279,10.19,2.95,572.5
"baseline",4,"gene267",FALSE,1.238,10.37,1.967,359.1
"baseline",4,"gene268",FALSE,1.324,14.11,1.853,376.7
"baseline",4,"gene269",FALSE,1.491,27.33,4.098,1245
"baseline",4,"gene270",FALSE,1.544,32.36,2.695,911.8
"baseline",4,"gene271",FALSE,1.218,6.736,1.593,244.2
"baseline",4,"gene272",FALSE,1.046,0.4194,1.472,45.98
"baseline",4,"gene273",FALSE,1.095,2.43,5.943,454.5
"baseline",4,"gene274",FALSE,1.142,2.539,1.837,141.7
"baseline",4,"gene275",FALSE,1.256,8.592,2.85,503.9
"baseline",4,"gene276",FALSE,1.285,12.97,1.652,324.7
"baseline",4,"gene277",FALSE,1.343,12.09,2.282,452.8
"baseline",4,"gene278",FALSE,1.348,11.69,1.94,423.7
"baseline",4,"gene279",FALSE,1.046,0.4652,3.283,111
"baseline",4,"gene280",FALSE,1.132,1.604,3.63,261.9
"baseline",4,"gene281",FALSE,1.422,19.97,4.068,1192
"baseline",4,"gene282",FALSE,1.314,9.643,1.387,235.8
"baseline",4,"gene283",FALSE,1.455,20.35,1.868,549.2
"baseline",4,"gene284",FALSE,1.347,15.25,2.55,635.9
"baseline",4,"gene285",FALSE,1.442,25.58,3.63,1140
"baseline",4,"gene286",FALSE,1.158,3.435,2.732,292.2
"baseline",4,"gene287",FALSE,1.133,3.11,1.397,101
"baseline",4,"gene288",FALSE,1.552,35.06,2.852,1038
"baseline",4,"gene289",FALSE,1.207,6.072,1.423,197.7
"baseline",4,"gene290",FALSE,1.128,3.781,1.735,196.1
"baseline",4,"gene291",FALSE,1.184,5.144,1.145,143.2
"baseline",4,"gene292",FALSE,1.44,20.29,1.922,501.3
"baseline",4,"gene293",FALSE,1.07,1.662,1.072,82.19
"baseline",4,"gene294",FALSE,1.131,4.177,2.518,272
"baseline",4,"gene295",FALSE,1.545,31.49,2.955,988
"baseline",4,"gene296",FALSE,1.224,5.239,2.528,280.4
"baseline",4,"gene297",FALSE,1.39,19.45,3.23,842.9
"baseline",4,"gene298",FALSE,1.335,14.07,1.29,288
"baseline",4,"gene299",FALSE,1.141,3.473,2.458,263.4
"baseline",4,"gene300",FALSE,1.311,10.19,2.298,408.5
"baseline",5,"gene1",FALSE,1.167,5.973,4.858,388.6
"baseline",5,"gene2",FALSE,1.359,18.09,6.408,993.8
"baseline",5,"gene3",FALSE,1.343,16.97,5.365,953.5
"baseline",5,"gene4",FALSE,1.1,2.018,4.345,189.1
"baseline",5,"gene5",FALSE,1.364,15.47,3.098,423.7
"baseline",5,"gene6",FALSE,1.313,12.43,6.288,836.7
"baseline",5,"gene7",FALSE,1.453,19.64,2.043,328.7
"baseline",5,"gene8",FALSE,1.453,22.31,2.16,375
"baseline",5,"gene9",FALSE,1.294,11.18,5.02,572
"baseline",5,"gene10",FALSE,1.263,9.306,1.963,221.2
"baseline",5,"gene11",FALSE,1.273,8.592,2.298,258.2
"baseline",5,"gene12",FALSE,1.251,7.553,4.26,335.3
"baseline",5,"gene13",FALSE,1.327,14.03,4.878,697.1
"baseline",5,"gene14",FALSE,1.418,21.29,5.317,914.4
"baseline",5,"gene15",FALSE,1.395,19.78,6.322,918.8
"baseline",5,"gene16",FALSE,1.228,7.842,2.653,399.2
"baseline",5,"gene17",FALSE,1.084,1.401,1.98,116.7
"baseline",5,"gene18",FALSE,1.163,4.066,2.953,318
"baseline",5,"gene19",FALSE,1.33,13.37,2.905,667
"baseline",5,"gene20",FALSE,1.329,15.92,1.997,424.8
"baseline",5,"gene21",FALSE,1.333,11.96,4.877,903.4
"baseline",5,"gene22",FALSE,1.079,1.178,4.523,250.8
"baseline",5,"gene23",FALSE,1.235,7.804,3.925,648
"baseline",5,"gene24",FALSE,1.283,11.13,2.197,467.2
"baseline",5,"gene25",FALSE,1.303,13.35,1.122,225.6
"baseline",5,"gene26",FALSE,1.132,1.222,2.575,142.3
"baseline",5,"gene27",FALSE,1.147,5.374,2.738,378
"baseline",5,"gene28",FALSE,1.325,13.68,1.04,227.2
"baseline",5,"gene29",FALSE,1.193,4.809,2.798,355.3
"baseline",5,"gene30",FALSE,1.303,11.33,1.915,388.1
"baseline",5,"gene31",FALSE,1.093,0.9887,3.455,173.3
"baseline",5,"gene32",FALSE,1.244,7.837,2.442,432.1
"baseline",5,"gene33",FALSE,1.202,6.87,2.14,345.5
"baseline",5,"gene34",FALSE,1.327,14.94,2.72,700.7
"baseline",5,"gene35",FALSE,1.129,3.153,0.9783,91.36
"baseline",5,"gene36",FALSE,1.183,5.626,2.782,400.9
"baseline",5,"gene37",FALSE,1.047,0.2993,1.768,55.34
"baseline",5,"gene38",FALSE,1.23,7.924,1.447,227.5
"baseline",5,"gene39",FALSE,1.07,1.287,1.17,68.39
"baseline",5,"gene40",FALSE,1.174,4.498,3.573,394.4
"baseline",5,"gene41",FALSE,1.236,7.765,1.217,196
"baseline",5,"gene42",FALSE,1.176,5.01,1.145,140.6
"baseline",5,"gene43",FALSE,1.197,6.562,2.853,435.8
"baseline",5,"gene44",FALSE,1.423,19.78,1.78,468.9
"baseline",5,"gene45",FALSE,1.345,11.56,1.598,277.8
"baseline",5,"gene46",FALSE,1.073,0.3006,3.657,99.82
"baseline",5,"gene47",FALSE,1.111,2.095,4.457,357.6
"baseline",5,"gene48",FALSE,1.398,18.75,3.875,1032
"baseline",5,"gene49",FALSE,1.413,18.61,2.403,585.8
"baseline",5,"gene50",FALSE,1.058,1.839,4.808,335.1
"baseline",5,"gene51",FALSE,1.374,22.91,1.212,356.8
"baseline",5,"gene52",FALSE,1.428,23.49,2.413,700
"baseline",5,"gene53",FALSE,1.305,7.189,1.198,171.8
"baseline",5,"gene54",FALSE,1.162,3.25,4.088,482.9
"baseline",5,"gene55",FALSE,1.453,21.99,4.357,1362
"baseline",5,"gene56",FALSE,1.317,11.62,2.328,466.4
"baseline",5,"gene57",FALSE,1.309,13.04,3.867,849.9
"baseline",5,"gene58",FALSE,1.214,5.196,1.035,138
"baseline",5,"gene59",FALSE,1.299,12.4,1.148,215.9
"baseline",5,"gene60",FALSE,1.284,10.66,2.337,456.1
"baseline",5,"gene61",FALSE,1.268,9.481,1.125,203.7
"baseline",5,"gene62",FALSE,1.131,2.718,5.052,462.4
"baseline",5,"gene63",FALSE,1.219,7.214,4.822,755.3
"baseline",5,"gene64",FALSE,1.586,35.09,1.588,607.6
"baseline",5,"gene65",FALSE,1.219,6.432,5.127,667.5
"baseline",5,"gene66",FALSE,1.195,5.99,2.993,418.3
"baseline",5,"gene67",FALSE,1.435,21.02,2.752,766.7
"baseline",5,"gene68",FALSE,1.401,19.31,3.717,875
"baseline",5,"gene69",FALSE,1.305,11.99,4.485,880.6
"baseline",5,"gene70",FALSE,1.542,35.67,1.228,502.6
"baseline",5,"gene71",FALSE,1.449,22.08,4.437,1151
"baseline",5,"gene72",FALSE,1.172,4.747,1.887,246.4
"baseline",5,"gene73",FALSE,1.246,6.665,1.66,250.5
"baseline",5,"gene74",FALSE,1.384,13.97,2.59,549.1
"baseline",5,"gene75",FALSE,1.256,8.29,2.648,472.3
"baseline",5,"gene76",FALSE,1.243,8.981,3.54,611.4
"baseline",5,"gene77",FALSE,1.034,0.1808,3.697,75.02
"baseline",5,"gene78",FALSE,1.053,0.8596,1.265,60.37
"baseline",5,"gene79",FALSE,1.184,5.25,2.305,280.1
"baseline",5,"gene80",FALSE,1.224,7.148,2.477,380.6
"baseline",5,"gene81",FALSE,1.063,1.272,1.257,72.05
"baseline",5,"gene82",FALSE,1.172,3.393,1.177,116.4
"baseline",5,"gene83",FALSE,1.502,24.88,2.8,890.3
"baseline",5,"gene84",FALSE,1.327,14.23,4.455,992.8
"baseline",5,"gene85",FALSE,1.388,17.54,3.167,762.2
"baseline",5,"gene86",FALSE,1.194,7.216,1.468,233.2
"baseline",5,"gene87",FALSE,1.496,28.17,1.27,415.9
"baseline",5,"gene88",FALSE,1.343,14.41,4.49,1042
"baseline",5,"gene89",FALSE,1.23,8.393,1.758,306.7
"baseline",5,"gene90",FALSE,1.089,0.7557,2.215,88.18
"baseline",5,"gene91",FALSE,1.137,2.483,3.052,268.5
"baseline",5,"gene92",FALSE,1.33,14.65,3.182,741.7
"baseline",5,"gene93",FALSE,1.202,9.67,1.138,216.2
"baseline",5,"gene94",FALSE,1.238,7.643,2.275,393.2
"baseline",5,"gene95",FALSE,1.265,11.36,2.163,471.6
"baseline",5,"gene96",FALSE,1.314,12.27,1.182,248.2
"baseline",5,"gene97",FALSE,1.409,20.77,2.302,600.4
"baseline",5,"gene98",FALSE,1.042,0.64,2.177,98.8
"baseline",5,"gene99",FALSE,1.186,6.132,2.422,341.6
"baseline",5,"gene100",FALSE,1.506,26.81,1.515,519.8
"baseline",5,"gene101",FALSE,1.252,6.311,3.297,459.4
"baseline",5,"gene102",FALSE,1.308,11.73,2.485,488.3
"baseline",5,"gene103",FALSE,1.225,5.891,2.81,367
"baseline",5,"gene104",FALSE,1.178,4.616,3.448,426.5
"baseline",5,"gene105",FALSE,1.544,34.8,1.173,502.4
"baseline",5,"gene106",FALSE,1.135,3.459,2.497,241.5
"baseline",5,"gene107",FALSE,1.107,2.03,1.43,107.9
"baseline",5,"gene108",FALSE,1.218,5.637,1.985,273.9
"baseline",5,"gene109",FALSE,1.327,12.76,0.985,215.1
"baseline",5,"gene110",FALSE,1.272,11.39,3.463,659.4
"baseline",5,"gene111",FALSE,1.203,6.811,2.583,327.8
"baseline",5,"gene112",FALSE,1.225,7.415,3.637,591.2
"baseline",5,"gene113",FALSE,1.458,20.1,1.528,379.1
"baseline",5,"gene114",FALSE,1.18,3.256,1.562,133.7
"baseline",5,"gene115",FALSE,1.162,4.569,4.737,566.4
"baseline",5,"gene116",FALSE,1.201,6.245,2.305,331.3
"baseline",5,"gene117",FALSE,1.15,4.261,3.298,374.4
"baseline",5,"gene118",FALSE,1.258,10.47,2.842,481.9
"baseline",5,"gene119",FALSE,1.146,4.834,3.245,398.9
"baseline",5,"gene120",FALSE,1.194,4.146,2.898,295.2
"baseline",5,"gene121",FALSE,1.176,2.868,1.575,133.8
"baseline",5,"gene122",FALSE,1.386,16.5,1.552,370.8
"baseline",5,"gene123",FALSE,1.429,22.38,1.473,370.5
"baseline",5,"gene124",FALSE,1.201,4.312,1.912,208.4
"baseline",5,"gene125",FALSE,1.25,7.582,3.467,521.7
"baseline",5,"gene126",FALSE,1.373,15.63,3.397,779.1
"baseline",5,"gene127",FALSE,1.235,8.596,2.233,372.7
"baseline",5,"gene128",FALSE,1.289,11.43,1.88,370.1
"baseline",5,"gene129",FALSE,1.355,15.65,2.215,524.3
"baseline",5,"gene130",FALSE,1.501,29.98,1.783,651.3
"baseline",5,"gene131",FALSE,1.105,1.434,1.657,111.3
"baseline",5,"gene132",FALSE,1.119,2.031,3.917,310.5
"baseline",5,"gene133",FALSE,1.044,0.2733,3.362,76.1
"baseline",5,"gene134",FALSE,1.169,5.24,1.287,164.8
"baseline",5,"gene135",FALSE,1.157,2.856,2.687,235.1
"baseline",5,"gene136",FALSE,1.358,17.06,2.073,495.3
"baseline",5,"gene137",FALSE,1.266,9.832,1.645,268.1
"baseline",5,"gene138",FALSE,1.257,7.445,2.328,347.2
"baseline",5,"gene139",FALSE,1.419,18.12,4.02,1112
"baseline",5,"gene140",FALSE,1.288,9.905,0.985,166.3
"baseline",5,"gene141",FALSE,1.346,13.78,3.397,696
"baseline",5,"gene142",FALSE,1.47,22.4,3.677,1129
"baseline",5,"gene143",FALSE,1.245,8.118,1.103,179.4
"baseline",5,"gene144",FALSE,1.198,4.607,1.328,168.6
"baseline",5,"gene145",FALSE,1.135,4.131,2.453,276.7
"baseline",5,"gene146",FALSE,1.041,0.3277,3.618,104.6
"baseline",5,"gene147",FALSE,1.334,11.01,2.14,425.2
"baseline",5,"gene148",FALSE,1.47,23.42,4.06,1198
"baseline",5,"gene149",FALSE,1.533,32.41,2.177,672.1
"baseline",5,"gene150",FALSE,1.204,6.195,1.568,212.3
"baseline",5,"gene151",FALSE,1.231,7.545,1.508,231.9
"baseline",5,"gene152",FALSE,1.2,6.321,3.285,508.2
"baseline",5,"gene153",FALSE,1.269,8.663,1.273,210
"baseline",5,"gene154",FALSE,1.379,19.31,1.82,451.5
"baseline",5,"gene155",FALSE,1.455,18.94,1.665,437.4
"baseline",5,"gene156",FALSE,1.216,7.541,1.24,201.1
"baseline",5,"gene157",FALSE,1.175,4.896,1.617,197.7
"baseline",5,"gene158",FALSE,1.268,9.103,2.378,427.1
"baseline",5,"gene159",FALSE,1.412,21.12,1.25,336.6
"baseline",5,"gene160",FALSE,1.219,5.974,1.405,192.7
"baseline",5,"gene161",FALSE,1.232,7.003,3.845,481.4
"baseline",5,"gene162",FALSE,1.194,3.955,4.113,466.3
"baseline",5,"gene163",FALSE,1.455,24.66,2.867,931.2
"baseline",5,"gene164",FALSE,1.137,3.373,2.55,268.4
"baseline",5,"gene165",FALSE,1.22,3.939,3.765,389.1
"baseline",5,"gene166",FALSE,1.018,0.3123,1.51,43.04
"baseline",5,"gene167",FALSE,1.151,4.002,3.148,354.4
"baseline",5,"gene168",TRUE,0.972,-2.001e-06,1.788,-33.01
"baseline",5,"gene169",FALSE,1.086,1.825,2.465,186.6
"baseline",5,"gene170",FALSE,1.16,6.387,2.007,293.5
"baseline",5,"gene171",FALSE,1.222,6.137,3.225,450.1
"baseline",5,"gene172",FALSE,1.079,1.357,1.832,99.94
"baseline",5,"gene173",FALSE,1.076,2.228,3.752,317.1
"baseline",5,"gene174",FALSE,1.122,3.945,3.445,381.5
"baseline",5,"gene175",FALSE,1.133,4.651,1.328,159.6
"baseline",5,"gene176",FALSE,1.562,36.61,4.165,1481
"baseline",5,"gene177",FALSE,1.141,3.136,1.258,130.6
"baseline",5,"gene178",FALSE,1.057,0.3584,2.402,61.01
"baseline",5,"gene179",FALSE,1.132,2.227,1.882,134
"baseline",5,"gene180",FALSE,1.007,0.05108,1.94,21.99
"baseline",5,"gene181",FALSE,1.16,4.802,1.382,164.1
"baseline",5,"gene182",FALSE,1.417,20.06,3.885,1031
"baseline",5,"gene183",FALSE,1.322,14.13,1.34,256.4
"baseline",5,"gene184",FALSE,1.407,19.14,1.6,413.1
"baseline",5,"gene185",FALSE,1.202,7.566,1.387,227.9
"baseline",5,"gene186",FALSE,1.107,1.842,3.14,263.7
"baseline",5,"gene187",FALSE,1.07,1.489,2.082,144.3
"baseline",5,"gene188",FALSE,1.376,16.71,3.957,891.3
"baseline",5,"gene189",FALSE,1.223,8.577,0.98,146.8
"baseline",5,"gene190",FALSE,1.155,3.896,4.848,541.9
"baseline",5,"gene191",FALSE,1.191,4.884,1.693,223.2
"baseline",5,"gene192",FALSE,1.09,0.9789,1.978,106.9
"baseline",5,"gene193",FALSE,1.439,25.25,3.922,1184
"baseline",5,"gene194",FALSE,1.162,3.931,1.327,158
"baseline",5,"gene195",FALSE,1.147,2.632,3.413,337
"baseline",5,"gene196",FALSE,1.301,11.06,4.422,860.6
"baseline",5,"gene197",FALSE,1.122,2.759,3.223,311.7
"baseline",5,"gene198",FALSE,1.333,15.47,2.583,578
"baseline",5,"gene199",FALSE,1.064,0.8754,3.105,149.3
"baseline",5,"gene200",FALSE,1.56,32.2,1.557,557.8
"baseline",5,"gene201",FALSE,1.168,6.054,1.968,278.1
"baseline",5,"gene202",FALSE,1.105,2.597,2.338,183.5
"baseline",5,"gene203",FALSE,1.144,4.488,2.123,228.4
"baseline",5,"gene204",FALSE,1.389,21.23,1.555,450
"baseline",5,"gene205",FALSE,1.135,3.987,2.472,262.9
"baseline",5,"gene206",FALSE,1.08,1.311,1.245,75.71
"baseline",5,"gene207",FALSE,1.2,2.032,4.312,284.3
"baseline",5,"gene208",FALSE,1.141,2.177,2.902,219.5
"baseline",5,"gene209",FALSE,1.48,25.7,1.232,383.7
"baseline",5,"gene210",FALSE,1.219,8.354,1.438,249.1
"baseline",5,"gene211",FALSE,1.178,4.195,1.683,186.5
"baseline",5,"gene212",FALSE,1.326,12.55,3.792,809.4
"baseline",5,"gene213",FALSE,1.128,2.926,4.112,343.3
"baseline",5,"gene214",FALSE,1.246,7.475,3.223,503.1
"baseline",5,"gene215",FALSE,1.276,12.29,2.845,513.1
"baseline",5,"gene216",FALSE,1.464,24.83,1.847,520.6
"baseline",5,"gene217",FALSE,1.143,3.266,1.427,138.4
"baseline",5,"gene218",FALSE,1.102,0.969,2.467,131.4
"baseline",5,"gene219",FALSE,1.187,4.5,1.368,168.3
"baseline",5,"gene220",FALSE,1.2,6.737,1.17,137.7
"baseline",5,"gene221",FALSE,1.051,0.2627,1.35,35.61
"baseline",5,"gene222",FALSE,1.031,0.407,3.855,126
"baseline",5,"gene223",FALSE,1.041,0.4485,1.455,53.72
"baseline",5,"gene224",FALSE,1.167,3.143,2.783,267.9
"baseline",5,"gene225",FALSE,1.344,13.32,2.787,521.1
"baseline",5,"gene226",FALSE,1.212,9.143,4.773,932.5
"baseline",5,"gene227",FALSE,1.144,1.988,2.273,176.3
"baseline",5,"gene228",FALSE,1.351,16.35,2.592,672
"baseline",5,"gene229",FALSE,1.423,22.99,1.827,514.5
"baseline",5,"gene230",FALSE,1.128,2.76,1.96,200.8
"baseline",5,"gene231",FALSE,1.239,6.883,2.887,406.5
"baseline",5,"gene232",FALSE,1.221,5.32,2.092,257.6
"baseline",5,"gene233",FALSE,1.125,2.701,0.8183,73.91
"baseline",5,"gene234",FALSE,1.072,0.6287,5.145,219.4
"baseline",5,"gene235",FALSE,1.138,3.156,1.623,167.2
"baseline",5,"gene236",FALSE,1.073,1.72,1.97,145.9
"baseline",5,"gene237",FALSE,1.288,10.68,1.295,264.8
"baseline",5,"gene238",FALSE,1.468,25.38,2.542,792.9
"baseline",5,"gene239",FALSE,1.141,3.345,2.995,322.7
"baseline",5,"gene240",FALSE,1.133,3.567,1.682,171.8
"baseline",5,"gene241",FALSE,1.349,10.58,1.307,266
"baseline",5,"gene242",FALSE,1.258,9.377,1.167,211.7
"baseline",5,"gene243",FALSE,1.033,0.3971,2.912,101
"baseline",5,"gene244",FALSE,1.197,4.796,2.927,388.1
"baseline",5,"gene245",FALSE,1.354,16.76,5.057,1185
"baseline",5,"gene246",FALSE,1.066,1.288,0.965,52.03
"baseline",5,"gene247",FALSE,1.233,7.742,2.253,328.6
"baseline",5,"gene248",FALSE,1.064,0.8287,1.195,56.93
"baseline",5,"gene249",FALSE,1.363,18.51,1.365,350.1
"baseline",5,"gene250",FALSE,1.396,21.14,2.108,569.2
"baseline",5,"gene251",FALSE,1.383,17.56,1.405,351.6
"baseline",5,"gene252",FALSE,1.536,27.63,2.102,655.6
"baseline",5,"gene253",FALSE,1.391,14.72,1.048,235.7
"baseline",5,"gene254",FALSE,1.231,7.388,1.763,236.9
"baseline",5,"gene255",FALSE,1.244,7.635,2.71,399.8
"baseline",5,"gene256",FALSE,1.453,23.09,2.378,759.5
"baseline",5,"gene257",FALSE,1.561,36.42,1.263,539.7
"baseline",5,"gene258",FALSE,1.306,10.47,2.227,417.8
"baseline",5,"gene259",FALSE,1.421,24.05,2.203,642.5
"baseline",5,"gene260",FALSE,1.205,5.393,1.827,271.3
"baseline",5,"gene261",FALSE,1.149,4.81,2.448,325.1
"baseline",5,"gene262",FALSE,1.527,30.18,2.057,699.7
"baseline",5,"gene263",FALSE,1.25,10.98,3.882,722.4
"baseline",5,"gene264",FALSE,1.268,8.923,4.09,638.9
"baseline",5,"gene265",FALSE,1.342,12.56,1.303,278.5
"baseline",5,"gene266",FALSE,1.227,7.017,1.267,193.6
"baseline",5,"gene267",FALSE,1.088,1.643,1.445,111.9
"baseline",5,"gene268",FALSE,1.335,15.23,1.522,334.4
"baseline",5,"gene269",FALSE,1.224,6.167,1.373,152.4
"baseline",5,"gene270",FALSE,1.202,6.756,1.177,163.6
"baseline",5,"gene271",FALSE,1.161,4.853,2.207,276.9
"baseline",5,"gene272",FALSE,1.547,31.59,2.618,939.8
"baseline",5,"gene273",FALSE,1.083,0.7363,3.643,184.9
"baseline",5,"gene274",FALSE,1.089,2.478,2.738,261
"baseline",5,"gene275",FALSE,1.276,10.18,2.85,484.5
"baseline",5,"gene276",FALSE,1.105,1.331,1.995,135.9
"baseline",5,"gene277",FALSE,1.152,2.702,6.142,495.3
"baseline",5,"gene278",FALSE,1.178,4.798,2.753,332.5
"baseline",5,"gene279",FALSE,1.307,13.77,1.168,250.8
"baseline",5,"gene280",FALSE,1.217,6.649,2.045,325.9
"baseline",5,"gene281",FALSE,1.181,6.019,3.423,498.1
"baseline",5,"gene282",FALSE,1.228,5.164,1.032,149.4
"baseline",5,"gene283",FALSE,1.106,2.177,1.24,107.7
"baseline",5,"gene284",FALSE,1.125,3.285,2.275,210.5
"baseline",5,"gene285",FALSE,1.209,5.777,2.927,363.9
"baseline",5,"gene286",FALSE,1.347,13.22,3.577,779.8
"baseline",5,"gene287",FALSE,1.486,24.84,2.203,674.5
"baseline",5,"gene288",FALSE,1.303,10.93,2.183,389.1
"baseline",5,"gene289",FALSE,1.191,5.752,1.355,171
"baseline",5,"gene290",FALSE,1.117,3.203,1.308,135.5
"baseline",5,"gene291",FALSE,1.355,16.78,2.78,693.7
"baseline",5,"gene292",FALSE,1.379,17.12,1.3,349.4
"baseline",5,"gene293",FALSE,1.15,3.66,4.258,418.9
"baseline",5,"gene294",FALSE,1.287,13.63,3.48,769.5
"baseline",5,"gene295",FALSE,1.255,9.474,2.558,495.6
"baseline",5,"gene296",FALSE,1.316,13.65,1.233,288.7
"baseline",5,"gene297",FALSE,1.149,3.908,3.592,370.2
"baseline",5,"gene298",FALSE,1.204,6.268,1.762,250.1
"baseline",5,"gene299",FALSE,1.443,24.5,2.945,938.2
"baseline",5,"gene300",FALSE,1.66,40.65,1.182,563
"baseline",6,"gene1",FALSE,1.375,13.18,1.807,270.4
"baseline",6,"gene2",FALSE,1.418,22.14,6.168,1004
"baseline",6,"gene3",FALSE,1.437,19.49,1.968,309.2
"baseline",6,"gene4",FALSE,1.217,6.83,2.937,258
"baseline",6,"gene5",FALSE,1.192,6.509,2.197,209.5
"baseline",6,"gene6",FALSE,1.397,19.05,3.573,543.9
"baseline",6,"gene7",FALSE,1.309,14.65,5.953,799.1
"baseline",6,"gene8",FALSE,1.286,12.7,6.533,833.7
"baseline",6,"gene9",FALSE,1.334,15.68,5.55,861.1
"baseline",6,"gene10",FALSE,1.137,4.18,5.53,375.8
"baseline",6,"gene11",FALSE,1.432,20.77,1.998,302.3
"baseline",6,"gene12",FALSE,1.161,3.374,1.7,101.2
"baseline",6,"gene13",FALSE,1.423,22.11,1.967,331.2
"baseline",6,"gene14",FALSE,1.155,5.776,6.37,510.1
"baseline",6,"gene15",FALSE,1.487,30.91,2.635,630.7
"baseline",6,"gene16",FALSE,1.394,20.03,3.948,1068
"baseline",6,"gene17",FALSE,1.19,5.158,1.262,155.3
"baseline",6,"gene18",FALSE,1.18,5.016,2.245,298.3
"baseline",6,"gene19",FALSE,1.241,6.317,3.248,423.5
"baseline",6,"gene20",FALSE,1.224,6.495,1.728,288.7
"baseline",6,"gene21",FALSE,1.371,15.68,2.703,533.8
"baseline",6,"gene22",FALSE,1.423,21.18,4.137,1145
"baseline",6,"gene23",FALSE,1.24,5.815,1.873,236.8
"baseline",6,"gene24",FALSE,1.345,15.72,4.192,900.7
"baseline",6,"gene25",FALSE,1.351,14.53,4.883,1064
"baseline",6,"gene26",FALSE,1.245,9.371,1.29,224.4
"baseline",6,"gene27",FALSE,1.146,4.594,3.802,413.7
"baseline",6,"gene28",FALSE,1.221,7.646,1.142,184.5
"baseline",6,"gene29",FALSE,1.116,1.445,1.808,104.8
"baseline",6,"gene30",FALSE,1.115,1.201,3.195,183.5
"baseline",6,"gene31",FALSE,1.383,17.33,4.632,1097
"baseline",6,"gene32",FALSE,1.164,5.664,1.017,142.1
"baseline",6,"gene33",FALSE,1.199,6.53,2.042,277.2
"baseline",6,"gene34",FALSE,1.417,21.28,3.383,928.1
"baseline",6,"gene35",FALSE,1.074,1.023,3.013,148.2
"baseline",6,"gene36",FALSE,1.299,14.68,1.333,283.6
"baseline",6,"gene37",FALSE,1.154,3.512,2.448,256
"baseline",6,"gene38",FALSE,1.264,9.269,2.347,399.2
"baseline",6,"gene39",FALSE,1.069,1.142,1.182,67.26
"baseline",6,"gene40",FALSE,1.395,18.84,2.128,537.2
"baseline",6,"gene41",FALSE,1.402,13.3,1.21,247.9
"baseline",6,"gene42",FALSE,1.291,11.29,2.387,477.9
"baseline",6,"gene43",FALSE,1.157,5.809,1.248,201.2
"baseline",6,"gene44",FALSE,1.324,11.81,5.47,1114
"baseline",6,"gene45",FALSE,1.279,10.51,1.848,301.7
"baseline",6,"gene46",FALSE,1.101,2.451,1.362,119
"baseline",6,"gene47",FALSE,1.356,13.87,1.628,335.1
"baseline",6,"gene48",FALSE,1.299,10,2.602,444.5
"baseline",6,"gene49",FALSE,1.218,6.893,1.498,210.5
"baseline",6,"gene50",FALSE,1.69,48.92,2.708,1162
"baseline",6,"gene51",FALSE,1.215,6.552,1.6,250.3
"baseline",6,"gene52",FALSE,1.219,6.234,3.577,530.5
"baseline",6,"gene53",FALSE,1.033,0.1005,2.517,39
"baseline",6,"gene54",FALSE,1.369,17.98,3.77,984.1
"baseline",6,"gene55",FALSE,1.172,5.712,2.382,258
"baseline",6,"gene56",FALSE,1.015,0.1596,3.287,67.05
"baseline",6,"gene57",FALSE,1.108,2.043,2.367,174.7
"baseline",6,"gene58",FALSE,1.292,11.07,4.905,899.7
"baseline",6,"gene59",FALSE,1.266,9.287,1.872,320.6
"baseline",6,"gene60",FALSE,1.175,5.583,2.743,316.9
"baseline",6,"gene61",FALSE,1.082,1.34,4.498,251.8
"baseline",6,"gene62",FALSE,1.142,3.009,1.655,159.5
"baseline",6,"gene63",FALSE,1.036,0.6434,1.208,55.77
"baseline",6,"gene64",TRUE,0.9842,-1.142e-05,1.208,-0.4844
"baseline",6,"gene65",FALSE,1.208,4.686,3.715,386.4
"baseline",6,"gene66",FALSE,1.129,2.465,4.495,402.5
"baseline",6,"gene67",FALSE,1.282,10.48,1.183,216.4
"baseline",6,"gene68",FALSE,1.28,9.937,3.71,697.1
"baseline",6,"gene69",FALSE,1.222,7.657,1.525,234.6
"baseline",6,"gene70",FALSE,1.233,7.628,3.533,571.8
"baseline",6,"gene71",FALSE,1.384,12.46,4.073,851.6
"baseline",6,"gene72",FALSE,1.271,8.131,2.718,517.5
"baseline",6,"gene73",FALSE,1.134,2.826,4.37,383.7
"baseline",6,"gene74",FALSE,1.384,19.65,3.932,906.4
"baseline",6,"gene75",FALSE,1.132,2.423,1.718,144.6
"baseline",6,"gene76",FALSE,1.459,25.4,1.26,420.7
"baseline",6,"gene77",FALSE,1.355,15.26,3.59,789
"baseline",6,"gene78",FALSE,1.297,12.07,3.42,631.4
"baseline",6,"gene79",FALSE,1.158,1.994,2.553,196.7
"baseline",6,"gene80",FALSE,1.432,21.44,1.957,577.3
"baseline",6,"gene81",FALSE,1.311,12.22,1.515,343.3
"baseline",6,"gene82",FALSE,1.179,4.902,1.087,127.1
"baseline",6,"gene83",FALSE,1.177,3.947,1.408,147.4
"baseline",6,"gene84",FALSE,1.176,5.76,0.9917,130.5
"baseline",6,"gene85",FALSE,1.384,18.15,1.632,379.8
"baseline",6,"gene86",FALSE,1.173,3.305,2.827,242.8
"baseline",6,"gene87",FALSE,1.219,7.555,3.892,605.7
"baseline",6,"gene88",FALSE,1.217,6.13,1.693,217.5
"baseline",6,"gene89",FALSE,1.14,2.859,4.338,395.4
"baseline",6,"gene90",FALSE,1.179,3.888,2.415,254.8
"baseline",6,"gene91",FALSE,1.25,6.516,1.357,199.1
"baseline",6,"gene92",FALSE,1.212,8.358,4.31,654.2
"baseline",6,"gene93",FALSE,1.172,4.246,1.265,147.8
"baseline",6,"gene94",FALSE,1.321,13.74,4.273,914
"baseline",6,"gene95",FALSE,1.132,3.405,1.027,103.4
"baseline",6,"gene96",FALSE,1.184,5.11,0.905,129.8
"baseline",6,"gene97",FALSE,1.173,5.164,2.735,365.9
"baseline",6,"gene98",FALSE,1.183,5.158,1.322,159.2
"baseline",6,"gene99",FALSE,1.19,5.816,4.085,498.9
"baseline",6,"gene100",FALSE,1.168,2.48,2.618,215.2
"baseline",6,"gene101",FALSE,1.179,5.297,1.505,208.7
"baseline",6,"gene102",FALSE,1.212,7.536,2.872,460.4
"baseline",6,"gene103",FALSE,1.447,25.32,4.142,1273
"baseline",6,"gene104",FALSE,1.115,1.343,1.937,105.3
"baseline",6,"gene105",FALSE,1.316,15.56,1.385,332.3
"baseline",6,"gene106",FALSE,1.231,8.094,1.545,256.2
"baseline",6,"gene107",FALSE,1.291,13.53,2.71,578.1
"baseline",6,"gene108",FALSE,1.457,24.12,1.492,460.1
"baseline",6,"gene109",FALSE,1.292,10.43,4.04,759.6
"baseline",6,"gene110",FALSE,1.127,3.1,1.968,182.6
"baseline",6,"gene111",FALSE,1.362,16.28,4.148,980.9
"baseline",6,"gene112",FALSE,1.155,3.244,4.023,436.8
"baseline",6,"gene113",FALSE,1.18,5.249,2.793,373.9
"baseline",6,"gene114",FALSE,1.407,22.3,2.243,617.7
"baseline",6,"gene115",FALSE,1.25,8.994,1.848,336.7
"baseline",6,"gene116",FALSE,1.027,0.16,1.462,29.92
"baseline",6,"gene117",FALSE,1.362,14.44,1.388,323.6
"baseline",6,"gene118",FALSE,1.315,12.56,3.663,690.6
"baseline",6,"gene119",FALSE,1.166,5.749,2.603,408.2
"baseline",6,"gene120",FALSE,1.438,23.06,4.008,1120
"baseline",6,"gene121",FALSE,1.322,15.96,2.447,578.1
"baseline",6,"gene122",FALSE,1.227,8.167,3.44,612.4
"baseline",6,"gene123",FALSE,1.544,29.46,3.368,1135
"baseline",6,"gene124",FALSE,1.157,4.362,2.968,318.4
"baseline",6,"gene125",FALSE,1.154,5.218,3.13,406.6
"baseline",6,"gene126",FALSE,1.173,2.449,2.26,192.9
"baseline",6,"gene127",FALSE,1.32,13.66,1.898,420.2
"baseline",6,"gene128",FALSE,1.16,4.207,3.028,348.6
"baseline",6,"gene129",FALSE,1.184,5.939,1.905,245.8
"baseline",6,"gene130",FALSE,1.425,17.72,1.658,487.8
"baseline",6,"gene131",FALSE,1.199,6.645,1.5,220.3
"baseline",6,"gene132",FALSE,1.154,2.846,1.572,143.8
"baseline",6,"gene133",FALSE,1.142,3.521,1.673,161
"baseline",6,"gene134",FALSE,1.23,8.432,1.695,293.8
"baseline",6,"gene135",FALSE,1.446,27.7,1.757,511.1
"baseline",6,"gene136",FALSE,1.487,27.87,1.337,462
"baseline",6,"gene137",FALSE,1.303,12.48,3.415,692.6
"baseline",6,"gene138",FALSE,1.405,18.11,1.842,440.8
"baseline",6,"gene139",FALSE,1.196,5.133,2.738,310.1
"baseline",6,"gene140",FALSE,1.201,6.605,1.13,144.6
"baseline",6,"gene141",FALSE,1.198,5.388,1.152,162
"baseline",6,"gene142",FALSE,1.274,9.495,2.553,430.7
"baseline",6,"gene143",FALSE,1.18,3.833,1.965,211.8
"baseline",6,"gene144",FALSE,1.162,4.182,2.823,312.1
"baseline",6,"gene145",FALSE,1.334,13.87,3.542,779
"baseline",6,"gene146",FALSE,1.251,10.3,1.63,295.8
"baseline",6,"gene147",FALSE,1.211,8.177,1.133,178.3
"baseline",6,"gene148",FALSE,1.319,12.05,2.205,446.1
"baseline",6,"gene149",FALSE,1.353,15.37,3.755,919.9
"baseline",6,"gene150",FALSE,1.096,0.9829,2.118,116.9
"baseline",6,"gene151",FALSE,1.191,3.55,2.597,246.2
"baseline",6,"gene152",FALSE,1.187,3.855,3.058,334
"baseline",6,"gene153",FALSE,1.167,3.406,2.272,225.8
"baseline",6,"gene154",FALSE,1.138,2.527,2.845,232.2
"baseline",6,"gene155",FALSE,1.142,3.498,2.955,316.6
"baseline",6,"gene156",FALSE,1.333,13.74,3.11,667.2
"baseline",6,"gene157",FALSE,1.093,0.7988,1.343,64.96
"baseline",6,"gene158",FALSE,1.136,4.258,1.47,151.5
"baseline",6,"gene159",FALSE,1.094,2.323,1.057,93.85
"baseline",6,"gene160",FALSE,1.271,8.997,1.447,265
"baseline",6,"gene161",FALSE,1.029,0.7658,1.257,57.59
"baseline",6,"gene162",FALSE,1.536,22.7,1.918,586.9
"baseline",6,"gene163",FALSE,1.15,3.982,3.955,474
"baseline",6,"gene164",FALSE,1.451,21.99,1.347,413.5
"baseline",6,"gene165",FALSE,1.178,4.965,1.715,225.3
"baseline",6,"gene166",FALSE,1.159,3.538,3.58,371.4
"baseline",6,"gene167",FALSE,1.123,2.089,2.01,165.1
"baseline",6,"gene168",FALSE,1.226,7.349,2.787,456
"baseline",6,"gene169",FALSE,1.288,10.29,1.65,287.6
"baseline",6,"gene170",FALSE,1.114,1.755,1.77,134.5
"baseline",6,"gene171",FALSE,1.288,10.26,2.613,420.8
"baseline",6,"gene172",FALSE,1.262,6.976,0.9983,142.5
"baseline",6,"gene173",FALSE,1.223,7.427,2.07,292.2
"baseline",6,"gene174",FALSE,1.245,8.308,2.123,312.9
"baseline",6,"gene175",FALSE,1.249,7.995,2.855,442.3
"baseline",6,"gene176",FALSE,1.111,1.983,1.472,126.4
"baseline",6,"gene177",FALSE,1.284,13.45,1.853,395.9
"baseline",6,"gene178",FALSE,1.342,13.46,1.675,331.7
"baseline",6,"gene179",FALSE,1.309,12.23,3.815,789.8
"baseline",6,"gene180",FALSE,1.155,3.66,0.9733,92.59
"baseline",6,"gene181",FALSE,1.432,24.45,3.215,944.5
"baseline",6,"gene182",FALSE,1.049,0.821,3.08,140.3
"baseline",6,"gene183",FALSE,1.228,7.156,1.565,223.4
"baseline",6,"gene184",FALSE,1.111,2.297,1.71,140.8
"baseline",6,"gene185",FALSE,1.068,0.5574,1.463,58.68
"baseline",6,"gene186",FALSE,1.41,16.04,5.085,1339
"baseline",6,"gene187",FALSE,1.162,3.725,2.422,245.5
"baseline",6,"gene188",FALSE,1.355,14.96,1.787,430.5
"baseline",6,"gene189",FALSE,1.332,11.42,2.913,553.2
"baseline",6,"gene190",FALSE,1.168,3.073,4.532,468.5
"baseline",6,"gene191",FALSE,1.107,1.394,3.957,235.1
"baseline",6,"gene192",FALSE,0.9958,0.005369,3.125,11.69
"baseline",6,"gene193",FALSE,1.313,11.64,1.103,221.6
"baseline",6,"gene194",FALSE,1.352,14.92,5.013,1059
"baseline",6,"gene195",FALSE,1.151,4.224,3.235,362.2
"baseline",6,"gene196",FALSE,1.096,2.308,1.188,91.89
"baseline",6,"gene197",FALSE,1.33,12.26,3.863,761.7
"baseline",6,"gene198",FALSE,1.141,3.906,4.925,485.6
"baseline",6,"gene199",FALSE,1.156,3.658,3.065,314.9
"baseline",6,"gene200",FALSE,1.133,2.015,2.477,194.1
"baseline",6,"gene201",FALSE,1.31,12.27,2.295,458
"baseline",6,"gene202",FALSE,1.517,25.6,3.203,1041
"baseline",6,"gene203",FALSE,1.253,8.757,2.238,381.6
"baseline",6,"gene204",FALSE,1.46,23.93,2.717,818.7
"baseline",6,"gene205",FALSE,1.487,22.33,1.563,488
"baseline",6,"gene206",FALSE,1.153,3.818,2.575,270.2
"baseline",6,"gene207",FALSE,1.452,22.54,3.507,975.9
"baseline",6,"gene208",FALSE,1.474,28.93,3.242,951.6
"baseline",6,"gene209",FALSE,1.264,6.669,1.398,184.2
"baseline",6,"gene210",FALSE,1.457,26.07,1.557,560.8
"baseline",6,"gene211",FALSE,1.245,10.18,1.417,229.8
"baseline",6,"gene212",FALSE,1.332,12.61,4.158,830.3
"baseline",6,"gene213",FALSE,1.15,3.295,4.813,446
"baseline",6,"gene214",FALSE,1.152,2.304,3.148,241.4
"baseline",6,"gene215",FALSE,1.21,7.115,2.74,400
"baseline",6,"gene216",FALSE,1.081,0.9143,1.997,94.73
"baseline",6,"gene217",FALSE,1.118,3.926,3.79,426.6
"baseline",6,"gene218",FALSE,1.54,27.65,2.44,785.3
"baseline",6,"gene219",FALSE,1.154,4.011,2.238,205
"baseline",6,"gene220",FALSE,1.361,13.8,1.865,378.5
"baseline",6,"gene221",FALSE,1.279,9.492,2.535,450
"baseline",6,"gene222",FALSE,1.401,20.21,2.73,733.1
"baseline",6,"gene223",FALSE,1.416,18.31,2.055,471.6
"baseline",6,"gene224",FALSE,1.255,10.18,1.352,221.1
"baseline",6,"gene225",FALSE,1.532,29.46,1.225,391.5
"baseline",6,"gene226",FALSE,1.322,11.68,2.657,503
"baseline",6,"gene227",FALSE,1.149,3.499,1.303,117.8
"baseline",6,"gene228",FALSE,1.211,5.723,3.698,442.9
"baseline",6,"gene229",FALSE,1.492,28.45,1.935,581.7
"baseline",6,"gene230",FALSE,1.25,9.979,2.093,391.7
"baseline",6,"gene231",FALSE,1.51,30.06,4.83,1663
"baseline",6,"gene232",FALSE,1.238,7.638,2.667,391
"baseline",6,"gene233",FALSE,1.019,0.2977,2.365,72.57
"baseline",6,"gene234",FALSE,1.094,1.439,2.157,134.2
"baseline",6,"gene235",FALSE,1.217,7.153,2.223,359
"baseline",6,"gene236",FALSE,1.175,5.696,2.08,262.6
"baseline",6,"gene237",FALSE,1.214,4.843,2.85,351
"baseline",6,"gene238",FALSE,1.016,0.2017,3.017,63.89
"baseline",6,"gene239",FALSE,1.322,15.14,4.6,1009
"baseline",6,"gene240",FALSE,1.106,1.288,1.282,75.58
"baseline",6,"gene241",FALSE,1.407,21.54,1.742,475.7
"baseline",6,"gene242",FALSE,1.277,11.11,1.423,290.3
"baseline",6,"gene243",FALSE,1.183,6.038,1.283,157.8
"baseline",6,"gene244",FALSE,1.174,3.704,2.37,270.9
"baseline",6,"gene245",FALSE,1.108,1.914,2.56,166.6
"baseline",6,"gene246",FALSE,1.09,0.3089,3.17,84.21
"baseline",6,"gene247",FALSE,1.2,4.617,2.747,323.7
"baseline",6,"gene248",FALSE,1.233,7.797,2.352,336.3
"baseline",6,"gene249",FALSE,1.427,20.15,2.193,545
"baseline",6,"gene250",FALSE,1.305,11.54,1.95,363.9
"baseline",6,"gene251",FALSE,1.205,6.636,2.35,350.7
"baseline",6,"gene252",FALSE,1.287,9.481,1.082,177.2
"baseline",6,"gene253",FALSE,1.099,1.765,1.513,101.9
"baseline",6,"gene254",FALSE,1.187,5.226,1.473,178.1
"baseline",6,"gene255",FALSE,1.433,17.65,2.537,651.5
"baseline",6,"gene256",FALSE,1.303,12.29,2.163,422.4
"baseline",6,"gene257",FALSE,1.283,9.494,2.712,503.2
"baseline",6,"gene258",FALSE,1.348,13.32,1.337,265.8
"baseline",6,"gene259",FALSE,1.109,2.107,3.047,257.3
"baseline",6,"gene260",FALSE,1.315,14.53,4.703,948.6
"baseline",6,"gene261",FALSE,1.275,7.398,2.163,293.1
"baseline",6,"gene262",FALSE,1.296,12.67,4.593,916.2
"baseline",6,"gene263",FALSE,1.151,4.181,3.558,416
"baseline",6,"gene264",FALSE,1.227,7.959,1.37,242.7
"baseline",6,"gene265",FALSE,1.515,30.73,1.407,498.5
"baseline",6,"gene266",FALSE,1.247,9.556,1.715,316.8
"baseline",6,"gene267",FALSE,1.178,4.182,2.317,245.4
"baseline",6,"gene268",FALSE,1.104,1.236,3.625,212
"baseline",6,"gene269",FALSE,1.17,4.81,2.567,294.1
"baseline",6,"gene270",FALSE,1.315,12.67,4.978,1007
"baseline",6,"gene271",FALSE,1.16,4.109,3.378,363.8
"baseline",6,"gene272",FALSE,1.351,18.23,3.497,937
"baseline",6,"gene273",FALSE,1.184,4.989,3.91,485.4
"baseline",6,"gene274",FALSE,1.206,5.353,1.595,181.8
"baseline",6,"gene275",FALSE,1.339,15.28,2.142,497.4
"baseline",6,"gene276",FALSE,1.117,4.007,1.452,163.9
"baseline",6,"gene277",FALSE,1.071,1.071,1.625,90.33
"baseline",6,"gene278",FALSE,1.246,7.277,1.77,265.8
"baseline",6,"gene279",FALSE,1.099,2.028,5.035,434.4
"baseline",6,"gene280",FALSE,1.112,2.249,1.09,80.45
"baseline",6,"gene281",FALSE,1.069,1.209,2.385,132.5
"baseline",6,"gene282",FALSE,1.387,16.83,1.748,475.4
"baseline",6,"gene283",FALSE,1.178,4.622,1.683,201.2
"baseline",6,"gene284",FALSE,1.455,26.41,1.403,459.9
"baseline",6,"gene285",TRUE,0.9654,-2.563e-06,2.687,-56.22
"baseline",6,"gene286",FALSE,1.084,1.164,1.75,84.45
"baseline",6,"gene287",FALSE,1.129,2.947,1.925,174.7
"baseline",6,"gene288",FALSE,1.069,0.4397,1.818,60.96
"baseline",6,"gene289",FALSE,1.28,9.59,1.857,315.4
"baseline",6,"gene290",FALSE,1.086,2.37,2.523,229.8
"baseline",6,"gene291",FALSE,1.123,1.986,1.713,123.4
"baseline",6,"gene292",FALSE,1.305,11.17,3.735,780.6
"baseline",6,"gene293",FALSE,1.658,30.7,0.7383,287.9
"baseline",6,"gene294",FALSE,1.119,2.396,0.9817,77.43
"baseline",6,"gene295",FALSE,1.194,7.114,1.203,178.3
"baseline",6,"gene296",FALSE,1.126,2.107,1.888,139.3
"baseline",6,"gene297",FALSE,1.784,51.4,1.308,616.3
"baseline",6,"gene298",FALSE,1.304,11.14,1.358,264.7
"baseline",6,"gene299",FALSE,1.009,0.07439,1.283,16.84
"baseline",6,"gene300",FALSE,1.254,9.606,5.702,1058
"baseline",7,"gene1",FALSE,1.265,9.441,3.532,384.9
"baseline",7,"gene2",FALSE,1.325,13.33,3.787,479.5
"baseline",7,"gene3",FALSE,1.272,7.753,2.045,183.7
"baseline",7,"gene4",FALSE,1.615,40.97,8.562,2321
"baseline",7,"gene5",TRUE,0.9644,-1.896e-06,3.15,-12.88
"baseline",7,"gene6",FALSE,1.288,12.53,6.333,867.7
"baseline",7,"gene7",FALSE,1.521,20.34,4.788,847.2
"baseline",7,"gene8",FALSE,1.249,7.818,3.085,326.5
"baseline",7,"gene9",FALSE,1.146,3.162,3.015,166.8
"baseline",7,"gene10",FALSE,1.453,23.69,3.922,719.4
"baseline",7,"gene11",FALSE,1.146,4.364,1.66,123.9
"baseline",7,"gene12",FALSE,1.511,28.66,3.123,637.3
"baseline",7,"gene13",FALSE,1.307,13.93,7.118,948.8
"baseline",7,"gene14",FALSE,1.153,3.582,2.037,117
"baseline",7,"gene15",FALSE,1.205,6.613,4.388,415.4
"baseline",7,"gene16",FALSE,1.191,5.77,1.422,180
"baseline",7,"gene17",FALSE,1.422,23.12,4.252,1275
"baseline",7,"gene18",FALSE,1.093,2.385,1.2,84.15
"baseline",7,"gene19",FALSE,1.448,20.95,3.333,859.3
"baseline",7,"gene20",FALSE,1.309,12.42,4.113,814.7
"baseline",7,"gene21",FALSE,1.199,5.597,2.232,296.9
"baseline",7,"gene22",FALSE,1.319,12.8,1.168,259.1
"baseline",7,"gene23",FALSE,1.08,0.6223,4.712,196.9
"baseline",7,"gene24",FALSE,1.514,28.35,1.455,499.8
"baseline",7,"gene25",FALSE,1.218,6.964,1.477,206.8
"baseline",7,"gene26",FALSE,1.219,5.431,3.903,524.7
"baseline",7,"gene27",FALSE,1.119,2.842,1.153,102.4
"baseline",7,"gene28",FALSE,1.201,4.019,4.898,470
"baseline",7,"gene29",FALSE,1.341,17.07,1.765,469.2
"baseline",7,"gene30",FALSE,1.176,4.328,4.33,482.9
"baseline",7,"gene31",FALSE,1.176,3.792,2.173,214
"baseline",7,"gene32",FALSE,1.114,2.391,1.902,167.1
"baseline",7,"gene33",FALSE,1.301,11.34,2.032,393.7
"baseline",7,"gene34",FALSE,1.102,2.357,1.043,91.79
"baseline",7,"gene35",FALSE,1.081,0.5754,2.205,72.45
"baseline",7,"gene36",FALSE,1.085,1.445,2.278,145.4
"baseline",7,"gene37",FALSE,1.246,9.39,1.268,205.6
"baseline",7,"gene38",FALSE,1.314,14.14,2.468,536.1
"baseline",7,"gene39",FALSE,1.266,10.18,1.847,339.5
"baseline",7,"gene40",FALSE,1.175,4.267,3.148,362.6
"baseline",7,"gene41",FALSE,1.05,0.3375,4.178,127.6
"baseline",7,"gene42",FALSE,1.126,2.617,3.295,303.9
"baseline",7,"gene43",FALSE,1.144,2.687,4.023,318.8
"baseline",7,"gene44",FALSE,1.138,3.645,1.27,143.4
"baseline",7,"gene45",FALSE,1.063,0.7132,1.705,70.28
"baseline",7,"gene46",FALSE,1.502,28.99,3.768,1190
"baseline",7,"gene47",FALSE,1.472,26.52,2.17,775.6
"baseline",7,"gene48",FALSE,1.383,21.96,3.73,1223
"baseline",7,"gene49",FALSE,1.412,19.27,5.162,1413
"baseline",7,"gene50",FALSE,1.315,12.68,2.553,540.9
"baseline",7,"gene51",FALSE,1.301,10.41,2.123,416.8
"baseline",7,"gene52",FALSE,1.273,8.92,2.045,335.8
"baseline",7,"gene53",FALSE,1.112,2.623,1.068,96.08
"baseline",7,"gene54",FALSE,1.159,3.632,1.545,153.5
"baseline",7,"gene55",FALSE,1.288,10.5,2.468,459.9
"baseline",7,"gene56",FALSE,1.443,20.55,1.192,319.9
"baseline",7,"gene57",FALSE,1.144,3.824,1.997,190.3
"baseline",7,"gene58",FALSE,1.102,1.65,1.555,97.54
"baseline",7,"gene59",FALSE,1.49,22.71,1,303.2
"baseline",7,"gene60",FALSE,1.149,3.996,2.087,217.3
"baseline",7,"gene61",FALSE,1.341,18.87,2.088,561.3
"baseline",7,"gene62",FALSE,1.136,2.683,4.18,367.4
"baseline",7,"gene63",FALSE,1.12,2.517,1.943,162.1
"baseline",7,"gene64",FALSE,1.307,11.94,1.638,302.5
"baseline",7,"gene65",FALSE,1.466,25.58,2.135,663.8
"baseline",7,"gene66",FALSE,1.257,8.479,4.242,688.9
"baseline",7,"gene67",FALSE,1.083,1.189,3.962,217.2
"baseline",7,"gene68",FALSE,1.386,17.82,1.902,493.4
"baseline",7,"gene69",FALSE,1.08,0.9345,2.008,107.8
"baseline",7,"gene70",FALSE,1.261,9.039,2.037,330.8
"baseline",7,"gene71",FALSE,1.309,6.011,3.517,471.3
"baseline",7,"gene72",FALSE,1.286,12.48,2.013,425.8
"baseline",7,"gene73",FALSE,1.267,11.23,2.123,440
"baseline",7,"gene74",FALSE,1.289,9.257,2.043,374.5
"baseline",7,"gene75",FALSE,1.25,8.193,1.4,224.8
"baseline",7,"gene76",FALSE,1.342,17.26,1.808,466.2
"baseline",7,"gene77",FALSE,1.338,15.26,2.865,673.8
"baseline",7,"gene78",FALSE,1.497,30.38,4.502,1593
"baseline",7,"gene79",FALSE,1.169,4.087,2.122,228.4
"baseline",7,"gene80",FALSE,1.018,0.2138,2.882,74.26
"baseline",7,"gene81",FALSE,1.2,7.228,1.027,164.7
"baseline",7,"gene82",FALSE,1.328,12.25,1.733,384.7
"baseline",7,"gene83",FALSE,1.193,5.329,1.043,141.8
"baseline",7,"gene84",FALSE,1.244,9.4,3.055,464.3
"baseline",7,"gene85",FALSE,1.142,1.729,1.665,128.8
"baseline",7,"gene86",FALSE,1.139,3.543,2.677,262.2
"baseline",7,"gene87",FALSE,1.196,3.377,1.445,141.2
"baseline",7,"gene88",FALSE,1.347,15.62,1.792,372.4
"baseline",7,"gene89",FALSE,1.103,1.521,3.713,244.9
"baseline",7,"gene90",FALSE,1.286,11.24,2.065,418.3
"baseline",7,"gene91",FALSE,1.112,3.277,1.88,187.2
"baseline",7,"gene92",FALSE,1.251,7.388,2.333,296.6
"baseline",7,"gene93",FALSE,1.272,10.82,2.275,390.6
"baseline",7,"gene94",FALSE,1.396,16.59,2.183,515.3
"baseline",7,"gene95",FALSE,1.31,11.64,3.757,689.4
"baseline",7,"gene96",FALSE,1.455,23.97,3.293,975.4
"baseline",7,"gene97",FALSE,1.279,10.33,1.673,274.5
"baseline",7,"gene98",FALSE,1.098,1.234,4.097,240.2
"baseline",7,"gene99",FALSE,1.247,9.202,1.617,265.2
"baseline",7,"gene100",FALSE,1.098,2.099,1.852,134.8
"baseline",7,"gene101",FALSE,1.178,4.807,3.543,469.7
"baseline",7,"gene102",FALSE,1.25,10.01,1.39,265
"baseline",7,"gene103",FALSE,1.069,1.088,3.207,174.3
"baseline",7,"gene104",FALSE,1.361,16.27,3.182,762.5
"baseline",7,"gene105",FALSE,1.273,12.07,1.457,301.6
"baseline",7,"gene106",FALSE,1.332,8.638,1.597,268.6
"baseline",7,"gene107",FALSE,1.19,4.346,1.69,203.5
"baseline",7,"gene108",FALSE,1.493,29.69,3.885,1303
"baseline",7,"gene109",FALSE,1.218,5.876,2.542,324.8
"baseline",7,"gene110",FALSE,1.34,15.19,1.178,211.5
"baseline",7,"gene111",FALSE,1.161,5.167,2.33,322.8
"baseline",7,"gene112",FALSE,1.116,2.676,2.082,178.8
"baseline",7,"gene113",FALSE,1.268,9.934,1.955,364.4
"baseline",7,"gene114",FALSE,1.084,1.623,0.94,67.76
"baseline",7,"gene115",FALSE,1.282,10.71,2.548,414
"baseline",7,"gene116",FALSE,1.18,3.597,1.05,110.4
"baseline",7,"gene117",FALSE,1.374,16.41,1.128,251.5
"baseline",7,"gene118",FALSE,1.19,8.854,4.475,766.1
"baseline",7,"gene119",FALSE,1.158,4.21,1.188,132.2
"baseline",7,"gene120",FALSE,1.291,11.47,3.843,693.9
"baseline",7,"gene121",FALSE,1.137,2.464,1.467,113.8
"baseline",7,"gene122",FALSE,1.257,9.002,3.043,522
"baseline",7,"gene123",FALSE,1.423,21.36,1.427,435.8
"baseline",7,"gene124",FALSE,1.531,34.03,1.54,605.4
"baseline",7,"gene125",FALSE,1.244,9.339,4.218,801
"baseline",7,"gene126",FALSE,1.115,1.616,1.985,137.2
"baseline",7,"gene127",FALSE,1.026,0.6668,3.565,178.8
"baseline",7,"gene128",FALSE,1.211,6.239,1.567,191.8
"baseline",7,"gene129",FALSE,1.166,4.658,1.975,248.9
"baseline",7,"gene130",FALSE,1.076,0.9835,2.438,127
"baseline",7,"gene131",FALSE,1.199,3.064,3.688,353.9
"baseline",7,"gene132",FALSE,1.363,21.14,1.815,578.4
"baseline",7,"gene133",FALSE,1.272,12.07,1.738,342.6
"baseline",7,"gene134",FALSE,1.204,5.855,4.047,539.2
"baseline",7,"gene135",FALSE,1.181,2.071,2.743,214
"baseline",7,"gene136",FALSE,1.211,6.842,3.483,491.7
"baseline",7,"gene137",FALSE,1.472,27,2.753,862.4
"baseline",7,"gene138",FALSE,1.133,2.385,1.715,135
"baseline",7,"gene139",FALSE,1.395,19.21,2.498,689.1
"baseline",7,"gene140",FALSE,1.383,16.98,3.308,758.1
"baseline",7,"gene141",FALSE,1.485,28.03,1.69,640
"baseline",7,"gene142",FALSE,1.193,5.658,1.683,237
"baseline",7,"gene143",FALSE,1.219,7.158,2.128,289.8
"baseline",7,"gene144",FALSE,1.027,0.1052,1.262,19.08
"baseline",7,"gene145",FALSE,1.314,12.35,3.613,842.9
"baseline",7,"gene146",FALSE,1.291,10.53,3.532,651.1
"baseline",7,"gene147",FALSE,1.074,0.6256,1.028,39.94
"baseline",7,"gene148",FALSE,1.165,3.904,1.747,187.6
"baseline",7,"gene149",FALSE,1.23,8.514,3.04,509.5
"baseline",7,"gene150",FALSE,1.401,19.93,1.638,487.4
"baseline",7,"gene151",FALSE,1.374,16.37,2.687,617.7
"baseline",7,"gene152",FALSE,1.142,4.25,1.145,139.1
"baseline",7,"gene153",FALSE,1.195,4.95,1.315,166.2
"baseline",7,"gene154",FALSE,1.106,2.299,1.322,108.9
"baseline",7,"gene155",FALSE,1.21,6.62,2.57,358.6
"baseline",7,"gene156",FALSE,1.24,5.594,1.17,148.2
"baseline",7,"gene157",FALSE,1.216,5.823,1.238,175.6
"baseline",7,"gene158",FALSE,1.386,18.17,2.863,757.2
"baseline",7,"gene159",FALSE,1.369,17.85,2.698,696.3
"baseline",7,"gene160",FALSE,1.46,23.49,3.133,898.4
"baseline",7,"gene161",FALSE,1.176,5.328,2.945,389.5
"baseline",7,"gene162",FALSE,1.153,4.468,2.565,296.6
"baseline",7,"gene163",FALSE,1.116,1.482,2.292,153.4
"baseline",7,"gene164",FALSE,1.144,4.144,3.312,353.7
"baseline",7,"gene165",FALSE,1.546,31.03,3.783,1349
"baseline",7,"gene166",FALSE,1.533,31.12,1.407,438
"baseline",7,"gene167",FALSE,1.105,1.481,1.343,73.51
"baseline",7,"gene168",FALSE,1.166,2.226,4.157,320.5
"baseline",7,"gene169",FALSE,1.212,5.831,2.042,265.5
"baseline",7,"gene170",FALSE,1.357,15.42,1.405,332.4
"baseline",7,"gene171",FALSE,1.154,2.778,2.077,165
"baseline",7,"gene172",FALSE,1.173,5.05,3.537,433.3
"baseline",7,"gene173",FALSE,1.173,5.549,1.668,213.1
"baseline",7,"gene174",FALSE,1.317,12.62,5.112,1016
"baseline",7,"gene175",FALSE,1.186,5.49,2.915,371.7
"baseline",7,"gene176",FALSE,1.423,17.26,3.692,885
"baseline",7,"gene177",FALSE,1.174,3.526,5.595,522.3
"baseline",7,"gene178",FALSE,1.298,8.427,1.535,241.9
"baseline",7,"gene179",FALSE,1.141,2.932,3.61,298.4
"baseline",7,"gene180",FALSE,1.274,11.39,2.782,569.8
"baseline",7,"gene181",FALSE,1.126,2.17,4.507,356.4
"baseline",7,"gene182",FALSE,1.184,5.333,3.852,483.4
"baseline",7,"gene183",FALSE,1.202,6.027,3.093,389.8
"baseline",7,"gene184",FALSE,1.311,12.2,1.358,286.7
"baseline",7,"gene185",FALSE,1.357,18.48,2.865,698
"baseline",7,"gene186",FALSE,1.178,4.692,3.105,374.9
"baseline",7,"gene187",FALSE,1.45,26.32,4.172,1284
"baseline",7,"gene188",FALSE,1.313,12.29,2.683,581.1
"baseline",7,"gene189",FALSE,1.192,6.101,1.707,258.3
"baseline",7,"gene190",FALSE,1.021,0.8753,1.147,50.45
"baseline",7,"gene191",FALSE,1.304,12.22,2.915,547.4
"baseline",7,"gene192",FALSE,1.044,0.5958,2.35,97.28
"baseline",7,"gene193",FALSE,1.242,9.045,1.088,178.1
"baseline",7,"gene194",FALSE,1.099,3.065,4.427,472.4
"baseline",7,"gene195",FALSE,1.062,0.9203,1.455,68.45
"baseline",7,"gene196",FALSE,1.186,4.566,1.618,196.1
"baseline",7,"gene197",FALSE,1.259,7.652,1.607,260.3
"baseline",7,"gene198",FALSE,1.024,0.1562,1.74,35.82
"baseline",7,"gene199",FALSE,1.065,0.7784,4.053,195.3
"baseline",7,"gene200",FALSE,1.211,6.968,4.968,678
"baseline",7,"gene201",FALSE,1.121,3.575,1.24,137.3
"baseline",7,"gene202",FALSE,1.36,16.41,1.088,241.4
"baseline",7,"gene203",FALSE,1.443,20.06,3.715,929.5
"baseline",7,"gene204",FALSE,1.166,4.672,1.628,193
"baseline",7,"gene205",FALSE,1.112,2.067,1.243,75.53
"baseline",7,"gene206",FALSE,1.351,17.9,1.813,381.9
"baseline",7,"gene207",FALSE,1.249,11.23,1.335,266
"baseline",7,"gene208",FALSE,1.195,5.976,1.42,195.9
"baseline",7,"gene209",FALSE,1.374,21.03,1.992,544.8
"baseline",7,"gene210",FALSE,1.138,2.183,1.173,85
"baseline",7,"gene211",FALSE,1.183,5.8,1.143,143.7
"baseline",7,"gene212",FALSE,1.105,1.597,1.57,105.1
"baseline",7,"gene213",FALSE,1.279,8.781,5.082,832.8
"baseline",7,"gene214",FALSE,1.217,7.455,2.392,351.1
"baseline",7,"gene215",FALSE,1.113,2.081,2.108,151.2
"baseline",7,"gene216",FALSE,1.272,9.363,2.04,347.3
"baseline",7,"gene217",FALSE,1.138,3.296,1.325,130.1
"baseline",7,"gene218",FALSE,1.382,19.59,1.37,321.4
"baseline",7,"gene219",FALSE,1.374,13.2,1.79,406.6
"baseline",7,"gene220",FALSE,1.067,0.8797,1.892,87.12
"baseline",7,"gene221",FALSE,1.059,1.228,4.177,216.3
"baseline",7,"gene222",FALSE,1.253,6.651,1.182,162.9
"baseline",7,"gene223",FALSE,1.242,8.9,1.215,188.1
"baseline",7,"gene224",FALSE,1.198,6.417,2.782,414.4
"baseline",7,"gene225",FALSE,1.489,26.23,2.287,701.3
"baseline",7,"gene226",FALSE,1.194,3.379,3.438,323.3
"baseline",7,"gene227",FALSE,1.141,2.883,2.735,262.9
"baseline",7,"gene228",FALSE,1.11,1.815,2.075,142.3
"baseline",7,"gene229",FALSE,1.471,25.18,2.978,844
"baseline",7,"gene230",FALSE,1.338,12.74,2.92,604.7
"baseline",7,"gene231",FALSE,1.349,16.62,1.428,365.5
"baseline",7,"gene232",FALSE,1.154,4.711,1.735,245
"baseline",7,"gene233",FALSE,1.112,1.637,1.222,77.76
"baseline",7,"gene234",FALSE,1.391,19.9,1.195,381.4
"baseline",7,"gene235",FALSE,1.768,58.38,5.023,2755
"baseline",7,"gene236",FALSE,1.534,34.64,4.502,1451
"baseline",7,"gene237",FALSE,1.371,16.54,1.483,350.8
"baseline",7,"gene238",FALSE,1.13,3.038,1.64,154
"baseline",7,"gene239",FALSE,1.231,5.647,4.278,546.4
"baseline",7,"gene240",FALSE,1.31,11.64,0.9417,193.9
"baseline",7,"gene241",FALSE,1.228,7.77,2.79,450.6
"baseline",7,"gene242",FALSE,1.046,0.2439,4.175,116.5
"baseline",7,"gene243",FALSE,1.4,13.48,5.073,1039
"baseline",7,"gene244",FALSE,1.284,8.835,2.635,422.8
"baseline",7,"gene245",FALSE,1.318,14.4,1.432,310.3
"baseline",7,"gene246",FALSE,1.247,5.097,1.905,228.2
"baseline",7,"gene247",FALSE,1.372,16.49,1.308,289
"baseline",7,"gene248",FALSE,1.312,11.29,3.133,584.2
"baseline",7,"gene249",FALSE,1.399,19.71,3.362,854.5
"baseline",7,"gene250",FALSE,1.11,1.422,1.967,121.8
"baseline",7,"gene251",FALSE,1.249,9.298,2.248,364.5
"baseline",7,"gene252",FALSE,1.172,3.837,2.233,252
"baseline",7,"gene253",FALSE,1.11,2.942,4.047,361.5
"baseline",7,"gene254",FALSE,1.295,9.098,2.367,390.4
"baseline",7,"gene255",FALSE,1.225,7.303,2.418,393.6
"baseline",7,"gene256",FALSE,1.398,17.57,1.265,326.7
"baseline",7,"gene257",FALSE,1.25,9.668,4.913,848.1
"baseline",7,"gene258",FALSE,1.319,13.15,3.532,641.1
"baseline",7,"gene259",FALSE,1.475,24.4,3.242,990.6
"baseline",7,"gene260",FALSE,1.283,8.768,1.487,260.9
"baseline",7,"gene261",FALSE,1.454,21.99,2.49,686.4
"baseline",7,"gene262",FALSE,1.157,3.735,1.073,110.2
"baseline",7,"gene263",FALSE,1.354,16.59,5.657,1426
"baseline",7,"gene264",FALSE,1.425,21.36,2.227,659.9
"baseline",7,"gene265",FALSE,1.379,19.22,1.407,351.4
"baseline",7,"gene266",FALSE,1.28,11.71,2.897,583.8
"baseline",7,"gene267",FALSE,1.233,8.487,1.31,218.3
"baseline",7,"gene268",FALSE,1.162,3.98,2.855,299.4
"baseline",7,"gene269",FALSE,1.117,1.823,3.882,271.9
"baseline",7,"gene270",FALSE,1.283,12.12,3.643,726.7
"baseline",7,"gene271",FALSE,1.179,3.677,1.872,206
"baseline",7,"gene272",FALSE,1.152,4.108,1.198,120.3
"baseline",7,"gene273",FALSE,1.589,31.06,1.09,391
"baseline",7,"gene274",FALSE,1.406,19.66,1.732,413.9
"baseline",7,"gene275",FALSE,1.234,7.293,4.473,652.1
"baseline",7,"gene276",FALSE,1.287,12.66,2.055,419.2
"baseline",7,"gene277",FALSE,1.139,3.247,2.195,205.7
"baseline",7,"gene278",FALSE,1.391,18.23,5.778,1535
"baseline",7,"gene279",FALSE,1.449,22.85,2.668,751.4
"baseline",7,"gene280",FALSE,1.325,12.29,1.25,260.6
"baseline",7,"gene281",FALSE,1.335,13.23,1.377,265.7
"baseline",7,"gene282",FALSE,1.324,14.34,3.892,856.7
"baseline",7,"gene283",FALSE,1.377,16.5,1.988,404.4
"baseline",7,"gene284",TRUE,1.02,-2.283e-06,1.243,-30.65
"baseline",7,"gene285",FALSE,1.313,13.09,2.69,544.4
"baseline",7,"gene286",FALSE,1.4,18.42,2.647,678.2
"baseline",7,"gene287",FALSE,1.223,7.802,1.757,265
"baseline",7,"gene288",FALSE,1.187,5.133,1.035,136.4
"baseline",7,"gene289",FALSE,1.129,2.385,1.772,146.9
"baseline",7,"gene290",FALSE,1.137,3.915,4.022,456.5
"baseline",7,"gene291",FALSE,1.276,6.102,3.832,560.4
"baseline",7,"gene292",FALSE,1.169,2.102,1.492,131.7
"baseline",7,"gene293",FALSE,1.163,4.338,3.023,298.5
"baseline",7,"gene294",FALSE,1.287,8.751,3.177,554.3
"baseline",7,"gene295",FALSE,1.055,1.01,2.738,143.7
"baseline",7,"gene296",FALSE,1.349,15.44,2.16,517.4
"baseline",7,"gene297",FALSE,1.299,9.197,2.067,347.7
"baseline",7,"gene298",FALSE,1.549,31.52,2.13,754.2
"baseline",7,"gene299",FALSE,1.257,9.302,4.058,625.6
"baseline",7,"gene300",FALSE,1.182,4.693,1.937,218.9
"baseline",8,"gene1",FALSE,1.165,3.576,2.49,160.8
"baseline",8,"gene2",FALSE,1.119,3.973,2.492,214.1
"baseline",8,"gene3",FALSE,1.376,16.2,5.093,707.7
"baseline",8,"gene4",FALSE,1.289,12.02,2.508,287.7
"baseline",8,"gene5",FALSE,1.134,3.023,2.727,160.2
"baseline",8,"gene6",FALSE,1.102,1.612,2.878,117
"baseline",8,"gene7",FALSE,1.279,10.19,5.41,571.9
"baseline",8,"gene8",FALSE,1.359,14.68,3.198,510.9
"baseline",8,"gene9",FALSE,1.43,20.76,2.2,365.5
"baseline",8,"gene10",FALSE,1.157,3.627,7.033,445.4
"baseline",8,"gene11",FALSE,1.122,2.084,4.592,195.9
"baseline",8,"gene12",FALSE,1.104,1.296,6.073,212.6
"baseline",8,"gene13",FALSE,1.124,2.596,3.132,175.3
"baseline",8,"gene14",FALSE,1.336,14.6,4.168,553.2
"baseline",8,"gene15",FALSE,1.108,1.797,3.767,144.9
"baseline",8,"gene16",FALSE,1.174,3.539,2.515,267.1
"baseline",8,"gene17",FALSE,1.061,1.054,2.973,164.3
"baseline",8,"gene18",FALSE,1.267,11.3,4.732,924.4
"baseline",8,"gene19",FALSE,1.267,8.677,4.977,844.7
"baseline",8,"gene20",FALSE,1.464,22.4,3.578,946.4
"baseline",8,"gene21",TRUE,1.022,-1.067e-06,5.853,-4.198
"baseline",8,"gene22",FALSE,1.21,4.766,4.247,528
"baseline",8,"gene23",FALSE,1.446,25.24,3.133,1005
"baseline",8,"gene24",FALSE,1.211,7.276,3.128,396.7
"baseline",8,"gene25",FALSE,1.176,5.146,2.112,251.2
"baseline",8,"gene26",FALSE,1.193,5.358,3.207,391.8
"baseline",8,"gene27",FALSE,1.178,3.414,2.152,196.8
"baseline",8,"gene28",FALSE,1.391,19.29,2.077,527
"baseline",8,"gene29",FALSE,1.539,37.33,2.677,986.5
"baseline",8,"gene30",FALSE,1.046,0.7794,2.328,116.1
"baseline",8,"gene31",FALSE,1.44,26.35,3.792,1244
"baseline",8,"gene32",FALSE,1.275,12,2.433,491.9
"baseline",8,"gene33",FALSE,1.238,8.729,2.452,396.6
"baseline",8,"gene34",FALSE,1.402,20.43,4.945,1290
"baseline",8,"gene35",FALSE,1.07,1.056,1.033,50.23
"baseline",8,"gene36",FALSE,1.244,7.64,1.895,289.9
"baseline",8,"gene37",FALSE,1.341,19.26,1.927,478.9
"baseline",8,"gene38",FALSE,1.19,4.619,2.23,283.3
"baseline",8,"gene39",FALSE,1.303,11.67,1.452,276.1
"baseline",8,"gene40",FALSE,1.454,22.75,1.297,369.6
"baseline",8,"gene41",FALSE,1.043,0.01316,1.692,11.47
"baseline",8,"gene42",FALSE,1.173,4.412,4.327,522.7
"baseline",8,"gene43",FALSE,1.089,1.469,1.695,106
"baseline",8,"gene44",FALSE,1.286,10.1,3.388,613.7
"baseline",8,"gene45",FALSE,1.522,30.37,1.928,701.1
"baseline",8,"gene46",FALSE,1.53,33.89,4.317,1378
"baseline",8,"gene47",FALSE,1.168,4.119,1.498,169.7
"baseline",8,"gene48",FALSE,1.186,1.325,5.795,361.4
"baseline",8,"gene49",FALSE,1.129,3.118,2.717,301
"baseline",8,"gene50",FALSE,1.302,10.99,1.405,267.3
"baseline",8,"gene51",FALSE,1.049,0.4717,3.388,118.2
"baseline",8,"gene52",FALSE,1.362,14.97,2.482,517.5
"baseline",8,"gene53",FALSE,1.208,6.06,4.187,540.3
"baseline",8,"gene54",FALSE,1.424,21.3,1.072,306.8
"baseline",8,"gene55",FALSE,1.178,6.215,2.562,401.6
"baseline",8,"gene56",FALSE,1.644,38.88,2.13,807.4
"baseline",8,"gene57",FALSE,1.222,7.618,3.798,550.6
"baseline",8,"gene58",FALSE,1.3,13.35,4.345,859.5
"baseline",8,"gene59",FALSE,1.166,3.806,5.132,523.2
"baseline",8,"gene60",FALSE,1.247,8.462,2.083,323.6
"baseline",8,"gene61",FALSE,1.344,14.68,4.003,834.5
"baseline",8,"gene62",FALSE,1.134,2.579,2.485,228.2
"baseline",8,"gene63",FALSE,1.386,20.59,4.65,1084
"baseline",8,"gene64",FALSE,1.345,16.55,2.657,544.7
"baseline",8,"gene65",FALSE,1.35,13.46,2.73,663.1
"baseline",8,"gene66",FALSE,1.337,14.23,1.902,437.1
"baseline",8,"gene67",FALSE,1.249,12.3,3.795,789.4
"baseline",8,"gene68",FALSE,1.43,21.51,3.157,853.2
"baseline",8,"gene69",FALSE,1.083,1.198,1.928,111.3
"baseline",8,"gene70",FALSE,1.487,25.34,3.312,1041
"baseline",8,"gene71",FALSE,1.339,13.65,4.888,1100
"baseline",8,"gene72",FALSE,1.217,6.842,4.255,630.4
"baseline",8,"gene73",FALSE,1.184,4.058,3.235,360.1
"baseline",8,"gene74",FALSE,1.206,6.847,1.715,225.8
"baseline",8,"gene75",FALSE,1.493,29.12,1.603,570.2
"baseline",8,"gene76",FALSE,1.197,4.719,0.995,110.2
"baseline",8,"gene77",FALSE,1.463,26.73,4.107,1195
"baseline",8,"gene78",FALSE,1.286,11.88,3.038,572.1
"baseline",8,"gene79",FALSE,1.123,2.686,2.017,157.3
"baseline",8,"gene80",FALSE,1.159,3.085,4.522,399.2
"baseline",8,"gene81",FALSE,1.287,10.14,2.782,441.1
"baseline",8,"gene82",FALSE,1.174,6.779,4.367,556.5
"baseline",8,"gene83",FALSE,1.126,1.696,3.008,212.7
"baseline",8,"gene84",FALSE,1.567,27.48,2.067,752.4
"baseline",8,"gene85",FALSE,1.136,4.298,4.757,580.7
"baseline",8,"gene86",FALSE,1.316,13.58,1.192,242.4
"baseline",8,"gene87",FALSE,1.195,6.932,1.33,180.2
"baseline",8,"gene88",FALSE,1.064,0.1793,4.165,84.93
"baseline",8,"gene89",FALSE,1.525,32.02,1.325,443.4
"baseline",8,"gene90",FALSE,1.272,11.76,2.842,586.3
"baseline",8,"gene91",FALSE,1.498,29.26,3.89,1214
"baseline",8,"gene92",FALSE,1.425,23.43,2.31,685.4
"baseline",8,"gene93",FALSE,1.453,23.13,2.887,755.4
"baseline",8,"gene94",FALSE,1.239,7.27,1.843,272.5
"baseline",8,"gene95",FALSE,1.217,7.473,1.717,256.4
"baseline",8,"gene96",FALSE,1.309,11.81,1.232,224.2
"baseline",8,"gene97",FALSE,1.304,12.28,4.205,864.1
"baseline",8,"gene98",FALSE,1.386,18.46,1.712,463.1
"baseline",8,"gene99",FALSE,1.46,22.73,2.405,610.2
"baseline",8,"gene100",FALSE,1.047,0.8214,3.843,184.1
"baseline",8,"gene101",FALSE,1.597,34.33,1.258,512.7
"baseline",8,"gene102",FALSE,1.346,13.43,1.47,335
"baseline",8,"gene103",FALSE,1.3,13.44,1.682,374.5
"baseline",8,"gene104",FALSE,1.281,9.995,1.477,223
"baseline",8,"gene105",FALSE,1.077,1.049,2.16,111.3
"baseline",8,"gene106",FALSE,1.076,1.95,2.338,184.9
"baseline",8,"gene107",FALSE,1.108,1.232,2.557,148.7
"baseline",8,"gene108",FALSE,1.226,5.206,4.332,521.4
"baseline",8,"gene109",FALSE,1.311,14.46,1.567,344.5
"baseline",8,"gene110",FALSE,1.095,0.8209,4.208,202.7
"baseline",8,"gene111",FALSE,1.439,20.34,3.073,810.3
"baseline",8,"gene112",FALSE,1.332,15.12,3.032,720
"baseline",8,"gene113",FALSE,1.224,6.924,3.485,449.8
"baseline",8,"gene114",FALSE,1.133,2.914,1.555,135.9
"baseline",8,"gene115",FALSE,1.182,5.172,1.105,140
"baseline",8,"gene116",FALSE,1.369,13.81,5.595,1326
"baseline",8,"gene117",FALSE,1.263,10.31,1.728,319.6
"baseline",8,"gene118",FALSE,1.334,13.98,2.713,526
"baseline",8,"gene119",FALSE,1.403,20.31,1.353,334.1
"baseline",8,"gene120",FALSE,1.07,0.7058,1.588,70.54
"baseline",8,"gene121",FALSE,1.34,13.11,1.407,271.9
"baseline",8,"gene122",FALSE,1.331,14.72,1.948,383.6
"baseline",8,"gene123",FALSE,1.234,3.585,3.668,383.6
"baseline",8,"gene124",FALSE,1.086,1.388,4.25,268.9
"baseline",8,"gene125",FALSE,1.241,7.66,1.925,304.4
"baseline",8,"gene126",FALSE,1.16,4.447,3.612,429.2
"baseline",8,"gene127",FALSE,1.112,2.186,1.038,83.07
"baseline",8,"gene128",FALSE,1.198,5.745,1.2,155.2
"baseline",8,"gene129",FALSE,1.566,38.13,1.398,572.6
"baseline",8,"gene130",FALSE,1.365,15.47,1.947,404
"baseline",8,"gene131",FALSE,1.245,8.119,4.158,628.2
"baseline",8,"gene132",FALSE,1.088,1.203,2.152,133.3
"baseline",8,"gene133",FALSE,1.464,24.06,2.175,632.9
"baseline",8,"gene134",FALSE,1.377,20.67,2.025,517.3
"baseline",8,"gene135",FALSE,1.255,10.34,3.382,587
"baseline",8,"gene136",FALSE,1.219,6.432,3.478,480.1
"baseline",8,"gene137",FALSE,1.065,0.8973,0.9083,44.26
"baseline",8,"gene138",FALSE,1.268,9.328,4.187,704.4
"baseline",8,"gene139",FALSE,1.184,5.749,3.252,430.4
"baseline",8,"gene140",FALSE,1.185,4.884,3.995,477.4
"baseline",8,"gene141",FALSE,1.195,5.436,1.712,236.1
"baseline",8,"gene142",FALSE,1.182,3.688,5.702,622.7
"baseline",8,"gene143",FALSE,1.252,9.03,2.673,421.8
"baseline",8,"gene144",FALSE,1.335,15.83,2.058,469.6
"baseline",8,"gene145",FALSE,1.032,0.3774,2.257,76.04
"baseline",8,"gene146",FALSE,1.104,1.851,1.407,85.65
"baseline",8,"gene147",FALSE,1.248,8.844,1.353,219.1
"baseline",8,"gene148",FALSE,1.083,2.225,1.37,114.4
"baseline",8,"gene149",FALSE,1.356,14.37,4.623,901.9
"baseline",8,"gene150",FALSE,1.141,3.037,2,198.2
"baseline",8,"gene151",FALSE,1.147,2.859,1.21,114.8
"baseline",8,"gene152",FALSE,1.281,8.479,3.153,502.8
"baseline",8,"gene153",FALSE,1.478,29.09,1.205,378.5
"baseline",8,"gene154",FALSE,1.333,12.21,2.255,401.8
"baseline",8,"gene155",FALSE,1.305,14.12,3.042,665.3
"baseline",8,"gene156",FALSE,1.207,5.224,1.368,163.9
"baseline",8,"gene157",FALSE,1.351,14.51,1.757,447
"baseline",8,"gene158",FALSE,1.543,30.61,1.09,440.3
"baseline",8,"gene159",FALSE,1.299,15.35,1.203,277
"baseline",8,"gene160",FALSE,1.133,2.894,1.25,122.6
"baseline",8,"gene161",FALSE,1.121,1.949,3.65,302.2
"baseline",8,"gene162",FALSE,1.228,8.822,2.477,396.4
"baseline",8,"gene163",FALSE,1.123,3.141,2.042,169.3
"baseline",8,"gene164",FALSE,1.009,0.06548,2.685,36.41
"baseline",8,"gene165",FALSE,1.202,4.576,1.912,236.2
"baseline",8,"gene166",FALSE,1.208,6.263,3.075,404.3
"baseline",8,"gene167",FALSE,1.2,4.779,3.637,463
"baseline",8,"gene168",FALSE,1.329,15,3.043,736.3
"baseline",8,"gene169",FALSE,1.22,8.09,1.18,183.1
"baseline",8,"gene170",FALSE,1.092,0.7283,1.685,70.16
"baseline",8,"gene171",FALSE,1.217,7.119,3.51,563.2
"baseline",8,"gene172",FALSE,1.19,5.293,1.377,179.8
"baseline",8,"gene173",FALSE,1.126,2.629,4.017,356.6
"baseline",8,"gene174",FALSE,1.172,5.239,1.165,150.4
"baseline",8,"gene175",FALSE,1.321,11.05,1.245,222
"baseline",8,"gene176",FALSE,1.037,0.6296,2.463,108.4
"baseline",8,"gene177",FALSE,1.256,11.63,2.075,415.1
"baseline",8,"gene178",FALSE,1.232,6.741,2.912,444.5
"baseline",8,"gene179",FALSE,1.128,1.623,2.503,158
"baseline",8,"gene180",FALSE,1.399,12.85,1.387,278.8
"baseline",8,"gene181",FALSE,1.553,35.94,2.517,917.3
"baseline",8,"gene182",FALSE,1.176,4.268,3.222,345.7
"baseline",8,"gene183",FALSE,1.165,3.735,1.48,141.7
"baseline",8,"gene184",FALSE,1.076,1.897,1.973,142.8
"baseline",8,"gene185",FALSE,1.172,5.506,1.113,137
"baseline",8,"gene186",FALSE,1.226,7.678,1.235,180.2
"baseline",8,"gene187",FALSE,1.275,9.282,1.543,281.1
"baseline",8,"gene188",FALSE,1.34,13.48,1.015,190.7
"baseline",8,"gene189",FALSE,1.358,17.82,2.488,564.5
"baseline",8,"gene190",FALSE,1.292,9.562,2.525,442.6
"baseline",8,"gene191",FALSE,1.39,16.57,1.708,327.4
"baseline",8,"gene192",FALSE,1.222,8.109,3.113,433.8
"baseline",8,"gene193",FALSE,1.213,6.017,2.003,289.7
"baseline",8,"gene194",FALSE,1.431,21.82,1.84,443.2
"baseline",8,"gene195",FALSE,1.308,12.53,1.703,306.9
"baseline",8,"gene196",FALSE,1.233,8.12,4.988,832.8
"baseline",8,"gene197",FALSE,1.311,13.58,1.795,413.5
"baseline",8,"gene198",FALSE,1.384,16.47,1.657,424.2
"baseline",8,"gene199",FALSE,1.418,17.95,2.793,672
"baseline",8,"gene200",FALSE,1.047,0.6984,3.827,158
"baseline",8,"gene201",FALSE,1.252,5.814,1.288,184.3
"baseline",8,"gene202",FALSE,1.404,20.23,4.31,1032
"baseline",8,"gene203",FALSE,1.246,7.074,3.173,443.8
"baseline",8,"gene204",FALSE,1.064,0.6362,1.48,57.1
"baseline",8,"gene205",FALSE,1.419,18.07,1.335,334.8
"baseline",8,"gene206",FALSE,1.073,0.6412,1.892,85.12
"baseline",8,"gene207",FALSE,1.233,6.648,4.977,656.3
"baseline",8,"gene208",FALSE,1.37,16.21,1.88,460.4
"baseline",8,"gene209",FALSE,1.095,2.154,1.307,98.14
"baseline",8,"gene210",FALSE,1.433,20.05,3.888,1028
"baseline",8,"gene211",FALSE,1.095,1.533,1.452,89.03
"baseline",8,"gene212",FALSE,1.355,15.8,1.297,293.2
"baseline",8,"gene213",TRUE,0.9552,-2.1e-06,3.28,-39.55
"baseline",8,"gene214",FALSE,1.219,6.843,1.965,270.1
"baseline",8,"gene215",FALSE,1.34,14.31,2.833,552.5
"baseline",8,"gene216",FALSE,1.217,7.598,1.44,182.5
"baseline",8,"gene217",FALSE,1.191,6.053,1.555,210.6
"baseline",8,"gene218",FALSE,1.184,5.776,1.687,235.6
"baseline",8,"gene219",FALSE,1.481,26.66,2.82,927.7
"baseline",8,"gene220",FALSE,1.214,6.825,4.383,622.4
"baseline",8,"gene221",FALSE,1.318,10.89,2.015,395.1
"baseline",8,"gene222",FALSE,1.098,1.435,2.007,137
"baseline",8,"gene223",FALSE,1.335,15.42,2.863,634.6
"baseline",8,"gene224",FALSE,1.268,8.422,3.347,451.2
"baseline",8,"gene225",FALSE,1.266,10.99,1.572,321.5
"baseline",8,"gene226",FALSE,1.456,22.38,1.78,534
"baseline",8,"gene227",FALSE,1.164,4.032,1.575,159.2
"baseline",8,"gene228",FALSE,1.061,0.9558,2.45,128.9
"baseline",8,"gene229",FALSE,1.17,5.289,1.23,149.7
"baseline",8,"gene230",FALSE,1.36,16.78,2.058,539.6
"baseline",8,"gene231",FALSE,1.241,7.482,4.02,598.3
"baseline",8,"gene232",FALSE,1.234,6.939,1.672,246.2
"baseline",8,"gene233",FALSE,1.071,1.015,1.56,87.98
"baseline",8,"gene234",FALSE,1.596,33.77,1.31,438.1
"baseline",8,"gene235",FALSE,1.2,6.297,2.197,297.6
"baseline",8,"gene236",FALSE,1.329,14.84,1.7,361.5
"baseline",8,"gene237",FALSE,1.653,41.87,2.193,984.5
"baseline",8,"gene238",FALSE,1.283,11.12,1.377,281.8
"baseline",8,"gene239",FALSE,1.214,5.978,5.26,699
"baseline",8,"gene240",FALSE,1.092,1.123,1.478,89.9
"baseline",8,"gene241",FALSE,1.299,10.92,3.232,581.6
"baseline",8,"gene242",FALSE,1.439,21.92,3.427,997.6
"baseline",8,"gene243",FALSE,1.24,10.58,1.797,333.5
"baseline",8,"gene244",FALSE,1.382,14.24,1.552,333.5
"baseline",8,"gene245",FALSE,1.322,10.51,1.812,329.4
"baseline",8,"gene246",FALSE,1.171,4.724,6.127,747.2
"baseline",8,"gene247",FALSE,1.355,15.85,1.438,336.3
"baseline",8,"gene248",FALSE,1.37,18.1,2.488,640.7
"baseline",8,"gene249",FALSE,1.062,0.8505,3.682,180.1
"baseline",8,"gene250",FALSE,1.238,8.454,2.93,430.9
"baseline",8,"gene251",FALSE,1.46,25.54,0.93,303.6
"baseline",8,"gene252",FALSE,1.041,0.4928,2.465,105.4
"baseline",8,"gene253",FALSE,1.012,0.07232,1.867,24.46
"baseline",8,"gene254",FALSE,1.275,12.58,3.49,708.5
"baseline",8,"gene255",FALSE,1.202,4.402,3.87,428.4
"baseline",8,"gene256",FALSE,1.214,9.054,1.812,315.9
"baseline",8,"gene257",FALSE,1.108,1.801,3.73,301.6
"baseline",8,"gene258",FALSE,1.37,17.8,1.282,309.6
"baseline",8,"gene259",FALSE,1.125,1.983,1.143,74.94
"baseline",8,"gene260",FALSE,1.064,1.881,1.187,101.6
"baseline",8,"gene261",FALSE,1.357,15.18,1.905,480.2
"baseline",8,"gene262",FALSE,1.297,12.64,2.658,555.4
"baseline",8,"gene263",FALSE,1.321,8.783,1.323,207.5
"baseline",8,"gene264",FALSE,1.44,24.48,1.223,418.1
"baseline",8,"gene265",FALSE,1.158,3.541,2.265,202.4
"baseline",8,"gene266",FALSE,1.034,0.2059,3.93,98.65
"baseline",8,"gene267",FALSE,1.517,28.09,3.665,1176
"baseline",8,"gene268",FALSE,1.188,5.104,2.418,277.6
"baseline",8,"gene269",FALSE,1.233,9.456,1.518,299.8
"baseline",8,"gene270",FALSE,1.518,29.88,1.258,396.4
"baseline",8,"gene271",FALSE,1.14,1.93,2.272,174.5
"baseline",8,"gene272",FALSE,1.214,6.116,3.107,411.7
"baseline",8,"gene273",FALSE,1.151,4.273,3.535,404
"baseline",8,"gene274",FALSE,1.251,10.83,1.438,238
"baseline",8,"gene275",FALSE,1.274,12.58,1.343,274.7
"baseline",8,"gene276",FALSE,1.144,3.083,2.39,215.5
"baseline",8,"gene277",FALSE,1.32,16.37,4.408,958.6
"baseline",8,"gene278",FALSE,1.402,20.05,1.682,375.2
"baseline",8,"gene279",FALSE,1.212,6.742,2.232,286.3
"baseline",8,"gene280",FALSE,1.042,0.9803,2.175,124.6
"baseline",8,"gene281",FALSE,1.502,29.31,3.475,1100
"baseline",8,"gene282",FALSE,1.268,9.695,2.01,371
"baseline",8,"gene283",FALSE,1.266,7.919,1.807,322.4
"baseline",8,"gene284",FALSE,1.275,6.618,2.545,380.2
"baseline",8,"gene285",FALSE,1.262,7.511,1.398,226.6
"baseline",8,"gene286",FALSE,1.129,2.782,1.263,113.9
"baseline",8,"gene287",FALSE,0.9816,0.0003592,2.453,2.144
"baseline",8,"gene288",FALSE,1.297,15.98,1.233,303.8
"baseline",8,"gene289",FALSE,1.101,1.67,1.875,121.3
"baseline",8,"gene290",FALSE,1.183,5.189,1.762,189.4
"baseline",8,"gene291",FALSE,1.208,6.143,1.577,203
"baseline",8,"gene292",FALSE,1.208,6.654,4.183,629
"baseline",8,"gene293",FALSE,1.225,7.507,1.893,276.4
"baseline",8,"gene294",FALSE,1.154,3.915,2.468,255.8
"baseline",8,"gene295",FALSE,1.414,18.15,3.308,715.8
"baseline",8,"gene296",FALSE,1.208,7.259,3.397,521.2
"baseline",8,"gene297",FALSE,1.17,5.241,2.74,348.2
"baseline",8,"gene298",FALSE,1.168,2.295,3.77,310.5
"baseline",8,"gene299",FALSE,1.131,2.177,2.3,173.2
"baseline",8,"gene300",FALSE,1.237,8.027,5.052,735.1
"baseline",9,"gene1",FALSE,1.378,16.49,4.233,627.5
"baseline",9,"gene2",FALSE,1.033,0.006629,2.51,6.46
"baseline",9,"gene3",FALSE,1.206,5.657,2.648,228.9
"baseline",9,"gene4",FALSE,1.071,1.003,1.968,66.78
"baseline",9,"gene5",FALSE,1.158,3.205,2.443,141.2
"baseline",9,"gene6",FALSE,1.215,6.084,1.825,164
"baseline",9,"gene7",FALSE,1.115,2.798,3.292,195.8
"baseline",9,"gene8",FALSE,1.413,21.65,3.055,603.3
"baseline",9,"gene9",FALSE,1.103,1.807,5.447,217.6
"baseline",9,"gene10",FALSE,1.257,8.704,4.098,418.5
"baseline",9,"gene11",FALSE,1.342,18.08,3.452,492.5
"baseline",9,"gene12",FALSE,1.463,27.42,1.965,359.2
"baseline",9,"gene13",FALSE,1.213,7.249,2.833,262.1
"baseline",9,"gene14",FALSE,1.228,8.62,3.05,305.8
"baseline",9,"gene15",FALSE,1.451,23.3,4.555,807.7
"baseline",9,"gene16",FALSE,1.397,18,1.195,300.6
"baseline",9,"gene17",FALSE,1.424,17.13,0.9817,265
"baseline",9,"gene18",TRUE,1.053,-1.646e-06,4.377,-13.91
"baseline",9,"gene19",FALSE,1.087,1.369,2.722,167.6
"baseline",9,"gene20",FALSE,1.063,1.418,2.705,158.9
"baseline",9,"gene21",FALSE,1.261,9.838,1.31,202.7
"baseline",9,"gene22",FALSE,1.213,7.533,1.647,217.2
"baseline",9,"gene23",FALSE,1.262,10.26,1.652,301.9
"baseline",9,"gene24",FALSE,1.396,21.13,2.678,818.6
"baseline",9,"gene25",FALSE,1.158,3.95,1.687,181.4
"baseline",9,"gene26",FALSE,1.431,27.78,1.735,571.9
"baseline",9,"gene27",FALSE,1.243,8.135,1.228,200.4
"baseline",9,"gene28",FALSE,1.382,17.15,2.912,770.8
"baseline",9,"gene29",FALSE,1.305,12.42,1.133,225.3
"baseline",9,"gene30",FALSE,1.187,3.716,1.078,116.4
"baseline",9,"gene31",FALSE,1.182,4.441,4.863,597.7
"baseline",9,"gene32",FALSE,1.228,6.733,2.008,272
"baseline",9,"gene33",FALSE,1.27,11.18,3.317,542.5
"baseline",9,"gene34",FALSE,1.479,30.23,2.45,870
"baseline",9,"gene35",FALSE,1.38,18.54,3.962,974.5
"baseline",9,"gene36",FALSE,1.202,5.737,2.51,308.8
"baseline",9,"gene37",FALSE,1.403,18.27,3.695,934.5
"baseline",9,"gene38",FALSE,1.159,5.355,1.158,160.6
"baseline",9,"gene39",FALSE,1.318,14.43,1.622,302.6
"baseline",9,"gene40",FALSE,1.222,8.258,1.868,293.8
"baseline",9,"gene41",FALSE,1.311,13.03,4.193,972.4
"baseline",9,"gene42",FALSE,1.185,4.107,2.113,223.4
"baseline",9,"gene43",FALSE,1.262,7.792,1.355,229.1
"baseline",9,"gene44",FALSE,1.177,3.125,4.338,425.1
"baseline",9,"gene45",FALSE,1.449,24.48,3.738,1136
"baseline",9,"gene46",FALSE,1.28,12.85,3.588,709.8
"baseline",9,"gene47",FALSE,1.079,1.371,1.108,67.59
"baseline",9,"gene48",FALSE,1.034,0.659,1.975,78.85
"baseline",9,"gene49",FALSE,1.206,6.404,3.555,502.9
"baseline",9,"gene50",FALSE,1.191,5.637,3.447,427.8
"baseline",9,"gene51",FALSE,1.323,11.99,1.262,258.8
"baseline",9,"gene52",FALSE,1.053,1.492,1.388,92.55
"baseline",9,"gene53",FALSE,1.072,0.8912,2.658,124.6
"baseline",9,"gene54",FALSE,1.094,1.336,0.985,61.22
"baseline",9,"gene55",FALSE,1.163,4.908,2.89,341.4
"baseline",9,"gene56",FALSE,1.185,4.965,1.718,211.5
"baseline",9,"gene57",FALSE,1.265,10.02,2.485,472.2
"baseline",9,"gene58",FALSE,1.243,10.15,5.895,1029
"baseline",9,"gene59",FALSE,1.28,9.178,1.975,313.4
"baseline",9,"gene60",FALSE,1.313,13.7,4.292,1043
"baseline",9,"gene61",FALSE,1.339,15.49,4.172,1005
"baseline",9,"gene62",FALSE,1.406,19.04,4.23,1026
"baseline",9,"gene63",FALSE,1.214,6.865,5.222,762.8
"baseline",9,"gene64",FALSE,1.132,2.983,1.585,159.1
"baseline",9,"gene65",FALSE,1.233,7.693,4.44,619.9
"baseline",9,"gene66",FALSE,1.077,0.6071,4.253,161.5
"baseline",9,"gene67",FALSE,1.025,0.5556,5.308,209.1
"baseline",9,"gene68",FALSE,1.56,28.33,1.058,383.6
"baseline",9,"gene69",FALSE,1.146,5.573,3.05,411.9
"baseline",9,"gene70",FALSE,1.174,4.479,4.01,502.2
"baseline",9,"gene71",FALSE,1.188,4.492,2.087,250.2
"baseline",9,"gene72",FALSE,1.162,2.389,2.328,194.2
"baseline",9,"gene73",FALSE,1.517,27.82,4.328,1366
"baseline",9,"gene74",FALSE,1.209,7.744,1.333,240.4
"baseline",9,"gene75",FALSE,1.231,4.186,1.693,201.8
"baseline",9,"gene76",FALSE,1.25,6.547,1.343,184.1
"baseline",9,"gene77",FALSE,1.241,7.381,2.46,383.2
"baseline",9,"gene78",FALSE,1.156,3.045,2.788,257.1
"baseline",9,"gene79",FALSE,1.212,5.437,2.127,267.8
"baseline",9,"gene80",FALSE,1.458,21.79,1.96,497.1
"baseline",9,"gene81",FALSE,1.31,12.78,2.108,427.6
"baseline",9,"gene82",FALSE,1.227,6.432,3.392,504.5
"baseline",9,"gene83",FALSE,1.131,2.887,2.885,289.6
"baseline",9,"gene84",FALSE,1.225,6.553,1.503,201.7
"baseline",9,"gene85",FALSE,1.19,6.2,3.275,457.3
"baseline",9,"gene86",FALSE,1.251,7.336,2.98,417.8
"baseline",9,"gene87",FALSE,1.24,9.461,4.557,813
"baseline",9,"gene88",FALSE,1.267,9.494,1.685,304.2
"baseline",9,"gene89",FALSE,1.209,6.062,2.423,357.9
"baseline",9,"gene90",FALSE,1.387,19.85,1.378,384.9
"baseline",9,"gene91",FALSE,1.265,9.2,2.517,414.2
"baseline",9,"gene92",FALSE,1.313,14.61,3.722,837.2
"baseline",9,"gene93",FALSE,1.193,6.517,2.952,411
"baseline",9,"gene94",FALSE,1.172,5.01,3.245,392.3
"baseline",9,"gene95",FALSE,1.171,5.046,1.582,186.3
"baseline",9,"gene96",FALSE,1.2,3.627,5.182,647.6
"baseline",9,"gene97",FALSE,1.342,12.48,1.947,399.1
"baseline",9,"gene98",FALSE,1.288,8.335,2.528,390.2
"baseline",9,"gene99",FALSE,1.317,14.2,4.412,977.5
"baseline",9,"gene100",FALSE,1.216,6.827,4.372,681.5
"baseline",9,"gene101",FALSE,1.128,1.687,1.532,106.8
"baseline",9,"gene102",FALSE,1.166,4.339,2.283,257.9
"baseline",9,"gene103",FALSE,1.132,3.552,0.9617,100.5
"baseline",9,"gene104",FALSE,1.212,7.543,4.088,658.8
"baseline",9,"gene105",FALSE,1.332,15.04,2.927,629.6
"baseline",9,"gene106",FALSE,1.183,4.156,2.205,246
"baseline",9,"gene107",FALSE,1.447,24.83,2.212,623
"baseline",9,"gene108",FALSE,1.29,7.961,1.622,284
"baseline",9,"gene109",FALSE,1.434,23.67,4.858,1479
"baseline",9,"gene110",FALSE,1.197,4.393,2.442,268.7
"baseline",9,"gene111",FALSE,1.16,3.725,3.962,404.1
"baseline",9,"gene112",FALSE,1.253,9.027,1.053,190.8
"baseline",9,"gene113",FALSE,1.289,10.75,1.062,184.6
"baseline",9,"gene114",FALSE,1.206,7.04,1.352,206.5
"baseline",9,"gene115",FALSE,1.497,24.98,1.008,320.2
"baseline",9,"gene116",FALSE,1.203,5.217,1.473,204.6
"baseline",9,"gene117",FALSE,1.09,2.235,2.508,204.5
"baseline",9,"gene118",FALSE,1.516,29.98,1.105,340
"baseline",9,"gene119",FALSE,1.228,5.938,4.272,571.6
"baseline",9,"gene120",FALSE,1.191,8.027,3.535,577.7
"baseline",9,"gene121",FALSE,1.25,7.213,2.682,367.2
"baseline",9,"gene122",FALSE,1.108,1.588,4.562,301.1
"baseline",9,"gene123",FALSE,1.219,6.676,3.778,526.9
"baseline",9,"gene124",FALSE,1.058,1.078,1.955,101.7
"baseline",9,"gene125",FALSE,1.454,25.35,4.705,1420
"baseline",9,"gene126",FALSE,1.311,14.56,2.397,539.9
"baseline",9,"gene127",FALSE,1.507,27.63,1.283,411.8
"baseline",9,"gene128",FALSE,1.244,8.578,2.478,363.8
"baseline",9,"gene129",FALSE,1.243,10.14,5.605,995.5
"baseline",9,"gene130",FALSE,1.214,5.959,2.187,259.1
"baseline",9,"gene131",FALSE,1.379,15.84,1.517,350.7
"baseline",9,"gene132",FALSE,1.156,3.389,2.392,255.5
"baseline",9,"gene133",FALSE,1.315,16.53,2.358,620.7
"baseline",9,"gene134",FALSE,1.41,20.46,2.302,681.2
"baseline",9,"gene135",FALSE,1.081,0.9703,1.452,78.35
"baseline",9,"gene136",FALSE,1.318,16.47,1.443,339.2
"baseline",9,"gene137",FALSE,1.158,2.976,1.14,110.3
"baseline",9,"gene138",FALSE,1.216,5.56,1.722,226.9
"baseline",9,"gene139",FALSE,0.9837,0.07057,2.29,35.9
"baseline",9,"gene140",FALSE,1.282,10.87,1.62,302.6
"baseline",9,"gene141",FALSE,1.245,7.61,1.58,226.1
"baseline",9,"gene142",FALSE,1.399,15.92,4.04,928.2
"baseline",9,"gene143",FALSE,1.554,29.23,3.557,1118
"baseline",9,"gene144",FALSE,1.28,9.126,1.375,228.7
"baseline",9,"gene145",FALSE,1.156,3.558,1.825,173.1
"baseline",9,"gene146",FALSE,1.536,35.27,1.93,678.3
"baseline",9,"gene147",FALSE,1.541,31.63,1.672,621.5
"baseline",9,"gene148",FALSE,1.069,1.323,2.23,140.9
"baseline",9,"gene149",FALSE,1.183,6.569,3.22,472.9
"baseline",9,"gene150",FALSE,1.209,7.537,3.11,513.4
"baseline",9,"gene151",FALSE,1.135,3.275,2.938,290.2
"baseline",9,"gene152",FALSE,1.051,1.306,0.9683,60.09
"baseline",9,"gene153",FALSE,1.167,4.091,2.922,296.7
"baseline",9,"gene154",FALSE,1.19,5.913,5.207,670.2
"baseline",9,"gene155",FALSE,1.163,3.53,2.613,292.6
"baseline",9,"gene156",FALSE,1.358,14.78,1.405,327.4
"baseline",9,"gene157",FALSE,1.364,14.85,1.533,349.8
"baseline",9,"gene158",FALSE,1.263,9.678,2.97,476.9
"baseline",9,"gene159",FALSE,1.031,0.5362,1.748,60.63
"baseline",9,"gene160",FALSE,1.446,21.09,1.993,575.5
"baseline",9,"gene161",FALSE,1.453,21.79,2.393,560.3
"baseline",9,"gene162",FALSE,1.278,9.46,1.485,278
"baseline",9,"gene163",FALSE,1.292,10.89,3.598,676.8
"baseline",9,"gene164",FALSE,1.083,1.825,2.188,156
"baseline",9,"gene165",FALSE,1.15,4.152,2.277,233.6
"baseline",9,"gene166",FALSE,1.373,17.01,4.568,1054
"baseline",9,"gene167",FALSE,1.125,2.63,3.827,321.1
"baseline",9,"gene168",FALSE,1.408,20.92,2.298,581.6
"baseline",9,"gene169",FALSE,1.571,33.77,0.925,381
"baseline",9,"gene170",FALSE,1.412,21.63,4.5,1210
"baseline",9,"gene171",FALSE,1.098,1.637,1.175,69.07
"baseline",9,"gene172",FALSE,1.221,6.718,1.543,212.3
"baseline",9,"gene173",FALSE,1.208,5.656,1.287,172
"baseline",9,"gene174",FALSE,1.284,11.73,4.03,801.4
"baseline",9,"gene175",FALSE,1.515,26.21,1.735,562.7
"baseline",9,"gene176",FALSE,1.189,7.139,1.84,295
"baseline",9,"gene177",FALSE,1.109,1.162,4.655,276.4
"baseline",9,"gene178",FALSE,1.15,5.617,2.44,333.1
"baseline",9,"gene179",FALSE,1.279,9.954,5.075,970.6
"baseline",9,"gene180",FALSE,1.2,5.598,2.015,259.7
"baseline",9,"gene181",FALSE,1.246,8.015,1.622,274.6
"baseline",9,"gene182",FALSE,1.145,5.561,3.967,556.6
"baseline",9,"gene183",FALSE,1.307,11.83,4.717,880.2
"baseline",9,"gene184",FALSE,1.179,4.083,3.585,381.5
"baseline",9,"gene185",FALSE,1.288,11.69,1.043,210.5
"baseline",9,"gene186",FALSE,1.185,4.803,3.832,507.1
"baseline",9,"gene187",FALSE,1.065,1.174,2.928,164.7
"baseline",9,"gene188",FALSE,1.291,10.72,1.697,296.2
"baseline",9,"gene189",FALSE,1.277,9.63,1.29,232.4
"baseline",9,"gene190",FALSE,1.063,0.5284,2.593,94.5
"baseline",9,"gene191",FALSE,1.158,2.553,3.48,276.1
"baseline",9,"gene192",FALSE,1.47,27.54,3.707,1087
"baseline",9,"gene193",FALSE,1.426,21.94,4.597,1202
"baseline",9,"gene194",FALSE,1.375,19.15,2.5,659.1
"baseline",9,"gene195",FALSE,1.347,16.58,3.74,887.2
"baseline",9,"gene196",FALSE,1.416,17.07,3.612,849
"baseline",9,"gene197",FALSE,1.446,23.35,3.155,858
"baseline",9,"gene198",FALSE,1.386,21.01,2.995,851.2
"baseline",9,"gene199",FALSE,1.125,2.222,2.148,172.7
"baseline",9,"gene200",FALSE,1.112,2.923,2.392,218.9
"baseline",9,"gene201",FALSE,1.256,8.342,6.27,952.2
"baseline",9,"gene202",FALSE,1.23,6.334,1.648,234.2
"baseline",9,"gene203",FALSE,1.014,0.004396,1.92,6.334
"baseline",9,"gene204",FALSE,1.301,13.34,3.413,672.2
"baseline",9,"gene205",FALSE,1.355,15.33,1.068,275.4
"baseline",9,"gene206",FALSE,1.198,6.888,3.118,471.5
"baseline",9,"gene207",FALSE,1.261,10.9,2.593,539.8
"baseline",9,"gene208",FALSE,1.368,13.98,2.723,554.8
"baseline",9,"gene209",FALSE,1.335,10.38,1.607,343.2
"baseline",9,"gene210",FALSE,1.225,7.16,2.58,384.1
"baseline",9,"gene211",FALSE,1.096,2.041,3.807,341.4
"baseline",9,"gene212",FALSE,1.378,21.87,4.97,1179
"baseline",9,"gene213",FALSE,1.281,6.949,2.108,309.5
"baseline",9,"gene214",FALSE,1.47,25.72,2.485,833.4
"baseline",9,"gene215",FALSE,1.176,5.291,1.502,199.3
"baseline",9,"gene216",TRUE,0.9635,-1.59e-06,2.525,-15.34
"baseline",9,"gene217",FALSE,1.528,30.96,1.493,520.5
"baseline",9,"gene218",FALSE,1.037,0.5884,2.643,110.7
"baseline",9,"gene219",FALSE,1.264,10.38,4.51,755.4
"baseline",9,"gene220",FALSE,1.199,5.129,1.315,176
"baseline",9,"gene221",FALSE,1.165,4.662,1.335,160.4
"baseline",9,"gene222",FALSE,1.391,19.84,3.325,948.7
"baseline",9,"gene223",FALSE,1.317,13.06,2.248,467.1
"baseline",9,"gene224",FALSE,1.202,6.599,1.107,164.5
"baseline",9,"gene225",FALSE,1.08,0.8024,1.262,58.33
"baseline",9,"gene226",FALSE,1.346,15,3.928,860.4
"baseline",9,"gene227",FALSE,1.2,6.527,1.31,191.8
"baseline",9,"gene228",FALSE,1.097,2.151,2.163,170.1
"baseline",9,"gene229",FALSE,1.156,3.966,4.348,493.2
"baseline",9,"gene230",FALSE,1.385,19.62,1.175,311
"baseline",9,"gene231",FALSE,1.2,5.88,1.08,138
"baseline",9,"gene232",FALSE,1.3,13.56,4.04,900.7
"baseline",9,"gene233",FALSE,1.105,2.321,2.912,232.3
"baseline",9,"gene234",FALSE,1.343,16.38,1.465,352.8
"baseline",9,"gene235",FALSE,1.243,7.83,4.662,694
"baseline",9,"gene236",FALSE,1.146,3.735,1.633,184.6
"baseline",9,"gene237",FALSE,1.183,4.81,3.597,444.7
"baseline",9,"gene238",FALSE,1.355,17.86,2.512,610.5
"baseline",9,"gene239",FALSE,1.188,5.845,3.372,430
"baseline",9,"gene240",FALSE,1.246,7.11,1.455,207.4
"baseline",9,"gene241",FALSE,1.088,1.861,2.61,182
"baseline",9,"gene242",FALSE,1.187,6.006,1.368,197.5
"baseline",9,"gene243",FALSE,1.23,7.175,4.365,677.8
"baseline",9,"gene244",TRUE,1.004,-9.92e-07,1.342,-10.77
"baseline",9,"gene245",FALSE,1.337,13.51,2.225,501.7
"baseline",9,"gene246",FALSE,1.261,11.84,1.28,254.3
"baseline",9,"gene247",FALSE,1.417,23.38,3.42,1055
"baseline",9,"gene248",FALSE,1.259,10.73,4.462,832.3
"baseline",9,"gene249",FALSE,1.22,8.186,1.2,249
"baseline",9,"gene250",FALSE,1.174,3.65,2.575,225.1
"baseline",9,"gene251",FALSE,1.171,4.121,1.792,215
"baseline",9,"gene252",FALSE,1.217,8.016,5.075,815.5
"baseline",9,"gene253",FALSE,1.032,0.2761,3.418,90.71
"baseline",9,"gene254",FALSE,1.371,16.23,3.743,888.1
"baseline",9,"gene255",FALSE,1.162,4.927,2.142,251.6
"baseline",9,"gene256",FALSE,1.208,4.579,1.11,121.2
"baseline",9,"gene257",FALSE,1.35,14.25,1.805,399.2
"baseline",9,"gene258",FALSE,1.236,9.112,2.733,489.1
"baseline",9,"gene259",FALSE,1.169,4.225,2.463,291.4
"baseline",9,"gene260",FALSE,1.112,2.029,2.69,201.3
"baseline",9,"gene261",FALSE,1.588,34.16,1.908,766.8
"baseline",9,"gene262",FALSE,1.139,3.658,2.488,271.9
"baseline",9,"gene263",FALSE,1.243,8.174,0.9867,162.7
"baseline",9,"gene264",FALSE,1.274,8.781,1.678,291.5
"baseline",9,"gene265",FALSE,1.367,14.69,1.713,344.4
"baseline",9,"gene266",FALSE,1.623,37.98,2.722,1128
"baseline",9,"gene267",FALSE,1.355,18.21,1.983,501.8
"baseline",9,"gene268",FALSE,1.313,10.93,1.233,231.4
"baseline",9,"gene269",FALSE,1.118,2.71,2.597,247.4
"baseline",9,"gene270",FALSE,1.178,5.149,2.155,293.2
"baseline",9,"gene271",FALSE,1.33,14.64,2.02,479.7
"baseline",9,"gene272",FALSE,1.396,21.1,1.453,377.7
"baseline",9,"gene273",FALSE,1.296,14.08,4.817,1059
"baseline",9,"gene274",FALSE,1.457,21.49,2.125,584.8
"baseline",9,"gene275",FALSE,1.202,4.402,2.025,236.6
"baseline",9,"gene276",FALSE,1.201,6.626,2.125,323.7
"baseline",9,"gene277",FALSE,1.528,28.71,3.468,1230
"baseline",9,"gene278",FALSE,1.074,0.9687,0.9917,52.6
"baseline",9,"gene279",FALSE,1.149,1.405,1.787,108.7
"baseline",9,"gene280",FALSE,1.289,11.36,3.095,551.4
"baseline",9,"gene281",FALSE,1.308,13.65,1.062,241.5
"baseline",9,"gene282",FALSE,1.214,6.07,2.613,344.9
"baseline",9,"gene283",FALSE,1.144,2.768,4.092,375.2
"baseline",9,"gene284",FALSE,1.178,4.601,1.268,141.5
"baseline",9,"gene285",FALSE,1.299,10.82,1.06,206.4
"baseline",9,"gene286",FALSE,1.342,8.789,1.357,247.4
"baseline",9,"gene287",FALSE,1.207,5.508,3.575,423.7
"baseline",9,"gene288",FALSE,1.365,15.97,2.908,604.7
"baseline",9,"gene289",FALSE,1.091,2.55,2.61,221.3
"baseline",9,"gene290",FALSE,1.088,1.701,2.072,137.3
"baseline",9,"gene291",FALSE,1.632,42.96,4.677,1902
"baseline",9,"gene292",FALSE,1.139,2.346,2.448,223.6
"baseline",9,"gene293",FALSE,1.232,7.74,2.22,301
"baseline",9,"gene294",FALSE,1.301,13.34,2.682,540.7
"baseline",9,"gene295",FALSE,1.104,1.398,2.555,156.2
"baseline",9,"gene296",FALSE,1.238,6.59,1.432,211.4
"baseline",9,"gene297",FALSE,1.174,6.01,1.635,226
"baseline",9,"gene298",FALSE,1.242,7.424,2.71,391
"baseline",9,"gene299",FALSE,1.339,12.06,0.995,223.6
"baseline",9,"gene300",FALSE,1.25,6.297,1.127,179.7
"baseline",10,"gene1",FALSE,1.249,8.382,6.592,671.3
"baseline",10,"gene2",FALSE,0.945,1.366e-06,1.805,-20.97
"baseline",10,"gene3",FALSE,1.225,9.645,5.508,617.9
"baseline",10,"gene4",FALSE,1.129,2.47,3.462,184.6
"baseline",10,"gene5",FALSE,1.392,18.82,5.782,928.1
"baseline",10,"gene6",FALSE,1.298,12.17,2,227.5
"baseline",10,"gene7",FALSE,1.239,7.258,2.505,231.3
"baseline",10,"gene8",FALSE,1.224,7.331,5.278,522.3
"baseline",10,"gene9",FALSE,1.457,24.14,4.503,715.1
"baseline",10,"gene10",FALSE,1.354,14.31,7.123,1037
"baseline",10,"gene11",FALSE,1.153,4.127,2.94,184.8
"baseline",10,"gene12",FALSE,1.175,4.885,1.828,146.5
"baseline",10,"gene13",FALSE,1.115,3.412,1.89,93.54
"baseline",10,"gene14",FALSE,1.123,2.46,4.518,236.8
"baseline",10,"gene15",FALSE,1.053,0.1741,3.79,47.26
"baseline",10,"gene16",FALSE,1.416,21.34,3.065,839
"baseline",10,"gene17",FALSE,1.33,15.92,1.803,437.7
"baseline",10,"gene18",FALSE,1.245,9.698,2.73,465.8
"baseline",10,"gene19",FALSE,1.161,3.379,1.387,149.7
"baseline",10,"gene20",FALSE,1.134,3.009,1.627,152.1
"baseline",10,"gene21",FALSE,1.238,7.038,4.913,713.4
"baseline",10,"gene22",FALSE,1.505,26.62,1.907,688.8
"baseline",10,"gene23",FALSE,1.204,5.675,1.558,220.9
"baseline",10,"gene24",FALSE,1.176,4.289,4.205,478.5
"baseline",10,"gene25",FALSE,1.526,30.29,2.58,874.9
"baseline",10,"gene26",FALSE,1.307,12.59,1.207,223.6
"baseline",10,"gene27",FALSE,1.227,6.869,3.445,551.6
"baseline",10,"gene28",FALSE,1.432,23.2,4,1076
"baseline",10,"gene29",FALSE,1.327,16.06,4.527,882
"baseline",10,"gene30",FALSE,1.27,9.305,1.673,295.2
"baseline",10,"gene31",FALSE,1.106,2.334,1.532,125
"baseline",10,"gene32",FALSE,1.131,3.171,3.108,317.1
"baseline",10,"gene33",FALSE,1.457,22.08,2.01,522.6
"baseline",10,"gene34",FALSE,1.274,7.639,1.415,218.5
"baseline",10,"gene35",FALSE,1.124,2.795,4.163,352.1
"baseline",10,"gene36",FALSE,1.534,29.14,4.428,1400
"baseline",10,"gene37",FALSE,1.234,8.359,1.292,235.2
"baseline",10,"gene38",FALSE,1.296,12.3,1.84,341.5
"baseline",10,"gene39",FALSE,1.22,7.916,4.06,636.8
"baseline",10,"gene40",FALSE,1.438,23.74,3.838,1063
"baseline",10,"gene41",FALSE,1.226,9.038,1.748,317.3
"baseline",10,"gene42",FALSE,1.109,1.596,2.2,143.4
"baseline",10,"gene43",FALSE,1.298,10.79,1.11,226.1
"baseline",10,"gene44",FALSE,1.192,6.154,1.077,130.9
"baseline",10,"gene45",FALSE,1.328,14.15,1.358,287.3
"baseline",10,"gene46",FALSE,1.353,14.23,4.277,891.2
"baseline",10,"gene47",FALSE,1.305,12.75,4.695,1003
"baseline",10,"gene48",FALSE,1.204,6.606,2.748,388.4
"baseline",10,"gene49",FALSE,1.294,10.89,3.282,606.3
"baseline",10,"gene50",FALSE,1.215,6.257,2.762,350.5
"baseline",10,"gene51",FALSE,1.323,11.36,2.933,548.7
"baseline",10,"gene52",FALSE,1.246,7.955,2.157,370.3
"baseline",10,"gene53",FALSE,1.28,12.07,5.437,1105
"baseline",10,"gene54",FALSE,1.241,7.946,1.737,273
"baseline",10,"gene55",FALSE,1.512,28.06,1.473,491.9
"baseline",10,"gene56",FALSE,1.08,0.8979,1.627,76.2
"baseline",10,"gene57",FALSE,1.042,0.6922,2.773,122.3
"baseline",10,"gene58",FALSE,1.24,10.02,1.452,279.8
"baseline",10,"gene59",FALSE,1.346,16.36,2.412,560.3
"baseline",10,"gene60",FALSE,1.261,8.493,2.975,587.8
"baseline",10,"gene61",FALSE,1.125,1.697,1.423,101.3
"baseline",10,"gene62",FALSE,1.196,4.571,3.787,475.6
"baseline",10,"gene63",FALSE,1.266,9.324,2.813,460.5
"baseline",10,"gene64",FALSE,1.217,7.913,3.782,655.2
"baseline",10,"gene65",FALSE,1.448,24.97,3.548,1067
"baseline",10,"gene66",FALSE,1.602,37.46,1.492,526.5
"baseline",10,"gene67",FALSE,1.254,8.405,2.607,407.3
"baseline",10,"gene68",FALSE,1.19,4.943,1.14,162.2
"baseline",10,"gene69",FALSE,1.071,0.7819,2.758,133.8
"baseline",10,"gene70",FALSE,1.349,15.07,1.242,273.5
"baseline",10,"gene71",FALSE,1.464,24.25,2.855,895.9
"baseline",10,"gene72",FALSE,1.379,13.35,4.345,839.7
"baseline",10,"gene73",FALSE,1.328,12.43,3.563,629.7
"baseline",10,"gene74",FALSE,1.203,5.377,1.858,242.2
"baseline",10,"gene75",FALSE,1.108,1.223,3.443,199.3
"baseline",10,"gene76",FALSE,1.198,6.757,4.752,700.2
"baseline",10,"gene77",FALSE,1.31,10.81,3.618,655.8
"baseline",10,"gene78",FALSE,1.19,5.977,1.74,212.8
"baseline",10,"gene79",FALSE,1.058,1.001,2.877,143.4
"baseline",10,"gene80",FALSE,1.237,6.187,2.682,416
"baseline",10,"gene81",FALSE,1.202,7.531,1.64,259.1
"baseline",10,"gene82",FALSE,1.112,1.911,1.672,130.4
"baseline",10,"gene83",FALSE,1.366,17.46,1.298,285.2
"baseline",10,"gene84",FALSE,1.261,11.27,4.145,804.1
"baseline",10,"gene85",FALSE,1.441,21.31,3.16,923.1
"baseline",10,"gene86",FALSE,1.444,23.32,3.838,1017
"baseline",10,"gene87",FALSE,1.073,1.632,2.173,150.5
"baseline",10,"gene88",FALSE,1.049,0.4662,2.463,90.88
"baseline",10,"gene89",FALSE,1.324,14.03,2.983,648.6
"baseline",10,"gene90",FALSE,1.534,26.03,2.435,696.6
"baseline",10,"gene91",FALSE,1.261,10.01,2.208,387.6
"baseline",10,"gene92",FALSE,1.276,6.361,1.57,206.6
"baseline",10,"gene93",FALSE,1.204,5.596,1.495,196.1
"baseline",10,"gene94",FALSE,1.23,7.654,3.192,449.5
"baseline",10,"gene95",FALSE,1.105,1.376,1.808,107.4
"baseline",10,"gene96",FALSE,1.395,18.48,3.603,890.2
"baseline",10,"gene97",FALSE,1.241,8.052,3.047,503.5
"baseline",10,"gene98",FALSE,1.234,7.266,5.025,765.2
"baseline",10,"gene99",FALSE,1.426,18.51,3.853,1101
"baseline",10,"gene100",FALSE,1.28,11.03,4.132,766.3
"baseline",10,"gene101",FALSE,1.219,8.212,1.85,278.6
"baseline",10,"gene102",FALSE,1.148,2.816,3.697,301.9
"baseline",10,"gene103",FALSE,1.05,0.9014,3.682,203.4
"baseline",10,"gene104",FALSE,1.168,3.455,2.602,237.2
"baseline",10,"gene105",FALSE,1.375,16.63,1.498,400.2
"baseline",10,"gene106",FALSE,1.356,15.12,2.675,620.2
"baseline",10,"gene107",FALSE,1.249,9.736,1.828,287.8
"baseline",10,"gene108",FALSE,1.229,9.953,2.058,372.8
"baseline",10,"gene109",FALSE,1.395,20.27,3.722,957.9
"baseline",10,"gene110",FALSE,1.143,4.03,2.767,311.5
"baseline",10,"gene111",FALSE,1.105,2.198,1.275,106.4
"baseline",10,"gene112",FALSE,1.063,1.119,1.167,60.85
"baseline",10,"gene113",FALSE,1.135,4.257,1.863,232.8
"baseline",10,"gene114",FALSE,1.119,3.037,3.253,252
"baseline",10,"gene115",FALSE,1.279,11.14,3.788,675.4
"baseline",10,"gene116",FALSE,1.125,2.409,1.955,157.8
"baseline",10,"gene117",FALSE,1.431,22.7,2.195,593.8
"baseline",10,"gene118",FALSE,1.16,3.594,1.243,129.2
"baseline",10,"gene119",FALSE,1.368,17.45,2.918,697.3
"baseline",10,"gene120",FALSE,1.09,1.805,1.803,130.4
"baseline",10,"gene121",FALSE,1.452,23.89,1.2,415.4
"baseline",10,"gene122",FALSE,1.44,25.96,2.707,756.9
"baseline",10,"gene123",FALSE,1.139,2.845,4.47,414.3
"baseline",10,"gene124",FALSE,1.331,14.07,1.162,260.9
"baseline",10,"gene125",FALSE,1.18,4.121,1.692,199
"baseline",10,"gene126",FALSE,1.067,0.6825,2.693,117.7
"baseline",10,"gene127",FALSE,1.415,14.61,1.858,378.9
"baseline",10,"gene128",FALSE,1.153,2.404,5.193,371.9
"baseline",10,"gene129",FALSE,1.278,10.24,2.155,380.5
"baseline",10,"gene130",FALSE,1.384,17.99,4.595,1034
"baseline",10,"gene131",FALSE,1.292,10.31,4.002,679.3
"baseline",10,"gene132",FALSE,1.202,4.586,3.808,455.5
"baseline",10,"gene133",FALSE,1.289,9.478,1.948,326.9
"baseline",10,"gene134",FALSE,1.207,4.608,4.59,630.2
"baseline",10,"gene135",FALSE,1.082,1.541,5.502,448.5
"baseline",10,"gene136",FALSE,1.269,9.289,2.183,344.8
"baseline",10,"gene137",FALSE,1.299,12.01,4.3,949.5
"baseline",10,"gene138",FALSE,1.186,7.576,1.407,212.9
"baseline",10,"gene139",FALSE,1.207,7.441,2.698,392.4
"baseline",10,"gene140",FALSE,1.403,18.37,2.027,529.6
"baseline",10,"gene141",FALSE,1.151,2.814,2.583,223.4
"baseline",10,"gene142",FALSE,1.157,3.363,3.847,375.4
"baseline",10,"gene143",FALSE,1.133,1.201,4.562,252.9
"baseline",10,"gene144",FALSE,1.302,12.85,1.742,352.3
"baseline",10,"gene145",FALSE,1.348,17.02,1.243,291
"baseline",10,"gene146",FALSE,1.274,9.616,1.477,238.9
"baseline",10,"gene147",FALSE,1.47,26.96,3.908,1282
"baseline",10,"gene148",FALSE,1.481,25.35,2.098,709.3
"baseline",10,"gene149",FALSE,1.189,6.114,1.895,227.2
"baseline",10,"gene150",FALSE,1.603,33.39,2.107,809.3
"baseline",10,"gene151",FALSE,1.152,4.507,3.898,472.3
"baseline",10,"gene152",FALSE,1.268,9.205,4.372,696.2
"baseline",10,"gene153",FALSE,1.329,14.08,1.127,295
"baseline",10,"gene154",FALSE,1.069,0.8737,2.03,86.37
"baseline",10,"gene155",FALSE,1.36,18.23,1.395,365.9
"baseline",10,"gene156",FALSE,1.115,2.776,1.848,157.8
"baseline",10,"gene157",FALSE,1.084,1.53,1.2,78.37
"baseline",10,"gene158",FALSE,1.057,0.8786,3.202,145.3
"baseline",10,"gene159",FALSE,1.248,7.671,2.618,441.8
"baseline",10,"gene160",FALSE,1.382,17.14,4.28,1001
"baseline",10,"gene161",FALSE,1.588,41.04,3.023,1148
"baseline",10,"gene162",FALSE,1.184,4.529,1.545,180.4
"baseline",10,"gene163",FALSE,1.292,9.819,3.235,574
"baseline",10,"gene164",FALSE,1.222,7.328,2.37,414.3
"baseline",10,"gene165",FALSE,1.063,1.573,0.9967,65.23
"baseline",10,"gene166",FALSE,1.378,19.07,1.435,319.5
"baseline",10,"gene167",FALSE,1.382,13.18,1.72,393.5
"baseline",10,"gene168",FALSE,1.233,7.602,3.195,479.9
"baseline",10,"gene169",FALSE,1.153,3.855,1.05,110.7
"baseline",10,"gene170",FALSE,1.283,11.2,3.03,508.1
"baseline",10,"gene171",FALSE,1.145,2.5,1.807,133.4
"baseline",10,"gene172",FALSE,1.238,8.097,2.257,314
"baseline",10,"gene173",FALSE,1.468,23.08,3.545,1033
"baseline",10,"gene174",FALSE,1.263,10.63,3.695,680.5
"baseline",10,"gene175",FALSE,1.531,32.43,3.14,954.1
"baseline",10,"gene176",FALSE,1.116,1.215,2.007,121.2
"baseline",10,"gene177",FALSE,1.269,6.047,1.627,230
"baseline",10,"gene178",FALSE,1.152,3.54,3.553,348.2
"baseline",10,"gene179",FALSE,1.127,2.635,4.695,431.8
"baseline",10,"gene180",FALSE,1.172,4.821,3.79,480.5
"baseline",10,"gene181",FALSE,1.164,4.214,1.912,218.6
"baseline",10,"gene182",FALSE,1.07,0.3585,1.935,62.95
"baseline",10,"gene183",FALSE,1.471,25.01,2.143,675
"baseline",10,"gene184",FALSE,1.155,3.209,2.25,216.4
"baseline",10,"gene185",FALSE,1.113,2.043,1.505,112
"baseline",10,"gene186",FALSE,1.274,10.68,3.882,712.4
"baseline",10,"gene187",FALSE,1.34,14.12,2.232,529.1
"baseline",10,"gene188",FALSE,1.385,20.71,3.675,933.8
"baseline",10,"gene189",FALSE,1.392,17.23,1.907,469.1
"baseline",10,"gene190",FALSE,1.331,13.43,3.038,697.1
"baseline",10,"gene191",FALSE,1.068,0.8601,3.597,179.1
"baseline",10,"gene192",FALSE,1.264,11.57,3.537,684
"baseline",10,"gene193",FALSE,1.204,5.087,5.575,645.7
"baseline",10,"gene194",FALSE,1.165,3.288,2.828,251
"baseline",10,"gene195",FALSE,1.181,3.957,2.057,216.2
"baseline",10,"gene196",FALSE,1.262,8.587,4.035,654.7
"baseline",10,"gene197",FALSE,1.374,16.34,2.248,568
"baseline",10,"gene198",FALSE,1.397,17.35,1.663,442.4
"baseline",10,"gene199",FALSE,1.124,1.645,2.87,187.6
"baseline",10,"gene200",FALSE,1.094,0.6589,1.412,57.58
"baseline",10,"gene201",FALSE,1.391,16.08,3.74,862.9
"baseline",10,"gene202",FALSE,1.33,12.96,2.572,503.3
"baseline",10,"gene203",FALSE,1.298,11.29,2.337,528.6
"baseline",10,"gene204",FALSE,1.217,5.56,2.217,285
"baseline",10,"gene205",FALSE,1.174,3.421,2.16,217.4
"baseline",10,"gene206",FALSE,1.466,28.44,2.32,645.6
"baseline",10,"gene207",FALSE,1.101,2.131,1.618,132.4
"baseline",10,"gene208",FALSE,1.119,2.433,1.103,91.71
"baseline",10,"gene209",FALSE,1.253,8.25,1.738,277.8
"baseline",10,"gene210",FALSE,1.407,20.95,4.358,1073
"baseline",10,"gene211",FALSE,1.303,12.33,1.165,285.1
"baseline",10,"gene212",FALSE,1.174,4.507,3.468,445.5
"baseline",10,"gene213",FALSE,1.114,2.51,1.773,137.8
"baseline",10,"gene214",FALSE,1.192,5.57,1.423,197.5
"baseline",10,"gene215",FALSE,1.31,11.11,3.79,781.3
"baseline",10,"gene216",FALSE,1.36,14.89,3.195,696.3
"baseline",10,"gene217",FALSE,1.23,9.053,2.085,319.2
"baseline",10,"gene218",FALSE,1.257,9.526,1.485,258.8
"baseline",10,"gene219",FALSE,1.259,7.549,1.778,313.1
"baseline",10,"gene220",FALSE,1.276,9.359,3.64,553
"baseline",10,"gene221",FALSE,1.295,9.816,5.487,1013
"baseline",10,"gene222",FALSE,1.454,23.23,2.583,720.6
"baseline",10,"gene223",FALSE,1.171,4.489,3.597,423.4
"baseline",10,"gene224",FALSE,1.286,12.13,4.053,777.7
"baseline",10,"gene225",FALSE,1.209,7.543,1.34,200.7
"baseline",10,"gene226",FALSE,1.383,19.16,3.043,755
"baseline",10,"gene227",FALSE,1.252,8.21,1.975,293
"baseline",10,"gene228",FALSE,1.022,0.08694,2.708,41.15
"baseline",10,"gene229",FALSE,1.211,6.205,2.918,410.5
"baseline",10,"gene230",FALSE,1.287,13.03,4.32,955.3
"baseline",10,"gene231",FALSE,1.074,0.9968,1.387,77.71
"baseline",10,"gene232",FALSE,1.159,4.076,2.583,293.2
"baseline",10,"gene233",FALSE,1.114,3.015,1.213,132.1
"baseline",10,"gene234",FALSE,1.141,3.957,1.047,128.4
"baseline",10,"gene235",FALSE,1.158,3.781,2.14,222.2
"baseline",10,"gene236",FALSE,1.056,0.5121,3.162,122
"baseline",10,"gene237",FALSE,1.096,1.666,1.322,90.38
"baseline",10,"gene238",FALSE,1.121,1.975,4.918,398.4
"baseline",10,"gene239",FALSE,1.195,6.29,1.785,274.6
"baseline",10,"gene240",FALSE,1.253,9.271,1.755,310.8
"baseline",10,"gene241",FALSE,1.278,10.05,1.895,328.3
"baseline",10,"gene242",FALSE,1.233,9.45,1.243,210.8
"baseline",10,"gene243",FALSE,1.301,11.14,2.305,466
"baseline",10,"gene244",FALSE,1.174,3.462,1.143,106.7
"baseline",10,"gene245",FALSE,1.093,1.225,3.218,188.1
"baseline",10,"gene246",FALSE,1.426,20.57,1.658,419.1
"baseline",10,"gene247",FALSE,1.085,0.6578,1.712,71.42
"baseline",10,"gene248",FALSE,1.133,3.092,5.145,541.2
"baseline",10,"gene249",FALSE,1.085,1.631,1.803,115.2
"baseline",10,"gene250",FALSE,1.372,16.16,1.82,420.1
"baseline",10,"gene251",FALSE,1.622,39.95,2.253,1021
"baseline",10,"gene252",FALSE,1.136,1.837,4.413,312.5
"baseline",10,"gene253",FALSE,1.34,16.24,3.102,740.3
"baseline",10,"gene254",FALSE,1.018,0.01124,2.76,14.12
"baseline",10,"gene255",FALSE,1.1,1.804,4.305,306.4
"baseline",10,"gene256",FALSE,1.393,14.8,1.388,238.2
"baseline",10,"gene257",FALSE,1.085,1.696,3.025,213.1
"baseline",10,"gene258",FALSE,1.27,7.773,3.73,578.9
"baseline",10,"gene259",FALSE,1.092,1.956,1.232,101.7
"baseline",10,"gene260",FALSE,1.334,15.36,3.938,838.9
"baseline",10,"gene261",FALSE,1.092,1.616,3.558,241.9
"baseline",10,"gene262",FALSE,1.052,0.7262,1.692,74.14
"baseline",10,"gene263",FALSE,1.114,1.76,2.008,155.4
"baseline",10,"gene264",FALSE,1.135,4.158,4.395,465
"baseline",10,"gene265",FALSE,1.296,10.62,3.5,697.5
"baseline",10,"gene266",FALSE,1.16,2.444,2.715,228.7
"baseline",10,"gene267",FALSE,1.154,4.009,3.265,350.9
"baseline",10,"gene268",FALSE,1.283,13.38,3.998,844.9
"baseline",10,"gene269",FALSE,1.256,10.56,1.642,287.4
"baseline",10,"gene270",FALSE,1.207,6.442,4.172,582.8
"baseline",10,"gene271",FALSE,1.452,18.31,1.93,544
"baseline",10,"gene272",FALSE,1.165,3.819,2.188,228.2
"baseline",10,"gene273",FALSE,1.311,13.34,1.542,312.4
"baseline",10,"gene274",FALSE,1.277,11.27,1.11,218.4
"baseline",10,"gene275",FALSE,1.093,1.993,1.163,92.35
"baseline",10,"gene276",FALSE,1.146,3.739,0.9833,118.3
"baseline",10,"gene277",FALSE,1.295,8.396,3.233,500.8
"baseline",10,"gene278",FALSE,1.24,4.701,2.078,217.2
"baseline",10,"gene279",FALSE,1.284,10.42,1.823,292.6
"baseline",10,"gene280",FALSE,1.236,9.505,3.047,544.5
"baseline",10,"gene281",FALSE,1.341,12.63,2.157,453.2
"baseline",10,"gene282",FALSE,1.129,2.354,3.267,268.3
"baseline",10,"gene283",FALSE,1.266,9.292,1.265,220.9
"baseline",10,"gene284",FALSE,1.071,0.5884,1.547,50.69
"baseline",10,"gene285",FALSE,1.27,10.24,2.453,482.2
"baseline",10,"gene286",FALSE,1.26,7.987,2.647,423.5
"baseline",10,"gene287",FALSE,1.259,4.802,3.923,455.7
"baseline",10,"gene288",FALSE,1.154,4.397,1.668,176.7
"baseline",10,"gene289",FALSE,1.371,15.74,4.31,981.1
"baseline",10,"gene290",FALSE,1.231,8.359,4.24,667.9
"baseline",10,"gene291",FALSE,1.275,9.207,1.735,307.3
"baseline",10,"gene292",FALSE,1.079,1.504,1.362,90.8
"baseline",10,"gene293",FALSE,1.608,33.05,4.203,1694
"baseline",10,"gene294",FALSE,1.064,1.397,4.5,299.5
"baseline",10,"gene295",FALSE,1.436,22.34,1.357,419.5
"baseline",10,"gene296",FALSE,1.133,2.823,1.922,175.5
"baseline",10,"gene297",FALSE,1.082,1.234,3.817,224.9
"baseline",10,"gene298",FALSE,1.176,4.241,3.937,418.7
"baseline",10,"gene299",FALSE,1.365,14.34,1.89,430.5
"baseline",10,"gene300",FALSE,1.138,3.537,1.433,162.3
"low_count",1,"gene1",FALSE,1.458,16.28,0.285,52.83
"low_count",1,"gene2",FALSE,1.308,7.987,0.15,32.09
"low_count",1,"gene3",FALSE,1.025,1.04,0.4267,17.44
"low_count",1,"gene4",FALSE,1.312,8.568,0.3317,83.33
"low_count",1,"gene5",FALSE,1.397,23.2,0.675,166.4
"low_count",1,"gene6",FALSE,1.198,7.367,0.1667,53.23
"low_count",1,"gene7",FALSE,1.141,2.929,0.4783,23.19
"low_count",1,"gene8",FALSE,1.104,2.108,0.065,6.984
"low_count",1,"gene9",FALSE,1.124,3.062,0.1417,9.781
"low_count",1,"gene10",FALSE,1.529,7.304,0.08333,25.68
"low_count",1,"gene11",FALSE,1.03,0.02667,0.3217,2.394
"low_count",1,"gene12",FALSE,1.242,6.63,0.4333,79.3
"low_count",1,"gene13",FALSE,1.023,0.3493,0.6133,12.7
"low_count",1,"gene14",FALSE,1.603,9.937,0.08167,53.37
"low_count",1,"gene15",FALSE,1.127,3.319,0.425,34.26
"low_count",1,"gene16",FALSE,1.072,1.351,0.11,13.62
"low_count",1,"gene17",TRUE,0.9779,-4.004e-07,0.3217,-0.4107
"low_count",1,"gene18",FALSE,1.089,0.1324,0.08167,1.026
"low_count",1,"gene19",FALSE,1.168,6.139,0.1417,14.59
"low_count",1,"gene20",FALSE,1.151,2.713,0.2133,24.96
"low_count",1,"gene21",FALSE,1.153,2.997,0.8017,52.95
"low_count",1,"gene22",FALSE,1.12,4.241,0.5517,83.51
"low_count",1,"gene23",FALSE,1.239,8.938,0.6867,93.07
"low_count",1,"gene24",FALSE,1.247,8.286,0.2767,55.3
"low_count",1,"gene25",FALSE,1.393,16.07,0.1467,27.98
"low_count",1,"gene26",FALSE,1.122,2.09,0.38,37.19
"low_count",1,"gene27",FALSE,1.17,2.949,0.1333,13.05
"low_count",1,"gene28",FALSE,1.26,13.34,0.2167,71.65
"low_count",1,"gene29",FALSE,1.13,3.366,0.175,13.74
"low_count",1,"gene30",FALSE,1.583,31.52,0.4667,224.3
"low_count",1,"gene31",FALSE,1.331,13.2,0.4483,99.79
"low_count",1,"gene32",FALSE,1.167,4.83,0.4817,53.56
"low_count",1,"gene33",FALSE,1.113,1.622,0.2567,19.7
"low_count",1,"gene34",FALSE,1.13,5.343,0.1667,17.18
"low_count",1,"gene35",FALSE,1.304,14.22,0.19,40.67
"low_count",1,"gene36",FALSE,1.148,5.31,0.14,15.15
"low_count",1,"gene37",FALSE,1.199,5.366,0.19,17.86
"low_count",1,"gene38",FALSE,1.14,2.028,0.4317,29.02
"low_count",1,"gene39",FALSE,1.233,7.983,0.2917,39.42
"low_count",1,"gene40",FALSE,1.176,4.233,0.31,35.7
"low_count",1,"gene41",FALSE,1.264,7.901,0.4867,90.97
"low_count",1,"gene42",FALSE,1.095,1.168,0.1583,9.117
"low_count",1,"gene43",FALSE,0.9071,0.9073,0.12,10.66
"low_count",1,"gene44",FALSE,1.178,2.713,0.1433,9.765
"low_count",1,"gene45",FALSE,1.152,5.04,0.2167,30.4
"low_count",1,"gene46",FALSE,0.9684,0.2922,0.08,2.447
"low_count",1,"gene47",FALSE,1.253,12.45,0.295,41.28
"low_count",1,"gene48",FALSE,1.089,0.3107,0.1433,4.233
"low_count",1,"gene49",FALSE,1.263,13.26,0.635,149.4
"low_count",1,"gene50",FALSE,1.139,3.434,0.3667,43.92
"low_count",1,"gene51",FALSE,1.308,12.61,0.3667,82.96
"low_count",1,"gene52",TRUE,0.899,-2.098e-07,0.105,-0.3293
"low_count",1,"gene53",FALSE,1.171,4.486,0.2883,29.83
"low_count",1,"gene54",FALSE,1.386,11.32,0.1867,40.22
"low_count",1,"gene55",FALSE,1.191,2.642,0.19,13.97
"low_count",1,"gene56",FALSE,1.293,9.633,0.1433,28.4
"low_count",1,"gene57",FALSE,1.076,0.07595,0.1717,2.244
"low_count",1,"gene58",FALSE,1.18,5.643,0.1167,16.1
"low_count",1,"gene59",FALSE,1.36,11.39,0.445,73.32
"low_count",1,"gene60",FALSE,1.099,2.526,0.3067,25.28
"low_count",1,"gene61",FALSE,1.37,15.46,0.3117,69.96
"low_count",1,"gene62",FALSE,1.289,12.42,0.21,33.64
"low_count",1,"gene63",FALSE,1.156,2.504,0.34,31.48
"low_count",1,"gene64",FALSE,0.9966,0.5239,0.1133,6.053
"low_count",1,"gene65",FALSE,1.02,1.64,0.09333,6.084
"low_count",1,"gene66",FALSE,1.236,8.219,0.7183,117.1
"low_count",1,"gene67",FALSE,1.351,15.61,0.34,86.62
"low_count",1,"gene68",FALSE,1.291,4.889,0.1417,16.11
"low_count",1,"gene69",FALSE,1.417,17.04,0.5567,148.8
"low_count",1,"gene70",TRUE,1.006,-3.486e-07,0.18,-2.381
"low_count",1,"gene71",FALSE,1.119,1.821,0.2617,19.04
"low_count",1,"gene72",FALSE,1.228,6.265,0.5567,70.75
"low_count",1,"gene73",FALSE,1.416,20.49,0.3183,85.82
"low_count",1,"gene74",FALSE,1.162,3.12,0.24,21.13
"low_count",1,"gene75",FALSE,0.8825,1.142,0.1133,5.064
"low_count",1,"gene76",FALSE,1.197,7.792,0.3,48.87
"low_count",1,"gene77",FALSE,1.016,0.8294,0.6133,28.59
"low_count",1,"gene78",FALSE,1.172,2.123,0.09833,7.774
"low_count",1,"gene79",FALSE,1.381,15.46,0.465,106.6
"low_count",1,"gene80",FALSE,0.9494,0.3883,0.09833,2.423
"low_count",1,"gene81",FALSE,1.11,4.154,0.415,50.41
"low_count",1,"gene82",FALSE,1.049,2.853,0.1383,11.28
"low_count",1,"gene83",FALSE,1.142,2.596,0.1783,13.4
"low_count",1,"gene84",FALSE,1.222,8.196,0.17,30.45
"low_count",1,"gene85",FALSE,1.304,6.436,0.19,25.58
"low_count",1,"gene86",FALSE,1.101,3.472,0.2067,22.96
"low_count",1,"gene87",FALSE,1.226,5.394,0.135,16.55
"low_count",1,"gene88",FALSE,1.322,10.13,0.1967,35
"low_count",1,"gene89",FALSE,1.381,16.22,0.5317,120.3
"low_count",1,"gene90",FALSE,1.437,20.32,0.5367,164.9
"low_count",1,"gene91",FALSE,1.315,6.458,0.6767,82.63
"low_count",1,"gene92",FALSE,1.274,8.164,0.2833,55.19
"low_count",1,"gene93",FALSE,1.072,1.013,0.1117,4.931
"low_count",1,"gene94",FALSE,1.163,6.292,0.2317,30.5
"low_count",1,"gene95",FALSE,1.387,15.4,0.2033,47.47
"low_count",1,"gene96",FALSE,1.171,4.16,0.1617,19.57
"low_count",1,"gene97",FALSE,1.152,3.958,0.4017,53.94
"low_count",1,"gene98",FALSE,1.404,13.56,0.4633,93.77
"low_count",1,"gene99",FALSE,1.375,11.4,0.605,114.8
"low_count",1,"gene100",FALSE,1.142,4.714,0.175,23.95
"low_count",1,"gene101",FALSE,1.052,0.8812,0.715,36.65
"low_count",1,"gene102",FALSE,1.27,7.37,0.1083,23.13
"low_count",1,"gene103",FALSE,1.222,7.463,0.4333,61.73
"low_count",1,"gene104",FALSE,1.249,11.36,0.3067,58.14
"low_count",1,"gene105",FALSE,1.166,5.094,0.2217,26.2
"low_count",1,"gene106",FALSE,1.199,7.781,0.4167,58.4
"low_count",1,"gene107",FALSE,1.261,13.57,0.2867,67.35
"low_count",1,"gene108",FALSE,1.176,4.418,0.15,16.91
"low_count",1,"gene109",FALSE,1.042,0.556,0.2283,9.471
"low_count",1,"gene110",FALSE,1.25,8.277,0.205,32.45
"low_count",1,"gene111",FALSE,1.126,1.376,0.6133,32.75
"low_count",1,"gene112",FALSE,1.16,2.56,0.3067,31.81
"low_count",1,"gene113",FALSE,1.386,12.55,0.27,58.92
"low_count",1,"gene114",FALSE,1.356,19.69,0.2783,63.74
"low_count",1,"gene115",FALSE,1.255,3.814,0.1067,9.32
"low_count",1,"gene116",FALSE,1.136,2.69,0.5283,45.69
"low_count",1,"gene117",FALSE,1.247,12.81,0.36,77.17
"low_count",1,"gene118",FALSE,1.281,11.47,0.3217,70.65
"low_count",1,"gene119",FALSE,1.116,1.976,0.4783,32.68
"low_count",1,"gene120",FALSE,1.152,4.368,0.2633,32.84
"low_count",1,"gene121",FALSE,1.137,5.642,0.2667,29.22
"low_count",1,"gene122",FALSE,1.312,12.68,0.1533,37.05
"low_count",1,"gene123",FALSE,1.065,0.9637,0.26,14.13
"low_count",1,"gene124",FALSE,1.068,1.331,0.2483,16.62
"low_count",1,"gene125",FALSE,1.181,6.28,0.3683,44.61
"low_count",1,"gene126",FALSE,1.039,0.8068,0.24,11.73
"low_count",1,"gene127",FALSE,1.105,2.712,0.1933,20.67
"low_count",1,"gene128",FALSE,1.124,1.578,0.23,10.63
"low_count",1,"gene129",FALSE,1.159,3.129,0.2383,21.06
"low_count",1,"gene130",TRUE,0.8881,-5.255e-05,0.1183,-2.315
"low_count",1,"gene131",FALSE,1.163,6.766,0.1717,25.61
"low_count",1,"gene132",FALSE,1.347,11.37,0.27,54.94
"low_count",1,"gene133",FALSE,1.19,4.564,0.09,16.8
"low_count",1,"gene134",FALSE,1.006,0.7994,0.1567,8.614
"low_count",1,"gene135",FALSE,1.397,8.311,0.07167,17.89
"low_count",1,"gene136",FALSE,1.424,13.94,0.2217,65.09
"low_count",1,"gene137",FALSE,1.25,7.39,0.2283,33.37
"low_count",1,"gene138",FALSE,1.312,12.46,0.475,98.18
"low_count",1,"gene139",FALSE,1.211,5.887,0.215,29.94
"low_count",1,"gene140",FALSE,1.034,0.3684,0.4167,12.16
"low_count",1,"gene141",FALSE,1.119,3.084,0.2233,24.05
"low_count",1,"gene142",FALSE,1.028,0.07609,0.3733,5.305
"low_count",1,"gene143",FALSE,1.323,14.51,0.3133,63.89
"low_count",1,"gene144",FALSE,1.259,6.752,0.2383,43.9
"low_count",1,"gene145",FALSE,1.313,6.971,0.1117,11.64
"low_count",1,"gene146",FALSE,1.01,0.2075,0.2617,4.847
"low_count",1,"gene147",FALSE,1.217,4.571,0.1033,11.9
"low_count",1,"gene148",FALSE,1.184,3.3,0.1783,17.17
"low_count",1,"gene149",FALSE,1.003,0.1565,0.055,1.118
"low_count",1,"gene150",FALSE,1.05,0.09396,0.4133,9.583
"low_count",1,"gene151",FALSE,1.241,9.916,0.415,65.81
"low_count",1,"gene152",FALSE,1.376,14.49,0.3867,98.52
"low_count",1,"gene153",FALSE,1.061,1.169,0.525,26.93
"low_count",1,"gene154",FALSE,1.244,8.585,0.255,34.35
"low_count",1,"gene155",FALSE,1.354,14.83,0.2033,39.29
"low_count",1,"gene156",FALSE,1.112,2.393,0.2967,24.88
"low_count",1,"gene157",FALSE,1.136,3.157,0.1017,11.3
"low_count",1,"gene158",FALSE,1.089,1.125,0.1583,7.448
"low_count",1,"gene159",FALSE,1.033,0.3829,0.14,4.522
"low_count",1,"gene160",FALSE,1.233,8.217,0.2967,50.19
"low_count",1,"gene161",FALSE,1.339,10.61,0.1967,36.57
"low_count",1,"gene162",FALSE,1.172,5.597,0.13,21.18
"low_count",1,"gene163",FALSE,1.364,12.46,0.6533,139.4
"low_count",1,"gene164",FALSE,1.264,11.37,0.1233,20.23
"low_count",1,"gene165",FALSE,1.182,4.901,0.5667,69.36
"low_count",1,"gene166",FALSE,0.9713,0.01817,0.1983,1.996
"low_count",1,"gene167",FALSE,1.236,10.39,0.125,35.49
"low_count",1,"gene168",FALSE,0.9171,0.3566,0.1117,2.158
"low_count",1,"gene169",FALSE,1.199,7.581,0.4333,64.99
"low_count",1,"gene170",FALSE,1.05,1.65,0.2467,17.85
"low_count",1,"gene171",FALSE,1.087,1.045,0.225,11.49
"low_count",1,"gene172",FALSE,1.119,4.438,0.1533,16.08
"low_count",1,"gene173",FALSE,1.225,5.567,0.1133,17.55
"low_count",1,"gene174",FALSE,1.175,6.245,0.07167,9.88
"low_count",1,"gene175",FALSE,1.118,2.264,0.5467,41.15
"low_count",1,"gene176",FALSE,1.243,5.58,0.1367,21.95
"low_count",1,"gene177",FALSE,1.055,1.184,0.3567,13.74
"low_count",1,"gene178",FALSE,1.212,3.563,0.1083,13.27
"low_count",1,"gene179",FALSE,1.463,24.18,0.5017,179.9
"low_count",1,"gene180",FALSE,1.19,4.022,0.355,32.68
"low_count",1,"gene181",FALSE,1.185,4.929,0.56,71.16
"low_count",1,"gene182",FALSE,1.096,1.377,0.365,23.4
"low_count",1,"gene183",FALSE,1.039,1.407,0.2067,14.67
"low_count",1,"gene184",FALSE,1.059,0.3139,0.2367,8.24
"low_count",1,"gene185",FALSE,1.221,6.336,0.1183,14.52
"low_count",1,"gene186",FALSE,1.173,5.008,0.5067,51.93
"low_count",1,"gene187",FALSE,0.9143,0.122,0.1017,1.977
"low_count",1,"gene188",FALSE,1.292,10.21,0.1833,35.5
"low_count",1,"gene189",FALSE,1.221,6.242,0.3817,47.06
"low_count",1,"gene190",FALSE,1.011,0.04964,0.3567,3.854
"low_count",1,"gene191",FALSE,1.368,8.172,0.2283,46.4
"low_count",1,"gene192",FALSE,1.093,1.923,0.16,9.243
"low_count",1,"gene193",FALSE,1.184,5.5,0.3183,38.92
"low_count",1,"gene194",FALSE,1.083,1.599,0.375,27.02
"low_count",1,"gene195",FALSE,1.258,9.354,0.425,67.27
"low_count",1,"gene196",FALSE,1.105,0.136,0.145,1.694
"low_count",1,"gene197",FALSE,1.101,1.316,0.2717,15.99
"low_count",1,"gene198",FALSE,1.157,4.207,0.385,42.78
"low_count",1,"gene199",FALSE,1.197,5.541,0.1983,27.04
"low_count",1,"gene200",FALSE,1.083,1.026,0.105,5.302
"low_count",1,"gene201",FALSE,1.234,13.71,0.3017,58.12
"low_count",1,"gene202",FALSE,1.124,3.11,0.115,10.6
"low_count",1,"gene203",FALSE,1.095,2.972,0.17,16.48
"low_count",1,"gene204",FALSE,1.119,1.141,0.2883,15.14
"low_count",1,"gene205",FALSE,1.104,2.414,0.2583,23.73
"low_count",1,"gene206",FALSE,1.152,0.8604,0.1283,7.547
"low_count",1,"gene207",FALSE,1.391,10.49,0.1383,30.68
"low_count",1,"gene208",FALSE,1.164,5.577,0.2767,41.12
"low_count",1,"gene209",FALSE,1.279,8.683,0.35,64.42
"low_count",1,"gene210",FALSE,1.234,7.736,0.1883,23.59
"low_count",1,"gene211",FALSE,0.9992,0.0239,0.2583,1.914
"low_count",1,"gene212",FALSE,1.342,12.68,0.4233,88.02
"low_count",1,"gene213",FALSE,1.098,1.3,0.1683,9.66
"low_count",1,"gene214",FALSE,1.137,3.757,0.3767,35.84
"low_count",1,"gene215",FALSE,1.07,2.223,0.1533,9.153
"low_count",1,"gene216",FALSE,1.119,1.766,0.4367,32.24
"low_count",1,"gene217",FALSE,1.305,12.65,0.33,72.49
"low_count",1,"gene218",FALSE,1.208,7.661,0.3483,55.41
"low_count",1,"gene219",FALSE,1.275,7.026,0.1517,21.02
"low_count",1,"gene220",FALSE,1.23,5.485,0.4833,64.26
"low_count",1,"gene221",FALSE,1.115,0.8396,0.1533,7.229
"low_count",1,"gene222",FALSE,1.037,1.178,0.1817,9.827
"low_count",1,"gene223",FALSE,1.14,1.455,0.1467,7.276
"low_count",1,"gene224",FALSE,1.18,5.091,0.4767,63.68
"low_count",1,"gene225",FALSE,1.187,5.04,0.24,24.81
"low_count",1,"gene226",FALSE,1.276,7.209,0.1517,20.92
"low_count",1,"gene227",FALSE,1.15,2.908,0.2433,19.81
"low_count",1,"gene228",FALSE,1.067,0.8397,0.4833,26.92
"low_count",1,"gene229",FALSE,1.168,5.38,0.155,26.3
"low_count",1,"gene230",FALSE,1.057,0.5808,0.4333,15.86
"low_count",1,"gene231",TRUE,0.9249,-1.104e-06,0.4383,-15.53
"low_count",1,"gene232",FALSE,1.071,1.255,0.13,6.012
"low_count",1,"gene233",FALSE,1.138,0.3669,0.1717,6.289
"low_count",1,"gene234",FALSE,0.9736,0.4701,0.07333,2.386
"low_count",1,"gene235",FALSE,1.09,1.712,0.2383,17.32
"low_count",1,"gene236",FALSE,1.043,1.782,0.12,9.24
"low_count",1,"gene237",FALSE,1.192,5.827,0.21,25.7
"low_count",1,"gene238",FALSE,0.9848,0.08093,0.2633,3.907
"low_count",1,"gene239",FALSE,1.039,1.143,0.09667,5.366
"low_count",1,"gene240",FALSE,1.319,13.54,0.205,43.23
"low_count",1,"gene241",FALSE,1.136,3.587,0.5233,56.82
"low_count",1,"gene242",FALSE,1.255,9.312,0.2333,44.77
"low_count",1,"gene243",FALSE,1.07,0.7716,0.22,10.05
"low_count",1,"gene244",FALSE,1.161,3.03,0.1233,12.85
"low_count",1,"gene245",FALSE,1.375,7.493,0.1317,20.32
"low_count",1,"gene246",FALSE,1.386,7.591,0.11,27.39
"low_count",1,"gene247",FALSE,1.221,4.004,0.1367,17.8
"low_count",1,"gene248",FALSE,1.055,0.3894,0.09667,2.786
"low_count",1,"gene249",FALSE,1.056,1.115,0.495,27.81
"low_count",1,"gene250",FALSE,1.162,1.334,0.425,23.18
"low_count",1,"gene251",FALSE,1.055,0.8345,0.3583,18.48
"low_count",1,"gene252",FALSE,1.166,5.063,0.4867,63.8
"low_count",1,"gene253",FALSE,1.506,18.05,0.2467,67.15
"low_count",1,"gene254",FALSE,1.195,3.86,0.5583,64.34
"low_count",1,"gene255",FALSE,1.078,1.731,0.1633,11.55
"low_count",1,"gene256",FALSE,1.007,0.5247,0.2333,7.96
"low_count",1,"gene257",FALSE,1.033,0.9904,0.2267,11.54
"low_count",1,"gene258",FALSE,1.219,3.168,0.32,35.92
"low_count",1,"gene259",FALSE,1.041,0.01648,0.385,2.05
"low_count",1,"gene260",FALSE,1.223,6.315,0.415,56.13
"low_count",1,"gene261",FALSE,1.1,2.473,0.3367,26.79
"low_count",1,"gene262",FALSE,1.028,0.2288,0.4283,12.53
"low_count",1,"gene263",FALSE,1.334,12.56,0.345,73.27
"low_count",1,"gene264",FALSE,1.055,1.342,0.5767,35.89
"low_count",1,"gene265",FALSE,1.342,14.02,0.3783,72.66
"low_count",1,"gene266",FALSE,1.093,0.3715,0.1617,4.084
"low_count",1,"gene267",FALSE,1.254,6.489,0.1933,31.76
"low_count",1,"gene268",FALSE,1.441,18.11,0.2133,67.28
"low_count",1,"gene269",FALSE,1.13,1.783,0.6167,37.4
"low_count",1,"gene270",FALSE,0.8265,0.02692,0.1,0.4051
"low_count",1,"gene271",FALSE,1.115,4.824,0.32,41.69
"low_count",1,"gene272",FALSE,1.264,5.015,0.09,10.66
"low_count",1,"gene273",FALSE,1.248,9.484,0.3033,66.39
"low_count",1,"gene274",FALSE,1.066,1.567,0.2883,19.86
"low_count",1,"gene275",FALSE,1.179,8.957,0.1,17.12
"low_count",1,"gene276",FALSE,1.079,2.059,0.3667,28.74
"low_count",1,"gene277",FALSE,1.051,1.566,0.1483,11.31
"low_count",1,"gene278",FALSE,1.071,1.268,0.1217,10.13
"low_count",1,"gene279",FALSE,1.214,5.232,0.2567,29.56
"low_count",1,"gene280",FALSE,1.102,3.463,0.28,34.26
"low_count",1,"gene281",FALSE,1.037,0.7322,0.28,11.84
"low_count",1,"gene282",FALSE,1.346,18.49,0.2383,56.87
"low_count",1,"gene283",FALSE,1.066,0.07247,0.1933,1.992
"low_count",1,"gene284",FALSE,1.223,8.938,0.375,71.58
"low_count",1,"gene285",FALSE,0.991,0.9013,0.23,10.45
"low_count",1,"gene286",FALSE,1.101,3.319,0.1817,17.43
"low_count",1,"gene287",FALSE,1.211,9.042,0.42,76.76
"low_count",1,"gene288",FALSE,1.315,14.64,0.5117,106.9
"low_count",1,"gene289",FALSE,1.175,3.522,0.105,14.74
"low_count",1,"gene290",FALSE,1.338,8.083,0.07,14.76
"low_count",1,"gene291",FALSE,1.157,4.891,0.4683,56.71
"low_count",1,"gene292",FALSE,1.129,4.883,0.5833,75.65
"low_count",1,"gene293",FALSE,0.9544,0.1537,0.44,8.808
"low_count",1,"gene294",FALSE,1.064,0.01144,0.3417,1.98
"low_count",1,"gene295",FALSE,1.458,15.44,0.2567,70.62
"low_count",1,"gene296",FALSE,1.125,2.05,0.2133,16.7
"low_count",1,"gene297",FALSE,1.492,24.03,0.5667,170.7
"low_count",1,"gene298",FALSE,1.059,1.127,0.4033,23.24
"low_count",1,"gene299",FALSE,1.254,10.2,0.29,62.55
"low_count",1,"gene300",FALSE,1.108,1.4,0.5917,40.24
"low_count",2,"gene1",FALSE,1.159,7.253,0.5383,45.4
"low_count",2,"gene2",FALSE,1.072,2.613,0.08667,11.21
"low_count",2,"gene3",FALSE,1.174,3.313,0.845,58.43
"low_count",2,"gene4",FALSE,1.322,18.75,0.3633,117.2
"low_count",2,"gene5",FALSE,1.185,6.152,0.1983,14.82
"low_count",2,"gene6",FALSE,1.071,5.872,0.1033,22.42
"low_count",2,"gene7",FALSE,1.234,6.872,0.2883,48.81
"low_count",2,"gene8",FALSE,1.094,2.312,0.3283,37.46
"low_count",2,"gene9",FALSE,0.9805,0.1857,0.1767,2.559
"low_count",2,"gene10",FALSE,1.259,3.887,0.1717,33.15
"low_count",2,"gene11",FALSE,1.074,0.941,0.1717,8.731
"low_count",2,"gene12",FALSE,1.282,7.448,0.085,31.91
"low_count",2,"gene13",FALSE,1.187,6.174,0.7833,83.4
"low_count",2,"gene14",FALSE,1.319,6.082,0.215,52.11
"low_count",2,"gene15",FALSE,1.29,11.48,0.4467,67.7
"low_count",2,"gene16",FALSE,1.218,7.504,0.4117,75.82
"low_count",2,"gene17",FALSE,1.043,1.447,0.1517,6.887
"low_count",2,"gene18",FALSE,1.274,10.81,0.195,54.5
"low_count",2,"gene19",TRUE,0.9259,-9.141e-07,0.36,-9.282
"low_count",2,"gene20",FALSE,0.9514,1.692,0.05667,3.645
"low_count",2,"gene21",FALSE,1.229,6.86,0.26,24.56
"low_count",2,"gene22",FALSE,1.214,7.474,0.165,35.7
"low_count",2,"gene23",FALSE,1.079,1.091,0.585,22.32
"low_count",2,"gene24",FALSE,1.233,6.157,0.08667,17.59
"low_count",2,"gene25",FALSE,1.092,5.36,0.745,73.6
"low_count",2,"gene26",FALSE,1.045,0.7514,0.09167,6.629
"low_count",2,"gene27",FALSE,1.153,3.654,0.505,36.91
"low_count",2,"gene28",FALSE,1.038,0.5236,0.1917,8.51
"low_count",2,"gene29",FALSE,1.25,10.68,0.5817,84.98
"low_count",2,"gene30",FALSE,1.312,14.92,0.1983,61.33
"low_count",2,"gene31",FALSE,1.179,3.91,0.2367,24.73
"low_count",2,"gene32",FALSE,1.04,0.7478,0.1717,7.262
"low_count",2,"gene33",FALSE,1.131,3.132,0.1667,13.96
"low_count",2,"gene34",FALSE,1.102,2.094,0.4617,35.58
"low_count",2,"gene35",FALSE,1.125,1.971,0.1217,9.882
"low_count",2,"gene36",FALSE,1.383,14.54,0.1333,24.19
"low_count",2,"gene37",FALSE,1.313,5.933,0.145,20.2
"low_count",2,"gene38",FALSE,1.06,0.7923,0.2667,12.55
"low_count",2,"gene39",FALSE,1.378,19.28,0.4683,115.7
"low_count",2,"gene40",FALSE,1.146,2.382,0.2417,20.63
"low_count",2,"gene41",FALSE,1.241,6.333,0.2683,38.97
"low_count",2,"gene42",FALSE,1.201,6.401,0.58,94.94
"low_count",2,"gene43",FALSE,1.565,23.31,0.28,112.9
"low_count",2,"gene44",FALSE,1.022,1.699,0.1967,16.07
"low_count",2,"gene45",FALSE,1.224,7.408,0.1717,29.59
"low_count",2,"gene46",TRUE,0.931,-7.632e-07,0.27,-4.79
"low_count",2,"gene47",FALSE,1.181,3.718,0.165,17.43
"low_count",2,"gene48",FALSE,1.118,2.531,0.3267,26.9
"low_count",2,"gene49",FALSE,1.279,9.064,0.3733,70.2
"low_count",2,"gene50",FALSE,1.059,1.174,0.525,25.91
"low_count",2,"gene51",FALSE,1.07,2.11,0.1067,9.107
"low_count",2,"gene52",FALSE,1.124,0.6644,0.1017,5.345
"low_count",2,"gene53",FALSE,1.182,5.422,0.4,51.93
"low_count",2,"gene54",FALSE,1.302,10.67,0.4383,87.65
"low_count",2,"gene55",FALSE,1.145,2.364,0.3083,20.99
"low_count",2,"gene56",FALSE,1.015,1.71,0.09833,7.641
"low_count",2,"gene57",FALSE,1.162,4.184,0.445,48.28
"low_count",2,"gene58",FALSE,1.458,18.87,0.2367,69.55
"low_count",2,"gene59",FALSE,1.09,1.84,0.1283,8.949
"low_count",2,"gene60",FALSE,1.005,0.109,0.265,3.705
"low_count",2,"gene61",FALSE,1.199,6.098,0.1417,19.47
"low_count",2,"gene62",FALSE,1.144,1.875,0.1017,8.528
"low_count",2,"gene63",FALSE,1.156,6.151,0.185,20.61
"low_count",2,"gene64",FALSE,1.403,14.4,0.16,43.98
"low_count",2,"gene65",FALSE,1.233,2.56,0.1167,14.9
"low_count",2,"gene66",FALSE,1.081,1.904,0.2233,17.48
"low_count",2,"gene67",FALSE,1.309,6.581,0.1183,16.91
"low_count",2,"gene68",FALSE,1.136,1.835,0.115,5.774
"low_count",2,"gene69",FALSE,1.229,6.671,0.1567,30.31
"low_count",2,"gene70",FALSE,0.949,0.399,0.2333,5.035
"low_count",2,"gene71",FALSE,1.163,4.17,0.445,55.95
"low_count",2,"gene72",FALSE,1.008,2.537,0.2717,15.74
"low_count",2,"gene73",FALSE,1.088,0.8951,0.1683,8.586
"low_count",2,"gene74",FALSE,1.153,2.249,0.1283,6.641
"low_count",2,"gene75",FALSE,1.281,6.757,0.13,21.38
"low_count",2,"gene76",FALSE,0.9447,0.03087,0.1783,1.182
"low_count",2,"gene77",FALSE,1.225,5.026,0.1383,25.36
"low_count",2,"gene78",FALSE,1.574,29.33,0.1633,65.26
"low_count",2,"gene79",FALSE,1.072,0.7072,0.1483,5.857
"low_count",2,"gene80",FALSE,1.182,4.611,0.165,26.39
"low_count",2,"gene81",FALSE,1.281,9.373,0.3833,59.19
"low_count",2,"gene82",FALSE,1.121,1.475,0.4917,31.64
"low_count",2,"gene83",FALSE,1.237,14.39,0.245,42.01
"low_count",2,"gene84",FALSE,1.095,0.82,0.42,18.76
"low_count",2,"gene85",FALSE,1.088,2.386,0.22,17.64
"low_count",2,"gene86",FALSE,1.152,3.697,0.435,47
"low_count",2,"gene87",FALSE,1.051,1.14,0.135,7.581
"low_count",2,"gene88",FALSE,1.086,1.148,0.2333,14.21
"low_count",2,"gene89",FALSE,1.046,1.002,0.4317,28.28
"low_count",2,"gene90",FALSE,1.068,1.367,0.2083,14.43
"low_count",2,"gene91",FALSE,1.074,1.985,0.5917,41.92
"low_count",2,"gene92",TRUE,0.9588,-5.465e-07,0.1917,-5.289
"low_count",2,"gene93",FALSE,1.247,3.25,0.2333,28.21
"low_count",2,"gene94",FALSE,1.064,1.033,0.3033,15.81
"low_count",2,"gene95",FALSE,1.286,12.61,0.1633,33.8
"low_count",2,"gene96",FALSE,1.176,4.704,0.4667,63.23
"low_count",2,"gene97",FALSE,1.212,5.223,0.215,23.76
"low_count",2,"gene98",FALSE,1.134,3.524,0.295,22.26
"low_count",2,"gene99",FALSE,1.052,2.601,0.1467,15.05
"low_count",2,"gene100",FALSE,1.241,5.573,0.1467,19.55
"low_count",2,"gene101",FALSE,1.241,5.759,0.1567,18.29
"low_count",2,"gene102",FALSE,1.146,2.511,0.175,12.14
"low_count",2,"gene103",FALSE,1.177,4.76,0.275,31.34
"low_count",2,"gene104",FALSE,1.157,1.097,0.4467,22.79
"low_count",2,"gene105",FALSE,1.278,6.646,0.1183,23.54
"low_count",2,"gene106",FALSE,1.507,20.25,0.2783,74.94
"low_count",2,"gene107",TRUE,0.876,-1.005e-05,0.07667,-0.4427
"low_count",2,"gene108",FALSE,1.289,7.767,0.42,74.6
"low_count",2,"gene109",FALSE,1.002,0.2556,0.1983,4.582
"low_count",2,"gene110",FALSE,1.274,7.682,0.2467,46.49
"low_count",2,"gene111",FALSE,1.164,4.191,0.2267,28.44
"low_count",2,"gene112",FALSE,1.133,3.73,0.3633,49.18
"low_count",2,"gene113",FALSE,0.9902,0.001103,0.2483,0.4479
"low_count",2,"gene114",FALSE,1.056,1.04,0.105,3.332
"low_count",2,"gene115",FALSE,1.294,14.67,0.3183,75.56
"low_count",2,"gene116",FALSE,1.83,1.905,0.14,5.223
"low_count",2,"gene117",FALSE,1.408,8.054,0.2183,35.71
"low_count",2,"gene118",FALSE,1.094,2.928,0.21,25.58
"low_count",2,"gene119",FALSE,1.335,15.43,0.3817,109
"low_count",2,"gene120",FALSE,1.275,9.802,0.6333,123.8
"low_count",2,"gene121",FALSE,1.362,10.45,0.095,26.87
"low_count",2,"gene122",FALSE,1.333,10.62,0.3633,78.11
"low_count",2,"gene123",FALSE,1.271,9.371,0.15,31.33
"low_count",2,"gene124",FALSE,1.361,11.86,0.2067,51.64
"low_count",2,"gene125",FALSE,1.011,0.07743,0.2267,3.415
"low_count",2,"gene126",FALSE,1.098,2.871,0.1767,16.92
"low_count",2,"gene127",FALSE,1.414,13.12,0.1933,39.81
"low_count",2,"gene128",FALSE,1.108,6.973,0.34,60.12
"low_count",2,"gene129",FALSE,1.202,9.034,0.4517,79.27
"low_count",2,"gene130",FALSE,1.048,2.719,0.1183,12.54
"low_count",2,"gene131",FALSE,1.16,4.533,0.085,11.13
"low_count",2,"gene132",FALSE,1.495,14.36,0.3283,92.75
"low_count",2,"gene133",FALSE,1.206,5.83,0.12,24.07
"low_count",2,"gene134",FALSE,0.9895,0.4908,0.08667,3.327
"low_count",2,"gene135",FALSE,1.147,2.52,0.1883,15.91
"low_count",2,"gene136",FALSE,0.9895,0.04893,0.5567,6.349
"low_count",2,"gene137",FALSE,1.133,1.828,0.2567,21.21
"low_count",2,"gene138",FALSE,1.038,1.459,0.28,20.16
"low_count",2,"gene139",FALSE,1.202,3.426,0.125,9.222
"low_count",2,"gene140",FALSE,1.201,8.424,0.3217,42.44
"low_count",2,"gene141",FALSE,1.006,0.2807,0.6083,15.21
"low_count",2,"gene142",FALSE,1.123,4.386,0.1033,10.43
"low_count",2,"gene143",FALSE,1.172,2.587,0.1017,8.565
"low_count",2,"gene144",FALSE,1.321,15.63,0.5933,167.8
"low_count",2,"gene145",FALSE,1.34,12.99,0.1933,62.18
"low_count",2,"gene146",FALSE,1.216,6.272,0.1383,18.43
"low_count",2,"gene147",FALSE,1.196,4.928,0.415,41.08
"low_count",2,"gene148",TRUE,0.9713,-3.336e-07,0.06167,-0.8794
"low_count",2,"gene149",FALSE,1.191,2.848,0.11,10.5
"low_count",2,"gene150",FALSE,1.274,9.136,0.56,110.4
"low_count",2,"gene151",FALSE,1.369,14.23,0.1667,38.68
"low_count",2,"gene152",FALSE,1.056,0.3278,0.09167,2.94
"low_count",2,"gene153",FALSE,1.331,13.85,0.5967,132.6
"low_count",2,"gene154",FALSE,1.512,30.25,0.45,183.7
"low_count",2,"gene155",TRUE,0.9355,-2.518e-07,0.08,-0.8627
"low_count",2,"gene156",FALSE,1.011,0.2496,0.2333,6.101
"low_count",2,"gene157",TRUE,1.039,-9.225e-06,0.2383,-0.4054
"low_count",2,"gene158",FALSE,1.232,6.758,0.22,33.92
"low_count",2,"gene159",FALSE,1.052,1.235,0.1167,5.828
"low_count",2,"gene160",FALSE,1.418,9.517,0.105,17.52
"low_count",2,"gene161",FALSE,1.026,0.6136,0.205,7.959
"low_count",2,"gene162",FALSE,1.134,4.021,0.1233,12.65
"low_count",2,"gene163",FALSE,1.16,2.4,0.1217,12.81
"low_count",2,"gene164",FALSE,1.148,6.644,0.1133,25.85
"low_count",2,"gene165",FALSE,1.167,4.932,0.46,72.73
"low_count",2,"gene166",FALSE,1.227,12.21,0.135,35.97
"low_count",2,"gene167",FALSE,1.156,10.51,0.1117,24.95
"low_count",2,"gene168",FALSE,1.106,1.762,0.19,16.78
"low_count",2,"gene169",FALSE,1.254,4.024,0.1467,15.56
"low_count",2,"gene170",FALSE,1.046,0.3222,0.585,18.63
"low_count",2,"gene171",FALSE,1.069,1.106,0.2583,15.61
"low_count",2,"gene172",FALSE,1.409,18.19,0.245,81.08
"low_count",2,"gene173",FALSE,1.197,11.79,0.51,103.6
"low_count",2,"gene174",FALSE,1.245,6.713,0.1567,21.81
"low_count",2,"gene175",FALSE,1.138,3.517,0.08667,13.09
"low_count",2,"gene176",FALSE,1.115,2.179,0.4833,39.5
"low_count",2,"gene177",FALSE,1.082,3.434,0.2867,24.77
"low_count",2,"gene178",FALSE,1.46,21.04,0.255,75.64
"low_count",2,"gene179",FALSE,1.235,5.315,0.1217,20.66
"low_count",2,"gene180",FALSE,1.25,2.412,0.115,10.13
"low_count",2,"gene181",FALSE,1.172,4.275,0.4233,47.83
"low_count",2,"gene182",FALSE,1.093,3.114,0.4733,48.74
"low_count",2,"gene183",FALSE,1.195,3.949,0.2517,20.52
"low_count",2,"gene184",FALSE,1.254,10.45,0.2933,46.8
"low_count",2,"gene185",FALSE,1.08,1.251,0.1767,7.617
"low_count",2,"gene186",FALSE,0.9573,0.00248,0.175,0.372
"low_count",2,"gene187",FALSE,1.343,10.08,0.245,50.08
"low_count",2,"gene188",FALSE,1.14,3.998,0.5117,62.42
"low_count",2,"gene189",FALSE,1.249,6.618,0.1983,25.17
"low_count",2,"gene190",FALSE,1.224,4.03,0.1117,10.26
"low_count",2,"gene191",FALSE,1.26,6.698,0.1167,14.15
"low_count",2,"gene192",FALSE,1.079,0.03543,0.23,1.934
"low_count",2,"gene193",FALSE,1.175,4.039,0.1033,13.7
"low_count",2,"gene194",TRUE,0.9711,-4.278e-07,0.1433,-1.341
"low_count",2,"gene195",FALSE,0.9828,0.006792,0.375,1.786
"low_count",2,"gene196",TRUE,0.9191,3.555e-08,0.1233,-1.977
"low_count",2,"gene197",TRUE,0.9875,-6.028e-05,0.5117,-2.654
"low_count",2,"gene198",FALSE,1.188,4.135,0.485,60.24
"low_count",2,"gene199",TRUE,1.018,-3.037e-05,0.1017,-1.338
"low_count",2,"gene200",FALSE,1.465,21.86,0.6283,226.4
"low_count",2,"gene201",FALSE,1.158,5.586,0.475,66.33
"low_count",2,"gene202",FALSE,1.176,6.885,0.2933,54.27
"low_count",2,"gene203",FALSE,1.18,2.981,0.1567,19.81
"low_count",2,"gene204",FALSE,1.139,3.036,0.32,30.73
"low_count",2,"gene205",FALSE,1.087,1.817,0.1117,10.4
"low_count",2,"gene206",FALSE,0.8531,0.5866,0.05833,1.076
"low_count",2,"gene207",FALSE,1.199,5.522,0.19,25.9
"low_count",2,"gene208",FALSE,1.132,7.501,0.2267,38.74
"low_count",2,"gene209",FALSE,1.188,1.446,0.05833,4.463
"low_count",2,"gene210",FALSE,1.04,1.665,0.1483,8.559
"low_count",2,"gene211",FALSE,1.249,6.208,0.1267,17.12
"low_count",2,"gene212",FALSE,1.389,12.57,0.1283,31.18
"low_count",2,"gene213",FALSE,1.036,0.627,0.3217,15.14
"low_count",2,"gene214",FALSE,1.15,4.302,0.3817,41.63
"low_count",2,"gene215",FALSE,1.261,10.8,0.4567,97.11
"low_count",2,"gene216",FALSE,1.457,15.18,0.1133,27.04
"low_count",2,"gene217",FALSE,1.123,3.265,0.4917,43.24
"low_count",2,"gene218",FALSE,1.228,6.179,0.13,15.84
"low_count",2,"gene219",FALSE,1.136,1.806,0.1383,9.351
"low_count",2,"gene220",TRUE,0.9677,-4.615e-07,0.2617,-1.047
"low_count",2,"gene221",FALSE,1.372,10.92,0.1,24.49
"low_count",2,"gene222",FALSE,1.128,3.65,0.4083,46.5
"low_count",2,"gene223",FALSE,0.9907,1.233,0.125,7
"low_count",2,"gene224",FALSE,1.197,5.69,0.4733,80.66
"low_count",2,"gene225",FALSE,1.219,6.789,0.07167,11.5
"low_count",2,"gene226",FALSE,1.35,13.11,0.1733,45.43
"low_count",2,"gene227",FALSE,1.177,2.5,0.4117,40.03
"low_count",2,"gene228",FALSE,1.173,5.344,0.5933,77.53
"low_count",2,"gene229",FALSE,1.258,4.958,0.3017,39.2
"low_count",2,"gene230",FALSE,1.005,0.08678,0.17,2.776
"low_count",2,"gene231",FALSE,1.069,1.014,0.6017,30.61
"low_count",2,"gene232",FALSE,1.389,15.58,0.35,89.04
"low_count",2,"gene233",FALSE,1.249,8.39,0.14,31.48
"low_count",2,"gene234",FALSE,1.112,3.725,0.6633,66.92
"low_count",2,"gene235",FALSE,1.288,11.58,0.405,85.6
"low_count",2,"gene236",FALSE,1.15,2.679,0.1217,10.26
"low_count",2,"gene237",FALSE,1.2,1.836,0.06333,3.329
"low_count",2,"gene238",FALSE,1.067,1.751,0.09667,8.058
"low_count",2,"gene239",FALSE,1.316,8.895,0.2,35.76
"low_count",2,"gene240",FALSE,1.235,10.71,0.3983,71.93
"low_count",2,"gene241",FALSE,1.156,6.659,0.16,34.8
"low_count",2,"gene242",FALSE,1.226,7.129,0.1217,16.05
"low_count",2,"gene243",FALSE,1.212,4.586,0.235,29
"low_count",2,"gene244",FALSE,1.139,2.005,0.3333,25.08
"low_count",2,"gene245",FALSE,1.008,0.4798,0.2083,8.047
"low_count",2,"gene246",FALSE,1.096,1.124,0.2717,13.89
"low_count",2,"gene247",FALSE,1.315,11.81,0.3067,64.92
"low_count",2,"gene248",FALSE,1.037,0.03792,0.1717,2.069
"low_count",2,"gene249",TRUE,1.041,-2.238e-07,0.4433,-0.3675
"low_count",2,"gene250",FALSE,1.332,14.59,0.535,121
"low_count",2,"gene251",FALSE,1.269,4.592,0.34,36.04
"low_count",2,"gene252",FALSE,1.184,4.11,0.1267,26.25
"low_count",2,"gene253",FALSE,1.237,10.82,0.1167,22.93
"low_count",2,"gene254",FALSE,1.037,0.5608,0.1717,6.469
"low_count",2,"gene255",FALSE,1.018,0.5929,0.2817,10.98
"low_count",2,"gene256",FALSE,1.151,4.093,0.14,15.47
"low_count",2,"gene257",FALSE,1.18,4.967,0.46,61.32
"low_count",2,"gene258",FALSE,1.146,3.652,0.1733,19.21
"low_count",2,"gene259",FALSE,1.43,18.82,0.4983,107.3
"low_count",2,"gene260",FALSE,1.113,2.136,0.4183,37.98
"low_count",2,"gene261",FALSE,1.142,5.596,0.3167,38.22
"low_count",2,"gene262",FALSE,1.056,0.7129,0.4783,18.61
"low_count",2,"gene263",FALSE,1.279,3.744,0.1267,9.613
"low_count",2,"gene264",FALSE,1.106,2.544,0.08167,6.135
"low_count",2,"gene265",FALSE,1.068,0.6592,0.1717,6.311
"low_count",2,"gene266",FALSE,1.195,4.696,0.2367,34.28
"low_count",2,"gene267",FALSE,1.033,0.3805,0.2667,6.912
"low_count",2,"gene268",FALSE,1.285,7.466,0.2367,32.91
"low_count",2,"gene269",FALSE,1.351,13.58,0.2633,63.88
"low_count",2,"gene270",FALSE,1.126,3.237,0.3917,34.58
"low_count",2,"gene271",FALSE,1.011,0.2338,0.2917,8.104
"low_count",2,"gene272",FALSE,1.028,0.7267,0.135,8.39
"low_count",2,"gene273",FALSE,1.186,9.389,0.1367,27.74
"low_count",2,"gene274",FALSE,1.165,9.106,0.1783,31.58
"low_count",2,"gene275",FALSE,1.157,3.606,0.09167,9.617
"low_count",2,"gene276",FALSE,1.109,6.815,0.1717,20.81
"low_count",2,"gene277",FALSE,1.288,6.992,0.1,13.53
"low_count",2,"gene278",FALSE,1.042,0.5439,0.125,4.532
"low_count",2,"gene279",FALSE,1.117,4.313,0.27,33.77
"low_count",2,"gene280",FALSE,1.192,9.053,0.6083,121.1
"low_count",2,"gene281",FALSE,1.279,10.18,0.43,72.25
"low_count",2,"gene282",FALSE,1.099,1.339,0.16,12.57
"low_count",2,"gene283",FALSE,1.24,8.859,0.16,19.71
"low_count",2,"gene284",FALSE,1.083,4.096,0.135,15.7
"low_count",2,"gene285",FALSE,1.189,2.173,0.275,18.94
"low_count",2,"gene286",FALSE,1.087,1.376,0.5283,32.74
"low_count",2,"gene287",FALSE,1.354,14.68,0.4083,110.4
"low_count",2,"gene288",FALSE,1.062,2.621,0.255,26.86
"low_count",2,"gene289",FALSE,1.28,9.333,0.3333,61.17
"low_count",2,"gene290",FALSE,1.119,3.027,0.4967,39.72
"low_count",2,"gene291",FALSE,1.354,12.19,0.5017,105.8
"low_count",2,"gene292",FALSE,1.349,14.94,0.1983,64.73
"low_count",2,"gene293",FALSE,1.338,9.199,0.3433,72.2
"low_count",2,"gene294",TRUE,0.9294,-6.501e-07,0.1317,-2.082
"low_count",2,"gene295",FALSE,1.084,2.492,0.3133,25.22
"low_count",2,"gene296",FALSE,0.9483,3.281,0.09,5.006
"low_count",2,"gene297",FALSE,1.185,4.526,0.25,26.66
"low_count",2,"gene298",FALSE,1.154,2.874,0.1283,9.888
"low_count",2,"gene299",FALSE,1.185,5.571,0.305,39.79
"low_count",2,"gene300",FALSE,1.236,11.85,0.4583,83.14
"low_count",3,"gene1",FALSE,1.24,10.35,0.875,125.6
"low_count",3,"gene2",FALSE,1.468,19.84,0.17,90.07
"low_count",3,"gene3",FALSE,1.026,0.329,0.7933,15.56
"low_count",3,"gene4",FALSE,1.071,0.8483,0.07,3.999
"low_count",3,"gene5",FALSE,1.13,4.764,0.2067,19.05
"low_count",3,"gene6",FALSE,1.245,8.298,0.46,96.21
"low_count",3,"gene7",FALSE,1.147,2.317,0.1617,5.506
"low_count",3,"gene8",FALSE,1.276,7.856,0.28,75.69
"low_count",3,"gene9",FALSE,1.029,0.3255,0.34,5.536
"low_count",3,"gene10",FALSE,1.109,1.624,0.2317,18.22
"low_count",3,"gene11",FALSE,1.01,0.4807,0.67,20.17
"low_count",3,"gene12",FALSE,1.062,0.6612,0.085,5.45
"low_count",3,"gene13",FALSE,1.056,3.241,0.1317,11.43
"low_count",3,"gene14",FALSE,1.176,5.037,0.24,48.41
"low_count",3,"gene15",FALSE,1.284,9.358,0.2067,31.36
"low_count",3,"gene16",FALSE,1.256,9.089,0.265,55.87
"low_count",3,"gene17",FALSE,1.289,12.67,0.3617,58.2
"low_count",3,"gene18",FALSE,0.9812,0.2653,0.07167,1.693
"low_count",3,"gene19",FALSE,1.394,15.34,0.5317,92.55
"low_count",3,"gene20",FALSE,1.162,6.258,0.1917,40.09
"low_count",3,"gene21",FALSE,1.322,8.806,0.195,35.7
"low_count",3,"gene22",FALSE,1.34,12.46,0.4367,111.6
"low_count",3,"gene23",FALSE,1.195,6.498,0.3683,38.45
"low_count",3,"gene24",FALSE,1.041,0.1224,0.1683,3.3
"low_count",3,"gene25",FALSE,1.206,6.011,0.1667,10.95
"low_count",3,"gene26",FALSE,1.272,10.01,0.4783,113.4
"low_count",3,"gene27",FALSE,1.238,6.162,0.3283,30.38
"low_count",3,"gene28",FALSE,1.023,0.9098,0.1133,6.069
"low_count",3,"gene29",FALSE,1.226,9.715,0.195,30.48
"low_count",3,"gene30",FALSE,0.9492,0.06202,0.075,0.6823
"low_count",3,"gene31",FALSE,1.052,0.5265,0.155,5.159
"low_count",3,"gene32",FALSE,1.193,5.686,0.195,22.73
"low_count",3,"gene33",FALSE,1.248,10.45,0.5283,114.2
"low_count",3,"gene34",FALSE,1.384,17.91,0.1,22.79
"low_count",3,"gene35",FALSE,1.196,6.981,0.2283,34.76
"low_count",3,"gene36",FALSE,1.14,3.392,0.2617,30.79
"low_count",3,"gene37",FALSE,1.071,2.956,0.8017,71.14
"low_count",3,"gene38",FALSE,1.049,3.028,0.19,16.26
"low_count",3,"gene39",FALSE,1.017,1.241,0.1367,8.343
"low_count",3,"gene40",FALSE,1.414,16.91,0.1533,43.57
"low_count",3,"gene41",FALSE,1.072,0.6585,0.2567,11.2
"low_count",3,"gene42",FALSE,1.022,0.1706,0.1217,2.159
"low_count",3,"gene43",FALSE,1.146,4.368,0.3983,54.64
"low_count",3,"gene44",FALSE,1.297,6.253,0.08333,12.57
"low_count",3,"gene45",FALSE,1.114,3.816,0.54,59.55
"low_count",3,"gene46",FALSE,1.096,3.127,0.105,9.627
"low_count",3,"gene47",TRUE,0.9438,-4.402e-07,0.1783,-1.699
"low_count",3,"gene48",FALSE,1.115,0.07504,0.1133,1.472
"low_count",3,"gene49",FALSE,1.096,1.394,0.1967,9.91
"low_count",3,"gene50",FALSE,1.326,12.75,0.5183,116.8
"low_count",3,"gene51",FALSE,1.488,16.14,0.1633,52.93
"low_count",3,"gene52",FALSE,1.097,2.352,0.2367,22.34
"low_count",3,"gene53",FALSE,1.217,8.364,0.17,31.71
"low_count",3,"gene54",FALSE,1.133,7.197,0.1667,22.31
"low_count",3,"gene55",FALSE,1.021,0.2595,0.615,17.39
"low_count",3,"gene56",FALSE,1.287,4.283,0.395,39.16
"low_count",3,"gene57",FALSE,1.336,13.17,0.3917,91.04
"low_count",3,"gene58",FALSE,1.4,22.01,0.37,118.3
"low_count",3,"gene59",FALSE,1.108,4.584,0.09333,14.46
"low_count",3,"gene60",FALSE,1.042,1.879,0.2217,16.92
"low_count",3,"gene61",FALSE,1.091,1.362,0.42,22.31
"low_count",3,"gene62",FALSE,1.252,8.168,0.2333,37.12
"low_count",3,"gene63",FALSE,1.096,0.3471,0.09333,1.706
"low_count",3,"gene64",FALSE,1.056,1.225,0.4217,26.28
"low_count",3,"gene65",FALSE,1.178,3.819,0.2967,31.7
"low_count",3,"gene66",FALSE,1.196,5.604,0.08167,14.01
"low_count",3,"gene67",FALSE,1.203,5.164,0.4417,47.88
"low_count",3,"gene68",TRUE,0.9975,-6.356e-07,0.115,-1.89
"low_count",3,"gene69",FALSE,1.3,13.23,0.2233,51.12
"low_count",3,"gene70",FALSE,1.111,4.305,0.565,50.06
"low_count",3,"gene71",FALSE,1.005,0.5504,0.1617,5.878
"low_count",3,"gene72",FALSE,1.175,4.813,0.2,27.9
"low_count",3,"gene73",FALSE,1.338,11.99,0.37,67.22
"low_count",3,"gene74",FALSE,1.11,2.235,0.115,9.585
"low_count",3,"gene75",FALSE,1.296,9.634,0.2433,52.39
"low_count",3,"gene76",FALSE,1.038,1.849,0.1183,9.381
"low_count",3,"gene77",FALSE,1.037,0.3393,0.1,3.037
"low_count",3,"gene78",FALSE,1.29,10.02,0.23,42.98
"low_count",3,"gene79",FALSE,1.25,7.877,0.1333,31.81
"low_count",3,"gene80",FALSE,1.161,3.977,0.2517,27.45
"low_count",3,"gene81",FALSE,1.387,10.53,0.2583,56.4
"low_count",3,"gene82",FALSE,1.123,1.474,0.1517,7.119
"low_count",3,"gene83",FALSE,1.212,6.943,0.2333,33.28
"low_count",3,"gene84",FALSE,0.9881,0.6164,0.3533,19.33
"low_count",3,"gene85",FALSE,1.316,14.06,0.455,107.1
"low_count",3,"gene86",FALSE,1.098,1.963,0.1833,15.64
"low_count",3,"gene87",FALSE,1.051,1.107,0.3617,16.83
"low_count",3,"gene88",FALSE,1.017,0.9161,0.4783,29.09
"low_count",3,"gene89",FALSE,1.292,10.59,0.3383,66.97
"low_count",3,"gene90",FALSE,1.01,1.144,0.2,11.29
"low_count",3,"gene91",FALSE,1.112,2.426,0.2683,24.59
"low_count",3,"gene92",FALSE,1.289,7.599,0.1183,11.31
"low_count",3,"gene93",FALSE,1.073,3.018,0.1233,10.45
"low_count",3,"gene94",FALSE,1.076,2.609,0.095,7.242
"low_count",3,"gene95",FALSE,1.163,4.925,0.105,12.58
"low_count",3,"gene96",FALSE,1.134,3.43,0.2967,32.25
"low_count",3,"gene97",FALSE,1.18,6.757,0.155,23.48
"low_count",3,"gene98",FALSE,1.1,2.907,0.2783,21.33
"low_count",3,"gene99",FALSE,1.052,2.376,0.1717,14.93
"low_count",3,"gene100",FALSE,1.107,7.062,0.1717,14.88
"low_count",3,"gene101",FALSE,1.145,4.346,0.555,67.26
"low_count",3,"gene102",FALSE,1.177,5.998,0.2017,27.79
"low_count",3,"gene103",FALSE,1.012,0.6807,0.105,4.942
"low_count",3,"gene104",FALSE,1.04,0.8448,0.345,11.48
"low_count",3,"gene105",FALSE,1.2,6.678,0.525,78.45
"low_count",3,"gene106",FALSE,1.029,0.5327,0.1033,3.588
"low_count",3,"gene107",FALSE,1.28,8.231,0.4967,87.53
"low_count",3,"gene108",FALSE,1.302,12.83,0.5717,127.5
"low_count",3,"gene109",FALSE,1.196,5.591,0.26,30.78
"low_count",3,"gene110",FALSE,1.155,1.898,0.4433,30.75
"low_count",3,"gene111",FALSE,1.042,2.516,0.3117,23.86
"low_count",3,"gene112",FALSE,1.194,5.016,0.5983,74.39
"low_count",3,"gene113",FALSE,1.035,1.662,0.165,11.57
"low_count",3,"gene114",FALSE,1.234,3.718,0.1117,14.25
"low_count",3,"gene115",FALSE,1.116,1.926,0.605,45.92
"low_count",3,"gene116",FALSE,1.087,2.877,0.7683,72.08
"low_count",3,"gene117",FALSE,1.115,2.287,0.1933,20.25
"low_count",3,"gene118",FALSE,1.066,0.9483,0.1783,9.904
"low_count",3,"gene119",FALSE,1.162,6.362,0.1617,19
"low_count",3,"gene120",FALSE,1.551,19.11,0.1183,46.76
"low_count",3,"gene121",FALSE,1.267,10.82,0.5433,97.39
"low_count",3,"gene122",FALSE,1.034,3.044,0.1583,16.37
"low_count",3,"gene123",FALSE,0.9862,0.5328,0.135,4.986
"low_count",3,"gene124",FALSE,1.444,13.98,0.5517,140.2
"low_count",3,"gene125",FALSE,1.103,6.859,0.1967,36.25
"low_count",3,"gene126",FALSE,1.168,6.385,0.2833,37.16
"low_count",3,"gene127",FALSE,1.257,10.59,0.3433,83.09
"low_count",3,"gene128",FALSE,1.295,10.77,0.535,90.97
"low_count",3,"gene129",FALSE,1.114,2.835,0.5233,47.72
"low_count",3,"gene130",FALSE,1.075,1.502,0.6217,36.36
"low_count",3,"gene131",FALSE,1.284,11.05,0.6367,149.6
"low_count",3,"gene132",FALSE,1.099,2.064,0.2167,16.93
"low_count",3,"gene133",FALSE,1.059,0.9051,0.17,7.535
"low_count",3,"gene134",FALSE,1.359,18.68,0.2017,48.8
"low_count",3,"gene135",FALSE,1.079,2.778,0.2467,31.72
"low_count",3,"gene136",FALSE,1.334,11.24,0.1433,30.07
"low_count",3,"gene137",FALSE,1.128,2.662,0.4033,36.35
"low_count",3,"gene138",FALSE,1.035,1.962,0.07167,4.817
"low_count",3,"gene139",FALSE,1.069,2.144,0.6633,53.56
"low_count",3,"gene140",FALSE,1.195,3.229,0.4417,37.25
"low_count",3,"gene141",FALSE,1.214,5.844,0.1667,29.4
"low_count",3,"gene142",FALSE,0.9731,0.3718,0.1367,4.449
"low_count",3,"gene143",FALSE,1.193,9.608,0.3567,53.58
"low_count",3,"gene144",FALSE,1.159,2.902,0.4483,39.58
"low_count",3,"gene145",FALSE,1.236,5.534,0.5183,66.29
"low_count",3,"gene146",FALSE,1.09,4.406,0.555,77.1
"low_count",3,"gene147",FALSE,1.216,6.887,0.135,29.97
"low_count",3,"gene148",FALSE,1.108,1.787,0.09,6.063
"low_count",3,"gene149",FALSE,1.213,6.916,0.5333,90.81
"low_count",3,"gene150",FALSE,1.102,4.864,0.1567,19.2
"low_count",3,"gene151",FALSE,1.262,6.674,0.2883,27.63
"low_count",3,"gene152",FALSE,1.11,1.515,0.12,8.507
"low_count",3,"gene153",FALSE,1.333,8.343,0.115,14.49
"low_count",3,"gene154",FALSE,1.15,3.806,0.2917,35.94
"low_count",3,"gene155",FALSE,1.1,1.589,0.1517,10.67
"low_count",3,"gene156",FALSE,1.166,4.881,0.7117,84.65
"low_count",3,"gene157",FALSE,1.038,0.9361,0.5567,27.42
"low_count",3,"gene158",FALSE,1.074,0.876,0.4733,24.23
"low_count",3,"gene159",FALSE,1.067,0.7625,0.255,13.06
"low_count",3,"gene160",FALSE,1.081,1.704,0.5067,37.82
"low_count",3,"gene161",FALSE,1.168,4.854,0.485,56.41
"low_count",3,"gene162",FALSE,1.157,4.733,0.275,28.39
"low_count",3,"gene163",FALSE,1.193,5.269,0.435,45.39
"low_count",3,"gene164",FALSE,1.163,3.518,0.235,21.72
"low_count",3,"gene165",FALSE,1.304,13.11,0.4233,78.83
"low_count",3,"gene166",FALSE,1.142,4.492,0.275,27.33
"low_count",3,"gene167",FALSE,1.131,2.673,0.4767,46.51
"low_count",3,"gene168",FALSE,1.105,2.192,0.6383,54.96
"low_count",3,"gene169",FALSE,0.9949,0.2105,0.12,2.031
"low_count",3,"gene170",FALSE,1.09,1.405,0.11,7.763
"low_count",3,"gene171",FALSE,1.147,3.583,0.13,12.29
"low_count",3,"gene172",FALSE,1.202,5.256,0.6133,78.21
"low_count",3,"gene173",FALSE,0.9923,0.2891,0.3517,7.924
"low_count",3,"gene174",FALSE,1.073,1.117,0.1967,9.468
"low_count",3,"gene175",FALSE,1.278,8.201,0.185,24.12
"low_count",3,"gene176",FALSE,1.206,3.842,0.07167,7.757
"low_count",3,"gene177",FALSE,1.145,4.891,0.145,20.36
"low_count",3,"gene178",FALSE,1.134,3.16,0.3,33.22
"low_count",3,"gene179",FALSE,1.03,1.384,0.2783,11.45
"low_count",3,"gene180",FALSE,1.167,5.33,0.505,61.22
"low_count",3,"gene181",FALSE,1.147,8.134,0.1483,15.57
"low_count",3,"gene182",FALSE,1.047,2.171,0.2383,16.54
"low_count",3,"gene183",FALSE,1.208,5.704,0.1083,14.56
"low_count",3,"gene184",FALSE,1.162,3.952,0.4367,43.95
"low_count",3,"gene185",FALSE,1.173,6.632,0.1383,23.47
"low_count",3,"gene186",FALSE,1.177,4.123,0.15,26.98
"low_count",3,"gene187",FALSE,1.043,0.9388,0.3517,19.13
"low_count",3,"gene188",FALSE,1.132,4.182,0.1267,13.25
"low_count",3,"gene189",FALSE,1.368,11.67,0.2283,42.97
"low_count",3,"gene190",FALSE,1.222,6.498,0.3417,51.13
"low_count",3,"gene191",FALSE,1.323,14.56,0.32,83.43
"low_count",3,"gene192",FALSE,1.156,4.83,0.155,18.88
"low_count",3,"gene193",FALSE,1.13,2.767,0.5033,45.58
"low_count",3,"gene194",FALSE,0.9308,0.4152,0.09833,4.535
"low_count",3,"gene195",FALSE,1.213,5.04,0.1283,19.05
"low_count",3,"gene196",FALSE,1.159,3.3,0.285,24.19
"low_count",3,"gene197",FALSE,1.028,0.4429,0.6683,23.16
"low_count",3,"gene198",FALSE,1.455,20.63,0.375,109.8
"low_count",3,"gene199",FALSE,1.049,1.953,0.175,9.86
"low_count",3,"gene200",FALSE,1.036,1.294,0.485,35.5
"low_count",3,"gene201",FALSE,1.2,6.754,0.1383,24.03
"low_count",3,"gene202",FALSE,1.102,2.604,0.1567,16.15
"low_count",3,"gene203",FALSE,1.15,1.606,0.1283,5.62
"low_count",3,"gene204",FALSE,1.413,13.98,0.2933,70.73
"low_count",3,"gene205",FALSE,1.199,1.425,0.2617,16.13
"low_count",3,"gene206",FALSE,1.256,7.031,0.29,42.15
"low_count",3,"gene207",FALSE,1.568,11.84,0.1033,36.06
"low_count",3,"gene208",FALSE,1.105,2.131,0.1983,11.01
"low_count",3,"gene209",FALSE,1.487,12.03,0.09833,18.46
"low_count",3,"gene210",FALSE,1.264,9.196,0.1883,43.43
"low_count",3,"gene211",FALSE,1.073,0.8081,0.4383,19.6
"low_count",3,"gene212",FALSE,1.135,4.919,0.4733,72.24
"low_count",3,"gene213",FALSE,1.062,0.7645,0.465,21.31
"low_count",3,"gene214",FALSE,1.191,4.003,0.3883,43.9
"low_count",3,"gene215",FALSE,1.036,0.3682,0.5,13.46
"low_count",3,"gene216",FALSE,1.278,4.709,0.1267,8.355
"low_count",3,"gene217",FALSE,1.158,5.44,0.09333,6.641
"low_count",3,"gene218",FALSE,1.245,8.341,0.5683,109.4
"low_count",3,"gene219",FALSE,1.138,1.655,0.085,4.869
"low_count",3,"gene220",FALSE,1.123,4.476,0.455,55.78
"low_count",3,"gene221",TRUE,0.9392,-2.574e-07,0.08,-1.192
"low_count",3,"gene222",FALSE,0.9869,0.1045,0.1067,1.83
"low_count",3,"gene223",FALSE,1.095,1.793,0.6267,42.18
"low_count",3,"gene224",FALSE,1.125,2.964,0.3983,38.45
"low_count",3,"gene225",FALSE,1.43,13.15,0.1233,26.1
"low_count",3,"gene226",FALSE,1.258,11.98,0.5633,96.48
"low_count",3,"gene227",FALSE,1.318,8.159,0.08167,18.23
"low_count",3,"gene228",FALSE,1.233,5.347,0.1667,17.01
"low_count",3,"gene229",FALSE,1.095,3.636,0.275,25.78
"low_count",3,"gene230",FALSE,1.179,5.12,0.1533,22.98
"low_count",3,"gene231",FALSE,1.148,5.066,0.4767,53.49
"low_count",3,"gene232",FALSE,0.9773,3.357,0.05833,5.618
"low_count",3,"gene233",FALSE,1.283,8.926,0.185,29.14
"low_count",3,"gene234",FALSE,1.173,4.495,0.2917,33.73
"low_count",3,"gene235",FALSE,1.28,8.542,0.1817,38.41
"low_count",3,"gene236",FALSE,1.119,4.256,0.4333,51.37
"low_count",3,"gene237",FALSE,1.143,7.041,0.315,45.55
"low_count",3,"gene238",FALSE,1.157,3.306,0.1083,15.99
"low_count",3,"gene239",FALSE,1.085,1.045,0.155,7.694
"low_count",3,"gene240",FALSE,1.095,1.756,0.1,8.549
"low_count",3,"gene241",FALSE,0.9685,0.1519,0.1967,3.666
"low_count",3,"gene242",FALSE,1.082,3.491,0.2817,24.1
"low_count",3,"gene243",FALSE,1.108,3.099,0.3,27.52
"low_count",3,"gene244",FALSE,1.25,9.969,0.23,45.07
"low_count",3,"gene245",FALSE,1.061,1.885,0.125,8.516
"low_count",3,"gene246",FALSE,1.303,11.8,0.5717,109.4
"low_count",3,"gene247",FALSE,1.25,8.441,0.2233,34.62
"low_count",3,"gene248",FALSE,1.067,1.369,0.2333,14.75
"low_count",3,"gene249",FALSE,1.314,10.5,0.095,14.97
"low_count",3,"gene250",FALSE,1.399,23.01,0.395,130.6
"low_count",3,"gene251",FALSE,1.206,5.024,0.2183,33.64
"low_count",3,"gene252",FALSE,1.27,10.75,0.1717,41.55
"low_count",3,"gene253",FALSE,1.028,0.6381,0.125,4.092
"low_count",3,"gene254",FALSE,1.182,8.114,0.1983,32.69
"low_count",3,"gene255",FALSE,1.29,10.68,0.135,25.75
"low_count",3,"gene256",FALSE,1.084,6.238,0.2183,31.48
"low_count",3,"gene257",FALSE,1.003,1.567,0.105,9.568
"low_count",3,"gene258",FALSE,1.146,8.838,0.3967,63.99
"low_count",3,"gene259",FALSE,1.197,5.416,0.3767,51.36
"low_count",3,"gene260",FALSE,1.033,0.567,0.1133,5.573
"low_count",3,"gene261",FALSE,1.01,0.2955,0.3333,11.69
"low_count",3,"gene262",FALSE,1.106,3.773,0.1717,13.48
"low_count",3,"gene263",FALSE,1.174,6.467,0.2667,40.67
"low_count",3,"gene264",FALSE,1.293,11,0.46,87.01
"low_count",3,"gene265",FALSE,1.118,1.646,0.4517,27.41
"low_count",3,"gene266",FALSE,1.253,5.963,0.445,48.15
"low_count",3,"gene267",FALSE,1.037,0.08183,0.225,3.605
"low_count",3,"gene268",FALSE,1.412,17.42,0.5983,156.3
"low_count",3,"gene269",FALSE,1.388,11.92,0.1833,42.27
"low_count",3,"gene270",FALSE,1.325,12.82,0.2367,59.01
"low_count",3,"gene271",FALSE,1.103,2.551,0.2133,25.3
"low_count",3,"gene272",FALSE,1.187,5.661,0.4683,46.49
"low_count",3,"gene273",FALSE,1.232,8.249,0.34,67.06
"low_count",3,"gene274",FALSE,1.048,1.116,0.2367,13.72
"low_count",3,"gene275",FALSE,1.035,1.493,0.325,19.8
"low_count",3,"gene276",FALSE,1.371,14.31,0.27,60.75
"low_count",3,"gene277",FALSE,1.073,0.5761,0.4867,20.43
"low_count",3,"gene278",FALSE,1.198,4.219,0.2583,28.76
"low_count",3,"gene279",FALSE,1.046,0.8085,0.175,7.211
"low_count",3,"gene280",FALSE,1.188,8.26,0.5833,101
"low_count",3,"gene281",FALSE,1.339,12.82,0.3233,81.91
"low_count",3,"gene282",FALSE,1.318,10.98,0.2767,78.48
"low_count",3,"gene283",FALSE,1.345,18.1,0.4317,120.1
"low_count",3,"gene284",FALSE,1.138,2.284,0.41,35.99
"low_count",3,"gene285",FALSE,1.064,2.626,0.3533,31.05
"low_count",3,"gene286",FALSE,1.281,8.825,0.4217,80.43
"low_count",3,"gene287",FALSE,1.347,11.85,0.3667,86.17
"low_count",3,"gene288",FALSE,1.125,4.195,0.18,20.05
"low_count",3,"gene289",FALSE,0.9469,0.3028,0.1683,5.766
"low_count",3,"gene290",FALSE,1.209,6.743,0.08167,11.69
"low_count",3,"gene291",TRUE,0.9634,-6.81e-07,0.31,-2.927
"low_count",3,"gene292",FALSE,1.191,2.99,0.1517,14.16
"low_count",3,"gene293",FALSE,1.4,17.67,0.315,80.86
"low_count",3,"gene294",FALSE,1.005,0.2524,0.06667,2.024
"low_count",3,"gene295",FALSE,0.9992,0.1458,0.11,1.336
"low_count",3,"gene296",FALSE,1.057,0.4622,0.6133,18.6
"low_count",3,"gene297",FALSE,0.9617,8.34e-06,0.1883,0.02707
"low_count",3,"gene298",FALSE,1.356,8.852,0.3083,53.96
"low_count",3,"gene299",FALSE,1.21,6.686,0.6633,93.18
"low_count",3,"gene300",FALSE,1.167,5.661,0.2283,31.11
"low_count",4,"gene1",FALSE,1.223,4.325,0.4783,48.45
"low_count",4,"gene2",FALSE,1.161,3.313,0.06333,7.889
"low_count",4,"gene3",FALSE,1.558,26.08,0.69,167.6
"low_count",4,"gene4",FALSE,1.037,0.5554,0.41,20.42
"low_count",4,"gene5",FALSE,1.307,6.705,0.28,32.33
"low_count",4,"gene6",FALSE,1.087,0.377,0.1083,5.505
"low_count",4,"gene7",FALSE,1.182,5.549,0.8383,85.99
"low_count",4,"gene8",FALSE,1.127,2.853,0.3,34.16
"low_count",4,"gene9",FALSE,1.08,1.69,0.3,12.2
"low_count",4,"gene10",FALSE,1.363,0.5132,0.07167,4.751
"low_count",4,"gene11",FALSE,1.248,7.424,0.13,9.729
"low_count",4,"gene12",FALSE,1.153,3.654,0.275,38.99
"low_count",4,"gene13",FALSE,1.222,4.994,0.6933,70.47
"low_count",4,"gene14",FALSE,1.076,0.0525,0.1983,3.174
"low_count",4,"gene15",FALSE,1.049,0.9949,0.1383,5.604
"low_count",4,"gene16",FALSE,1.16,2.878,0.085,6.566
"low_count",4,"gene17",FALSE,1.13,2.096,0.7567,40.69
"low_count",4,"gene18",FALSE,1.245,9.987,0.1983,52.46
"low_count",4,"gene19",FALSE,1.193,4.509,0.5583,43.88
"low_count",4,"gene20",TRUE,0.8763,-3.812e-07,0.04,-1.521
"low_count",4,"gene21",FALSE,1.318,12.72,0.3583,56.22
"low_count",4,"gene22",TRUE,0.8768,-3.205e-07,0.12,-1.034
"low_count",4,"gene23",FALSE,1.359,12.97,0.4717,71.34
"low_count",4,"gene24",FALSE,1.048,1.588,0.07167,4.62
"low_count",4,"gene25",FALSE,1.252,11.58,0.39,59.18
"low_count",4,"gene26",FALSE,1.056,1.298,0.2,16.13
"low_count",4,"gene27",FALSE,1.391,15.88,0.535,87.3
"low_count",4,"gene28",TRUE,0.9394,-1.418e-06,0.4533,-11.97
"low_count",4,"gene29",FALSE,1.331,15.43,0.2167,26.57
"low_count",4,"gene30",FALSE,1.001,0.1206,0.435,9.89
"low_count",4,"gene31",FALSE,1.224,9.65,0.6317,115.3
"low_count",4,"gene32",FALSE,1.244,6.298,0.1117,16.5
"low_count",4,"gene33",FALSE,1.153,4.149,0.325,32.14
"low_count",4,"gene34",FALSE,1.127,4.199,0.5317,64.04
"low_count",4,"gene35",FALSE,1.027,1.032,0.2283,10.41
"low_count",4,"gene36",FALSE,1.024,0.6176,0.1517,6.081
"low_count",4,"gene37",FALSE,1.096,1.559,0.3783,27.99
"low_count",4,"gene38",FALSE,1.154,3.52,0.34,36.47
"low_count",4,"gene39",FALSE,1.202,2.972,0.215,17.18
"low_count",4,"gene40",FALSE,1.185,3.845,0.1,8.62
"low_count",4,"gene41",FALSE,1.206,9.399,0.565,94.39
"low_count",4,"gene42",FALSE,0.9905,0.0624,0.4817,4.56
"low_count",4,"gene43",FALSE,1.132,5.148,0.5133,64.92
"low_count",4,"gene44",FALSE,1.53,19.48,0.4067,113.5
"low_count",4,"gene45",FALSE,1.113,0.8583,0.1167,5.312
"low_count",4,"gene46",FALSE,1.249,8.016,0.145,32.83
"low_count",4,"gene47",FALSE,1.239,8.639,0.3567,71.53
"low_count",4,"gene48",FALSE,1.069,0.2778,0.545,16.35
"low_count",4,"gene49",FALSE,1.22,6.57,0.205,41.65
"low_count",4,"gene50",FALSE,1.279,10.22,0.3767,60.71
"low_count",4,"gene51",FALSE,1.02,0.2073,0.3817,8.325
"low_count",4,"gene52",FALSE,1.271,8.54,0.3817,61.86
"low_count",4,"gene53",FALSE,1.202,5.462,0.5467,73.97
"low_count",4,"gene54",FALSE,1.19,6.175,0.5533,75.79
"low_count",4,"gene55",FALSE,1.104,4.491,0.35,52.49
"low_count",4,"gene56",FALSE,1.035,0.6876,0.23,9.922
"low_count",4,"gene57",FALSE,0.9059,1.363,0.055,3.627
"low_count",4,"gene58",FALSE,1.173,3.125,0.1317,10.57
"low_count",4,"gene59",FALSE,1.256,8.634,0.4367,67.98
"low_count",4,"gene60",FALSE,1.324,11.54,0.1733,37.99
"low_count",4,"gene61",TRUE,0.9311,-5.033e-07,0.2817,-12.66
"low_count",4,"gene62",FALSE,1.194,4.458,0.2267,38.59
"low_count",4,"gene63",FALSE,0.9838,0.8553,0.3667,19.64
"low_count",4,"gene64",FALSE,1.049,1.205,0.2783,20.17
"low_count",4,"gene65",FALSE,1.111,3.623,0.1833,27.21
"low_count",4,"gene66",FALSE,1.129,1.45,0.215,15.25
"low_count",4,"gene67",TRUE,0.9642,-7.108e-05,0.15,-3.131
"low_count",4,"gene68",FALSE,1.183,5.297,0.4433,61.2
"low_count",4,"gene69",FALSE,1.05,0.7516,0.1867,8.306
"low_count",4,"gene70",FALSE,1.038,0.3937,0.2583,8.069
"low_count",4,"gene71",FALSE,1.384,6.187,0.1583,26.99
"low_count",4,"gene72",FALSE,1.202,4.991,0.3567,41.26
"low_count",4,"gene73",FALSE,0.9741,0.07087,0.3217,4.798
"low_count",4,"gene74",FALSE,1.212,7.607,0.3033,45.25
"low_count",4,"gene75",FALSE,1.292,7.586,0.1433,16.48
"low_count",4,"gene76",FALSE,1.094,1.21,0.2833,17.43
"low_count",4,"gene77",FALSE,1.26,11.06,0.335,56.07
"low_count",4,"gene78",FALSE,1.061,2.36,0.46,37.85
"low_count",4,"gene79",FALSE,1.153,4.979,0.4367,55.47
"low_count",4,"gene80",FALSE,1.119,3.686,0.1233,16.38
"low_count",4,"gene81",FALSE,1.245,7.796,0.4933,67.14
"low_count",4,"gene82",FALSE,1.485,20.75,0.29,101.4
"low_count",4,"gene83",FALSE,0.9888,0.02772,0.15,1.101
"low_count",4,"gene84",FALSE,1.301,12.6,0.135,31.2
"low_count",4,"gene85",FALSE,1.224,9.979,0.3183,51.68
"low_count",4,"gene86",FALSE,1.149,6.026,0.205,37.83
"low_count",4,"gene87",FALSE,1.214,5.428,0.3267,45.63
"low_count",4,"gene88",FALSE,0.9952,1.038,0.2217,11.05
"low_count",4,"gene89",FALSE,1.199,3.159,0.3817,42.17
"low_count",4,"gene90",FALSE,1.088,1.514,0.2967,20.02
"low_count",4,"gene91",FALSE,1.115,4.112,0.5567,71.25
"low_count",4,"gene92",FALSE,1.353,10.5,0.1233,32.28
"low_count",4,"gene93",FALSE,1.136,4.121,0.26,26.13
"low_count",4,"gene94",FALSE,1.303,14.43,0.3,64.48
"low_count",4,"gene95",FALSE,1.179,5.991,0.3917,62.49
"low_count",4,"gene96",FALSE,1.093,2.86,0.4117,37.26
"low_count",4,"gene97",FALSE,1.151,4.169,0.335,42.14
"low_count",4,"gene98",FALSE,1.001,1.677,0.095,7.513
"low_count",4,"gene99",FALSE,0.9594,0.01742,0.16,1.22
"low_count",4,"gene100",FALSE,1.147,2.917,0.4367,35.32
"low_count",4,"gene101",TRUE,0.9185,-3.624e-07,0.09833,-2.253
"low_count",4,"gene102",FALSE,1.199,7.134,0.4433,65.44
"low_count",4,"gene103",FALSE,1.109,2.017,0.1133,8.829
"low_count",4,"gene104",FALSE,1.167,3.296,0.4617,54.07
"low_count",4,"gene105",FALSE,1.322,11.16,0.18,39.37
"low_count",4,"gene106",FALSE,1.136,2.807,0.2517,21.82
"low_count",4,"gene107",FALSE,1.047,0.8821,0.5317,25.89
"low_count",4,"gene108",FALSE,1.425,16.16,0.455,145.8
"low_count",4,"gene109",FALSE,1.205,4.357,0.1183,17.14
"low_count",4,"gene110",FALSE,1.195,7.433,0.41,56.52
"low_count",4,"gene111",FALSE,1.135,2.885,0.1533,16.96
"low_count",4,"gene112",FALSE,1.136,0.5682,0.09333,3.025
"low_count",4,"gene113",FALSE,1.614,27.48,0.3633,145.3
"low_count",4,"gene114",FALSE,1.466,23.61,0.4933,154.1
"low_count",4,"gene115",FALSE,1.234,5.558,0.2833,37.76
"low_count",4,"gene116",FALSE,1.277,9.261,0.4867,92.49
"low_count",4,"gene117",FALSE,1.269,7.463,0.37,53.46
"low_count",4,"gene118",FALSE,1.224,4.203,0.17,19.98
"low_count",4,"gene119",FALSE,1.005,0.2419,0.35,8.023
"low_count",4,"gene120",FALSE,1.177,5.402,0.3617,45.26
"low_count",4,"gene121",FALSE,1.038,1.843,0.2683,15.39
"low_count",4,"gene122",FALSE,1.392,9.894,0.1383,31.79
"low_count",4,"gene123",FALSE,1.031,4.17,0.1317,17.02
"low_count",4,"gene124",FALSE,1.283,10.65,0.185,36.08
"low_count",4,"gene125",FALSE,1.05,0.6781,0.555,27.41
"low_count",4,"gene126",FALSE,1.065,1.849,0.7217,50.41
"low_count",4,"gene127",FALSE,1.068,3.018,0.195,21.79
"low_count",4,"gene128",FALSE,1.145,4.161,0.1383,24.79
"low_count",4,"gene129",FALSE,1.399,16.01,0.2783,70.77
"low_count",4,"gene130",FALSE,1.235,12.27,0.2867,64.83
"low_count",4,"gene131",FALSE,1.235,9.535,0.1317,34.85
"low_count",4,"gene132",FALSE,1.163,3.341,0.1017,9.22
"low_count",4,"gene133",FALSE,0.9878,0.00171,0.2333,0.4082
"low_count",4,"gene134",FALSE,1.059,1.332,0.575,41.35
"low_count",4,"gene135",FALSE,1.352,19.02,0.7267,167.2
"low_count",4,"gene136",FALSE,1.167,8.267,0.145,40.37
"low_count",4,"gene137",FALSE,1.375,7.522,0.14,18.23
"low_count",4,"gene138",FALSE,1.05,1.357,0.5117,25.36
"low_count",4,"gene139",FALSE,1.145,2.11,0.345,20.8
"low_count",4,"gene140",FALSE,1.206,4.694,0.3417,47.71
"low_count",4,"gene141",FALSE,1.213,5.605,0.1317,20.49
"low_count",4,"gene142",FALSE,1.036,1.795,0.2167,18.68
"low_count",4,"gene143",FALSE,1.145,1.921,0.09333,6.333
"low_count",4,"gene144",FALSE,1.27,9.599,0.325,52.82
"low_count",4,"gene145",FALSE,1.194,6.917,0.3283,44.15
"low_count",4,"gene146",FALSE,1.033,0.8378,0.2333,10.46
"low_count",4,"gene147",FALSE,1.036,1.434,0.1933,10.34
"low_count",4,"gene148",FALSE,1.157,1.925,0.08167,5.92
"low_count",4,"gene149",FALSE,1.452,16.97,0.3033,73.24
"low_count",4,"gene150",FALSE,1.127,2.489,0.3217,31.4
"low_count",4,"gene151",FALSE,1.092,3.338,0.4317,39.84
"low_count",4,"gene152",FALSE,1.281,10.09,0.5317,98.13
"low_count",4,"gene153",FALSE,1.273,10.04,0.295,69.92
"low_count",4,"gene154",TRUE,0.9231,-1.844e-07,0.1,-0.2413
"low_count",4,"gene155",FALSE,1.13,1.566,0.4733,31.28
"low_count",4,"gene156",FALSE,0.9721,0.01189,0.08333,0.506
"low_count",4,"gene157",FALSE,1.094,3.222,0.145,24.15
"low_count",4,"gene158",FALSE,1.251,14.71,0.125,29.55
"low_count",4,"gene159",FALSE,1.042,0.2897,0.4583,10.47
"low_count",4,"gene160",FALSE,1.133,5.838,0.3467,50.26
"low_count",4,"gene161",FALSE,1.344,15.92,0.2217,66.45
"low_count",4,"gene162",FALSE,1.137,3.093,0.09833,10.29
"low_count",4,"gene163",TRUE,0.9418,-6.562e-08,0.1017,-1.107
"low_count",4,"gene164",FALSE,1.382,14.5,0.1983,47.45
"low_count",4,"gene165",FALSE,1.153,4.209,0.4183,44
"low_count",4,"gene166",FALSE,1.065,0.9883,0.3883,21.6
"low_count",4,"gene167",FALSE,1.112,3.347,0.2533,23.38
"low_count",4,"gene168",FALSE,1.14,2.139,0.2617,16.39
"low_count",4,"gene169",FALSE,1.084,1.534,0.205,14.57
"low_count",4,"gene170",FALSE,1.155,3.927,0.09,11.42
"low_count",4,"gene171",FALSE,1.304,7.244,0.2817,50.23
"low_count",4,"gene172",FALSE,1.114,5.161,0.3367,28.43
"low_count",4,"gene173",FALSE,1.307,12.72,0.225,55.35
"low_count",4,"gene174",FALSE,1.241,7.443,0.3833,66.13
"low_count",4,"gene175",FALSE,1.058,1.608,0.375,26.56
"low_count",4,"gene176",FALSE,1.144,1.538,0.11,7.044
"low_count",4,"gene177",FALSE,1.022,0.4385,0.5833,20.34
"low_count",4,"gene178",FALSE,1.005,0.185,0.1383,2.975
"low_count",4,"gene179",FALSE,1.097,0.8696,0.105,2.085
"low_count",4,"gene180",FALSE,1.165,6.426,0.2567,32.67
"low_count",4,"gene181",TRUE,0.9016,-3.976e-07,0.1833,-9.323
"low_count",4,"gene182",FALSE,1.24,6.074,0.09333,11.29
"low_count",4,"gene183",FALSE,1.055,0.7842,0.345,21.56
"low_count",4,"gene184",FALSE,1.261,8.434,0.35,66.1
"low_count",4,"gene185",FALSE,1.171,4.354,0.5867,59.7
"low_count",4,"gene186",TRUE,1.015,-6.117e-07,0.505,-9.544
"low_count",4,"gene187",FALSE,1.112,5.149,0.1483,27.1
"low_count",4,"gene188",FALSE,1.205,3.808,0.2333,18.8
"low_count",4,"gene189",FALSE,1.058,1.382,0.1583,10.75
"low_count",4,"gene190",FALSE,1.04,0.2773,0.07667,1.928
"low_count",4,"gene191",FALSE,1.29,7.467,0.135,29.63
"low_count",4,"gene192",FALSE,1.41,11.9,0.165,39.57
"low_count",4,"gene193",FALSE,1.325,15.88,0.3167,94.33
"low_count",4,"gene194",FALSE,0.9815,0.5925,0.1433,4.668
"low_count",4,"gene195",FALSE,1.099,4.84,0.11,14.58
"low_count",4,"gene196",FALSE,1.088,1.47,0.1217,8.855
"low_count",4,"gene197",FALSE,1.005,0.104,0.2317,3.493
"low_count",4,"gene198",FALSE,1.542,27.96,0.4883,160.2
"low_count",4,"gene199",FALSE,1.103,3.319,0.095,8.058
"low_count",4,"gene200",FALSE,1.187,15.48,0.1433,24.32
"low_count",4,"gene201",FALSE,1.215,8.399,0.4917,86.7
"low_count",4,"gene202",FALSE,1.101,1.378,0.2433,12.49
"low_count",4,"gene203",FALSE,1.294,8.43,0.1833,40.2
"low_count",4,"gene204",FALSE,1.205,5.601,0.4933,70.9
"low_count",4,"gene205",FALSE,1.147,2.807,0.15,10.78
"low_count",4,"gene206",FALSE,1.241,6.465,0.5583,86.28
"low_count",4,"gene207",FALSE,1.226,4.491,0.2517,29.6
"low_count",4,"gene208",FALSE,1.152,4.692,0.625,70.83
"low_count",4,"gene209",FALSE,1.205,6.395,0.5633,70.99
"low_count",4,"gene210",FALSE,1.068,1.336,0.295,17.82
"low_count",4,"gene211",FALSE,0.9958,0.73,0.2367,9.964
"low_count",4,"gene212",FALSE,1.305,8.483,0.08667,15.13
"low_count",4,"gene213",FALSE,1.225,11.79,0.205,43.31
"low_count",4,"gene214",FALSE,1.198,7.442,0.6583,97.05
"low_count",4,"gene215",FALSE,1.048,1.052,0.3967,26.33
"low_count",4,"gene216",FALSE,0.9911,0.1909,0.16,3.849
"low_count",4,"gene217",FALSE,0.994,0.2656,0.2383,5.543
"low_count",4,"gene218",FALSE,1.106,3.174,0.22,26.64
"low_count",4,"gene219",FALSE,1.07,2.946,0.2267,21.44
"low_count",4,"gene220",FALSE,1.115,3.263,0.2517,25.76
"low_count",4,"gene221",FALSE,1.039,0.7022,0.7067,36.23
"low_count",4,"gene222",FALSE,1.097,2.044,0.09667,6.613
"low_count",4,"gene223",FALSE,1.204,6.215,0.1017,11.44
"low_count",4,"gene224",FALSE,1.22,8.76,0.5733,91.69
"low_count",4,"gene225",FALSE,1.079,1.77,0.4133,27.27
"low_count",4,"gene226",FALSE,1.048,3.197,0.1067,8.734
"low_count",4,"gene227",FALSE,1.392,20.13,0.4317,104.8
"low_count",4,"gene228",FALSE,1.054,0.6755,0.3967,15.66
"low_count",4,"gene229",FALSE,1.178,1.668,0.15,8.201
"low_count",4,"gene230",FALSE,1.154,3.042,0.2417,25.57
"low_count",4,"gene231",FALSE,1.062,1.001,0.3067,18.54
"low_count",4,"gene232",FALSE,1.205,6.341,0.45,64.36
"low_count",4,"gene233",FALSE,1.076,8.271,0.09333,26.16
"low_count",4,"gene234",FALSE,1.275,7.263,0.1933,27.42
"low_count",4,"gene235",FALSE,1.102,1.825,0.1567,15.49
"low_count",4,"gene236",FALSE,1.078,1.462,0.4167,25.82
"low_count",4,"gene237",FALSE,1.164,6.779,0.145,18.03
"low_count",4,"gene238",FALSE,1.146,2.783,0.29,24.82
"low_count",4,"gene239",FALSE,1.286,14.2,0.5783,127.6
"low_count",4,"gene240",FALSE,1.31,10.16,0.4167,81.11
"low_count",4,"gene241",FALSE,1.036,0.3674,0.535,14.98
"low_count",4,"gene242",FALSE,1.141,1.424,0.1917,9.23
"low_count",4,"gene243",FALSE,1.122,2.347,0.3867,40.78
"low_count",4,"gene244",FALSE,1.395,19.54,0.2633,67.78
"low_count",4,"gene245",FALSE,1.61,31.89,0.7283,257.3
"low_count",4,"gene246",FALSE,1.054,0.4113,0.4067,9.264
"low_count",4,"gene247",FALSE,1.2,6.105,0.2917,45.74
"low_count",4,"gene248",FALSE,1.013,0.2754,0.1383,3.446
"low_count",4,"gene249",FALSE,1.023,1.399,0.4767,29.57
"low_count",4,"gene250",FALSE,1.034,2.257,0.2567,18.85
"low_count",4,"gene251",FALSE,1.055,0.6938,0.2,8.606
"low_count",4,"gene252",FALSE,1.097,2.079,0.385,34.36
"low_count",4,"gene253",FALSE,1.176,4.737,0.3467,39.56
"low_count",4,"gene254",FALSE,1.066,0.5565,0.3783,17.09
"low_count",4,"gene255",FALSE,1.308,14.24,0.2617,70.24
"low_count",4,"gene256",FALSE,1.29,8.303,0.1617,27.16
"low_count",4,"gene257",FALSE,1.416,13.73,0.4483,90.44
"low_count",4,"gene258",FALSE,1.029,0.4294,0.1183,4.212
"low_count",4,"gene259",FALSE,1.237,3.686,0.19,12.07
"low_count",4,"gene260",FALSE,1.118,4.138,0.3433,43.66
"low_count",4,"gene261",FALSE,1.355,18.19,0.2633,88.73
"low_count",4,"gene262",FALSE,1.098,2.44,0.3133,21.9
"low_count",4,"gene263",FALSE,1.134,2.491,0.2367,31.66
"low_count",4,"gene264",FALSE,1.388,14.76,0.16,36.88
"low_count",4,"gene265",FALSE,1.434,10.68,0.1633,26.65
"low_count",4,"gene266",FALSE,1.193,2.165,0.09167,7.031
"low_count",4,"gene267",FALSE,1.187,5.319,0.57,78.55
"low_count",4,"gene268",FALSE,1.08,1.724,0.1867,13.5
"low_count",4,"gene269",FALSE,1.242,10.44,0.3717,76.02
"low_count",4,"gene270",FALSE,1.308,12.97,0.4733,112.9
"low_count",4,"gene271",FALSE,0.9717,0.006783,0.3183,1.159
"low_count",4,"gene272",FALSE,1.113,2.877,0.4017,37.89
"low_count",4,"gene273",FALSE,1.191,6.157,0.145,16.4
"low_count",4,"gene274",FALSE,0.9697,0.08596,0.425,6.874
"low_count",4,"gene275",FALSE,1.208,4.627,0.14,21.57
"low_count",4,"gene276",FALSE,1.165,3.473,0.2133,16.2
"low_count",4,"gene277",FALSE,1.197,6.093,0.47,71.86
"low_count",4,"gene278",FALSE,1.351,10.86,0.4217,82.6
"low_count",4,"gene279",FALSE,1.051,0.968,0.14,6.969
"low_count",4,"gene280",FALSE,1.003,0.7724,0.2167,9.119
"low_count",4,"gene281",FALSE,1.356,10.84,0.1433,29.6
"low_count",4,"gene282",FALSE,1.35,8.902,0.4083,71.84
"low_count",4,"gene283",FALSE,1.102,5.732,0.175,30.08
"low_count",4,"gene284",FALSE,1.097,2.795,0.1433,10.15
"low_count",4,"gene285",FALSE,1.055,0.52,0.1217,5.316
"low_count",4,"gene286",FALSE,1.184,6.852,0.5633,84.34
"low_count",4,"gene287",FALSE,1.614,42.66,0.6167,284.1
"low_count",4,"gene288",FALSE,1.322,7.472,0.13,25.78
"low_count",4,"gene289",FALSE,1.232,6.402,0.3017,41.86
"low_count",4,"gene290",FALSE,1.16,2.782,0.1633,13.24
"low_count",4,"gene291",FALSE,1.133,3.274,0.285,26.39
"low_count",4,"gene292",FALSE,1.301,8.605,0.6217,122.8
"low_count",4,"gene293",FALSE,1.095,1.456,0.2417,17.52
"low_count",4,"gene294",FALSE,1.264,9.208,0.375,72.09
"low_count",4,"gene295",FALSE,1.15,4.39,0.3383,35.89
"low_count",4,"gene296",FALSE,1.113,3.016,0.125,11.26
"low_count",4,"gene297",FALSE,1.131,3.041,0.1567,12.78
"low_count",4,"gene298",FALSE,1.092,3.04,0.1883,17.69
"low_count",4,"gene299",FALSE,1.173,3.216,0.6783,68.65
"low_count",4,"gene300",FALSE,1.233,5.352,0.1633,24.89
"low_count",5,"gene1",FALSE,1.089,1.984,0.2783,17.52
"low_count",5,"gene2",FALSE,1.245,9.482,0.1533,52.73
"low_count",5,"gene3",FALSE,1.287,7.586,0.2417,31.47
"low_count",5,"gene4",FALSE,1.107,0.9591,0.17,12.45
"low_count",5,"gene5",FALSE,1.066,0.5628,0.92,21.6
"low_count",5,"gene6",FALSE,1.135,1.487,0.1833,12.43
"low_count",5,"gene7",FALSE,1.36,13.03,0.24,46.59
"low_count",5,"gene8",FALSE,1.135,5.812,0.09,17.12
"low_count",5,"gene9",FALSE,1.517,20.39,0.1917,48.08
"low_count",5,"gene10",FALSE,1.093,1.283,0.2267,17.53
"low_count",5,"gene11",FALSE,1.115,2.282,0.7583,44.12
"low_count",5,"gene12",FALSE,1.124,5.426,0.4,74.2
"low_count",5,"gene13",FALSE,1.135,4.764,0.485,37.32
"low_count",5,"gene14",FALSE,1.465,10.43,0.545,126.3
"low_count",5,"gene15",FALSE,0.9832,0.1132,0.4483,6.62
"low_count",5,"gene16",FALSE,1.204,2.744,0.08333,5.611
"low_count",5,"gene17",FALSE,1.25,3.875,0.3333,25.27
"low_count",5,"gene18",FALSE,1.002,0.6823,0.1533,6.842
"low_count",5,"gene19",FALSE,1.163,3.699,0.4117,26.34
"low_count",5,"gene20",FALSE,1.067,1.635,0.36,30.93
"low_count",5,"gene21",FALSE,1.064,1.639,0.6817,38.92
"low_count",5,"gene22",FALSE,1.018,0.1049,0.22,4
"low_count",5,"gene23",FALSE,1.197,5.021,0.655,45.72
"low_count",5,"gene24",FALSE,0.9618,0.4411,0.1183,4.706
"low_count",5,"gene25",FALSE,1.111,1.527,0.12,8.854
"low_count",5,"gene26",FALSE,1.314,7.912,0.1667,31.35
"low_count",5,"gene27",FALSE,1.163,0.9916,0.2467,7.308
"low_count",5,"gene28",FALSE,1.088,4.475,0.5167,72.22
"low_count",5,"gene29",FALSE,1.317,10.33,0.37,42.11
"low_count",5,"gene30",FALSE,1.041,0.577,0.355,19.18
"low_count",5,"gene31",FALSE,1.42,20.83,0.28,90.08
"low_count",5,"gene32",FALSE,1.082,1.082,0.365,21.64
"low_count",5,"gene33",FALSE,1.37,18.42,0.5033,122.3
"low_count",5,"gene34",FALSE,0.9718,0.0002472,0.06667,0.04042
"low_count",5,"gene35",FALSE,0.9439,0.6023,0.08667,5.554
"low_count",5,"gene36",FALSE,1.22,7.547,0.3967,56.67
"low_count",5,"gene37",FALSE,1.246,8.743,0.555,95.62
"low_count",5,"gene38",FALSE,1.449,11.39,0.5483,117.2
"low_count",5,"gene39",FALSE,1.094,2.513,0.24,18.8
"low_count",5,"gene40",FALSE,1.056,1.446,0.1,6.405
"low_count",5,"gene41",FALSE,1.165,4.08,0.1383,16.55
"low_count",5,"gene42",FALSE,1.051,0.9031,0.3483,14.91
"low_count",5,"gene43",FALSE,1.328,12.68,0.26,78.73
"low_count",5,"gene44",FALSE,1.328,6.388,0.08167,13.11
"low_count",5,"gene45",FALSE,1.034,1.192,0.27,17.87
"low_count",5,"gene46",FALSE,1.134,4.137,0.5883,83.5
"low_count",5,"gene47",FALSE,1.247,3.297,0.2033,17.73
"low_count",5,"gene48",FALSE,1.084,2.459,0.1,10.52
"low_count",5,"gene49",FALSE,1.389,15.88,0.455,94.36
"low_count",5,"gene50",FALSE,0.955,0.3295,0.1717,5.83
"low_count",5,"gene51",FALSE,1.197,5.137,0.125,18.09
"low_count",5,"gene52",FALSE,1.245,11.86,0.33,75.39
"low_count",5,"gene53",FALSE,1.062,2.103,0.1483,7.163
"low_count",5,"gene54",FALSE,1.011,1,0.085,4.174
"low_count",5,"gene55",FALSE,0.9929,0.3755,0.08,3.196
"low_count",5,"gene56",FALSE,1.238,6.822,0.6133,95.69
"low_count",5,"gene57",FALSE,1.051,2.174,0.195,15.7
"low_count",5,"gene58",FALSE,1.359,7.868,0.125,27.66
"low_count",5,"gene59",FALSE,1.378,14.68,0.35,78.98
"low_count",5,"gene60",FALSE,1.151,3.939,0.47,45.18
"low_count",5,"gene61",FALSE,1.086,1.041,0.3767,15.59
"low_count",5,"gene62",FALSE,1.18,4.41,0.085,13.9
"low_count",5,"gene63",FALSE,1.146,5.911,0.225,26.83
"low_count",5,"gene64",FALSE,1.051,0.4075,0.2483,8.269
"low_count",5,"gene65",FALSE,1.021,0.8342,0.345,13.46
"low_count",5,"gene66",FALSE,1.221,5.847,0.3283,41.7
"low_count",5,"gene67",FALSE,1.184,4.466,0.09667,8.132
"low_count",5,"gene68",FALSE,1.461,16.53,0.3133,88.45
"low_count",5,"gene69",FALSE,1.058,1.139,0.3083,16.62
"low_count",5,"gene70",FALSE,1.05,1.311,0.7233,39.67
"low_count",5,"gene71",FALSE,1.127,2.017,0.4433,36.36
"low_count",5,"gene72",FALSE,1.284,12.81,0.325,73.69
"low_count",5,"gene73",FALSE,1.171,5.618,0.12,14.42
"low_count",5,"gene74",FALSE,1.16,4.312,0.4733,94.32
"low_count",5,"gene75",FALSE,1.276,13.57,0.245,55.71
"low_count",5,"gene76",FALSE,1.031,0.3521,0.3683,9.763
"low_count",5,"gene77",FALSE,1.302,13.69,0.1117,38.72
"low_count",5,"gene78",FALSE,1.176,3.5,0.3633,40.42
"low_count",5,"gene79",FALSE,1.086,5.952,0.2833,39.65
"low_count",5,"gene80",TRUE,0.9218,-0.0001397,0.3283,-6.152
"low_count",5,"gene81",FALSE,1.197,4.372,0.245,27.22
"low_count",5,"gene82",FALSE,1.233,6.032,0.19,20.97
"low_count",5,"gene83",FALSE,1.239,6.869,0.1467,20.81
"low_count",5,"gene84",FALSE,1.263,9.687,0.1567,31.04
"low_count",5,"gene85",FALSE,1.352,11.21,0.1717,36.05
"low_count",5,"gene86",FALSE,1.053,1.997,0.08167,6.413
"low_count",5,"gene87",FALSE,1.267,11.13,0.3383,70.54
"low_count",5,"gene88",FALSE,1.248,12.64,0.1967,43.96
"low_count",5,"gene89",FALSE,1.357,8.117,0.1017,30.7
"low_count",5,"gene90",FALSE,1.066,1.788,0.51,40.13
"low_count",5,"gene91",FALSE,1.013,0.05717,0.455,5.854
"low_count",5,"gene92",FALSE,1.383,8.193,0.5117,84.83
"low_count",5,"gene93",FALSE,1.102,2.432,0.375,31.26
"low_count",5,"gene94",FALSE,1.128,2.087,0.3117,22.28
"low_count",5,"gene95",FALSE,1.041,0.5505,0.075,2.498
"low_count",5,"gene96",FALSE,1.406,24.42,0.4467,160
"low_count",5,"gene97",FALSE,1.257,6.565,0.3833,58.45
"low_count",5,"gene98",FALSE,1.061,2.079,0.275,22.8
"low_count",5,"gene99",FALSE,1.064,1.089,0.56,28.8
"low_count",5,"gene100",FALSE,1.378,15.05,0.235,61.09
"low_count",5,"gene101",FALSE,1.151,2.15,0.565,38.56
"low_count",5,"gene102",FALSE,1.393,10.14,0.105,26.48
"low_count",5,"gene103",FALSE,1.185,5.513,0.295,33.3
"low_count",5,"gene104",FALSE,1.075,3.727,0.1517,17.01
"low_count",5,"gene105",FALSE,1.188,5.739,0.4233,56.9
"low_count",5,"gene106",FALSE,1.246,11.14,0.2583,51.67
"low_count",5,"gene107",FALSE,1.378,19.45,0.3817,114.9
"low_count",5,"gene108",FALSE,1.067,0.1932,0.1933,3.992
"low_count",5,"gene109",FALSE,1.048,1.93,0.1117,7.417
"low_count",5,"gene110",FALSE,1.089,1.271,0.605,35.79
"low_count",5,"gene111",FALSE,1.05,0.6875,0.3867,17.23
"low_count",5,"gene112",FALSE,1.105,3.623,0.5033,58.35
"low_count",5,"gene113",FALSE,1.064,1.62,0.4583,28.28
"low_count",5,"gene114",FALSE,1.028,0.2143,0.2833,6.468
"low_count",5,"gene115",FALSE,1.188,6.791,0.6517,90.17
"low_count",5,"gene116",FALSE,0.9828,0.327,0.08833,2.717
"low_count",5,"gene117",FALSE,1.117,2.37,0.22,13.98
"low_count",5,"gene118",FALSE,1.346,14.31,0.2417,56.19
"low_count",5,"gene119",FALSE,1.003,0.3746,0.1083,3.511
"low_count",5,"gene120",FALSE,1.003,3.374,0.1217,14.79
"low_count",5,"gene121",FALSE,1.166,4.042,0.32,30.74
"low_count",5,"gene122",FALSE,1.455,14.92,0.1633,41.29
"low_count",5,"gene123",FALSE,1.152,2.94,0.335,26.84
"low_count",5,"gene124",FALSE,1.092,4.565,0.1733,17.73
"low_count",5,"gene125",FALSE,1.231,8.327,0.36,59.56
"low_count",5,"gene126",FALSE,1.237,9.96,0.6767,123
"low_count",5,"gene127",FALSE,1.19,3.73,0.095,12.84
"low_count",5,"gene128",FALSE,1.238,4.009,0.2483,24.25
"low_count",5,"gene129",FALSE,1.052,0.2363,0.2683,5.32
"low_count",5,"gene130",FALSE,1.334,12.76,0.18,35.36
"low_count",5,"gene131",TRUE,0.9643,-6.197e-07,0.4583,-2.714
"low_count",5,"gene132",FALSE,0.9636,0.02963,0.09167,0.6719
"low_count",5,"gene133",FALSE,1.317,11.31,0.2483,34.3
"low_count",5,"gene134",FALSE,1.395,22.1,0.3167,94.88
"low_count",5,"gene135",FALSE,1.084,3.57,0.1067,14.62
"low_count",5,"gene136",FALSE,1.136,3.777,0.3717,42.82
"low_count",5,"gene137",FALSE,1.3,11.68,0.3867,78.58
"low_count",5,"gene138",TRUE,0.9681,-5.5e-08,0.2,-2.839
"low_count",5,"gene139",FALSE,1.715,11.84,0.2,25.42
"low_count",5,"gene140",FALSE,1.095,1.799,0.1283,8.726
"low_count",5,"gene141",FALSE,1.062,1.263,0.5117,27.43
"low_count",5,"gene142",FALSE,1.111,3.085,0.1233,16.57
"low_count",5,"gene143",FALSE,1.158,4.244,0.3467,37.89
"low_count",5,"gene144",FALSE,1.089,1.698,0.3233,21.95
"low_count",5,"gene145",FALSE,1.171,1.048,0.1083,5.402
"low_count",5,"gene146",FALSE,1.234,6.733,0.565,81.42
"low_count",5,"gene147",FALSE,1.224,4.754,0.1917,21.5
"low_count",5,"gene148",FALSE,1.206,6.65,0.6767,95.73
"low_count",5,"gene149",FALSE,1.239,7.821,0.25,33.11
"low_count",5,"gene150",FALSE,1.037,0.8567,0.24,9.578
"low_count",5,"gene151",FALSE,1.165,3.67,0.4167,45.18
"low_count",5,"gene152",TRUE,0.9016,-1.438e-06,0.2817,-11.23
"low_count",5,"gene153",FALSE,1.093,2.988,0.16,9.371
"low_count",5,"gene154",FALSE,1.047,2.537,0.1383,13.88
"low_count",5,"gene155",FALSE,1.057,0.8216,0.4817,18.37
"low_count",5,"gene156",FALSE,1.129,10.01,0.125,20.36
"low_count",5,"gene157",FALSE,1.213,8.317,0.5917,104.6
"low_count",5,"gene158",FALSE,1.323,10.35,0.185,50.73
"low_count",5,"gene159",FALSE,1.359,16.67,0.3933,113
"low_count",5,"gene160",FALSE,1.03,0.5658,0.2667,6.985
"low_count",5,"gene161",FALSE,1.347,7.7,0.09333,17.91
"low_count",5,"gene162",FALSE,1.126,5.032,0.2883,28.48
"low_count",5,"gene163",FALSE,1.286,10.35,0.365,75.4
"low_count",5,"gene164",FALSE,1.028,1.39,0.145,8.603
"low_count",5,"gene165",FALSE,1.148,5.43,0.3083,43.72
"low_count",5,"gene166",TRUE,0.909,-3.704e-07,0.1167,-1.565
"low_count",5,"gene167",FALSE,1.209,7.334,0.13,26.99
"low_count",5,"gene168",FALSE,1.158,5.113,0.56,83.17
"low_count",5,"gene169",FALSE,1.05,0.7004,0.06333,2.739
"low_count",5,"gene170",FALSE,1.392,24.63,0.5517,143.7
"low_count",5,"gene171",FALSE,1.115,3.271,0.2233,14.96
"low_count",5,"gene172",FALSE,1.089,0.8442,0.1983,9.889
"low_count",5,"gene173",FALSE,1.061,0.3455,0.09,3.272
"low_count",5,"gene174",FALSE,1.096,1.923,0.8,60.73
"low_count",5,"gene175",FALSE,1.361,17.97,0.4167,101.3
"low_count",5,"gene176",FALSE,0.99,1.337,0.1233,8.38
"low_count",5,"gene177",FALSE,1.19,6.293,0.1517,22.83
"low_count",5,"gene178",FALSE,1.052,1.029,0.1233,5.882
"low_count",5,"gene179",FALSE,1.259,10.45,0.4833,88.5
"low_count",5,"gene180",FALSE,1.039,4.533,0.2983,39.34
"low_count",5,"gene181",FALSE,1.01,1.312,0.1617,9.681
"low_count",5,"gene182",FALSE,1.129,2.945,0.6433,50.34
"low_count",5,"gene183",FALSE,1.27,8.851,0.445,73.94
"low_count",5,"gene184",FALSE,1.371,16.79,0.2217,51.8
"low_count",5,"gene185",FALSE,1.271,7.463,0.4083,55.79
"low_count",5,"gene186",FALSE,1.264,7.992,0.3217,58.64
"low_count",5,"gene187",FALSE,1.055,0.9094,0.095,3.215
"low_count",5,"gene188",FALSE,1.462,16.08,0.1533,42.94
"low_count",5,"gene189",FALSE,1.347,15.93,0.4383,102.5
"low_count",5,"gene190",FALSE,1.148,3.668,0.2917,38.01
"low_count",5,"gene191",FALSE,1.059,1.641,0.1067,7.618
"low_count",5,"gene192",FALSE,1.343,6.113,0.2117,27.1
"low_count",5,"gene193",FALSE,1.075,0.9628,0.4467,22.16
"low_count",5,"gene194",FALSE,1.252,6.785,0.1833,19.52
"low_count",5,"gene195",FALSE,1.151,2.956,0.5283,51.8
"low_count",5,"gene196",FALSE,1.078,1.345,0.1683,8.774
"low_count",5,"gene197",FALSE,1.217,6.85,0.2667,38.65
"low_count",5,"gene198",FALSE,1.535,21.85,0.3333,109
"low_count",5,"gene199",FALSE,1.446,13.85,0.2117,64.38
"low_count",5,"gene200",FALSE,1.156,3.732,0.3467,38.09
"low_count",5,"gene201",FALSE,1.192,3.818,0.1417,17.09
"low_count",5,"gene202",FALSE,1.219,7.276,0.4,76.97
"low_count",5,"gene203",FALSE,1.314,10.7,0.275,54.73
"low_count",5,"gene204",FALSE,1.103,2.234,0.3083,25.97
"low_count",5,"gene205",FALSE,1.162,1.803,0.08333,4.094
"low_count",5,"gene206",FALSE,1.158,2.501,0.09333,9.119
"low_count",5,"gene207",FALSE,1.159,4.135,0.265,28.21
"low_count",5,"gene208",FALSE,1.387,9.607,0.265,71.22
"low_count",5,"gene209",FALSE,1.041,0.118,0.2617,3.555
"low_count",5,"gene210",FALSE,1.195,3.196,0.13,16.75
"low_count",5,"gene211",FALSE,1.219,6.387,0.1783,31.88
"low_count",5,"gene212",FALSE,1.137,3.705,0.5783,62.95
"low_count",5,"gene213",FALSE,1.043,0.2894,0.135,2.319
"low_count",5,"gene214",FALSE,1.124,4.64,0.225,33.62
"low_count",5,"gene215",FALSE,1.043,0.4547,0.5067,19.64
"low_count",5,"gene216",FALSE,1.103,2.676,0.6717,53.14
"low_count",5,"gene217",FALSE,1.031,1.307,0.15,7.905
"low_count",5,"gene218",FALSE,1.067,2.47,0.185,15.6
"low_count",5,"gene219",FALSE,1.174,2.321,0.145,12.32
"low_count",5,"gene220",FALSE,1.246,9.558,0.3067,53
"low_count",5,"gene221",FALSE,1.207,6.024,0.4767,64.84
"low_count",5,"gene222",FALSE,1.025,0.3721,0.2633,8.834
"low_count",5,"gene223",FALSE,1.116,2.482,0.6067,50.01
"low_count",5,"gene224",FALSE,1.143,4.748,0.295,45.86
"low_count",5,"gene225",TRUE,0.85,-3.188e-07,0.09833,-0.6192
"low_count",5,"gene226",FALSE,1.355,10.96,0.09833,25.45
"low_count",5,"gene227",FALSE,1.176,7.155,0.515,78.23
"low_count",5,"gene228",FALSE,1.191,3.802,0.12,14.96
"low_count",5,"gene229",FALSE,1.125,3.335,0.3817,39.64
"low_count",5,"gene230",FALSE,1.268,8.578,0.2283,44.86
"low_count",5,"gene231",TRUE,0.9857,-1.251e-07,0.07167,-0.1735
"low_count",5,"gene232",FALSE,1.13,2.577,0.5733,46.96
"low_count",5,"gene233",FALSE,1.101,3.402,0.1783,18.85
"low_count",5,"gene234",FALSE,1.061,1.168,0.4817,25.73
"low_count",5,"gene235",FALSE,1.089,1.056,0.3367,15.42
"low_count",5,"gene236",FALSE,1.013,2.046,0.1883,11.53
"low_count",5,"gene237",FALSE,1.401,16.5,0.3883,81.54
"low_count",5,"gene238",FALSE,1.268,2.173,0.08167,4.774
"low_count",5,"gene239",FALSE,1.124,4.236,0.535,67.66
"low_count",5,"gene240",FALSE,1.041,1.649,0.11,10.45
"low_count",5,"gene241",TRUE,0.946,-2.11e-07,0.205,-3.32
"low_count",5,"gene242",FALSE,1.248,7.807,0.2683,46.84
"low_count",5,"gene243",FALSE,1.209,3.242,0.08333,5.979
"low_count",5,"gene244",FALSE,1.159,1.942,0.1917,16.95
"low_count",5,"gene245",FALSE,1.29,8.735,0.2967,54.96
"low_count",5,"gene246",FALSE,1.215,7.825,0.3133,51.74
"low_count",5,"gene247",FALSE,1.112,1.345,0.105,5.053
"low_count",5,"gene248",FALSE,1.052,1.297,0.235,13.77
"low_count",5,"gene249",FALSE,1.235,8.134,0.3183,58.19
"low_count",5,"gene250",FALSE,1.063,0.9425,0.42,18.4
"low_count",5,"gene251",FALSE,1.21,6.366,0.455,67.98
"low_count",5,"gene252",FALSE,1.403,12.14,0.1533,37.31
"low_count",5,"gene253",FALSE,1.155,2.959,0.3917,41.87
"low_count",5,"gene254",FALSE,1.03,1.449,0.085,4.924
"low_count",5,"gene255",FALSE,1.142,0.4102,0.1867,7.064
"low_count",5,"gene256",TRUE,0.9479,-8.705e-08,0.39,-0.767
"low_count",5,"gene257",FALSE,1.12,4.705,0.15,13.5
"low_count",5,"gene258",FALSE,0.9684,0.2595,0.09,2.058
"low_count",5,"gene259",FALSE,1.11,2.958,0.5617,50.47
"low_count",5,"gene260",FALSE,1.509,25.97,0.6767,200.8
"low_count",5,"gene261",FALSE,1.048,0.4695,0.09333,3.18
"low_count",5,"gene262",FALSE,1.315,14.67,0.415,81.91
"low_count",5,"gene263",FALSE,1.239,8.165,0.14,22.75
"low_count",5,"gene264",FALSE,1.193,2.469,0.1033,12
"low_count",5,"gene265",FALSE,1.175,4.8,0.2867,32.91
"low_count",5,"gene266",FALSE,1.2,6.194,0.5417,61.23
"low_count",5,"gene267",FALSE,1.196,6.76,0.2967,55.55
"low_count",5,"gene268",FALSE,0.9769,0.9714,0.165,11.85
"low_count",5,"gene269",FALSE,1.106,1.679,0.4133,25.43
"low_count",5,"gene270",FALSE,1.086,2.317,0.3367,32.58
"low_count",5,"gene271",FALSE,1.239,9.328,0.3383,55.15
"low_count",5,"gene272",FALSE,1.203,5.931,0.2783,41.19
"low_count",5,"gene273",FALSE,1.054,0.5726,0.2383,10.3
"low_count",5,"gene274",FALSE,1.392,14,0.1367,41.02
"low_count",5,"gene275",FALSE,1.107,1.767,0.1467,8.937
"low_count",5,"gene276",FALSE,1.186,4.933,0.47,59.76
"low_count",5,"gene277",FALSE,1.044,0.2174,0.1883,3.12
"low_count",5,"gene278",FALSE,1.104,2.18,0.325,26.76
"low_count",5,"gene279",FALSE,1.184,1.242,0.1317,6.51
"low_count",5,"gene280",TRUE,0.9767,-2.764e-07,0.225,-3.363
"low_count",5,"gene281",FALSE,1.362,15.26,0.4467,123.4
"low_count",5,"gene282",FALSE,1.191,5.566,0.12,18.25
"low_count",5,"gene283",FALSE,1.194,7.137,0.6333,103
"low_count",5,"gene284",FALSE,1.085,4.498,0.1983,28.47
"low_count",5,"gene285",FALSE,1.099,1.725,0.21,15.94
"low_count",5,"gene286",FALSE,1.257,8.243,0.11,15.42
"low_count",5,"gene287",FALSE,1.07,0.6665,0.5733,18.77
"low_count",5,"gene288",FALSE,1.185,8.507,0.1817,35.05
"low_count",5,"gene289",FALSE,1.144,1.712,0.08667,7.742
"low_count",5,"gene290",FALSE,1.122,2.456,0.4467,33.85
"low_count",5,"gene291",FALSE,1.202,6.65,0.2017,27.57
"low_count",5,"gene292",FALSE,1.166,8.312,0.265,46.84
"low_count",5,"gene293",FALSE,1.043,2.839,0.2817,15.2
"low_count",5,"gene294",FALSE,1.066,0.6709,0.6183,24.38
"low_count",5,"gene295",FALSE,1.023,0.2398,0.5133,11.82
"low_count",5,"gene296",FALSE,1.053,1.686,0.1633,10.89
"low_count",5,"gene297",FALSE,1.156,5.384,0.29,36.48
"low_count",5,"gene298",FALSE,1.235,8.179,0.135,22.54
"low_count",5,"gene299",FALSE,1.185,4.192,0.355,42.91
"low_count",5,"gene300",FALSE,1.212,7.662,0.2883,46.26
"low_count",6,"gene1",FALSE,1.094,1.382,0.6583,26.23
"low_count",6,"gene2",FALSE,1.085,1.764,0.09,8.115
"low_count",6,"gene3",FALSE,1.067,1.15,0.795,30.32
"low_count",6,"gene4",FALSE,1.201,15.69,0.1167,31.3
"low_count",6,"gene5",FALSE,1.137,4.205,0.745,56.13
"low_count",6,"gene6",FALSE,1.507,19.63,0.1167,68.39
"low_count",6,"gene7",FALSE,1.069,0.9584,0.1733,6.406
"low_count",6,"gene8",FALSE,1.005,1.136,0.1767,14.75
"low_count",6,"gene9",FALSE,1.225,7.096,0.47,63.34
"low_count",6,"gene10",FALSE,1.428,12.4,0.3667,118.8
"low_count",6,"gene11",FALSE,1.066,1.232,0.3883,9.778
"low_count",6,"gene12",FALSE,1.219,6.928,0.1683,30.6
"low_count",6,"gene13",FALSE,1.146,1.889,0.3033,19.36
"low_count",6,"gene14",FALSE,1.082,1.963,0.34,26.25
"low_count",6,"gene15",FALSE,1.121,4.131,0.2183,17.41
"low_count",6,"gene16",FALSE,1.181,4.079,0.1633,23.38
"low_count",6,"gene17",FALSE,1.21,2.851,0.1567,7.947
"low_count",6,"gene18",FALSE,1.137,4.359,0.215,30.8
"low_count",6,"gene19",FALSE,1.116,3.33,0.8167,57.22
"low_count",6,"gene20",FALSE,1.158,4.329,0.3317,45.51
"low_count",6,"gene21",FALSE,1.218,5.378,0.575,57.04
"low_count",6,"gene22",FALSE,1.38,10.57,0.205,44.66
"low_count",6,"gene23",FALSE,1.217,6.081,0.4667,45.06
"low_count",6,"gene24",FALSE,1.161,3.576,0.195,31.6
"low_count",6,"gene25",FALSE,1.224,6.551,0.365,46.54
"low_count",6,"gene26",FALSE,1.2,3.529,0.2217,33.55
"low_count",6,"gene27",FALSE,1.185,5.03,0.5233,50.74
"low_count",6,"gene28",FALSE,1.24,5.9,0.3233,57.85
"low_count",6,"gene29",FALSE,1.064,1.417,0.215,11.08
"low_count",6,"gene30",FALSE,1.073,3.706,0.08833,9.747
"low_count",6,"gene31",FALSE,1.235,7.474,0.345,48.57
"low_count",6,"gene32",FALSE,1.043,0.7144,0.185,7.785
"low_count",6,"gene33",FALSE,1.043,0.3734,0.1133,3.471
"low_count",6,"gene34",FALSE,1.096,2.57,0.6283,63.43
"low_count",6,"gene35",FALSE,1.083,1.578,0.1183,8.148
"low_count",6,"gene36",FALSE,1.077,2.749,0.2883,24.81
"low_count",6,"gene37",FALSE,0.9343,1.064,0.08833,5.462
"low_count",6,"gene38",FALSE,1.008,0.47,0.1683,6.477
"low_count",6,"gene39",FALSE,1.292,11.67,0.4783,101.8
"low_count",6,"gene40",FALSE,1.233,7.846,0.3917,69.03
"low_count",6,"gene41",FALSE,1.386,12.54,0.6333,153
"low_count",6,"gene42",FALSE,1.171,4.064,0.125,9.646
"low_count",6,"gene43",FALSE,1.042,0.06573,0.08333,0.7712
"low_count",6,"gene44",FALSE,1.099,1.48,0.06,3.823
"low_count",6,"gene45",FALSE,1.158,4.315,0.535,64.07
"low_count",6,"gene46",FALSE,0.9916,0.04863,0.06833,0.8159
"low_count",6,"gene47",FALSE,1.35,13.08,0.3433,78.7
"low_count",6,"gene48",FALSE,1.132,2.593,0.1517,12.27
"low_count",6,"gene49",FALSE,1.173,3.755,0.4583,49.02
"low_count",6,"gene50",FALSE,1.152,2.425,0.1183,9.16
"low_count",6,"gene51",FALSE,1.189,5.04,0.7283,92.12
"low_count",6,"gene52",FALSE,1.056,1.031,0.08667,3.814
"low_count",6,"gene53",FALSE,1.177,2.419,0.1317,7.608
"low_count",6,"gene54",FALSE,1.388,15.23,0.6317,162.2
"low_count",6,"gene55",FALSE,1.126,2.272,0.1233,10.83
"low_count",6,"gene56",FALSE,1.392,23.67,0.4983,172.2
"low_count",6,"gene57",FALSE,1.28,10.58,0.11,20.23
"low_count",6,"gene58",FALSE,1.141,2.323,0.26,23.23
"low_count",6,"gene59",FALSE,1.282,10.33,0.56,106.1
"low_count",6,"gene60",FALSE,1.225,9.917,0.3983,70.17
"low_count",6,"gene61",FALSE,1.358,11.75,0.2333,51.85
"low_count",6,"gene62",FALSE,1.076,2.046,0.43,31.67
"low_count",6,"gene63",FALSE,1.278,13.51,0.3867,80.85
"low_count",6,"gene64",FALSE,1.134,2.159,0.1267,9.329
"low_count",6,"gene65",FALSE,1.048,1.162,0.2667,15.76
"low_count",6,"gene66",FALSE,1.344,12.46,0.22,47.86
"low_count",6,"gene67",FALSE,1.062,0.7167,0.585,25.79
"low_count",6,"gene68",FALSE,1.048,3.844,0.07833,8.677
"low_count",6,"gene69",FALSE,1.547,24.19,0.595,214.8
"low_count",6,"gene70",FALSE,1.365,8.179,0.1033,21.93
"low_count",6,"gene71",FALSE,1.21,5.363,0.1667,21.34
"low_count",6,"gene72",FALSE,1.054,1.721,0.12,7.199
"low_count",6,"gene73",FALSE,1.16,5.086,0.175,27.91
"low_count",6,"gene74",FALSE,1.263,6.481,0.225,37.38
"low_count",6,"gene75",FALSE,1.057,2.084,0.2583,16.18
"low_count",6,"gene76",FALSE,1.18,4.78,0.4267,57.34
"low_count",6,"gene77",FALSE,1.269,7.672,0.5433,90.74
"low_count",6,"gene78",FALSE,1.187,5.619,0.07333,7.593
"low_count",6,"gene79",TRUE,0.9689,-2.304e-05,0.1133,-1.015
"low_count",6,"gene80",FALSE,1.28,8.568,0.2767,48.81
"low_count",6,"gene81",FALSE,1.055,0.8296,0.115,4.938
"low_count",6,"gene82",FALSE,1.175,7.828,0.3533,68.82
"low_count",6,"gene83",FALSE,1.339,17.55,0.2583,56.4
"low_count",6,"gene84",FALSE,1.27,6.889,0.1633,23.04
"low_count",6,"gene85",FALSE,1.072,1.208,0.4517,26.88
"low_count",6,"gene86",FALSE,1.427,22.77,0.5417,143.6
"low_count",6,"gene87",FALSE,1.189,9.346,0.3283,65.35
"low_count",6,"gene88",FALSE,1.326,9.248,0.255,63.52
"low_count",6,"gene89",FALSE,1.086,0.8391,0.4767,20.14
"low_count",6,"gene90",FALSE,1.095,2.56,0.1667,13.33
"low_count",6,"gene91",FALSE,1.453,20.14,0.17,37.94
"low_count",6,"gene92",FALSE,1.229,6.962,0.1517,19.13
"low_count",6,"gene93",FALSE,1.153,5.1,0.6183,78.44
"low_count",6,"gene94",FALSE,1.204,5.334,0.18,22.32
"low_count",6,"gene95",FALSE,1.305,8.394,0.1217,25.42
"low_count",6,"gene96",FALSE,1.11,2.756,0.49,43.01
"low_count",6,"gene97",FALSE,1.01,0.02242,0.13,0.8591
"low_count",6,"gene98",FALSE,1.196,5.477,0.1333,16.25
"low_count",6,"gene99",FALSE,1.228,9.294,0.6683,114.1
"low_count",6,"gene100",FALSE,1.339,15.29,0.6383,128.8
"low_count",6,"gene101",FALSE,1.076,0.9959,0.175,6.884
"low_count",6,"gene102",FALSE,1.283,9.516,0.635,112
"low_count",6,"gene103",FALSE,1.117,1.777,0.4917,29.05
"low_count",6,"gene104",FALSE,1.004,0.8653,0.2433,11.16
"low_count",6,"gene105",FALSE,1.113,3.973,0.5567,61.23
"low_count",6,"gene106",FALSE,1.253,9.344,0.16,30.26
"low_count",6,"gene107",FALSE,1.233,5.922,0.3067,41.32
"low_count",6,"gene108",FALSE,1.038,2.74,0.1,4.52
"low_count",6,"gene109",FALSE,1.192,6.316,0.4267,56.92
"low_count",6,"gene110",FALSE,1.095,1.812,0.265,20.04
"low_count",6,"gene111",FALSE,1.248,8.972,0.5367,102.7
"low_count",6,"gene112",FALSE,1.014,0.6982,0.22,11.06
"low_count",6,"gene113",FALSE,1.047,1.526,0.1133,4.847
"low_count",6,"gene114",FALSE,1.003,0.366,0.1817,5.049
"low_count",6,"gene115",FALSE,1.035,0.4154,0.16,6.052
"low_count",6,"gene116",FALSE,1.416,18.52,0.2633,65.55
"low_count",6,"gene117",FALSE,1.123,2.188,0.155,11.29
"low_count",6,"gene118",FALSE,1.114,4.268,0.255,33.93
"low_count",6,"gene119",FALSE,1.192,7.21,0.6267,104.1
"low_count",6,"gene120",FALSE,1.4,14.09,0.18,53.15
"low_count",6,"gene121",FALSE,1.244,4.564,0.1017,19.11
"low_count",6,"gene122",FALSE,1.002,0.06765,0.08833,0.9262
"low_count",6,"gene123",FALSE,1.037,1.148,0.4183,25.66
"low_count",6,"gene124",FALSE,1.151,8.327,0.185,43.78
"low_count",6,"gene125",FALSE,1.041,1.228,0.225,10.2
"low_count",6,"gene126",FALSE,1.164,4.79,0.48,60.32
"low_count",6,"gene127",FALSE,1.201,7.318,0.3633,60.02
"low_count",6,"gene128",FALSE,1.113,3.521,0.1283,14.54
"low_count",6,"gene129",FALSE,1.143,3.194,0.5283,51.74
"low_count",6,"gene130",FALSE,1.09,2.443,0.3283,26.89
"low_count",6,"gene131",FALSE,1.301,6.966,0.13,24.33
"low_count",6,"gene132",FALSE,1.011,0.1987,0.265,6.253
"low_count",6,"gene133",FALSE,1.13,2.961,0.4617,41.45
"low_count",6,"gene134",FALSE,0.9459,0.03304,0.1233,1.199
"low_count",6,"gene135",TRUE,1.05,-2.482e-08,0.085,-0.1081
"low_count",6,"gene136",FALSE,1.208,5.761,0.3317,42.57
"low_count",6,"gene137",FALSE,1.123,1.245,0.1433,10.55
"low_count",6,"gene138",FALSE,1.147,1.527,0.1967,10.2
"low_count",6,"gene139",FALSE,1.364,8.419,0.1217,25.21
"low_count",6,"gene140",FALSE,1.26,9.206,0.41,78.94
"low_count",6,"gene141",FALSE,1.029,1.333,0.555,34.86
"low_count",6,"gene142",FALSE,1.186,3.446,0.1683,22.76
"low_count",6,"gene143",FALSE,1.28,8.273,0.6383,104.6
"low_count",6,"gene144",FALSE,1.214,4.697,0.3333,35.31
"low_count",6,"gene145",FALSE,1.285,10,0.55,99.79
"low_count",6,"gene146",FALSE,1.293,10.69,0.5333,83.09
"low_count",6,"gene147",FALSE,1.22,2.186,0.21,17.74
"low_count",6,"gene148",FALSE,1.238,3.887,0.61,75.04
"low_count",6,"gene149",FALSE,1.222,7.711,0.1533,23.7
"low_count",6,"gene150",FALSE,1.269,7.566,0.2133,34.45
"low_count",6,"gene151",FALSE,1.396,10.91,0.2417,54.42
"low_count",6,"gene152",FALSE,1.207,3.904,0.1167,17.83
"low_count",6,"gene153",FALSE,1.211,4.418,0.2233,29.18
"low_count",6,"gene154",FALSE,1.144,4.702,0.1067,11.52
"low_count",6,"gene155",FALSE,1.288,8.68,0.1917,37.43
"low_count",6,"gene156",FALSE,1.255,5.272,0.17,26.74
"low_count",6,"gene157",FALSE,1.182,4.522,0.5783,68.09
"low_count",6,"gene158",FALSE,1.254,4.874,0.1117,14.17
"low_count",6,"gene159",FALSE,1.152,4.701,0.1233,15.18
"low_count",6,"gene160",FALSE,1.164,5.878,0.4733,75.48
"low_count",6,"gene161",FALSE,1.233,8.137,0.1233,24.73
"low_count",6,"gene162",FALSE,1.3,10.53,0.34,66.4
"low_count",6,"gene163",FALSE,1.224,6.694,0.09167,11.26
"low_count",6,"gene164",FALSE,1.095,2.355,0.5583,38.17
"low_count",6,"gene165",FALSE,1.059,0.1788,0.2283,5.065
"low_count",6,"gene166",FALSE,1.131,0.4001,0.12,1.589
"low_count",6,"gene167",FALSE,1.423,9.306,0.315,35.3
"low_count",6,"gene168",FALSE,1.147,5.59,0.09833,12.45
"low_count",6,"gene169",FALSE,1.189,6.097,0.4217,59.69
"low_count",6,"gene170",FALSE,1.276,8.151,0.1383,30.36
"low_count",6,"gene171",FALSE,1.187,7.485,0.685,105.5
"low_count",6,"gene172",FALSE,1.122,5.739,0.2,25.01
"low_count",6,"gene173",FALSE,1.083,0.5293,0.2267,8.256
"low_count",6,"gene174",FALSE,1.265,6.496,0.4683,84
"low_count",6,"gene175",FALSE,1.231,1.098,0.09333,3.105
"low_count",6,"gene176",FALSE,1.081,1.269,0.2783,20.72
"low_count",6,"gene177",FALSE,1.228,6.47,0.1167,19.73
"low_count",6,"gene178",FALSE,1.112,4.273,0.1533,12.71
"low_count",6,"gene179",FALSE,1.347,4.501,0.1133,14.24
"low_count",6,"gene180",FALSE,1.018,0.5816,0.415,20.09
"low_count",6,"gene181",FALSE,1.357,14.47,0.3517,89
"low_count",6,"gene182",FALSE,1.097,2.443,0.1767,10.26
"low_count",6,"gene183",FALSE,1.181,2.53,0.17,12.92
"low_count",6,"gene184",FALSE,1.143,3.147,0.1183,13.8
"low_count",6,"gene185",FALSE,1.269,8.674,0.155,26.18
"low_count",6,"gene186",FALSE,1.011,2.505,0.09667,6.638
"low_count",6,"gene187",FALSE,1.106,1.595,0.185,14.05
"low_count",6,"gene188",FALSE,1.147,2.894,0.28,22.48
"low_count",6,"gene189",FALSE,1.002,0.1063,0.4983,8.155
"low_count",6,"gene190",FALSE,1.005,1.042,0.3317,19.61
"low_count",6,"gene191",FALSE,1.065,0.5565,0.185,8.421
"low_count",6,"gene192",FALSE,1.097,1.682,0.3583,32.48
"low_count",6,"gene193",FALSE,0.873,0.1267,0.09833,0.9633
"low_count",6,"gene194",FALSE,1.1,0.9317,0.19,9.457
"low_count",6,"gene195",FALSE,1.039,0.3146,0.6183,17.52
"low_count",6,"gene196",FALSE,1.266,8.675,0.1667,26.51
"low_count",6,"gene197",FALSE,1.121,2.747,0.23,19.78
"low_count",6,"gene198",FALSE,1.183,4.677,0.3217,39.73
"low_count",6,"gene199",FALSE,1.327,4.842,0.1167,12.56
"low_count",6,"gene200",TRUE,0.9464,-1.151e-06,0.4717,-12.22
"low_count",6,"gene201",FALSE,1.247,7.891,0.1483,24.74
"low_count",6,"gene202",FALSE,1.333,10.34,0.17,32.4
"low_count",6,"gene203",FALSE,1.224,8.089,0.1883,36.97
"low_count",6,"gene204",FALSE,1.203,5.453,0.275,41.05
"low_count",6,"gene205",FALSE,1.251,9,0.1133,22.28
"low_count",6,"gene206",FALSE,1.2,6.247,0.1533,18.28
"low_count",6,"gene207",FALSE,1.203,4.927,0.205,22.8
"low_count",6,"gene208",FALSE,1.345,17.74,0.7367,186.9
"low_count",6,"gene209",FALSE,1.191,5.503,0.135,13.43
"low_count",6,"gene210",FALSE,0.9903,0.05404,0.43,5.378
"low_count",6,"gene211",FALSE,1.086,3.186,0.2017,27.04
"low_count",6,"gene212",FALSE,1.438,14.02,0.1367,35.25
"low_count",6,"gene213",FALSE,1.172,4.814,0.6,65.41
"low_count",6,"gene214",FALSE,1.11,3.512,0.1983,23.3
"low_count",6,"gene215",FALSE,1.167,4.732,0.5817,61.87
"low_count",6,"gene216",FALSE,1.182,3.23,0.5483,52.26
"low_count",6,"gene217",FALSE,1.146,6.13,0.1833,31.29
"low_count",6,"gene218",FALSE,1.163,2.479,0.1133,11.64
"low_count",6,"gene219",FALSE,1.09,2.741,0.2633,20.17
"low_count",6,"gene220",FALSE,1.161,3.042,0.2917,26.56
"low_count",6,"gene221",FALSE,1.12,2.121,0.2417,21.95
"low_count",6,"gene222",FALSE,1.085,1.635,0.6833,43.99
"low_count",6,"gene223",FALSE,1.095,1.952,0.545,34.54
"low_count",6,"gene224",FALSE,1.198,3.619,0.2933,33.5
"low_count",6,"gene225",FALSE,1.262,10.15,0.2667,48.42
"low_count",6,"gene226",FALSE,1.239,6.39,0.5467,80.88
"low_count",6,"gene227",FALSE,1.084,1.27,0.2867,16.07
"low_count",6,"gene228",FALSE,1.262,7.455,0.6317,100.3
"low_count",6,"gene229",FALSE,1.041,0.8855,0.265,13.74
"low_count",6,"gene230",FALSE,1.105,2.069,0.4967,35.66
"low_count",6,"gene231",FALSE,1.145,3.598,0.3817,40.65
"low_count",6,"gene232",TRUE,0.9715,-1.087e-07,0.06333,-0.09297
"low_count",6,"gene233",FALSE,1.079,0.6975,0.1967,4.806
"low_count",6,"gene234",FALSE,1.043,2.52,0.3417,20.41
"low_count",6,"gene235",FALSE,1.317,8.712,0.125,20.58
"low_count",6,"gene236",FALSE,1.195,7.099,0.4817,70.95
"low_count",6,"gene237",FALSE,1.134,1.945,0.6,42.27
"low_count",6,"gene238",FALSE,1.1,1.123,0.3933,13.31
"low_count",6,"gene239",FALSE,1.038,1.278,0.1033,5.085
"low_count",6,"gene240",FALSE,1.188,4.926,0.3117,41.11
"low_count",6,"gene241",FALSE,1.176,5.009,0.1817,25.98
"low_count",6,"gene242",FALSE,1.235,3.283,0.08833,5.583
"low_count",6,"gene243",FALSE,1.143,3.597,0.2583,20.59
"low_count",6,"gene244",FALSE,1.261,8.039,0.1117,20.2
"low_count",6,"gene245",FALSE,1.111,2.06,0.2683,21.53
"low_count",6,"gene246",FALSE,1.474,18.76,0.26,69.29
"low_count",6,"gene247",FALSE,1.219,6.202,0.13,17.74
"low_count",6,"gene248",FALSE,1.163,7.071,0.105,14.87
"low_count",6,"gene249",FALSE,1.106,2.956,0.1317,14.64
"low_count",6,"gene250",FALSE,1.086,1.879,0.4083,34.31
"low_count",6,"gene251",FALSE,1.064,8.496,0.09667,16.23
"low_count",6,"gene252",FALSE,1.208,6.977,0.5133,66.22
"low_count",6,"gene253",FALSE,1.101,5.097,0.2467,28.42
"low_count",6,"gene254",FALSE,1.122,3.954,0.105,7.535
"low_count",6,"gene255",FALSE,1.387,15.91,0.14,35.98
"low_count",6,"gene256",FALSE,1.163,3.225,0.1983,25.82
"low_count",6,"gene257",FALSE,1.11,3.226,0.09167,5.367
"low_count",6,"gene258",FALSE,1.294,12.82,0.6533,134.4
"low_count",6,"gene259",FALSE,1.004,0.1265,0.7333,11.24
"low_count",6,"gene260",FALSE,1.39,12.72,0.1583,32.71
"low_count",6,"gene261",FALSE,1.148,2.698,0.1033,8.741
"low_count",6,"gene262",FALSE,1.269,5.899,0.115,24.68
"low_count",6,"gene263",FALSE,1.089,0.6616,0.115,4.237
"low_count",6,"gene264",FALSE,1.101,1.561,0.2333,11.3
"low_count",6,"gene265",TRUE,0.9933,-1.451e-07,0.1617,-0.3213
"low_count",6,"gene266",FALSE,1.308,7.936,0.3033,59.61
"low_count",6,"gene267",FALSE,1.065,0.8364,0.2017,8.841
"low_count",6,"gene268",FALSE,1.184,5.841,0.25,34.01
"low_count",6,"gene269",FALSE,1.144,3.612,0.3783,42.08
"low_count",6,"gene270",FALSE,1.085,1.012,0.3933,19.55
"low_count",6,"gene271",FALSE,1.199,5.443,0.5583,76.06
"low_count",6,"gene272",FALSE,1.124,2.877,0.5217,47.46
"low_count",6,"gene273",FALSE,1.212,6.86,0.575,75.67
"low_count",6,"gene274",FALSE,1.152,5.03,0.15,17.23
"low_count",6,"gene275",FALSE,1.079,0.6217,0.07333,2.232
"low_count",6,"gene276",FALSE,1.197,8.7,0.3033,62.4
"low_count",6,"gene277",FALSE,0.9536,0.02686,0.1117,0.6646
"low_count",6,"gene278",FALSE,1.416,9.917,0.1367,39.07
"low_count",6,"gene279",FALSE,1.162,7.639,0.1567,14.77
"low_count",6,"gene280",FALSE,1.25,8.305,0.2567,30.66
"low_count",6,"gene281",FALSE,1.5,16.59,0.1933,49.36
"low_count",6,"gene282",FALSE,1.236,6.448,0.2167,41.59
"low_count",6,"gene283",FALSE,1.255,4.41,0.145,17.66
"low_count",6,"gene284",FALSE,1.117,1.779,0.4933,26.81
"low_count",6,"gene285",FALSE,1.14,4.031,0.7083,67.57
"low_count",6,"gene286",FALSE,1.272,12.33,0.3233,63.36
"low_count",6,"gene287",FALSE,1.411,11.04,0.1467,42.28
"low_count",6,"gene288",FALSE,1.216,5.167,0.415,58.44
"low_count",6,"gene289",TRUE,1.376,-1.556e-07,0.1067,-0.1907
"low_count",6,"gene290",FALSE,1.114,4.607,0.275,32.18
"low_count",6,"gene291",FALSE,1.134,1.872,0.7167,48.07
"low_count",6,"gene292",FALSE,1.142,1.143,0.19,8.696
"low_count",6,"gene293",FALSE,0.9802,0.07256,0.1267,1.321
"low_count",6,"gene294",FALSE,1.179,6.525,0.5867,90.85
"low_count",6,"gene295",FALSE,1.45,18.11,0.3183,87.1
"low_count",6,"gene296",FALSE,1.116,3.687,0.1733,17.79
"low_count",6,"gene297",FALSE,1.37,13.69,0.635,138
"low_count",6,"gene298",FALSE,1.094,2.249,0.38,29.71
"low_count",6,"gene299",FALSE,0.9903,0.06028,0.2467,2.951
"low_count",6,"gene300",FALSE,1.229,8.521,0.4233,66.13
"low_count",7,"gene1",FALSE,1.193,4.128,0.3883,34.33
"low_count",7,"gene2",FALSE,1.169,2.023,0.065,5.657
"low_count",7,"gene3",FALSE,1.072,1.69,0.3283,17.18
"low_count",7,"gene4",FALSE,1.421,16.32,0.42,124.9
"low_count",7,"gene5",FALSE,1.035,0.5125,0.2717,6.26
"low_count",7,"gene6",FALSE,1.144,2.777,0.3833,52.92
"low_count",7,"gene7",FALSE,1.522,18.89,0.22,51.18
"low_count",7,"gene8",FALSE,1.16,3.611,0.145,21.33
"low_count",7,"gene9",FALSE,1.246,6.362,0.2467,25.67
"low_count",7,"gene10",FALSE,1.273,8.118,0.1383,26.14
"low_count",7,"gene11",FALSE,1.048,0.09349,0.52,5.87
"low_count",7,"gene12",TRUE,0.947,-4.767e-07,0.47,-5.118
"low_count",7,"gene13",FALSE,1.122,7.325,0.4517,55.5
"low_count",7,"gene14",FALSE,1.107,3.302,0.1033,17.54
"low_count",7,"gene15",FALSE,1.43,17.5,0.3283,71.5
"low_count",7,"gene16",FALSE,1.153,6.221,0.07,15.13
"low_count",7,"gene17",FALSE,1.244,5.576,0.755,62.69
"low_count",7,"gene18",FALSE,1.128,2.201,0.2933,30.21
"low_count",7,"gene19",FALSE,1.225,9.945,0.9933,121.2
"low_count",7,"gene20",FALSE,1.483,27.1,0.2167,120.5
"low_count",7,"gene21",FALSE,1.178,5.349,0.5383,56.16
"low_count",7,"gene22",FALSE,1.322,10.19,0.49,106.3
"low_count",7,"gene23",FALSE,1.116,3.848,0.5317,43.25
"low_count",7,"gene24",FALSE,1.123,3.745,0.2333,28.78
"low_count",7,"gene25",FALSE,1.057,0.008394,0.485,1.278
"low_count",7,"gene26",FALSE,1.01,1.222,0.3117,14.57
"low_count",7,"gene27",FALSE,1.26,10.59,0.1767,25.8
"low_count",7,"gene28",FALSE,0.994,0.05078,0.055,0.808
"low_count",7,"gene29",FALSE,0.9406,0.4905,0.1483,3.021
"low_count",7,"gene30",FALSE,1.193,6.339,0.2433,44.13
"low_count",7,"gene31",FALSE,1.164,4.667,0.3783,38.16
"low_count",7,"gene32",FALSE,1.22,6.556,0.3517,63.15
"low_count",7,"gene33",FALSE,1.08,2.81,0.5233,56.81
"low_count",7,"gene34",FALSE,1.138,5.061,0.31,42.54
"low_count",7,"gene35",FALSE,1.166,4.925,0.595,82.39
"low_count",7,"gene36",FALSE,1.414,10.61,0.2067,46.23
"low_count",7,"gene37",FALSE,1.074,1.008,0.2417,15.49
"low_count",7,"gene38",FALSE,0.9763,0.04058,0.2583,2.897
"low_count",7,"gene39",FALSE,1.03,0.6549,0.3883,14.1
"low_count",7,"gene40",FALSE,1.219,7.566,0.125,19.51
"low_count",7,"gene41",FALSE,1.144,1.967,0.195,12.85
"low_count",7,"gene42",FALSE,1.442,17.18,0.23,83.12
"low_count",7,"gene43",FALSE,1.384,11.96,0.215,55.36
"low_count",7,"gene44",FALSE,1.172,3.894,0.105,13.18
"low_count",7,"gene45",FALSE,1.15,5.047,0.3783,40.62
"low_count",7,"gene46",FALSE,1.227,6.4,0.5,80.23
"low_count",7,"gene47",FALSE,1.203,6.722,0.3767,52.5
"low_count",7,"gene48",FALSE,1.212,12.09,0.3083,55.69
"low_count",7,"gene49",FALSE,1.219,5.202,0.5233,61.79
"low_count",7,"gene50",FALSE,1.186,5.922,0.3317,44.92
"low_count",7,"gene51",FALSE,1.342,7.776,0.2533,32.29
"low_count",7,"gene52",FALSE,1.033,0.4564,0.1167,4.434
"low_count",7,"gene53",FALSE,1.248,8.668,0.5117,88.91
"low_count",7,"gene54",FALSE,1.152,2.304,0.43,33.3
"low_count",7,"gene55",FALSE,1.149,2.682,0.27,21.16
"low_count",7,"gene56",FALSE,1.243,6.863,0.2417,45.17
"low_count",7,"gene57",FALSE,1.187,7.624,0.14,23.8
"low_count",7,"gene58",FALSE,1.236,7.935,0.46,87.77
"low_count",7,"gene59",FALSE,1.122,3.184,0.1533,15.29
"low_count",7,"gene60",FALSE,1.156,3.133,0.2033,11.65
"low_count",7,"gene61",FALSE,1.332,17.49,0.4083,113.2
"low_count",7,"gene62",FALSE,1.135,4.933,0.3633,43.2
"low_count",7,"gene63",FALSE,1.219,5.818,0.4817,59.59
"low_count",7,"gene64",FALSE,1.137,2.15,0.1867,17.03
"low_count",7,"gene65",FALSE,1.051,0.5049,0.615,21.95
"low_count",7,"gene66",FALSE,1.23,2.055,0.2617,11.64
"low_count",7,"gene67",FALSE,1.303,11.78,0.3733,79.43
"low_count",7,"gene68",FALSE,1.323,9.345,0.35,66.5
"low_count",7,"gene69",FALSE,1.313,6.359,0.465,70.07
"low_count",7,"gene70",FALSE,1.008,0.327,0.07333,1.66
"low_count",7,"gene71",FALSE,1.06,1.412,0.2683,18.91
"low_count",7,"gene72",FALSE,1.158,3.554,0.61,66.77
"low_count",7,"gene73",FALSE,1.038,1.226,0.155,13.1
"low_count",7,"gene74",FALSE,1.169,4.975,0.56,58.74
"low_count",7,"gene75",FALSE,1.058,0.3914,0.2033,5.413
"low_count",7,"gene76",FALSE,1.235,5.664,0.1633,29.14
"low_count",7,"gene77",FALSE,0.9864,1.335,0.1467,8.278
"low_count",7,"gene78",FALSE,1.168,6.086,0.325,50.59
"low_count",7,"gene79",FALSE,1.224,6.611,0.525,76.31
"low_count",7,"gene80",FALSE,1.108,1.444,0.1083,5.447
"low_count",7,"gene81",FALSE,1.084,2.152,0.1067,7.869
"low_count",7,"gene82",FALSE,1.133,4.291,0.1333,15.19
"low_count",7,"gene83",FALSE,1.339,19.4,0.3617,116.3
"low_count",7,"gene84",FALSE,0.9992,1.392,0.16,14.49
"low_count",7,"gene85",FALSE,1.101,1.575,0.1367,9.237
"low_count",7,"gene86",FALSE,1.217,4.047,0.205,14.91
"low_count",7,"gene87",FALSE,1.351,7.335,0.2133,40.48
"low_count",7,"gene88",FALSE,1.053,1.591,0.1217,6.377
"low_count",7,"gene89",FALSE,1.238,6.628,0.09333,13.63
"low_count",7,"gene90",FALSE,1.253,9.48,0.445,73.82
"low_count",7,"gene91",FALSE,1.134,3.023,0.2617,25.04
"low_count",7,"gene92",FALSE,1.156,2.477,0.3617,26.38
"low_count",7,"gene93",FALSE,1.385,10.27,0.25,52.46
"low_count",7,"gene94",FALSE,1.336,11.5,0.13,35.37
"low_count",7,"gene95",FALSE,1.082,0.7762,0.3083,14.12
"low_count",7,"gene96",FALSE,1.17,5.24,0.1717,19.35
"low_count",7,"gene97",FALSE,1.152,8.145,0.2967,61.24
"low_count",7,"gene98",FALSE,1.032,0.3006,0.4417,11.75
"low_count",7,"gene99",FALSE,1.009,0.4596,0.095,2.516
"low_count",7,"gene100",FALSE,1.151,3.131,0.2283,24.66
"low_count",7,"gene101",TRUE,0.9972,-7.624e-07,0.5333,-3.711
"low_count",7,"gene102",FALSE,1.196,7.85,0.2583,54.77
"low_count",7,"gene103",FALSE,1.521,21.86,0.115,42.05
"low_count",7,"gene104",FALSE,1.125,2.474,0.3767,33.98
"low_count",7,"gene105",FALSE,1.36,15.17,0.2333,68.57
"low_count",7,"gene106",FALSE,1.108,2.22,0.2683,20.17
"low_count",7,"gene107",FALSE,1.094,3.53,0.1017,9.151
"low_count",7,"gene108",FALSE,1.113,3.728,0.1133,9.156
"low_count",7,"gene109",FALSE,1.126,4.171,0.1617,23.5
"low_count",7,"gene110",FALSE,1.274,12.23,0.235,58.4
"low_count",7,"gene111",FALSE,1.088,1.149,0.1833,12.88
"low_count",7,"gene112",FALSE,1.139,3.033,0.1617,13.67
"low_count",7,"gene113",FALSE,1.376,15.27,0.245,64.41
"low_count",7,"gene114",FALSE,1.238,6.457,0.365,55.93
"low_count",7,"gene115",FALSE,1.141,3.227,0.5817,68.98
"low_count",7,"gene116",FALSE,1.077,0.9403,0.44,21.88
"low_count",7,"gene117",FALSE,1.206,5.25,0.2367,32.18
"low_count",7,"gene118",FALSE,1.001,0.0256,0.07,0.4273
"low_count",7,"gene119",FALSE,1.144,2.749,0.1467,13.71
"low_count",7,"gene120",FALSE,1.092,1.889,0.1483,11.57
"low_count",7,"gene121",FALSE,1.154,2.602,0.1367,12.42
"low_count",7,"gene122",FALSE,1.453,12.3,0.1133,49.13
"low_count",7,"gene123",FALSE,1.166,5.971,0.4083,46.71
"low_count",7,"gene124",FALSE,1.114,2.301,0.12,10.79
"low_count",7,"gene125",FALSE,0.9652,2.155,0.09333,7.914
"low_count",7,"gene126",FALSE,1.269,12.09,0.3617,82.69
"low_count",7,"gene127",FALSE,1.155,5.615,0.6033,75.48
"low_count",7,"gene128",FALSE,1.173,8.805,0.2117,39.93
"low_count",7,"gene129",FALSE,1.415,20.69,0.1767,62.14
"low_count",7,"gene130",FALSE,1.059,1.565,0.145,9.116
"low_count",7,"gene131",FALSE,1.078,3.848,0.3417,37.88
"low_count",7,"gene132",FALSE,1.121,2.53,0.35,29.67
"low_count",7,"gene133",FALSE,1.157,4.05,0.1233,16.15
"low_count",7,"gene134",FALSE,1.043,0.1084,0.2267,3.795
"low_count",7,"gene135",FALSE,1.118,1.41,0.1867,16.51
"low_count",7,"gene136",FALSE,1.105,1.714,0.5117,37.94
"low_count",7,"gene137",FALSE,1.147,5.097,0.2817,30.32
"low_count",7,"gene138",FALSE,1.251,4.934,0.1033,10.41
"low_count",7,"gene139",FALSE,1.043,1.379,0.09167,5.694
"low_count",7,"gene140",FALSE,1.089,2.246,0.1483,14.58
"low_count",7,"gene141",FALSE,1.24,7.761,0.1533,24.59
"low_count",7,"gene142",FALSE,1.287,11.35,0.7183,141.1
"low_count",7,"gene143",FALSE,1.322,17,0.615,162.6
"low_count",7,"gene144",FALSE,1.057,1.046,0.1233,6.358
"low_count",7,"gene145",FALSE,1.077,1.007,0.28,15.67
"low_count",7,"gene146",FALSE,1.346,11.95,0.275,66.24
"low_count",7,"gene147",FALSE,1.004,0.0594,0.2283,3.064
"low_count",7,"gene148",FALSE,1.119,3.228,0.1833,18.53
"low_count",7,"gene149",FALSE,1.077,1.349,0.43,23.1
"low_count",7,"gene150",FALSE,1.034,4.14,0.135,12.51
"low_count",7,"gene151",FALSE,1.037,0.7569,0.3583,16.16
"low_count",7,"gene152",FALSE,1.177,1.539,0.1083,9.39
"low_count",7,"gene153",FALSE,1.162,4.514,0.24,30.65
"low_count",7,"gene154",FALSE,1.051,3.796,0.285,40.5
"low_count",7,"gene155",FALSE,1.154,3.682,0.51,58.07
"low_count",7,"gene156",FALSE,1.037,0.33,0.09,2.567
"low_count",7,"gene157",FALSE,1.222,7.718,0.315,56.44
"low_count",7,"gene158",FALSE,0.9895,0.04922,0.1717,1.493
"low_count",7,"gene159",FALSE,1.432,17.31,0.35,107.9
"low_count",7,"gene160",FALSE,1.283,2.366,0.1267,10.89
"low_count",7,"gene161",FALSE,1.196,5.025,0.1767,22.03
"low_count",7,"gene162",FALSE,1.416,14.52,0.4033,87.4
"low_count",7,"gene163",FALSE,1.093,5.16,0.1467,25.22
"low_count",7,"gene164",FALSE,1.212,9.404,0.235,44.83
"low_count",7,"gene165",FALSE,1.033,1.26,0.09167,5.343
"low_count",7,"gene166",FALSE,1.263,1.598,0.1017,4.439
"low_count",7,"gene167",FALSE,1.197,7.024,0.275,36.22
"low_count",7,"gene168",FALSE,1.305,12.98,0.23,40.56
"low_count",7,"gene169",FALSE,1.04,0.7081,0.56,26.29
"low_count",7,"gene170",FALSE,0.993,0.4251,0.07167,2.452
"low_count",7,"gene171",FALSE,1.277,15.38,0.1917,46.63
"low_count",7,"gene172",FALSE,1.129,2.318,0.1383,11.32
"low_count",7,"gene173",FALSE,1.286,5.88,0.095,15.68
"low_count",7,"gene174",FALSE,1.213,6.621,0.505,71.17
"low_count",7,"gene175",FALSE,1.108,4.135,0.58,71.5
"low_count",7,"gene176",FALSE,1.27,4.779,0.1667,16.32
"low_count",7,"gene177",FALSE,1.194,5.799,0.1617,22.8
"low_count",7,"gene178",FALSE,1.111,2.542,0.165,17.63
"low_count",7,"gene179",FALSE,1.212,5.452,0.4633,64.25
"low_count",7,"gene180",FALSE,1.23,6.524,0.2317,29.42
"low_count",7,"gene181",TRUE,0.9703,-6.186e-08,0.1033,-0.02681
"low_count",7,"gene182",FALSE,1.512,22.67,0.425,129.5
"low_count",7,"gene183",FALSE,1.013,1.641,0.2333,18.58
"low_count",7,"gene184",FALSE,1.124,2.924,0.11,9.3
"low_count",7,"gene185",FALSE,1.023,0.2016,0.4133,10.65
"low_count",7,"gene186",FALSE,1.429,2.631,0.085,5.661
"low_count",7,"gene187",FALSE,1.046,1.419,0.1367,8.536
"low_count",7,"gene188",FALSE,1.278,9.849,0.2267,50.41
"low_count",7,"gene189",FALSE,1.169,4.81,0.17,23.08
"low_count",7,"gene190",FALSE,1.318,8.607,0.16,25.46
"low_count",7,"gene191",FALSE,1.248,10.72,0.08667,19.21
"low_count",7,"gene192",FALSE,1.16,5.401,0.505,50.67
"low_count",7,"gene193",FALSE,1.232,5.588,0.1867,28.07
"low_count",7,"gene194",FALSE,1.094,3.619,0.105,8.136
"low_count",7,"gene195",FALSE,1.197,5.776,0.165,18.6
"low_count",7,"gene196",FALSE,1.366,11.08,0.08833,20.27
"low_count",7,"gene197",FALSE,1.209,7.227,0.56,99.5
"low_count",7,"gene198",FALSE,1.118,2.792,0.1033,11.67
"low_count",7,"gene199",FALSE,1.104,1.292,0.52,29.22
"low_count",7,"gene200",FALSE,1.173,4.927,0.085,10.75
"low_count",7,"gene201",FALSE,1.067,1.978,0.535,50.89
"low_count",7,"gene202",FALSE,1.487,16.99,0.2467,35.71
"low_count",7,"gene203",FALSE,1.159,7.487,0.1233,23.57
"low_count",7,"gene204",FALSE,1.177,2.917,0.5267,51.95
"low_count",7,"gene205",FALSE,0.9904,0.8398,0.085,2.582
"low_count",7,"gene206",FALSE,1.156,2.394,0.1467,11.64
"low_count",7,"gene207",FALSE,1.275,3.12,0.1067,10.56
"low_count",7,"gene208",FALSE,1.153,3.741,0.1283,17.28
"low_count",7,"gene209",FALSE,1.112,6.127,0.2683,38.21
"low_count",7,"gene210",FALSE,1.222,4.069,0.1217,11.84
"low_count",7,"gene211",FALSE,1.249,5.83,0.205,31.81
"low_count",7,"gene212",FALSE,1.105,2.372,0.565,37.9
"low_count",7,"gene213",FALSE,1.282,12.15,0.54,114
"low_count",7,"gene214",FALSE,1.166,3.71,0.2917,31.9
"low_count",7,"gene215",FALSE,1.157,2.056,0.07833,5.813
"low_count",7,"gene216",FALSE,1.169,5.087,0.3983,40.29
"low_count",7,"gene217",FALSE,1.484,7.834,0.4467,91.84
"low_count",7,"gene218",FALSE,1.274,10.19,0.2217,44.08
"low_count",7,"gene219",FALSE,1.151,2.877,0.2733,16.09
"low_count",7,"gene220",FALSE,1.07,0.4727,0.2117,6.701
"low_count",7,"gene221",FALSE,1.21,6.482,0.3133,39.24
"low_count",7,"gene222",FALSE,1.127,3.11,0.1717,16.28
"low_count",7,"gene223",FALSE,1.137,3.857,0.1433,16.64
"low_count",7,"gene224",FALSE,1.149,1.599,0.61,36.72
"low_count",7,"gene225",FALSE,1.064,1.02,0.2533,14.52
"low_count",7,"gene226",FALSE,1.119,2.36,0.47,36.35
"low_count",7,"gene227",FALSE,1.198,9.713,0.385,69.46
"low_count",7,"gene228",FALSE,1.01,0.7453,0.1583,8.434
"low_count",7,"gene229",FALSE,1.302,13.56,0.5017,105.9
"low_count",7,"gene230",FALSE,1.41,15.07,0.2167,54.03
"low_count",7,"gene231",FALSE,1.259,10.61,0.4133,86.84
"low_count",7,"gene232",FALSE,1.019,0.4377,0.08333,2.541
"low_count",7,"gene233",FALSE,1.291,5.992,0.1667,21.42
"low_count",7,"gene234",FALSE,1.48,14.48,0.095,27.59
"low_count",7,"gene235",FALSE,1.334,11.34,0.1933,49.26
"low_count",7,"gene236",FALSE,1.218,2.224,0.1133,8.184
"low_count",7,"gene237",FALSE,1.22,5.366,0.135,20.46
"low_count",7,"gene238",FALSE,1.297,11.08,0.1067,32.22
"low_count",7,"gene239",FALSE,1.066,0.5725,0.3933,14.83
"low_count",7,"gene240",FALSE,1.197,7.704,0.5917,107.1
"low_count",7,"gene241",FALSE,1.176,5.068,0.1567,25.54
"low_count",7,"gene242",FALSE,1.035,0.3971,0.08,1.877
"low_count",7,"gene243",FALSE,1.006,0.6949,0.3,16.31
"low_count",7,"gene244",TRUE,0.9628,-3.565e-07,0.08667,-1.737
"low_count",7,"gene245",FALSE,1.2,5.201,0.125,18.37
"low_count",7,"gene246",FALSE,1.067,2.297,0.155,8.877
"low_count",7,"gene247",FALSE,0.9853,0.1127,0.5817,9.757
"low_count",7,"gene248",FALSE,1.105,1.853,0.565,39.12
"low_count",7,"gene249",FALSE,1.095,1.508,0.3617,22.34
"low_count",7,"gene250",FALSE,1.453,23.27,0.21,60.94
"low_count",7,"gene251",FALSE,1.084,1.511,0.1033,6.975
"low_count",7,"gene252",FALSE,1.275,9.859,0.48,85.55
"low_count",7,"gene253",FALSE,1.039,0.6538,0.3183,13.69
"low_count",7,"gene254",FALSE,0.9933,1.01,0.3967,19.89
"low_count",7,"gene255",FALSE,1.299,10.72,0.1617,44.63
"low_count",7,"gene256",FALSE,1.25,7.893,0.5717,81.12
"low_count",7,"gene257",FALSE,1.199,3.964,0.6533,71.52
"low_count",7,"gene258",FALSE,1.112,2.649,0.23,19.26
"low_count",7,"gene259",FALSE,1.076,1.901,0.1383,7.04
"low_count",7,"gene260",FALSE,1.14,4.92,0.1267,18.71
"low_count",7,"gene261",FALSE,1.139,3.29,0.3017,33.19
"low_count",7,"gene262",FALSE,1.2,4.034,0.2633,21.54
"low_count",7,"gene263",FALSE,1.31,16.68,0.15,28.3
"low_count",7,"gene264",FALSE,1.161,4.995,0.3333,38.14
"low_count",7,"gene265",FALSE,0.9807,0.5261,0.185,7.697
"low_count",7,"gene266",FALSE,1.1,2.801,0.08167,9.613
"low_count",7,"gene267",FALSE,1.496,23.36,0.6433,176.4
"low_count",7,"gene268",FALSE,1.173,6.241,0.5883,87.61
"low_count",7,"gene269",FALSE,1.286,6.469,0.075,16.23
"low_count",7,"gene270",FALSE,1.087,1.939,0.6117,37.85
"low_count",7,"gene271",FALSE,1.429,6.611,0.1383,40.69
"low_count",7,"gene272",FALSE,1.288,15.48,0.5083,101.7
"low_count",7,"gene273",FALSE,1.149,3.457,0.1767,15.77
"low_count",7,"gene274",FALSE,1.04,1.262,0.31,14.33
"low_count",7,"gene275",FALSE,1.325,12.84,0.315,60.21
"low_count",7,"gene276",FALSE,1.403,6.319,0.1117,11.95
"low_count",7,"gene277",FALSE,1.035,0.7179,0.545,28.03
"low_count",7,"gene278",FALSE,1.074,3.562,0.1167,13.6
"low_count",7,"gene279",FALSE,1.313,13.09,0.315,59.21
"low_count",7,"gene280",FALSE,1.362,14.98,0.3783,118.5
"low_count",7,"gene281",FALSE,1.152,3.822,0.1567,11.95
"low_count",7,"gene282",FALSE,1.383,12.09,0.1067,21.92
"low_count",7,"gene283",FALSE,1.251,6.743,0.2017,25.85
"low_count",7,"gene284",FALSE,1.136,4.115,0.1333,15.33
"low_count",7,"gene285",FALSE,1.238,8.089,0.5233,94.59
"low_count",7,"gene286",FALSE,1.092,0.5953,0.5517,24.53
"low_count",7,"gene287",FALSE,1.047,1.128,0.4083,25.83
"low_count",7,"gene288",FALSE,1.181,6.695,0.365,50.82
"low_count",7,"gene289",FALSE,1.241,7.214,0.3467,66.91
"low_count",7,"gene290",FALSE,1.114,1.931,0.4483,33.24
"low_count",7,"gene291",FALSE,1.343,12.07,0.2067,52.5
"low_count",7,"gene292",FALSE,1.142,2.722,0.19,15.62
"low_count",7,"gene293",FALSE,1.016,0.1041,0.4517,6.967
"low_count",7,"gene294",FALSE,1.013,0.9915,0.295,16
"low_count",7,"gene295",FALSE,1.091,2.876,0.3133,27.99
"low_count",7,"gene296",FALSE,1.17,4.938,0.2917,31.42
"low_count",7,"gene297",FALSE,1.24,9.531,0.5933,122.1
"low_count",7,"gene298",FALSE,1.511,19.85,0.2983,84.39
"low_count",7,"gene299",FALSE,1.322,10.34,0.3183,84.12
"low_count",7,"gene300",FALSE,1.024,2.891,0.1367,11.39
"low_count",8,"gene1",FALSE,1,1.665,0.195,6.741
"low_count",8,"gene2",FALSE,1.074,1.602,0.205,12.94
"low_count",8,"gene3",FALSE,1.059,2.463,0.81,49.02
"low_count",8,"gene4",FALSE,1.197,7.764,0.335,62.7
"low_count",8,"gene5",FALSE,1.13,3.106,0.345,27.61
"low_count",8,"gene6",FALSE,0.9892,0.3877,0.1983,6.887
"low_count",8,"gene7",FALSE,1.076,0.9842,0.1733,6.675
"low_count",8,"gene8",FALSE,1.189,7.837,0.08667,20.64
"low_count",8,"gene9",FALSE,1.177,3.497,0.5517,41.47
"low_count",8,"gene10",FALSE,1.236,6.94,0.235,33.74
"low_count",8,"gene11",TRUE,0.9099,-8.712e-07,0.1567,-3.388
"low_count",8,"gene12",FALSE,1.137,5.099,0.2,41.85
"low_count",8,"gene13",FALSE,1.261,10.35,0.4783,63.39
"low_count",8,"gene14",FALSE,1.225,1.579,0.2183,6.706
"low_count",8,"gene15",FALSE,1.202,5.752,0.44,41.51
"low_count",8,"gene16",FALSE,1.129,2.507,0.145,16.37
"low_count",8,"gene17",FALSE,1.383,14.36,0.3817,55.95
"low_count",8,"gene18",FALSE,1.591,22.14,0.14,67.09
"low_count",8,"gene19",FALSE,1.128,1.994,0.8467,42.52
"low_count",8,"gene20",FALSE,1.223,7.579,0.2017,44.72
"low_count",8,"gene21",FALSE,1.03,1.19,0.51,24.37
"low_count",8,"gene22",FALSE,1.114,2.073,0.1433,14.01
"low_count",8,"gene23",FALSE,1.112,2.044,0.185,8.784
"low_count",8,"gene24",TRUE,0.9538,-1.014e-06,0.105,-5.538
"low_count",8,"gene25",FALSE,1.13,4.798,0.2217,18.93
"low_count",8,"gene26",FALSE,1.023,0.3092,0.15,4.355
"low_count",8,"gene27",FALSE,1.16,5.248,0.2,19.11
"low_count",8,"gene28",FALSE,1.146,2.705,0.3017,31.17
"low_count",8,"gene29",FALSE,1.202,11.03,0.6483,85.01
"low_count",8,"gene30",FALSE,1.025,0.8811,0.06167,3.243
"low_count",8,"gene31",FALSE,1.157,3.846,0.4167,43.21
"low_count",8,"gene32",FALSE,1.134,3.967,0.2033,23.42
"low_count",8,"gene33",FALSE,1.049,1.616,0.1233,8.428
"low_count",8,"gene34",FALSE,1.204,6.375,0.515,64.46
"low_count",8,"gene35",FALSE,1.295,14,0.225,50.2
"low_count",8,"gene36",FALSE,1.346,15.94,0.3,65.56
"low_count",8,"gene37",FALSE,1.123,3.039,0.28,26.08
"low_count",8,"gene38",FALSE,1.224,7.68,0.3817,76.43
"low_count",8,"gene39",FALSE,1.249,0.7287,0.1033,3.7
"low_count",8,"gene40",TRUE,0.9826,-8.299e-08,0.1967,-0.04312
"low_count",8,"gene41",FALSE,0.854,1.265,0.1467,8.931
"low_count",8,"gene42",FALSE,1.284,12.38,0.2017,32.17
"low_count",8,"gene43",FALSE,1.028,0.5438,0.4433,19.46
"low_count",8,"gene44",FALSE,1.114,2.872,0.185,12.41
"low_count",8,"gene45",FALSE,1.116,3.421,0.13,15.21
"low_count",8,"gene46",FALSE,1.31,8.267,0.09,22.08
"low_count",8,"gene47",FALSE,1.174,5.442,0.3933,52.27
"low_count",8,"gene48",FALSE,1.101,2.623,0.505,46.26
"low_count",8,"gene49",FALSE,1.114,1.618,0.085,6.113
"low_count",8,"gene50",FALSE,1.296,11.92,0.4433,96.26
"low_count",8,"gene51",FALSE,1.076,1.09,0.2867,15.19
"low_count",8,"gene52",FALSE,1.143,2.633,0.2017,22.7
"low_count",8,"gene53",FALSE,1.156,5.456,0.1883,26.44
"low_count",8,"gene54",FALSE,0.982,1.623,0.135,9.637
"low_count",8,"gene55",FALSE,1.204,4.483,0.14,17.96
"low_count",8,"gene56",FALSE,1.045,0.2206,0.3183,7.822
"low_count",8,"gene57",FALSE,1.201,6.711,0.6183,89.52
"low_count",8,"gene58",FALSE,1.131,9.374,0.1033,22.28
"low_count",8,"gene59",FALSE,0.9983,0.2805,0.1833,4.676
"low_count",8,"gene60",FALSE,1.167,5.332,0.275,40.95
"low_count",8,"gene61",FALSE,1.377,11.63,0.2833,68.1
"low_count",8,"gene62",FALSE,1.041,2.193,0.27,21.91
"low_count",8,"gene63",FALSE,1.137,3.218,0.495,44.65
"low_count",8,"gene64",FALSE,1.285,9.115,0.47,84.1
"low_count",8,"gene65",FALSE,1.286,8.618,0.4583,85.42
"low_count",8,"gene66",TRUE,0.9319,-2.9e-07,0.1533,-3.121
"low_count",8,"gene67",FALSE,1.492,25.41,0.4317,140.9
"low_count",8,"gene68",FALSE,1.335,5.669,0.1183,18.4
"low_count",8,"gene69",FALSE,1.36,11.96,0.4117,93.34
"low_count",8,"gene70",FALSE,1.393,12.81,0.315,73.63
"low_count",8,"gene71",FALSE,1.034,1.477,0.1083,7.248
"low_count",8,"gene72",FALSE,1.116,1.66,0.135,13.04
"low_count",8,"gene73",FALSE,1.176,4.191,0.4817,60.39
"low_count",8,"gene74",FALSE,1.129,5.738,0.4417,52.35
"low_count",8,"gene75",FALSE,1.189,4.259,0.38,52.2
"low_count",8,"gene76",FALSE,1.017,0.02674,0.23,1.716
"low_count",8,"gene77",FALSE,1.412,14.48,0.1033,36.41
"low_count",8,"gene78",FALSE,1.074,1.038,0.3283,18.16
"low_count",8,"gene79",FALSE,1.336,16.78,0.2417,62.93
"low_count",8,"gene80",FALSE,1.11,5.381,0.6417,86.99
"low_count",8,"gene81",FALSE,1.187,5.441,0.5833,75.58
"low_count",8,"gene82",FALSE,1.231,8.535,0.175,31.87
"low_count",8,"gene83",FALSE,1.189,4.693,0.3717,35.87
"low_count",8,"gene84",FALSE,1.204,6.67,0.4517,62.17
"low_count",8,"gene85",FALSE,1.249,9.404,0.365,59.39
"low_count",8,"gene86",FALSE,1.131,2.576,0.305,21.45
"low_count",8,"gene87",FALSE,1.046,0.7079,0.15,6.43
"low_count",8,"gene88",FALSE,0.9695,0.07114,0.395,4.621
"low_count",8,"gene89",FALSE,1.175,5.458,0.125,10.99
"low_count",8,"gene90",FALSE,1.285,7.813,0.2167,32.85
"low_count",8,"gene91",FALSE,1.246,6.982,0.235,44.66
"low_count",8,"gene92",FALSE,1.196,4.444,0.3567,39.31
"low_count",8,"gene93",FALSE,1.33,9.359,0.12,38.35
"low_count",8,"gene94",FALSE,1.422,16.7,0.2817,66.75
"low_count",8,"gene95",FALSE,1.177,5.35,0.4533,48.41
"low_count",8,"gene96",FALSE,1.148,5.015,0.1433,15.47
"low_count",8,"gene97",FALSE,1.019,0.07042,0.06333,0.7748
"low_count",8,"gene98",FALSE,1.285,12.39,0.5017,134.6
"low_count",8,"gene99",FALSE,1.125,5.232,0.48,71.49
"low_count",8,"gene100",FALSE,1.291,1.946,0.08667,5.613
"low_count",8,"gene101",FALSE,1.099,1.739,0.3233,20.98
"low_count",8,"gene102",FALSE,1.309,12.71,0.6,118.9
"low_count",8,"gene103",FALSE,1.061,0.5873,0.3917,17.09
"low_count",8,"gene104",FALSE,0.9802,0.005258,0.2017,0.4586
"low_count",8,"gene105",FALSE,1.258,8.471,0.2083,33.47
"low_count",8,"gene106",FALSE,1.123,2.42,0.2283,21.05
"low_count",8,"gene107",FALSE,1.028,3.85,0.145,18.18
"low_count",8,"gene108",FALSE,1.017,1.338,0.1267,7.224
"low_count",8,"gene109",FALSE,1.105,1.846,0.3767,22.76
"low_count",8,"gene110",FALSE,1.208,2.489,0.08167,8.096
"low_count",8,"gene111",FALSE,1.241,10.01,0.43,82.38
"low_count",8,"gene112",FALSE,1.003,0.2055,0.1367,4.134
"low_count",8,"gene113",FALSE,1.184,5.831,0.4433,66.37
"low_count",8,"gene114",FALSE,1.265,8.812,0.105,20.61
"low_count",8,"gene115",FALSE,1.272,9.301,0.3367,54.39
"low_count",8,"gene116",FALSE,1.044,0.2891,0.2467,6.039
"low_count",8,"gene117",FALSE,1.189,6.498,0.2233,33
"low_count",8,"gene118",FALSE,1.633,14.21,0.1,43.5
"low_count",8,"gene119",FALSE,1.224,8.306,0.595,85.31
"low_count",8,"gene120",FALSE,1.088,2.929,0.42,33.79
"low_count",8,"gene121",FALSE,1.122,3.053,0.365,32.2
"low_count",8,"gene122",FALSE,1.172,4.94,0.7683,94.28
"low_count",8,"gene123",FALSE,1.262,8.315,0.21,42.82
"low_count",8,"gene124",FALSE,1.32,10.76,0.395,77.16
"low_count",8,"gene125",FALSE,1.012,0.5925,0.125,4.973
"low_count",8,"gene126",FALSE,0.9988,0.8531,0.2167,12.06
"low_count",8,"gene127",FALSE,1.075,1.574,0.4617,32.09
"low_count",8,"gene128",FALSE,1.192,7.143,0.5333,79.67
"low_count",8,"gene129",FALSE,1.198,4.988,0.595,68.32
"low_count",8,"gene130",FALSE,1.203,5.497,0.2233,34.45
"low_count",8,"gene131",FALSE,1.095,2.078,0.2583,15.78
"low_count",8,"gene132",FALSE,0.9673,0.06534,0.09,1.48
"low_count",8,"gene133",FALSE,1.156,2.195,0.1,4.421
"low_count",8,"gene134",FALSE,1.11,1.259,0.275,10.5
"low_count",8,"gene135",FALSE,1.086,1.353,0.2917,20.51
"low_count",8,"gene136",FALSE,1.306,5.375,0.08667,18.3
"low_count",8,"gene137",FALSE,1.098,1.557,0.2167,12.4
"low_count",8,"gene138",FALSE,1.122,2.457,0.4733,40.09
"low_count",8,"gene139",FALSE,1.147,4.085,0.2817,37.99
"low_count",8,"gene140",FALSE,1.637,22.07,0.1333,54.24
"low_count",8,"gene141",FALSE,1.236,12.46,0.2717,72.99
"low_count",8,"gene142",FALSE,1.246,6.022,0.2783,36.5
"low_count",8,"gene143",FALSE,1.228,8.779,0.4183,73.08
"low_count",8,"gene144",FALSE,1.136,3.074,0.6283,54.66
"low_count",8,"gene145",TRUE,0.9583,-3.637e-07,0.115,-0.4903
"low_count",8,"gene146",FALSE,1.118,4.1,0.2483,29.27
"low_count",8,"gene147",FALSE,1.554,13.32,0.2317,45.74
"low_count",8,"gene148",FALSE,1.221,10.55,0.1883,33.74
"low_count",8,"gene149",FALSE,1.261,8.847,0.2533,40.41
"low_count",8,"gene150",FALSE,1.112,3.369,0.2867,38.96
"low_count",8,"gene151",FALSE,1.271,12,0.495,91.1
"low_count",8,"gene152",FALSE,1.142,2.076,0.215,15.51
"low_count",8,"gene153",FALSE,1.314,13.69,0.515,128
"low_count",8,"gene154",FALSE,1.184,4.463,0.425,45.34
"low_count",8,"gene155",FALSE,1.132,4.115,0.65,90.19
"low_count",8,"gene156",FALSE,1.305,8.026,0.2017,38.98
"low_count",8,"gene157",TRUE,0.9335,-8.68e-07,0.4517,-5.579
"low_count",8,"gene158",FALSE,0.9143,0.01848,0.095,0.5498
"low_count",8,"gene159",FALSE,1.054,1.868,0.4617,32.76
"low_count",8,"gene160",FALSE,1.204,5.702,0.18,27.8
"low_count",8,"gene161",FALSE,1.305,11.67,0.48,98.92
"low_count",8,"gene162",FALSE,1.229,6.411,0.1233,20.28
"low_count",8,"gene163",FALSE,0.9546,1.592,0.2317,17.36
"low_count",8,"gene164",FALSE,1.174,4.791,0.1033,13.63
"low_count",8,"gene165",FALSE,1.049,1.017,0.4667,24.92
"low_count",8,"gene166",FALSE,1.306,11.21,0.6517,132.6
"low_count",8,"gene167",FALSE,1.078,2.72,0.645,42.64
"low_count",8,"gene168",FALSE,1.172,4.111,0.1833,15.17
"low_count",8,"gene169",FALSE,1.181,3.061,0.2483,25.93
"low_count",8,"gene170",FALSE,1.111,2.505,0.19,15.67
"low_count",8,"gene171",FALSE,1.053,1.229,0.325,16.05
"low_count",8,"gene172",FALSE,1.084,1.522,0.1067,8.266
"low_count",8,"gene173",FALSE,1.301,6.524,0.2383,38.51
"low_count",8,"gene174",FALSE,0.9456,3.764,0.2767,20.05
"low_count",8,"gene175",FALSE,1.074,1.525,0.095,7.568
"low_count",8,"gene176",FALSE,1.359,14.57,0.3333,72.48
"low_count",8,"gene177",FALSE,1.243,6.245,0.4467,69.22
"low_count",8,"gene178",FALSE,1.057,0.7476,0.115,4.683
"low_count",8,"gene179",FALSE,1.267,3.845,0.1583,13.34
"low_count",8,"gene180",FALSE,1.286,11.36,0.535,115.5
"low_count",8,"gene181",FALSE,1.342,18.58,0.5,120
"low_count",8,"gene182",FALSE,1.077,3.439,0.545,59.22
"low_count",8,"gene183",FALSE,0.8439,1.617,0.105,2.204
"low_count",8,"gene184",FALSE,1.263,2.998,0.1633,12.44
"low_count",8,"gene185",FALSE,1.145,6.491,0.095,9.223
"low_count",8,"gene186",FALSE,1.007,0.1842,0.1433,2.421
"low_count",8,"gene187",FALSE,1.042,2.93,0.1133,9.475
"low_count",8,"gene188",FALSE,1.213,4.318,0.1583,23.08
"low_count",8,"gene189",FALSE,1.167,4.56,0.095,13.95
"low_count",8,"gene190",FALSE,1.122,2.742,0.4383,41.43
"low_count",8,"gene191",FALSE,1.131,2.772,0.1933,19.56
"low_count",8,"gene192",FALSE,1.254,6.205,0.6867,104.6
"low_count",8,"gene193",FALSE,1.144,1.946,0.095,7.117
"low_count",8,"gene194",FALSE,0.9824,0.9979,0.07833,3.37
"low_count",8,"gene195",FALSE,1.073,0.8116,0.17,6.463
"low_count",8,"gene196",FALSE,1.592,3.811,0.095,4.265
"low_count",8,"gene197",FALSE,1.137,5.145,0.5017,68.26
"low_count",8,"gene198",FALSE,1.24,14.37,0.19,42.73
"low_count",8,"gene199",FALSE,1.121,2.019,0.3817,26.86
"low_count",8,"gene200",TRUE,0.8395,-2.291e-07,0.11,-0.3696
"low_count",8,"gene201",FALSE,1.067,1.459,0.095,7.085
"low_count",8,"gene202",FALSE,1.049,1.524,0.5767,33
"low_count",8,"gene203",FALSE,1.232,5.465,0.3617,65.39
"low_count",8,"gene204",FALSE,1.208,5.329,0.5883,71.88
"low_count",8,"gene205",FALSE,1.286,12.7,0.2783,63.48
"low_count",8,"gene206",FALSE,1.161,4.354,0.345,31.37
"low_count",8,"gene207",FALSE,1.381,14.33,0.3467,85.9
"low_count",8,"gene208",FALSE,1.101,3.386,0.1,10.77
"low_count",8,"gene209",FALSE,1.314,12.78,0.19,40.85
"low_count",8,"gene210",FALSE,1.173,2.656,0.1133,10.75
"low_count",8,"gene211",FALSE,1.149,2.163,0.1633,15.03
"low_count",8,"gene212",FALSE,1.057,3.541,0.1383,11.86
"low_count",8,"gene213",FALSE,1.053,12.11,0.1117,11.22
"low_count",8,"gene214",FALSE,1.23,4.541,0.545,59.47
"low_count",8,"gene215",FALSE,1.165,3.926,0.3,36.2
"low_count",8,"gene216",FALSE,1.386,17.26,0.2767,69.42
"low_count",8,"gene217",FALSE,1.135,3.655,0.24,28.19
"low_count",8,"gene218",FALSE,1.2,2.855,0.155,17.91
"low_count",8,"gene219",FALSE,0.9993,0.7536,0.2117,10.37
"low_count",8,"gene220",FALSE,1.328,8.924,0.15,33.28
"low_count",8,"gene221",FALSE,1.334,15.33,0.5167,178.9
"low_count",8,"gene222",FALSE,1.234,5.845,0.09833,15.22
"low_count",8,"gene223",FALSE,1.106,1.878,0.49,36.7
"low_count",8,"gene224",FALSE,1.043,0.5373,0.1517,6.915
"low_count",8,"gene225",FALSE,1.228,10.04,0.4383,85.33
"low_count",8,"gene226",FALSE,1.483,21.63,0.2783,100.7
"low_count",8,"gene227",FALSE,1.097,2.323,0.2233,16.59
"low_count",8,"gene228",FALSE,1.372,2.747,0.08667,4.435
"low_count",8,"gene229",FALSE,1.418,18.11,0.3983,119.7
"low_count",8,"gene230",FALSE,1.042,1.489,0.18,12.12
"low_count",8,"gene231",FALSE,1.225,12.14,0.4517,103.1
"low_count",8,"gene232",FALSE,1.068,2.34,0.2283,13.48
"low_count",8,"gene233",FALSE,1.206,3.936,0.145,14.62
"low_count",8,"gene234",FALSE,1.154,4.598,0.215,23.32
"low_count",8,"gene235",FALSE,1.208,9.811,0.3017,57.43
"low_count",8,"gene236",FALSE,1.355,16.65,0.145,43.85
"low_count",8,"gene237",FALSE,1.24,9.526,0.4967,81.83
"low_count",8,"gene238",FALSE,1.317,11.58,0.1383,23.74
"low_count",8,"gene239",FALSE,1.146,5.794,0.555,83.73
"low_count",8,"gene240",FALSE,1.245,7.046,0.1017,15.21
"low_count",8,"gene241",FALSE,1.025,0.5274,0.49,20.98
"low_count",8,"gene242",FALSE,1.337,13.08,0.2667,62.59
"low_count",8,"gene243",FALSE,0.8989,0.3213,0.09167,2.453
"low_count",8,"gene244",FALSE,1.132,2.837,0.09333,9.637
"low_count",8,"gene245",FALSE,1.078,1.907,0.08833,8.556
"low_count",8,"gene246",FALSE,1.149,3.632,0.22,25.22
"low_count",8,"gene247",FALSE,1.278,7.327,0.1267,13.8
"low_count",8,"gene248",FALSE,1.128,1.569,0.09667,5.126
"low_count",8,"gene249",FALSE,1.308,9.072,0.1633,28.24
"low_count",8,"gene250",FALSE,1.088,2.17,0.08833,8.531
"low_count",8,"gene251",FALSE,1.033,0.6869,0.1333,7.37
"low_count",8,"gene252",FALSE,1.104,2.412,0.28,28.38
"low_count",8,"gene253",FALSE,1.32,8.699,0.3267,62.7
"low_count",8,"gene254",FALSE,1.29,6.328,0.1267,26.71
"low_count",8,"gene255",TRUE,0.9846,-5.926e-07,0.1483,-2.383
"low_count",8,"gene256",FALSE,1.253,8.024,0.5033,75.21
"low_count",8,"gene257",TRUE,1.008,-7.659e-06,0.225,-0.3365
"low_count",8,"gene258",FALSE,1.105,1.2,0.6483,42.18
"low_count",8,"gene259",FALSE,1.114,3.297,0.6533,70.09
"low_count",8,"gene260",FALSE,1.081,1.572,0.1967,15.26
"low_count",8,"gene261",FALSE,1.131,4.267,0.4417,61.4
"low_count",8,"gene262",FALSE,0.9941,0.05656,0.1717,2.075
"low_count",8,"gene263",FALSE,1.16,4.76,0.295,30.2
"low_count",8,"gene264",FALSE,1.264,7.197,0.3533,65.81
"low_count",8,"gene265",FALSE,1.142,4.44,0.1167,11.18
"low_count",8,"gene266",FALSE,1.293,9.394,0.1733,43.29
"low_count",8,"gene267",FALSE,1.049,0.8662,0.1883,8.924
"low_count",8,"gene268",FALSE,1.226,10.37,0.18,33.21
"low_count",8,"gene269",FALSE,1.146,2.866,0.1217,10.92
"low_count",8,"gene270",FALSE,1.13,4.361,0.1283,19.76
"low_count",8,"gene271",TRUE,0.8847,-8.622e-08,0.1167,-4.047
"low_count",8,"gene272",FALSE,1.143,2.461,0.4333,33.41
"low_count",8,"gene273",FALSE,1.2,1.351,0.18,8.646
"low_count",8,"gene274",FALSE,1.115,3.939,0.1033,8.585
"low_count",8,"gene275",FALSE,1.117,1.273,0.5683,33.05
"low_count",8,"gene276",FALSE,1.168,4.236,0.4767,53.48
"low_count",8,"gene277",FALSE,1.069,1.024,0.1467,5.966
"low_count",8,"gene278",FALSE,1.151,2.672,0.2383,22.18
"low_count",8,"gene279",FALSE,1.12,3.388,0.5883,62.79
"low_count",8,"gene280",FALSE,1.355,15.57,0.5967,149.3
"low_count",8,"gene281",FALSE,0.9978,2.467,0.2433,25.28
"low_count",8,"gene282",FALSE,1.088,2.413,0.2317,21.29
"low_count",8,"gene283",FALSE,1.024,1.219,0.4017,26.51
"low_count",8,"gene284",FALSE,1.164,4.205,0.4917,55.31
"low_count",8,"gene285",FALSE,1.097,3.368,0.255,18.86
"low_count",8,"gene286",FALSE,0.9313,0.03481,0.07833,0.7734
"low_count",8,"gene287",FALSE,1.136,2.269,0.1017,5.045
"low_count",8,"gene288",FALSE,1.158,3.234,0.3167,32.64
"low_count",8,"gene289",FALSE,1.285,9.37,0.355,63.66
"low_count",8,"gene290",FALSE,1.041,0.4121,0.2683,7.785
"low_count",8,"gene291",FALSE,1.395,5.84,0.1283,18.27
"low_count",8,"gene292",FALSE,1.197,4.955,0.24,27.09
"low_count",8,"gene293",FALSE,1.234,8.227,0.6817,97.01
"low_count",8,"gene294",FALSE,1.209,4.584,0.105,9.029
"low_count",8,"gene295",FALSE,1.108,3.053,0.1483,14.01
"low_count",8,"gene296",FALSE,1.231,7.813,0.1083,19.92
"low_count",8,"gene297",FALSE,1.465,21.26,0.6783,213.6
"low_count",8,"gene298",FALSE,1.136,4.647,0.5983,79.97
"low_count",8,"gene299",FALSE,1.121,2.841,0.4783,42.26
"low_count",8,"gene300",FALSE,0.9936,0.0234,0.1583,1.112
"low_count",9,"gene1",FALSE,1.213,4.65,0.1583,11.18
"low_count",9,"gene2",TRUE,1.004,-3.262e-07,0.075,-1.407
"low_count",9,"gene3",FALSE,1.002,0.05818,0.1717,1.839
"low_count",9,"gene4",FALSE,1.232,1.914,0.095,4.613
"low_count",9,"gene5",FALSE,1.076,0.5328,0.14,4.57
"low_count",9,"gene6",FALSE,1.169,5.189,0.4367,75.96
"low_count",9,"gene7",FALSE,1.397,11.48,0.2817,43.18
"low_count",9,"gene8",FALSE,1.157,4.882,0.47,70.97
"low_count",9,"gene9",FALSE,1.303,10.17,0.3133,38.92
"low_count",9,"gene10",FALSE,1.375,13.27,0.19,62.78
"low_count",9,"gene11",FALSE,1.265,12.01,0.8167,110.6
"low_count",9,"gene12",FALSE,1.135,4.744,0.1867,36.44
"low_count",9,"gene13",FALSE,1.129,7.918,0.455,52.44
"low_count",9,"gene14",FALSE,1.523,23.92,0.3283,154.5
"low_count",9,"gene15",FALSE,1.109,2.772,0.5567,28.37
"low_count",9,"gene16",FALSE,1.172,2.951,0.1783,20.24
"low_count",9,"gene17",FALSE,1.196,5.74,0.5733,58.39
"low_count",9,"gene18",FALSE,1.051,0.2886,0.2067,6.883
"low_count",9,"gene19",FALSE,1.056,2.227,0.27,14.52
"low_count",9,"gene20",FALSE,1.162,3.692,0.08833,9.825
"low_count",9,"gene21",FALSE,1.104,1.582,0.3567,22.23
"low_count",9,"gene22",FALSE,0.8819,0.5505,0.07167,3.18
"low_count",9,"gene23",FALSE,1.276,10.44,0.235,34.19
"low_count",9,"gene24",FALSE,1.076,2.286,0.06,6.937
"low_count",9,"gene25",FALSE,1.216,7.805,0.5617,63.41
"low_count",9,"gene26",FALSE,1.3,8.933,0.4333,114.9
"low_count",9,"gene27",FALSE,1.194,4.917,0.2083,19.11
"low_count",9,"gene28",FALSE,1.062,0.9258,0.59,31.47
"low_count",9,"gene29",FALSE,1.082,1.367,0.7833,34.33
"low_count",9,"gene30",FALSE,1.315,12.17,0.31,96.95
"low_count",9,"gene31",FALSE,1.331,13.1,0.3967,80.11
"low_count",9,"gene32",FALSE,1.002,0.115,0.1867,3.295
"low_count",9,"gene33",FALSE,0.9956,0.6587,0.18,7.543
"low_count",9,"gene34",FALSE,1.299,10.44,0.1583,31.9
"low_count",9,"gene35",FALSE,0.9877,0.113,0.4867,8.072
"low_count",9,"gene36",FALSE,1.085,1.266,0.3717,24.69
"low_count",9,"gene37",FALSE,1.236,2.324,0.125,10.03
"low_count",9,"gene38",FALSE,1.477,21.57,0.205,94.48
"low_count",9,"gene39",FALSE,1.189,5.907,0.2367,35.67
"low_count",9,"gene40",FALSE,1.14,3.64,0.1817,17.84
"low_count",9,"gene41",FALSE,1.18,5.876,0.3817,49.67
"low_count",9,"gene42",FALSE,1.298,9.13,0.1267,27.02
"low_count",9,"gene43",FALSE,1.379,13.01,0.2467,77.33
"low_count",9,"gene44",FALSE,1.248,7.51,0.5817,76.97
"low_count",9,"gene45",FALSE,1.128,3.31,0.2633,22.36
"low_count",9,"gene46",TRUE,0.9269,-2.546e-06,0.14,-0.1118
"low_count",9,"gene47",FALSE,1.126,2.852,0.195,21.56
"low_count",9,"gene48",FALSE,1.148,1.061,0.1017,6.682
"low_count",9,"gene49",FALSE,1.084,1.443,0.1417,9.003
"low_count",9,"gene50",FALSE,1.132,2.659,0.28,30.68
"low_count",9,"gene51",FALSE,1.337,8.206,0.7067,111.1
"low_count",9,"gene52",FALSE,1.048,0.4813,0.2133,9.339
"low_count",9,"gene53",FALSE,1.309,10.34,0.1283,25.53
"low_count",9,"gene54",FALSE,1.038,1.52,0.1717,13.46
"low_count",9,"gene55",FALSE,1.146,1.804,0.1417,10.3
"low_count",9,"gene56",FALSE,0.9678,0.01021,0.3217,1.944
"low_count",9,"gene57",FALSE,1.178,6.777,0.38,49.31
"low_count",9,"gene58",FALSE,1.425,23.14,0.425,153.3
"low_count",9,"gene59",FALSE,1.004,1.26,0.1233,7.522
"low_count",9,"gene60",FALSE,1.32,13.57,0.605,122
"low_count",9,"gene61",FALSE,1.187,3.576,0.5267,54.58
"low_count",9,"gene62",FALSE,1.495,21.42,0.3917,129.1
"low_count",9,"gene63",FALSE,1.047,1.239,0.54,36.48
"low_count",9,"gene64",FALSE,1.194,5.654,0.54,77.31
"low_count",9,"gene65",FALSE,1.269,11.87,0.435,88.65
"low_count",9,"gene66",FALSE,1.216,5.826,0.68,84.32
"low_count",9,"gene67",FALSE,1.07,1.003,0.2667,14.43
"low_count",9,"gene68",FALSE,1.221,5.847,0.2,28.93
"low_count",9,"gene69",FALSE,1.19,6.215,0.6233,85.67
"low_count",9,"gene70",FALSE,1.635,34.75,0.6283,282
"low_count",9,"gene71",FALSE,1.273,9.882,0.4017,79.1
"low_count",9,"gene72",FALSE,1.04,0.2042,0.13,2.085
"low_count",9,"gene73",FALSE,1.273,9.231,0.285,57.07
"low_count",9,"gene74",FALSE,1.146,4.214,0.4467,52.68
"low_count",9,"gene75",FALSE,1.227,9.427,0.1233,28.43
"low_count",9,"gene76",FALSE,1.122,1.994,0.2467,17.9
"low_count",9,"gene77",FALSE,1.089,0.6771,0.4367,20.33
"low_count",9,"gene78",FALSE,1.425,14.68,0.1683,55.44
"low_count",9,"gene79",FALSE,1.272,13.37,0.2683,67.73
"low_count",9,"gene80",FALSE,1.117,3.785,0.3533,44.68
"low_count",9,"gene81",FALSE,1.155,5.804,0.09167,17.61
"low_count",9,"gene82",FALSE,1.176,4.975,0.2233,30.07
"low_count",9,"gene83",FALSE,1.555,19.18,0.19,49.25
"low_count",9,"gene84",FALSE,1.269,9.279,0.1883,41.32
"low_count",9,"gene85",FALSE,1.078,2.313,0.155,7.496
"low_count",9,"gene86",FALSE,1.113,2.48,0.4133,34.42
"low_count",9,"gene87",FALSE,1.193,4.625,0.5067,54.7
"low_count",9,"gene88",TRUE,0.9886,-2.908e-08,0.205,-3.832
"low_count",9,"gene89",FALSE,1.025,1.101,0.235,12.94
"low_count",9,"gene90",FALSE,1.254,7.529,0.14,25.59
"low_count",9,"gene91",FALSE,1.427,18.59,0.5383,141.1
"low_count",9,"gene92",FALSE,1.051,2.057,0.09667,5.547
"low_count",9,"gene93",FALSE,1.088,1.469,0.3533,21.16
"low_count",9,"gene94",FALSE,1.159,2.589,0.3083,26.53
"low_count",9,"gene95",FALSE,1.297,7.067,0.4033,59.37
"low_count",9,"gene96",FALSE,0.9865,0.1758,0.1133,2.065
"low_count",9,"gene97",FALSE,1.316,15.72,0.1517,45.95
"low_count",9,"gene98",FALSE,1.362,18.03,0.6783,180.2
"low_count",9,"gene99",FALSE,1.1,1.687,0.4533,28.96
"low_count",9,"gene100",FALSE,1.335,17.82,0.4433,112.7
"low_count",9,"gene101",FALSE,1.114,2.739,0.5283,44.62
"low_count",9,"gene102",FALSE,1.098,0.95,0.1783,8.082
"low_count",9,"gene103",FALSE,1.218,9.131,0.245,45.48
"low_count",9,"gene104",FALSE,1.371,12.42,0.385,90.98
"low_count",9,"gene105",FALSE,1.181,5.258,0.505,59.86
"low_count",9,"gene106",FALSE,1.171,4.542,0.39,51.42
"low_count",9,"gene107",FALSE,1.065,1.698,0.4817,35.46
"low_count",9,"gene108",FALSE,1.048,0.6148,0.2817,12.12
"low_count",9,"gene109",FALSE,1.137,6.115,0.1233,18.93
"low_count",9,"gene110",FALSE,1.237,6.466,0.07833,13.54
"low_count",9,"gene111",FALSE,1.391,16.1,0.3933,102.1
"low_count",9,"gene112",FALSE,1.448,19.14,0.5033,130.1
"low_count",9,"gene113",FALSE,1.072,2.059,0.1,5.737
"low_count",9,"gene114",FALSE,1.069,0.6284,0.5967,27.28
"low_count",9,"gene115",FALSE,1.381,10.42,0.2083,32.62
"low_count",9,"gene116",FALSE,1.223,6.418,0.6033,88.01
"low_count",9,"gene117",FALSE,1.238,3.663,0.3883,23.51
"low_count",9,"gene118",FALSE,1.032,1.465,0.245,14.79
"low_count",9,"gene119",TRUE,0.9353,-2.73e-07,0.1367,-4.085
"low_count",9,"gene120",FALSE,0.9954,0.9219,0.2983,13.72
"low_count",9,"gene121",FALSE,1.416,14.77,0.2783,67.23
"low_count",9,"gene122",FALSE,1.067,1.196,0.1583,11.74
"low_count",9,"gene123",FALSE,1.092,2.4,0.09,3.679
"low_count",9,"gene124",FALSE,1.089,1.789,0.1717,12.84
"low_count",9,"gene125",FALSE,1.174,1.853,0.1217,9.932
"low_count",9,"gene126",FALSE,1.187,6.647,0.4133,68.82
"low_count",9,"gene127",FALSE,1.195,5.07,0.3883,49.42
"low_count",9,"gene128",FALSE,1.502,18.63,0.145,46.12
"low_count",9,"gene129",FALSE,1.173,4.832,0.5283,81.61
"low_count",9,"gene130",FALSE,1.168,3.342,0.465,51.89
"low_count",9,"gene131",FALSE,1.08,2.763,0.1467,11.17
"low_count",9,"gene132",FALSE,1.098,1.529,0.1667,12.36
"low_count",9,"gene133",FALSE,1.224,4.994,0.1333,18.74
"low_count",9,"gene134",FALSE,1.33,8.268,0.1417,14.32
"low_count",9,"gene135",FALSE,1.203,4.042,0.4067,38.55
"low_count",9,"gene136",FALSE,1.196,3.142,0.06167,5.903
"low_count",9,"gene137",FALSE,1.23,4.573,0.3883,48.78
"low_count",9,"gene138",FALSE,1.011,1.478,0.25,16.58
"low_count",9,"gene139",FALSE,1.155,3.786,0.2067,26.52
"low_count",9,"gene140",FALSE,1.167,3.356,0.6033,71.26
"low_count",9,"gene141",FALSE,1.239,5.109,0.07833,9.616
"low_count",9,"gene142",FALSE,1.059,0.8664,0.1417,7.187
"low_count",9,"gene143",FALSE,1.072,1.138,0.2983,16.9
"low_count",9,"gene144",FALSE,1.3,11.74,0.255,52.91
"low_count",9,"gene145",FALSE,1.135,1.638,0.11,8.609
"low_count",9,"gene146",FALSE,1.086,0.9307,0.12,7.653
"low_count",9,"gene147",FALSE,1.361,7.471,0.145,21.56
"low_count",9,"gene148",FALSE,1.11,3.237,0.6517,55.2
"low_count",9,"gene149",FALSE,1.032,0.6613,0.1633,5.501
"low_count",9,"gene150",FALSE,1.211,6.775,0.4717,64.82
"low_count",9,"gene151",FALSE,1.15,2.977,0.1067,10.08
"low_count",9,"gene152",FALSE,1.166,8.071,0.2483,43.51
"low_count",9,"gene153",FALSE,1.22,8.257,0.1333,30.75
"low_count",9,"gene154",FALSE,1.195,2.286,0.1033,11.59
"low_count",9,"gene155",FALSE,1.202,5.555,0.4467,55.77
"low_count",9,"gene156",FALSE,1.036,0.4523,0.17,5.622
"low_count",9,"gene157",FALSE,1.271,9.641,0.4233,87.25
"low_count",9,"gene158",FALSE,1.393,17.7,0.4717,137.2
"low_count",9,"gene159",FALSE,1.178,3.185,0.1,12.49
"low_count",9,"gene160",FALSE,1.186,3.823,0.4717,55.7
"low_count",9,"gene161",FALSE,1.198,9.058,0.11,9.484
"low_count",9,"gene162",FALSE,1.092,3.136,0.2433,25.59
"low_count",9,"gene163",FALSE,1.044,1.254,0.1633,10.16
"low_count",9,"gene164",FALSE,1.498,24.63,0.29,82.89
"low_count",9,"gene165",FALSE,1.025,0.3168,0.1033,3.141
"low_count",9,"gene166",FALSE,1.313,8.702,0.22,40.75
"low_count",9,"gene167",FALSE,1.135,4.449,0.6067,67.92
"low_count",9,"gene168",FALSE,1.037,0.2156,0.1633,3.769
"low_count",9,"gene169",FALSE,1.068,1.75,0.12,6.79
"low_count",9,"gene170",FALSE,1.389,15.48,0.375,110.1
"low_count",9,"gene171",FALSE,1.233,6.182,0.2383,29.71
"low_count",9,"gene172",FALSE,1.327,12.88,0.12,34.51
"low_count",9,"gene173",FALSE,1.253,8.703,0.3783,62.28
"low_count",9,"gene174",FALSE,1.035,0.5062,0.3167,12.61
"low_count",9,"gene175",FALSE,1.142,2.153,0.145,10.22
"low_count",9,"gene176",TRUE,0.9108,-1.319e-06,0.445,-18.17
"low_count",9,"gene177",TRUE,0.9568,-1.065e-06,0.32,-9.345
"low_count",9,"gene178",FALSE,1.25,9.237,0.1967,49.28
"low_count",9,"gene179",FALSE,1.09,2.898,0.3067,27.93
"low_count",9,"gene180",FALSE,1.523,13.41,0.215,70.22
"low_count",9,"gene181",FALSE,1.125,2.597,0.2367,16.17
"low_count",9,"gene182",FALSE,1.11,2.134,0.4983,37.54
"low_count",9,"gene183",FALSE,1.505,15.3,0.115,36.02
"low_count",9,"gene184",FALSE,1.327,12.85,0.63,139.3
"low_count",9,"gene185",FALSE,1.356,11.37,0.3517,74.52
"low_count",9,"gene186",FALSE,1.168,3.919,0.09833,6.953
"low_count",9,"gene187",FALSE,1.568,22.49,0.3333,134.1
"low_count",9,"gene188",FALSE,1.346,9.808,0.09833,17.7
"low_count",9,"gene189",FALSE,1.067,1.705,0.49,32.94
"low_count",9,"gene190",FALSE,1.213,4.967,0.1133,20.39
"low_count",9,"gene191",FALSE,1.264,8.667,0.3583,78.29
"low_count",9,"gene192",FALSE,1.367,17.82,0.34,80.03
"low_count",9,"gene193",FALSE,1.256,3.318,0.09167,14.85
"low_count",9,"gene194",FALSE,0.9811,0.9328,0.3233,13.56
"low_count",9,"gene195",FALSE,1.17,3.267,0.325,30.81
"low_count",9,"gene196",FALSE,1.088,2.932,0.665,53.85
"low_count",9,"gene197",FALSE,1.151,5.766,0.3783,35.9
"low_count",9,"gene198",FALSE,1.227,12.35,0.4767,94.91
"low_count",9,"gene199",FALSE,1.085,1.73,0.5833,36.05
"low_count",9,"gene200",FALSE,1.203,4.681,0.37,41.68
"low_count",9,"gene201",FALSE,1.164,6.304,0.27,38.3
"low_count",9,"gene202",FALSE,1.087,2.061,0.09333,7.163
"low_count",9,"gene203",FALSE,0.9872,1.963,0.1367,11.37
"low_count",9,"gene204",FALSE,1.138,3.123,0.2417,26.73
"low_count",9,"gene205",FALSE,1.043,0.7278,0.5717,26.66
"low_count",9,"gene206",FALSE,1.213,7.485,0.175,28.29
"low_count",9,"gene207",FALSE,1.286,10.11,0.2283,42.97
"low_count",9,"gene208",FALSE,1.116,2.613,0.135,9.565
"low_count",9,"gene209",FALSE,1.11,2.589,0.1933,13.1
"low_count",9,"gene210",FALSE,1.247,5.293,0.275,37.18
"low_count",9,"gene211",FALSE,1.421,14.71,0.2933,72.07
"low_count",9,"gene212",FALSE,1.194,4.964,0.2517,20.55
"low_count",9,"gene213",FALSE,1.155,1.611,0.2117,14.12
"low_count",9,"gene214",FALSE,1.164,3.426,0.3617,36.46
"low_count",9,"gene215",FALSE,1.339,12.69,0.3233,85.74
"low_count",9,"gene216",FALSE,1.077,1.538,0.2467,13.77
"low_count",9,"gene217",FALSE,1.373,9.9,0.18,34.18
"low_count",9,"gene218",FALSE,1.113,1.852,0.1067,10.25
"low_count",9,"gene219",FALSE,1.191,5.099,0.3733,54.55
"low_count",9,"gene220",TRUE,1.013,-2.227e-07,0.265,-0.3009
"low_count",9,"gene221",FALSE,1.195,7.651,0.5883,85.91
"low_count",9,"gene222",FALSE,1.163,3.136,0.08667,9.454
"low_count",9,"gene223",FALSE,1.053,1.131,0.3533,21.14
"low_count",9,"gene224",FALSE,1.315,16.35,0.39,90.62
"low_count",9,"gene225",FALSE,1.059,0.4409,0.4817,16.28
"low_count",9,"gene226",FALSE,1.039,0.8436,0.34,15.28
"low_count",9,"gene227",FALSE,1.068,0.6146,0.3533,11.88
"low_count",9,"gene228",FALSE,1.168,4.994,0.105,16.1
"low_count",9,"gene229",FALSE,1.3,13.75,0.765,167.6
"low_count",9,"gene230",FALSE,1.11,0.6037,0.7617,33.26
"low_count",9,"gene231",FALSE,1.105,3.228,0.2733,27.38
"low_count",9,"gene232",FALSE,1.016,1.16,0.09333,7.917
"low_count",9,"gene233",FALSE,1.13,0.8558,0.1717,8.909
"low_count",9,"gene234",FALSE,1.469,12.54,0.1017,23.32
"low_count",9,"gene235",FALSE,1.302,8.584,0.305,50.49
"low_count",9,"gene236",FALSE,1.122,3.024,0.42,42.58
"low_count",9,"gene237",FALSE,1.139,5.285,0.15,17.81
"low_count",9,"gene238",FALSE,1.438,19.65,0.5867,160.7
"low_count",9,"gene239",FALSE,1.229,8.656,0.455,75.73
"low_count",9,"gene240",FALSE,1.076,2.246,0.095,10.33
"low_count",9,"gene241",FALSE,1.224,5.799,0.13,19.64
"low_count",9,"gene242",FALSE,1.378,12.84,0.1283,31.36
"low_count",9,"gene243",FALSE,1.345,14.53,0.5567,116.8
"low_count",9,"gene244",FALSE,1.062,1.959,0.6217,46.53
"low_count",9,"gene245",FALSE,1.269,6.667,0.2317,38.13
"low_count",9,"gene246",FALSE,1.07,0.83,0.2983,14.11
"low_count",9,"gene247",FALSE,1.106,1.677,0.395,29.7
"low_count",9,"gene248",FALSE,1.111,2.649,0.5067,47.68
"low_count",9,"gene249",FALSE,1.104,1.806,0.7083,50.45
"low_count",9,"gene250",FALSE,1.586,17.82,0.4583,127
"low_count",9,"gene251",FALSE,1.256,6.34,0.1867,25.17
"low_count",9,"gene252",FALSE,1.302,9.372,0.4333,71.32
"low_count",9,"gene253",FALSE,1.085,2.121,0.465,36.84
"low_count",9,"gene254",FALSE,1.248,0.7917,0.1267,4.531
"low_count",9,"gene255",FALSE,1.179,2.701,0.1783,16.79
"low_count",9,"gene256",FALSE,1.006,0.592,0.1533,5.23
"low_count",9,"gene257",FALSE,1.115,4.727,0.1317,21.23
"low_count",9,"gene258",FALSE,1.018,1.905,0.1433,13.21
"low_count",9,"gene259",FALSE,1.019,0.1998,0.1667,3.944
"low_count",9,"gene260",FALSE,1.424,14.08,0.1633,41.42
"low_count",9,"gene261",FALSE,1.799,25.84,0.145,74.32
"low_count",9,"gene262",FALSE,1.218,9.855,0.4017,65.25
"low_count",9,"gene263",FALSE,1.175,6.641,0.6283,87.41
"low_count",9,"gene264",FALSE,1.034,0.5013,0.5133,17.63
"low_count",9,"gene265",FALSE,1.244,7.343,0.1667,24.3
"low_count",9,"gene266",FALSE,1.422,18.57,0.6367,146.1
"low_count",9,"gene267",FALSE,1.104,4.286,0.1783,20.6
"low_count",9,"gene268",FALSE,1.144,3.196,0.115,9.713
"low_count",9,"gene269",TRUE,0.9316,-3.729e-05,0.085,-1.643
"low_count",9,"gene270",FALSE,1.046,0.4799,0.17,6.46
"low_count",9,"gene271",FALSE,1.12,1.672,0.1117,7.785
"low_count",9,"gene272",FALSE,1.088,3.677,0.2567,31.02
"low_count",9,"gene273",FALSE,1.01,0.2798,0.3667,8.294
"low_count",9,"gene274",FALSE,1.118,2.934,0.095,9.398
"low_count",9,"gene275",FALSE,1.09,2.528,0.1867,18.06
"low_count",9,"gene276",FALSE,1.471,19.85,0.56,165.6
"low_count",9,"gene277",FALSE,1.398,16.4,0.35,77.03
"low_count",9,"gene278",FALSE,1.187,5.972,0.1517,24.95
"low_count",9,"gene279",FALSE,1.072,2.194,0.175,14.34
"low_count",9,"gene280",FALSE,1.291,12.98,0.175,36.17
"low_count",9,"gene281",FALSE,1.111,2.576,0.6017,51.39
"low_count",9,"gene282",FALSE,1.208,6.864,0.48,64.14
"low_count",9,"gene283",FALSE,1.132,3.009,0.18,15.5
"low_count",9,"gene284",FALSE,1.2,4.626,0.08833,13.12
"low_count",9,"gene285",FALSE,1.074,0.7203,0.2383,9.177
"low_count",9,"gene286",FALSE,1.042,0.07101,0.095,1.349
"low_count",9,"gene287",FALSE,1.225,9.018,0.215,35.69
"low_count",9,"gene288",FALSE,1.181,10.18,0.1633,23.69
"low_count",9,"gene289",FALSE,1.25,7.353,0.1883,33.04
"low_count",9,"gene290",FALSE,1.069,0.9543,0.09667,4.827
"low_count",9,"gene291",FALSE,1.088,2.344,0.2067,13.51
"low_count",9,"gene292",FALSE,1.003,0.4987,0.1317,4.589
"low_count",9,"gene293",FALSE,1.27,9.845,0.355,69.61
"low_count",9,"gene294",FALSE,1.062,3.229,0.1767,12.68
"low_count",9,"gene295",FALSE,1.213,8.119,0.5417,94.04
"low_count",9,"gene296",FALSE,1.038,1.595,0.245,19.62
"low_count",9,"gene297",FALSE,1.202,5.357,0.2417,25.73
"low_count",9,"gene298",FALSE,1.192,7.271,0.2617,47.36
"low_count",9,"gene299",FALSE,1.113,3.226,0.225,20.83
"low_count",9,"gene300",FALSE,1.302,12.99,0.3133,71.15
"low_count",10,"gene1",FALSE,1.119,2.958,0.3833,21.21
"low_count",10,"gene2",FALSE,0.9793,6.81,0.12,10.87
"low_count",10,"gene3",FALSE,1.214,7.784,0.4567,44.59
"low_count",10,"gene4",FALSE,1.284,12.45,0.24,73.91
"low_count",10,"gene5",FALSE,1.152,3.117,0.155,12.57
"low_count",10,"gene6",TRUE,0.8136,-7.046e-07,0.07667,-2.233
"low_count",10,"gene7",FALSE,1.213,6.62,0.37,37.1
"low_count",10,"gene8",FALSE,1.219,5.839,0.56,94.62
"low_count",10,"gene9",FALSE,1.192,3.728,0.1717,15.01
"low_count",10,"gene10",FALSE,1.123,1.47,0.075,6.464
"low_count",10,"gene11",FALSE,1.246,8.379,0.6533,75.6
"low_count",10,"gene12",FALSE,1.027,1.521,0.3933,35.94
"low_count",10,"gene13",FALSE,1.103,1.267,0.165,5.054
"low_count",10,"gene14",FALSE,0.9454,0.4283,0.07,3.896
"low_count",10,"gene15",FALSE,1.048,2.213,0.11,6.466
"low_count",10,"gene16",FALSE,1.303,12.52,0.4067,117.2
"low_count",10,"gene17",FALSE,1.019,0.2088,0.1817,2.583
"low_count",10,"gene18",FALSE,0.916,2.762,0.11,3.974
"low_count",10,"gene19",FALSE,1.046,1.606,0.2517,12.57
"low_count",10,"gene20",FALSE,1.235,7.249,0.395,75.82
"low_count",10,"gene21",FALSE,1.503,19.2,0.1583,43.4
"low_count",10,"gene22",FALSE,1.043,0.9485,0.09333,4.931
"low_count",10,"gene23",FALSE,1.271,5.238,0.325,22.67
"low_count",10,"gene24",FALSE,0.9571,1.961,0.05667,3.885
"low_count",10,"gene25",FALSE,1.379,19.25,1.118,225.6
"low_count",10,"gene26",FALSE,1.17,3.335,0.1733,21.06
"low_count",10,"gene27",FALSE,1.195,8.001,0.3917,53.57
"low_count",10,"gene28",FALSE,1.104,4.039,0.3783,40.54
"low_count",10,"gene29",FALSE,1.111,3.028,0.3583,19.35
"low_count",10,"gene30",FALSE,1.143,8.694,0.1583,56.27
"low_count",10,"gene31",FALSE,1.113,1.83,0.2217,15.06
"low_count",10,"gene32",FALSE,1.377,15.97,0.3383,83.04
"low_count",10,"gene33",FALSE,1.499,23.26,0.35,137.3
"low_count",10,"gene34",TRUE,0.9128,-1.745e-07,0.08833,-0.2917
"low_count",10,"gene35",FALSE,1.208,4.269,0.4083,45.94
"low_count",10,"gene36",FALSE,1.204,5.42,0.4483,55.57
"low_count",10,"gene37",FALSE,1.018,0.3391,0.2283,8.499
"low_count",10,"gene38",FALSE,1.217,5.778,0.1333,9.742
"low_count",10,"gene39",FALSE,1.234,7.217,0.2083,35.12
"low_count",10,"gene40",FALSE,1.136,4.811,0.4483,43.72
"low_count",10,"gene41",FALSE,1.114,4.258,0.115,16.59
"low_count",10,"gene42",FALSE,1.397,13.3,0.175,54.68
"low_count",10,"gene43",FALSE,0.9188,2.47,0.09,3.707
"low_count",10,"gene44",FALSE,1.246,5.52,0.11,13.94
"low_count",10,"gene45",FALSE,1.539,22.66,0.3633,104.9
"low_count",10,"gene46",FALSE,1.322,12.52,0.62,120
"low_count",10,"gene47",FALSE,0.9303,0.01925,0.09667,0.6873
"low_count",10,"gene48",FALSE,1.156,5.935,0.2417,31.58
"low_count",10,"gene49",FALSE,1.013,0.02186,0.2483,1.806
"low_count",10,"gene50",FALSE,1.588,29.41,0.2083,77.62
"low_count",10,"gene51",TRUE,0.9315,-0.0001947,0.2567,-8.578
"low_count",10,"gene52",FALSE,1.028,1.152,0.1033,7.499
"low_count",10,"gene53",FALSE,0.9053,0.01579,0.1033,0.6074
"low_count",10,"gene54",FALSE,1.354,14.58,0.36,84.45
"low_count",10,"gene55",FALSE,1.358,17,0.3083,95.54
"low_count",10,"gene56",FALSE,1.011,0.841,0.1117,5.583
"low_count",10,"gene57",FALSE,1.111,4.911,0.2233,34.27
"low_count",10,"gene58",FALSE,1.168,3.858,0.5983,68.89
"low_count",10,"gene59",FALSE,1.157,3.474,0.125,12.78
"low_count",10,"gene60",FALSE,1.137,1.011,0.09333,5.284
"low_count",10,"gene61",FALSE,1.218,8.233,0.585,103
"low_count",10,"gene62",FALSE,1.301,9.38,0.2433,37.67
"low_count",10,"gene63",FALSE,1.298,7.829,0.2383,39.54
"low_count",10,"gene64",FALSE,1.1,1.471,0.1783,11.22
"low_count",10,"gene65",FALSE,1.2,5.677,0.1017,14.89
"low_count",10,"gene66",FALSE,1.099,1.088,0.21,7.923
"low_count",10,"gene67",FALSE,1.372,15.57,0.32,76.51
"low_count",10,"gene68",FALSE,1.083,2.874,0.1433,16.06
"low_count",10,"gene69",FALSE,1.164,5.17,0.2583,38.14
"low_count",10,"gene70",FALSE,1.239,10.77,0.2367,42.97
"low_count",10,"gene71",FALSE,0.963,0.112,0.1233,2.254
"low_count",10,"gene72",FALSE,1.043,1.752,0.3267,22.05
"low_count",10,"gene73",FALSE,1.101,1.49,0.62,42.72
"low_count",10,"gene74",FALSE,1.232,6.306,0.5067,65.18
"low_count",10,"gene75",FALSE,1.123,3.755,0.125,11.68
"low_count",10,"gene76",FALSE,1.006,0.6655,0.1283,6.415
"low_count",10,"gene77",FALSE,0.9378,0.009629,0.145,0.6722
"low_count",10,"gene78",FALSE,1.135,3.843,0.2067,20.97
"low_count",10,"gene79",FALSE,1.408,4.974,0.06833,8.181
"low_count",10,"gene80",FALSE,1.089,0.6684,0.1383,5.592
"low_count",10,"gene81",FALSE,1.055,1.476,0.335,23.41
"low_count",10,"gene82",FALSE,1.244,9.05,0.3817,65.18
"low_count",10,"gene83",FALSE,1.137,4.897,0.2233,21.05
"low_count",10,"gene84",FALSE,1.082,3.015,0.1983,15.17
"low_count",10,"gene85",FALSE,1.018,0.06743,0.28,3.894
"low_count",10,"gene86",FALSE,1.168,6.165,0.4533,68.33
"low_count",10,"gene87",FALSE,1.208,4.644,0.1483,17.02
"low_count",10,"gene88",FALSE,1.193,3.61,0.1483,19.42
"low_count",10,"gene89",FALSE,1.367,12.6,0.11,26.13
"low_count",10,"gene90",FALSE,1.433,12.89,0.09,17.21
"low_count",10,"gene91",FALSE,1.012,0.1132,0.4367,6.637
"low_count",10,"gene92",FALSE,1.165,4.685,0.39,40.62
"low_count",10,"gene93",FALSE,1.031,0.3467,0.3333,11.92
"low_count",10,"gene94",FALSE,1.279,9.647,0.3583,64.48
"low_count",10,"gene95",FALSE,1.071,1.576,0.7717,46.45
"low_count",10,"gene96",FALSE,1.192,7.401,0.185,18.51
"low_count",10,"gene97",FALSE,1.188,5.153,0.3267,42.68
"low_count",10,"gene98",FALSE,1.144,3.996,0.2933,24.89
"low_count",10,"gene99",FALSE,1.044,0.7288,0.3333,14.55
"low_count",10,"gene100",FALSE,1.086,3.013,0.3733,34.38
"low_count",10,"gene101",FALSE,1.078,1.738,0.2317,15.55
"low_count",10,"gene102",FALSE,1.104,3.324,0.14,16.66
"low_count",10,"gene103",FALSE,1.3,10.94,0.5217,98.83
"low_count",10,"gene104",FALSE,0.9938,2.303,0.1033,12.41
"low_count",10,"gene105",FALSE,1.089,2.6,0.1117,12.07
"low_count",10,"gene106",FALSE,1.263,9.551,0.1617,36.04
"low_count",10,"gene107",FALSE,1.216,12.52,0.3433,80.45
"low_count",10,"gene108",FALSE,1.08,2.424,0.53,48.78
"low_count",10,"gene109",FALSE,1.357,16.43,0.175,49.05
"low_count",10,"gene110",FALSE,1.072,0.4318,0.39,13.72
"low_count",10,"gene111",FALSE,1.227,10.26,0.2983,40.99
"low_count",10,"gene112",FALSE,1.055,0.9584,0.4267,17.38
"low_count",10,"gene113",FALSE,1.112,2.755,0.1717,11.74
"low_count",10,"gene114",FALSE,1.218,6.038,0.42,61.35
"low_count",10,"gene115",FALSE,0.9999,0.1498,0.2533,4.546
"low_count",10,"gene116",FALSE,1.066,1.099,0.1633,10.01
"low_count",10,"gene117",FALSE,1.198,1.893,0.26,23.41
"low_count",10,"gene118",FALSE,1.194,5.679,0.5333,64.6
"low_count",10,"gene119",FALSE,1.112,3.252,0.09333,9.661
"low_count",10,"gene120",FALSE,1.089,3.627,0.3383,35.15
"low_count",10,"gene121",FALSE,1.253,5.694,0.1467,29.16
"low_count",10,"gene122",FALSE,1.1,2.851,0.4117,40.6
"low_count",10,"gene123",FALSE,1.098,2.326,0.36,34.03
"low_count",10,"gene124",FALSE,1.576,11.84,0.1267,41.84
"low_count",10,"gene125",FALSE,1.049,1.911,0.2017,14.25
"low_count",10,"gene126",FALSE,1.124,2.832,0.3183,28.98
"low_count",10,"gene127",FALSE,1.14,2.762,0.1017,3.156
"low_count",10,"gene128",FALSE,1.014,0.05235,0.675,8.012
"low_count",10,"gene129",FALSE,1.3,8.754,0.4267,77.9
"low_count",10,"gene130",FALSE,1.447,19.42,0.3383,80.16
"low_count",10,"gene131",FALSE,1.194,8.036,0.3233,51.48
"low_count",10,"gene132",FALSE,1.004,0.2418,0.125,3.847
"low_count",10,"gene133",FALSE,1.352,5.206,0.12,20.18
"low_count",10,"gene134",FALSE,1.375,14.3,0.125,25.13
"low_count",10,"gene135",FALSE,1.227,12.44,0.145,44.01
"low_count",10,"gene136",FALSE,1.046,0.5424,0.5067,19.75
"low_count",10,"gene137",FALSE,1.02,2.44,0.1683,17.19
"low_count",10,"gene138",FALSE,1.078,1.511,0.245,17.49
"low_count",10,"gene139",FALSE,1.155,6.765,0.1467,25.02
"low_count",10,"gene140",FALSE,0.9577,0.0948,0.095,1.063
"low_count",10,"gene141",FALSE,1.139,4.345,0.4167,52.21
"low_count",10,"gene142",FALSE,1.082,3.282,0.1083,10.74
"low_count",10,"gene143",FALSE,1.381,7.308,0.1217,23.22
"low_count",10,"gene144",FALSE,1.499,23.99,0.3017,95
"low_count",10,"gene145",FALSE,1.521,20.02,0.2167,75.96
"low_count",10,"gene146",FALSE,1.417,5.072,0.1317,30.28
"low_count",10,"gene147",FALSE,1.062,0.9396,0.1283,6.242
"low_count",10,"gene148",FALSE,1.233,6.867,0.2817,34.05
"low_count",10,"gene149",FALSE,1.278,13.4,0.6167,144.6
"low_count",10,"gene150",FALSE,1.527,23.21,0.23,88.75
"low_count",10,"gene151",FALSE,1.044,0.3969,0.105,2.738
"low_count",10,"gene152",FALSE,1.469,14.39,0.1267,37.81
"low_count",10,"gene153",FALSE,1.014,0.02509,0.09,0.7646
"low_count",10,"gene154",FALSE,1.028,0.8612,0.335,15.55
"low_count",10,"gene155",FALSE,1.259,5.245,0.28,49.78
"low_count",10,"gene156",FALSE,1.229,5.804,0.1867,24.05
"low_count",10,"gene157",FALSE,1.034,0.4812,0.5267,19.11
"low_count",10,"gene158",FALSE,1.383,15.84,0.2733,69.63
"low_count",10,"gene159",FALSE,1.441,18.91,0.5417,153.7
"low_count",10,"gene160",FALSE,1.417,22.46,0.41,122.8
"low_count",10,"gene161",FALSE,0.9775,0.5566,0.1883,8.281
"low_count",10,"gene162",FALSE,1.016,0.008077,0.155,0.6858
"low_count",10,"gene163",FALSE,1.136,3.177,0.4183,44.74
"low_count",10,"gene164",FALSE,1.106,1.84,0.535,43.19
"low_count",10,"gene165",FALSE,1.185,6.729,0.5433,75.66
"low_count",10,"gene166",FALSE,1.048,1.764,0.395,31.29
"low_count",10,"gene167",FALSE,1.193,4.501,0.2433,32.78
"low_count",10,"gene168",FALSE,1.187,5.142,0.2983,37.5
"low_count",10,"gene169",FALSE,1.194,9.654,0.4417,68.23
"low_count",10,"gene170",FALSE,1.302,8.616,0.205,34.59
"low_count",10,"gene171",FALSE,1.033,0.3525,0.37,11.63
"low_count",10,"gene172",FALSE,1.297,7.675,0.1683,24.57
"low_count",10,"gene173",FALSE,1.128,2.906,0.1467,15.4
"low_count",10,"gene174",FALSE,1.121,2.795,0.485,47.98
"low_count",10,"gene175",FALSE,1.036,1.721,0.125,10.11
"low_count",10,"gene176",FALSE,1.085,1.878,0.1833,13.34
"low_count",10,"gene177",FALSE,1.261,4.817,0.2133,26.03
"low_count",10,"gene178",FALSE,1.438,20.82,0.4333,102
"low_count",10,"gene179",FALSE,1.028,0.2896,0.3633,9.19
"low_count",10,"gene180",FALSE,1.172,4.349,0.555,71.22
"low_count",10,"gene181",FALSE,1.143,7.733,0.235,37.15
"low_count",10,"gene182",FALSE,1.16,5.553,0.215,29.28
"low_count",10,"gene183",FALSE,1.129,3.236,0.2317,13.59
"low_count",10,"gene184",FALSE,1.05,0.2318,0.3367,7.392
"low_count",10,"gene185",FALSE,1.075,1.731,0.5117,34.43
"low_count",10,"gene186",FALSE,1.302,16.34,0.3767,118.9
"low_count",10,"gene187",FALSE,1.488,22.35,0.33,139
"low_count",10,"gene188",FALSE,1.186,2.227,0.1283,15.34
"low_count",10,"gene189",FALSE,1.131,4.321,0.175,22.22
"low_count",10,"gene190",FALSE,1.14,1.575,0.27,13.62
"low_count",10,"gene191",FALSE,1.025,0.3303,0.08333,2.963
"low_count",10,"gene192",TRUE,0.9589,-6.812e-08,0.1283,-2.266
"low_count",10,"gene193",FALSE,1.242,5.695,0.13,12.33
"low_count",10,"gene194",FALSE,1.091,2.323,0.6167,51.52
"low_count",10,"gene195",FALSE,1.112,3.788,0.155,17.65
"low_count",10,"gene196",FALSE,1.161,2.901,0.085,7.878
"low_count",10,"gene197",FALSE,1.255,9.472,0.1017,21.21
"low_count",10,"gene198",FALSE,1.302,8.171,0.1567,35.4
"low_count",10,"gene199",FALSE,1.315,6.452,0.16,24.31
"low_count",10,"gene200",FALSE,1.269,6.693,0.1933,37.85
"low_count",10,"gene201",FALSE,1.234,2.712,0.105,10.16
"low_count",10,"gene202",FALSE,1.089,1.589,0.145,10.06
"low_count",10,"gene203",FALSE,1.145,2.407,0.105,10.36
"low_count",10,"gene204",FALSE,1.436,23.5,0.1933,75.21
"low_count",10,"gene205",FALSE,1.335,15.28,0.435,108.4
"low_count",10,"gene206",FALSE,1.372,15.06,0.2967,66.96
"low_count",10,"gene207",FALSE,1.168,4.263,0.5033,73.46
"low_count",10,"gene208",FALSE,1.066,0.6858,0.1867,7.904
"low_count",10,"gene209",FALSE,1.386,23.51,0.2967,92.85
"low_count",10,"gene210",FALSE,1.237,8.457,0.325,53.33
"low_count",10,"gene211",FALSE,1.339,13.26,0.2667,61.76
"low_count",10,"gene212",FALSE,1.268,5.727,0.2317,31.64
"low_count",10,"gene213",FALSE,1.123,2.784,0.1767,17.01
"low_count",10,"gene214",FALSE,1.357,5.471,0.085,13.98
"low_count",10,"gene215",FALSE,0.9765,0.1962,0.12,2.457
"low_count",10,"gene216",FALSE,1.031,0.3056,0.1017,2.52
"low_count",10,"gene217",FALSE,1.02,0.7538,0.1267,4.496
"low_count",10,"gene218",FALSE,1.319,10.07,0.2883,54.59
"low_count",10,"gene219",FALSE,1.288,9.64,0.2433,51.23
"low_count",10,"gene220",FALSE,1.034,0.7394,0.2467,9.848
"low_count",10,"gene221",FALSE,1.206,8.546,0.155,28.62
"low_count",10,"gene222",FALSE,1.392,18,0.4767,152.5
"low_count",10,"gene223",TRUE,0.963,-3.593e-07,0.2533,-2.074
"low_count",10,"gene224",FALSE,1.198,5.604,0.1367,24.8
"low_count",10,"gene225",FALSE,1.314,5.293,0.08167,13.19
"low_count",10,"gene226",FALSE,1.327,9.185,0.1783,30.32
"low_count",10,"gene227",FALSE,1.092,2.551,0.1167,9.819
"low_count",10,"gene228",FALSE,1.155,9.28,0.16,26.88
"low_count",10,"gene229",FALSE,1.138,2.46,0.435,38.78
"low_count",10,"gene230",FALSE,1.321,14.83,0.4567,105.8
"low_count",10,"gene231",FALSE,1.108,1.915,0.4617,36.54
"low_count",10,"gene232",FALSE,1.266,6.379,0.2467,52.12
"low_count",10,"gene233",FALSE,1.308,11.83,0.5567,133.2
"low_count",10,"gene234",FALSE,1.053,0.01559,0.2783,1.701
"low_count",10,"gene235",FALSE,1.253,6.443,0.35,45.31
"low_count",10,"gene236",FALSE,1.325,13.3,0.8567,164.9
"low_count",10,"gene237",FALSE,1.125,1.917,0.1033,11.14
"low_count",10,"gene238",FALSE,1.401,13.75,0.2167,64.47
"low_count",10,"gene239",FALSE,1.114,2.636,0.5667,56.07
"low_count",10,"gene240",FALSE,0.9907,1.317,0.1583,9.566
"low_count",10,"gene241",FALSE,1.182,4.995,0.555,67.16
"low_count",10,"gene242",FALSE,1.187,6.626,0.14,28.37
"low_count",10,"gene243",FALSE,1.245,4.153,0.1017,15.01
"low_count",10,"gene244",FALSE,1.196,8.951,0.3333,44.55
"low_count",10,"gene245",FALSE,1.146,4.541,0.2,22.16
"low_count",10,"gene246",FALSE,1.233,5.784,0.4067,47.74
"low_count",10,"gene247",FALSE,1.059,0.5881,0.1367,7.067
"low_count",10,"gene248",FALSE,1.137,7.649,0.185,30.58
"low_count",10,"gene249",FALSE,1.12,1.071,0.4717,25.98
"low_count",10,"gene250",FALSE,1.182,8.784,0.8133,127.1
"low_count",10,"gene251",FALSE,1.279,10.15,0.2133,47.18
"low_count",10,"gene252",FALSE,1.456,17.99,0.405,87.53
"low_count",10,"gene253",FALSE,1.139,2.442,0.1533,13.79
"low_count",10,"gene254",FALSE,0.86,0.2551,0.13,2.659
"low_count",10,"gene255",FALSE,1.285,9.526,0.46,89.16
"low_count",10,"gene256",FALSE,1.276,13.58,0.3367,71.59
"low_count",10,"gene257",FALSE,1.19,3.49,0.2633,25.54
"low_count",10,"gene258",FALSE,1.236,9.003,0.2783,47.92
"low_count",10,"gene259",FALSE,1.188,4.04,0.3117,36.91
"low_count",10,"gene260",FALSE,1.008,0.3944,0.095,3.681
"low_count",10,"gene261",FALSE,1.191,5.938,0.2333,27.68
"low_count",10,"gene262",FALSE,1.037,0.3519,0.1967,7.171
"low_count",10,"gene263",FALSE,1.146,3.053,0.6417,60.59
"low_count",10,"gene264",FALSE,1.127,2.15,0.13,10.53
"low_count",10,"gene265",FALSE,1.082,0.8269,0.1567,8.313
"low_count",10,"gene266",FALSE,1.363,12.97,0.3917,65.32
"low_count",10,"gene267",FALSE,1.108,4.12,0.1583,18.65
"low_count",10,"gene268",FALSE,1.035,0.8711,0.2433,16.06
"low_count",10,"gene269",FALSE,1.014,0.6492,0.1067,4.857
"low_count",10,"gene270",FALSE,1.546,33.61,0.5783,215.2
"low_count",10,"gene271",FALSE,1.298,13.9,0.245,54.87
"low_count",10,"gene272",FALSE,1.029,1.14,0.175,7.777
"low_count",10,"gene273",FALSE,1.329,10.74,0.265,42.19
"low_count",10,"gene274",FALSE,1.58,27.23,0.415,158.4
"low_count",10,"gene275",FALSE,1.242,6.429,0.1633,29.65
"low_count",10,"gene276",FALSE,1.131,5.025,0.1867,18.5
"low_count",10,"gene277",FALSE,1.318,8.749,0.1417,30.53
"low_count",10,"gene278",FALSE,1.091,3.606,0.1267,16.97
"low_count",10,"gene279",FALSE,1.09,1.355,0.1283,7.566
"low_count",10,"gene280",FALSE,1.142,3.203,0.4717,46.44
"low_count",10,"gene281",FALSE,1.073,1.654,0.4817,32.41
"low_count",10,"gene282",FALSE,1.133,2.467,0.1317,12.77
"low_count",10,"gene283",FALSE,1.175,3.466,0.17,19.67
"low_count",10,"gene284",FALSE,1.058,1.644,0.095,6.316
"low_count",10,"gene285",FALSE,1.146,3.675,0.3467,37.91
"low_count",10,"gene286",FALSE,1.159,3.466,0.175,20.48
"low_count",10,"gene287",FALSE,1.358,11.24,0.155,38.55
"low_count",10,"gene288",FALSE,1.258,11.41,0.1883,37.78
"low_count",10,"gene289",FALSE,1.176,3.37,0.1317,13.88
"low_count",10,"gene290",FALSE,1.374,18.2,0.455,110.6
"low_count",10,"gene291",FALSE,1.167,2.819,0.1,10.2
"low_count",10,"gene292",FALSE,1.182,2.225,0.17,16.05
"low_count",10,"gene293",FALSE,1.138,4.491,0.5433,67.51
"low_count",10,"gene294",FALSE,1.04,1.612,0.1933,13.49
"low_count",10,"gene295",FALSE,1.216,7.043,0.5233,85.46
"low_count",10,"gene296",FALSE,1.066,1.145,0.1417,9.417
"low_count",10,"gene297",FALSE,1.027,1.011,0.5967,43.57
"low_count",10,"gene298",FALSE,1.05,0.006708,0.06,0.1572
"low_count",10,"gene299",FALSE,2.324,9.7,0.1283,15.84
"low_count",10,"gene300",FALSE,1.256,10.89,0.175,40.67
"near_poisson",1,"gene1",FALSE,1.061,0.1519,5.768,64.93
"near_poisson",1,"gene2",FALSE,1.077,1.33,5.227,201.9
"near_poisson",1,"gene3",FALSE,1.003,0.001368,3.75,4.837
"near_poisson",1,"gene4",FALSE,1.123,1.071,6.553,194.6
"near_poisson",1,"gene5",FALSE,1.067,1.105,1.838,60.05
"near_poisson",1,"gene6",TRUE,0.9317,-2.94e-06,1.718,-45.16
"near_poisson",1,"gene7",TRUE,0.9774,-2.767e-06,8.087,-81.23
"near_poisson",1,"gene8",FALSE,1.002,0.3318,2.202,39.65
"near_poisson",1,"gene9",FALSE,1.024,0.1016,2.108,23.92
"near_poisson",1,"gene10",FALSE,1.019,0.1447,5.193,66.86
"near_poisson",1,"gene11",FALSE,1.035,0.2697,3.212,57.04
"near_poisson",1,"gene12",TRUE,0.9847,-5.48e-07,5.43,-77.31
"near_poisson",1,"gene13",FALSE,1.064,0.9221,3.27,109.7
"near_poisson",1,"gene14",FALSE,1.018,0.007298,6.677,20.58
"near_poisson",1,"gene15",TRUE,0.9687,-1.837e-06,2.365,-36.76
"near_poisson",1,"gene16",TRUE,0.9475,-3.162e-06,1.627,-50.85
"near_poisson",1,"gene17",FALSE,1.086,0.8685,2.987,145.4
"near_poisson",1,"gene18",TRUE,1.016,-4.649e-06,2.395,-110
"near_poisson",1,"gene19",FALSE,0.9987,0.008533,1.785,7.562
"near_poisson",1,"gene20",FALSE,1.036,0.1855,1.782,44.09
"near_poisson",1,"gene21",TRUE,0.9476,-5.171e-06,2.272,-96.27
"near_poisson",1,"gene22",TRUE,0.9057,-6.239e-06,3.343,-136.8
"near_poisson",1,"gene23",TRUE,0.9656,-1.628e-06,1.158,-19.07
"near_poisson",1,"gene24",FALSE,1.07,0.8801,1.818,86.64
"near_poisson",1,"gene25",FALSE,0.9972,0.07579,1.19,16.31
"near_poisson",1,"gene26",TRUE,1.002,-5.016e-07,1.352,-5.001
"near_poisson",1,"gene27",TRUE,0.9254,-5.233e-06,3.088,-107.2
"near_poisson",1,"gene28",TRUE,0.959,-2.053e-06,2.083,-37.81
"near_poisson",1,"gene29",TRUE,0.9721,-1.201e-06,2.355,-18.67
"near_poisson",1,"gene30",FALSE,1.055,0.2422,1.373,31.26
"near_poisson",1,"gene31",FALSE,1.025,0.03411,3.043,28.26
"near_poisson",1,"gene32",FALSE,1.06,1.294,1.547,91.53
"near_poisson",1,"gene33",TRUE,0.9603,9.408e-07,4.178,-178.3
"near_poisson",1,"gene34",TRUE,0.8945,-8.988e-06,4.315,-227.2
"near_poisson",1,"gene35",TRUE,0.9567,-9.737e-07,1.975,-7.149
"near_poisson",1,"gene36",TRUE,0.9452,-0.0004988,3.777,-21.7
"near_poisson",1,"gene37",FALSE,1.041,0.1339,1.735,33.05
"near_poisson",1,"gene38",TRUE,0.9793,-3.068e-06,4.443,-53.16
"near_poisson",1,"gene39",TRUE,0.974,-2.717e-06,1.662,-31.29
"near_poisson",1,"gene40",FALSE,1.028,0.0999,2.79,47.55
"near_poisson",1,"gene41",TRUE,0.8842,-3.969e-06,1.43,-88.48
"near_poisson",1,"gene42",TRUE,0.9815,-0.0002594,1.053,-11.42
"near_poisson",1,"gene43",FALSE,0.9885,0.1994,2.167,48.63
"near_poisson",1,"gene44",TRUE,0.9969,-2.818e-06,1.788,-35.89
"near_poisson",1,"gene45",FALSE,1.067,0.3872,3.345,107.2
"near_poisson",1,"gene46",TRUE,0.9133,-7.3e-07,2.173,-122.5
"near_poisson",1,"gene47",FALSE,1.026,0.1245,2.69,53.47
"near_poisson",1,"gene48",TRUE,0.9283,-4.266e-06,3.027,-132.1
"near_poisson",1,"gene49",TRUE,0.9088,-0.001524,1.13,-67.11
"near_poisson",1,"gene50",FALSE,1.028,0.1272,4.262,84.26
"near_poisson",1,"gene51",FALSE,1.006,0.01909,2.777,20.28
"near_poisson",1,"gene52",TRUE,0.9041,-2.662e-06,1.515,-50.23
"near_poisson",1,"gene53",FALSE,1.012,0.2882,1.468,38.63
"near_poisson",1,"gene54",FALSE,1.052,0.469,1.232,45.37
"near_poisson",1,"gene55",TRUE,0.9589,-2.277e-06,1.712,-27.36
"near_poisson",1,"gene56",FALSE,0.9899,7.151e-05,1.95,0.9171
"near_poisson",1,"gene57",TRUE,0.9232,-2.422e-06,1.07,-39.02
"near_poisson",1,"gene58",TRUE,0.9788,-2.07e-06,1.953,-25.4
"near_poisson",1,"gene59",FALSE,0.9955,0.01443,2.133,14.78
"near_poisson",1,"gene60",FALSE,0.9998,0.0007151,1.232,1.594
"near_poisson",1,"gene61",TRUE,0.938,-4.297e-06,3.003,-114.4
"near_poisson",1,"gene62",FALSE,1.073,0.5486,4.635,176.7
"near_poisson",1,"gene63",TRUE,0.9282,-1.927e-06,2.758,-34.04
"near_poisson",1,"gene64",FALSE,0.9981,0.2711,1.907,46.41
"near_poisson",1,"gene65",TRUE,0.9679,-2.021e-06,1.287,-27.4
"near_poisson",1,"gene66",TRUE,0.9288,-4.186e-06,2.623,-67.94
"near_poisson",1,"gene67",FALSE,1.037,0.3043,2.185,65.07
"near_poisson",1,"gene68",TRUE,0.9858,-1.118e-06,1.158,-7.018
"near_poisson",1,"gene69",FALSE,1.017,0.1536,2.402,48.61
"near_poisson",1,"gene70",TRUE,0.9373,-2.011e-06,2.125,-78.63
"near_poisson",1,"gene71",FALSE,0.9953,0.02398,2.495,19.88
"near_poisson",1,"gene72",FALSE,1.104,0.8384,4.78,228.3
"near_poisson",1,"gene73",FALSE,1.028,0.1599,1.933,38.53
"near_poisson",1,"gene74",TRUE,0.9615,-3.451e-06,2.508,-63.23
"near_poisson",1,"gene75",FALSE,1.024,0.4784,2.695,106.7
"near_poisson",1,"gene76",TRUE,0.9248,-1.29e-06,1.387,-58.69
"near_poisson",1,"gene77",FALSE,1.003,0.005914,1.105,5.455
"near_poisson",1,"gene78",FALSE,1.007,0.2414,2.16,58.82
"near_poisson",1,"gene79",FALSE,1.092,1.175,3.903,218.6
"near_poisson",1,"gene80",FALSE,0.9841,0.001665,1.212,2.805
"near_poisson",1,"gene81",TRUE,0.9518,-4.589e-06,2.633,-88.36
"near_poisson",1,"gene82",FALSE,1.078,0.6338,2.335,80.86
"near_poisson",1,"gene83",TRUE,0.9834,-2.68e-06,3.005,-56.81
"near_poisson",1,"gene84",TRUE,0.9332,-5.441e-06,2.683,-97.52
"near_poisson",1,"gene85",TRUE,0.9616,-3.821e-06,2.923,-83.67
"near_poisson",1,"gene86",FALSE,1.014,0.1546,2.408,45.76
"near_poisson",1,"gene87",TRUE,0.9396,-5.443e-06,2.58,-111.7
"near_poisson",1,"gene88",TRUE,0.9507,-4.236e-06,1.83,-92.83
"near_poisson",1,"gene89",FALSE,0.9925,0.02287,3.515,26.45
"near_poisson",1,"gene90",TRUE,0.9313,-1.328e-06,1.458,-19.9
"near_poisson",1,"gene91",TRUE,1.016,-1.838e-06,4.085,-32.05
"near_poisson",1,"gene92",TRUE,0.901,-3.657e-06,2.295,-102.8
"near_poisson",1,"gene93",FALSE,1.028,0.5413,3.028,121
"near_poisson",1,"gene94",FALSE,1.138,2.2,4.572,378.8
"near_poisson",1,"gene95",FALSE,1.105,0.9715,2.727,138.7
"near_poisson",1,"gene96",TRUE,0.9234,-3.041e-06,3.108,-146.4
"near_poisson",1,"gene97",FALSE,0.9998,0.03747,4.425,45.91
"near_poisson",1,"gene98",FALSE,0.9918,0.01235,1.242,7.092
"near_poisson",1,"gene99",TRUE,0.9144,-3.168e-06,2.415,-69.01
"near_poisson",1,"gene100",TRUE,0.8869,-3.216e-06,1.148,-62.39
"near_poisson",1,"gene101",TRUE,0.8512,-5.919e-06,1.77,-154.4
"near_poisson",1,"gene102",TRUE,0.9912,-7.783e-07,1.358,-10.02
"near_poisson",1,"gene103",FALSE,1.011,0.185,2.268,52.37
"near_poisson",1,"gene104",FALSE,1.056,0.4883,4.045,156.1
"near_poisson",1,"gene105",FALSE,0.9921,0.07702,3.89,59.4
"near_poisson",1,"gene106",TRUE,0.9586,-3.206e-06,3.413,-57.55
"near_poisson",1,"gene107",TRUE,0.9319,-3.432e-06,2.905,-121.9
"near_poisson",1,"gene108",FALSE,1.008,0.07703,1.07,14.92
"near_poisson",1,"gene109",TRUE,0.9176,-4.241e-06,3.203,-181
"near_poisson",1,"gene110",TRUE,0.9143,-5.57e-06,1.768,-138.9
"near_poisson",1,"gene111",TRUE,1.009,-2.342e-06,4.433,-44.59
"near_poisson",1,"gene112",TRUE,0.9533,-2.227e-06,3.762,-112
"near_poisson",1,"gene113",TRUE,0.9455,-2.406e-06,1.657,-35.1
"near_poisson",1,"gene114",FALSE,1.053,0.8897,1.84,82.31
"near_poisson",1,"gene115",FALSE,1.091,1.173,4.11,248.4
"near_poisson",1,"gene116",FALSE,1.019,0.06241,2.778,34.88
"near_poisson",1,"gene117",FALSE,1.008,0.04048,2,21.25
"near_poisson",1,"gene118",FALSE,1.091,0.6551,1.56,65.11
"near_poisson",1,"gene119",TRUE,0.9585,-3.798e-06,4.442,-66.01
"near_poisson",1,"gene120",FALSE,0.9862,0.1874,3.228,80.53
"near_poisson",1,"gene121",TRUE,0.979,-4.327e-07,5.278,-85.75
"near_poisson",1,"gene122",TRUE,0.9633,-1.39e-06,2.717,-12.55
"near_poisson",1,"gene123",TRUE,0.9726,8.143e-08,1.055,-18.81
"near_poisson",1,"gene124",TRUE,0.9281,-4.396e-06,2.438,-95.29
"near_poisson",1,"gene125",TRUE,0.9448,-4.7e-06,4.677,-68.91
"near_poisson",1,"gene126",TRUE,0.9372,-1.562e-06,1.2,-26.65
"near_poisson",1,"gene127",TRUE,0.9473,-1.291e-06,2.182,-67.3
"near_poisson",1,"gene128",TRUE,0.9105,-1e-05,3.368,-203.4
"near_poisson",1,"gene129",FALSE,1.044,0.002109,3.76,8.505
"near_poisson",1,"gene130",FALSE,1.017,0.1546,4.393,87.39
"near_poisson",1,"gene131",TRUE,0.9772,-1.41e-06,3.705,-39.69
"near_poisson",1,"gene132",FALSE,0.9935,0.1599,2.61,59.07
"near_poisson",1,"gene133",FALSE,1.013,0.09323,4.46,67.27
"near_poisson",1,"gene134",TRUE,0.9691,-8.335e-05,4.223,-3.4
"near_poisson",1,"gene135",FALSE,1.073,0.8298,1.605,67.25
"near_poisson",1,"gene136",FALSE,1.079,1.029,4.065,230.2
"near_poisson",1,"gene137",TRUE,0.9562,-0.0006989,1.59,-30.75
"near_poisson",1,"gene138",FALSE,1.096,1.768,3.618,250.2
"near_poisson",1,"gene139",FALSE,1.076,0.87,1.957,105.3
"near_poisson",1,"gene140",FALSE,1.01,0.005429,1.042,3.579
"near_poisson",1,"gene141",TRUE,0.9086,-8.273e-06,4.522,-264.6
"near_poisson",1,"gene142",FALSE,0.9969,0.01095,1.743,9.795
"near_poisson",1,"gene143",TRUE,0.9201,-2.929e-06,2.71,-95.52
"near_poisson",1,"gene144",FALSE,1.022,0.2541,3.003,84.98
"near_poisson",1,"gene145",TRUE,0.9337,-4.326e-06,2.25,-93.93
"near_poisson",1,"gene146",FALSE,1.053,0.2725,4.992,138
"near_poisson",1,"gene147",FALSE,1.005,0.07583,1.38,19.35
"near_poisson",1,"gene148",TRUE,0.9533,-0.0007242,1.875,-31.86
"near_poisson",1,"gene149",TRUE,0.9687,-2.72e-06,3.802,-55.81
"near_poisson",1,"gene150",TRUE,0.9086,-7.337e-06,2.032,-124
"near_poisson",1,"gene151",TRUE,0.9641,-2.332e-06,1.527,-39.12
"near_poisson",1,"gene152",FALSE,1.015,0.05732,3.34,39.87
"near_poisson",1,"gene153",TRUE,0.9037,-9.573e-06,4.345,-232.2
"near_poisson",1,"gene154",FALSE,1.066,0.1818,2.3,44.85
"near_poisson",1,"gene155",TRUE,0.9639,-2.031e-07,1.992,-23.88
"near_poisson",1,"gene156",FALSE,0.9754,0.01454,1.477,10.23
"near_poisson",1,"gene157",TRUE,1.001,-5.499e-07,3.632,-1.753
"near_poisson",1,"gene158",TRUE,0.9346,-5.144e-06,3.122,-115.9
"near_poisson",1,"gene159",TRUE,0.9731,-7.527e-06,5.238,-130
"near_poisson",1,"gene160",FALSE,1.006,0.1804,1.588,39.14
"near_poisson",1,"gene161",TRUE,0.9788,-4.693e-06,3.75,-93.21
"near_poisson",1,"gene162",FALSE,1.018,0.1312,3.092,58.08
"near_poisson",1,"gene163",FALSE,1.029,0.2011,5.658,124.8
"near_poisson",1,"gene164",FALSE,0.9832,0.01404,3.472,22.37
"near_poisson",1,"gene165",FALSE,1.056,1.205,1.683,97.22
"near_poisson",1,"gene166",FALSE,1.11,0.9069,4.335,204.6
"near_poisson",1,"gene167",TRUE,0.9572,-2.858e-06,4.842,-98.84
"near_poisson",1,"gene168",FALSE,1.043,0.2911,3.705,98.65
"near_poisson",1,"gene169",TRUE,0.9619,-1.693e-06,2.39,-37.21
"near_poisson",1,"gene170",FALSE,1.025,0.0105,2.183,11.24
"near_poisson",1,"gene171",FALSE,1.022,0.08523,2.53,38.27
"near_poisson",1,"gene172",TRUE,0.948,-3.37e-06,3.805,-82.03
"near_poisson",1,"gene173",TRUE,0.9577,-6.103e-07,3.1,-2.922
"near_poisson",1,"gene174",TRUE,1.014,-1.887e-06,2.748,-31.56
"near_poisson",1,"gene175",TRUE,0.9152,-4.583e-06,2.745,-111.8
"near_poisson",1,"gene176",FALSE,1.02,0.7428,1.597,73.57
"near_poisson",1,"gene177",TRUE,0.9126,-2.057e-06,1.142,-40.94
"near_poisson",1,"gene178",TRUE,0.9524,-2.172e-06,1.802,-55.2
"near_poisson",1,"gene179",FALSE,1.058,0.122,2.66,47.59
"near_poisson",1,"gene180",FALSE,1.015,0.08701,4.053,60.85
"near_poisson",1,"gene181",TRUE,0.9706,-1.656e-06,1.373,-21.92
"near_poisson",1,"gene182",FALSE,1.047,0.1971,2.153,45.16
"near_poisson",1,"gene183",TRUE,0.9774,-4.458e-06,4.085,-85.46
"near_poisson",1,"gene184",TRUE,0.983,-1.809e-06,2.465,-22.6
"near_poisson",1,"gene185",TRUE,0.9625,-3.369e-06,2.015,-64.85
"near_poisson",1,"gene186",FALSE,1.054,0.2658,3.192,83.07
"near_poisson",1,"gene187",FALSE,1.079,2.382,1.765,115
"near_poisson",1,"gene188",FALSE,1.012,0.009748,3.983,20.61
"near_poisson",1,"gene189",TRUE,0.9848,-2.391e-06,4.205,-67.12
"near_poisson",1,"gene190",FALSE,1.026,0.05865,3.97,54.46
"near_poisson",1,"gene191",FALSE,1.014,0.1147,3.593,63.11
"near_poisson",1,"gene192",FALSE,1.029,0.2107,1.717,41.03
"near_poisson",1,"gene193",TRUE,0.9784,-1.307e-06,2.288,-25.77
"near_poisson",1,"gene194",TRUE,0.9546,-1.378e-06,2.033,-21.48
"near_poisson",1,"gene195",TRUE,0.9673,-0.0005773,1.407,-25.41
"near_poisson",1,"gene196",TRUE,0.9511,-5.762e-07,2.24,-22.68
"near_poisson",1,"gene197",TRUE,0.9042,-5.086e-06,2.975,-214.2
"near_poisson",1,"gene198",FALSE,1.027,0.159,3.628,77.31
"near_poisson",1,"gene199",FALSE,0.9576,0.0006761,4.305,5.563
"near_poisson",1,"gene200",TRUE,0.9433,-1.927e-06,2.248,-35.29
"near_poisson",1,"gene201",FALSE,1.051,0.3446,2.03,63.21
"near_poisson",1,"gene202",FALSE,0.9991,0.1934,4.268,102.2
"near_poisson",1,"gene203",TRUE,0.997,-1.257e-06,2.135,-20.64
"near_poisson",1,"gene204",TRUE,0.9491,-2.775e-06,1.53,-43.53
"near_poisson",1,"gene205",FALSE,1.076,1.282,1.165,67.53
"near_poisson",1,"gene206",TRUE,0.9588,-4.101e-06,2.412,-80.8
"near_poisson",1,"gene207",FALSE,1.041,0.6797,1.762,75.81
"near_poisson",1,"gene208",TRUE,0.8545,-5.964e-06,2.033,-149.2
"near_poisson",1,"gene209",TRUE,0.9535,-5.717e-06,1.643,-107.4
"near_poisson",1,"gene210",TRUE,0.9882,-8.156e-07,2.062,-15.74
"near_poisson",1,"gene211",TRUE,0.9652,-1.251e-06,3.205,-23.28
"near_poisson",1,"gene212",FALSE,1.022,0.3316,2.213,61.49
"near_poisson",1,"gene213",FALSE,1.048,1.171,1.22,77.29
"near_poisson",1,"gene214",TRUE,0.9784,-2.67e-06,4.705,-87.98
"near_poisson",1,"gene215",TRUE,0.95,-3.413e-06,4.36,-124.5
"near_poisson",1,"gene216",FALSE,1.015,0.08423,4.39,69.84
"near_poisson",1,"gene217",TRUE,0.9268,-1.611e-06,1.877,-81.61
"near_poisson",1,"gene218",TRUE,0.9382,-4.447e-06,1.45,-76.68
"near_poisson",1,"gene219",FALSE,1.066,0.9137,4.53,218.1
"near_poisson",1,"gene220",TRUE,0.9439,-6.195e-06,3.553,-120.7
"near_poisson",1,"gene221",TRUE,0.9665,-2.082e-06,2.943,-25.55
"near_poisson",1,"gene222",FALSE,1.028,0.1951,2.438,56.17
"near_poisson",1,"gene223",TRUE,0.9275,-1.987e-06,1.218,-36.81
"near_poisson",1,"gene224",FALSE,1.077,0.8566,1.402,68.86
"near_poisson",1,"gene225",FALSE,1.022,0.1847,1.537,32.65
"near_poisson",1,"gene226",FALSE,1.006,0.05179,4.833,60.68
"near_poisson",1,"gene227",TRUE,0.9331,-2.122e-06,1.672,-51.73
"near_poisson",1,"gene228",FALSE,1.125,2.521,1.893,176.8
"near_poisson",1,"gene229",FALSE,1.024,0.09324,1.255,20.61
"near_poisson",1,"gene230",FALSE,0.984,0.0004855,1.813,2.142
"near_poisson",1,"gene231",FALSE,1.031,0.2609,2.325,57.27
"near_poisson",1,"gene232",FALSE,0.9783,0.02222,1.335,10.92
"near_poisson",1,"gene233",TRUE,0.9475,-2.658e-06,2.08,-36.79
"near_poisson",1,"gene234",FALSE,1.047,0.4782,1.793,68.27
"near_poisson",1,"gene235",FALSE,1.006,0.1001,1.405,25.31
"near_poisson",1,"gene236",FALSE,0.9838,0.01438,2.915,19.67
"near_poisson",1,"gene237",FALSE,0.9846,0.0002301,2.672,2.153
"near_poisson",1,"gene238",TRUE,0.9182,-1.074e-06,1.165,-25.4
"near_poisson",1,"gene239",FALSE,1.026,0.2066,1.52,36.94
"near_poisson",1,"gene240",TRUE,0.9754,-5.291e-07,1.875,-19.85
"near_poisson",1,"gene241",FALSE,1.102,1.142,1.842,106.8
"near_poisson",1,"gene242",FALSE,1.054,1.04,3.24,171.5
"near_poisson",1,"gene243",FALSE,1.046,0.1761,4.008,89.82
"near_poisson",1,"gene244",TRUE,0.9659,-3.228e-06,3.357,-44.33
"near_poisson",1,"gene245",TRUE,0.9943,-8.868e-07,3.358,-5.608
"near_poisson",1,"gene246",TRUE,0.9043,-2.552e-06,2.778,-67.03
"near_poisson",1,"gene247",FALSE,1.069,1.58,1.593,117.3
"near_poisson",1,"gene248",TRUE,0.9488,-2.091e-06,1.027,-31.9
"near_poisson",1,"gene249",FALSE,1.084,1.515,1.782,108.1
"near_poisson",1,"gene250",FALSE,1.014,0.158,1.73,40.57
"near_poisson",1,"gene251",FALSE,1.012,0.0009754,2.885,4.655
"near_poisson",1,"gene252",FALSE,1.034,0.6974,1.865,76.69
"near_poisson",1,"gene253",FALSE,1.079,0.6697,2.738,98.36
"near_poisson",1,"gene254",FALSE,1.092,2.74,3.532,315.3
"near_poisson",1,"gene255",TRUE,0.9678,-7.254e-07,1.87,-5.212
"near_poisson",1,"gene256",FALSE,1.015,0.09082,3.295,53.03
"near_poisson",1,"gene257",TRUE,0.9626,-9.593e-07,1.157,-7.686
"near_poisson",1,"gene258",FALSE,1.022,0.177,1.427,30.64
"near_poisson",1,"gene259",TRUE,0.9383,-3.885e-06,2.528,-101.4
"near_poisson",1,"gene260",FALSE,1.122,1.163,0.845,45.58
"near_poisson",1,"gene261",TRUE,0.9341,-4.018e-06,4.917,-139.4
"near_poisson",1,"gene262",TRUE,1.016,-1.416e-06,4.358,-15.76
"near_poisson",1,"gene263",TRUE,1.003,4.046e-07,3.238,0.09686
"near_poisson",1,"gene264",FALSE,1.016,0.1935,1.643,38.93
"near_poisson",1,"gene265",TRUE,0.9966,-2.495e-07,2.597,-14.46
"near_poisson",1,"gene266",FALSE,1.071,0.8661,2.308,118.9
"near_poisson",1,"gene267",FALSE,1.098,1.845,2.763,198.4
"near_poisson",1,"gene268",FALSE,1.064,0.441,1.907,66.07
"near_poisson",1,"gene269",FALSE,1.017,0.1722,1.11,24.27
"near_poisson",1,"gene270",TRUE,0.9766,5.866e-07,1.142,-13.99
"near_poisson",1,"gene271",FALSE,1.038,1.028,1.857,140
"near_poisson",1,"gene272",FALSE,1.014,0.5293,3.955,149.5
"near_poisson",1,"gene273",FALSE,1.096,1.048,2.17,116.5
"near_poisson",1,"gene274",TRUE,0.9609,-3.166e-07,1.215,-4.73
"near_poisson",1,"gene275",FALSE,1.014,0.03146,1.603,14.41
"near_poisson",1,"gene276",TRUE,0.9118,-6.207e-06,3.03,-129.7
"near_poisson",1,"gene277",TRUE,0.9638,-1.909e-06,4.092,-60.13
"near_poisson",1,"gene278",TRUE,0.9425,-3.746e-06,2.253,-69.55
"near_poisson",1,"gene279",FALSE,1.009,0.0407,3.473,32.81
"near_poisson",1,"gene280",TRUE,0.9826,-7.549e-07,2.653,-36.59
"near_poisson",1,"gene281",FALSE,0.9831,0.0003993,3.562,3.792
"near_poisson",1,"gene282",TRUE,0.9593,-2.926e-06,2.387,-75.45
"near_poisson",1,"gene283",FALSE,0.9666,0.05445,2.097,27.41
"near_poisson",1,"gene284",FALSE,1.003,0.1754,2.002,51.03
"near_poisson",1,"gene285",FALSE,1.039,0.3051,1.88,56.18
"near_poisson",1,"gene286",TRUE,0.952,-2.767e-06,2.015,-49.56
"near_poisson",1,"gene287",FALSE,1.041,0.1677,4.202,86.18
"near_poisson",1,"gene288",FALSE,1.009,0.005911,3.578,14.04
"near_poisson",1,"gene289",FALSE,1.007,0.04506,2.438,26.32
"near_poisson",1,"gene290",FALSE,1.034,0.1578,0.9767,19.83
"near_poisson",1,"gene291",FALSE,1.079,1.536,1.152,91.23
"near_poisson",1,"gene292",TRUE,0.9882,-0.000334,2.597,-14.58
"near_poisson",1,"gene293",FALSE,1.057,1.019,4.273,244.5
"near_poisson",1,"gene294",FALSE,1.048,0.1686,2.125,45.84
"near_poisson",1,"gene295",FALSE,1.077,0.7458,2.985,145.1
"near_poisson",1,"gene296",TRUE,0.9284,-3.067e-06,1.977,-75.9
"near_poisson",1,"gene297",FALSE,1.027,0.2849,4.665,123.7
"near_poisson",1,"gene298",FALSE,1.012,0.1699,3.912,77.79
"near_poisson",1,"gene299",TRUE,0.987,-1.453e-06,4.86,-27.81
"near_poisson",1,"gene300",TRUE,0.9579,-1.535e-06,1.132,-12.94
"near_poisson",2,"gene1",TRUE,0.9372,-2.338e-06,5.093,-58.03
"near_poisson",2,"gene2",TRUE,0.9961,-3.472e-07,4.297,-0.5056
"near_poisson",2,"gene3",TRUE,0.956,-3.203e-06,2.337,-32.85
"near_poisson",2,"gene4",FALSE,1.024,0.2028,2.523,36.57
"near_poisson",2,"gene5",TRUE,0.9656,-3.823e-06,5.442,-107.6
"near_poisson",2,"gene6",FALSE,1.01,0.2153,2.298,33.71
"near_poisson",2,"gene7",TRUE,0.938,-2.694e-06,1.545,-31.83
"near_poisson",2,"gene8",FALSE,1.121,3.115,4.788,319.7
"near_poisson",2,"gene9",TRUE,0.8794,-3.639e-06,2.087,-67.8
"near_poisson",2,"gene10",TRUE,0.949,-2.904e-06,3.647,-60.78
"near_poisson",2,"gene11",FALSE,1.034,0.8218,1.873,62.39
"near_poisson",2,"gene12",TRUE,0.9286,-2.754e-06,1.493,-52.5
"near_poisson",2,"gene13",TRUE,0.9546,-1.775e-06,3.445,-27.84
"near_poisson",2,"gene14",FALSE,1.104,0.8578,2.415,70.53
"near_poisson",2,"gene15",FALSE,1.042,0.3792,2.302,50.71
"near_poisson",2,"gene16",FALSE,1.108,2.713,1.772,165.4
"near_poisson",2,"gene17",FALSE,1.111,1.868,1.71,112.5
"near_poisson",2,"gene18",FALSE,0.9509,0.2287,3.205,95.01
"near_poisson",2,"gene19",FALSE,1.048,0.8032,2.175,95.14
"near_poisson",2,"gene20",TRUE,0.9555,-1.645e-06,1.78,-20.71
"near_poisson",2,"gene21",TRUE,1.031,-7.238e-07,1.352,-6.217
"near_poisson",2,"gene22",TRUE,0.9605,-1.403e-06,1.905,-19.43
"near_poisson",2,"gene23",TRUE,0.896,-3.817e-06,1.835,-110.6
"near_poisson",2,"gene24",TRUE,1.011,-1.597e-06,4.373,-91.21
"near_poisson",2,"gene25",TRUE,0.9997,-4.248e-06,2.48,-75.46
"near_poisson",2,"gene26",TRUE,0.9601,-2.325e-06,1.392,-36.16
"near_poisson",2,"gene27",FALSE,1.053,0.07296,2.492,36.03
"near_poisson",2,"gene28",TRUE,0.899,-4.732e-06,1.848,-98.61
"near_poisson",2,"gene29",TRUE,0.9802,-7.987e-07,2.485,-25.24
"near_poisson",2,"gene30",TRUE,0.9458,-5.443e-06,2.958,-88.98
"near_poisson",2,"gene31",FALSE,1.179,4.886,2,282.2
"near_poisson",2,"gene32",TRUE,0.9494,-3.395e-06,4.58,-140.6
"near_poisson",2,"gene33",TRUE,0.9327,-5.465e-06,3.033,-88.85
"near_poisson",2,"gene34",FALSE,1.015,0.2304,1.268,35.94
"near_poisson",2,"gene35",FALSE,1.039,0.2234,3.362,82.94
"near_poisson",2,"gene36",FALSE,1.061,0.5607,2.647,106
"near_poisson",2,"gene37",TRUE,0.9626,-4.39e-07,1.823,-19.87
"near_poisson",2,"gene38",TRUE,0.9115,-5.388e-06,2.585,-142.9
"near_poisson",2,"gene39",FALSE,1.043,0.5808,3.02,125.2
"near_poisson",2,"gene40",TRUE,0.9598,-1.82e-06,5.935,-37.06
"near_poisson",2,"gene41",TRUE,0.9671,-6.281e-07,3.177,-31.04
"near_poisson",2,"gene42",TRUE,0.9757,-1.383e-06,2.877,-23.78
"near_poisson",2,"gene43",TRUE,0.89,-4.17e-06,2.813,-196.3
"near_poisson",2,"gene44",TRUE,0.953,-3.809e-06,4.367,-143.3
"near_poisson",2,"gene45",FALSE,1.041,0.4935,1.953,71.43
"near_poisson",2,"gene46",TRUE,0.9893,-2.505e-06,4.567,-56.58
"near_poisson",2,"gene47",FALSE,1.006,0.126,1.465,27.4
"near_poisson",2,"gene48",FALSE,0.9848,0.1645,2.107,47.48
"near_poisson",2,"gene49",TRUE,1,-4.142e-07,5.107,-15.37
"near_poisson",2,"gene50",FALSE,1.012,0.1351,1.123,21.56
"near_poisson",2,"gene51",FALSE,1.039,0.165,1.622,31.18
"near_poisson",2,"gene52",FALSE,1.021,0.06077,1.443,18.1
"near_poisson",2,"gene53",TRUE,0.881,-7.727e-06,4.238,-290.2
"near_poisson",2,"gene54",FALSE,1.025,0.1045,5.102,97.54
"near_poisson",2,"gene55",TRUE,0.8793,-5.918e-06,1.42,-93
"near_poisson",2,"gene56",FALSE,1.074,1.367,2.925,182
"near_poisson",2,"gene57",FALSE,1.009,0.2303,1.412,37.38
"near_poisson",2,"gene58",FALSE,0.9972,0.06916,1.92,23.73
"near_poisson",2,"gene59",TRUE,0.9587,-2.972e-06,3.51,-63.94
"near_poisson",2,"gene60",FALSE,1.037,0.004499,1.262,4.024
"near_poisson",2,"gene61",TRUE,0.9465,-1.031e-06,0.9633,-11.07
"near_poisson",2,"gene62",FALSE,1.094,1.824,4.173,319.9
"near_poisson",2,"gene63",TRUE,0.905,-1.743e-06,1.262,-58.27
"near_poisson",2,"gene64",TRUE,0.9943,-1.722e-06,1.853,-25.71
"near_poisson",2,"gene65",FALSE,0.9829,0.005412,3.83,14.86
"near_poisson",2,"gene66",TRUE,1.02,-6.459e-07,3.008,-6.505
"near_poisson",2,"gene67",FALSE,1.024,0.09003,1.618,27.08
"near_poisson",2,"gene68",TRUE,0.9618,1.979e-07,2.858,-62.15
"near_poisson",2,"gene69",TRUE,0.9922,-3.612e-07,1.513,-3.814
"near_poisson",2,"gene70",FALSE,1.026,0.1345,1.492,30.94
"near_poisson",2,"gene71",FALSE,1.12,3.008,4.81,496
"near_poisson",2,"gene72",FALSE,0.9967,0.06309,3.923,54.73
"near_poisson",2,"gene73",TRUE,0.9543,-2.006e-06,1.035,-36.24
"near_poisson",2,"gene74",FALSE,1.084,0.6942,2.102,89.93
"near_poisson",2,"gene75",TRUE,0.9092,-8.873e-07,1.303,-56.43
"near_poisson",2,"gene76",FALSE,1.047,0.1788,2.375,50.15
"near_poisson",2,"gene77",FALSE,0.9893,0.03384,2.448,24.22
"near_poisson",2,"gene78",TRUE,0.9645,-1.918e-06,2.41,-24.31
"near_poisson",2,"gene79",FALSE,1.03,0.3932,1.912,61.4
"near_poisson",2,"gene80",FALSE,1.051,0.8204,1.992,97.34
"near_poisson",2,"gene81",FALSE,1.023,0.06514,3.702,43.93
"near_poisson",2,"gene82",TRUE,0.9688,-1.447e-06,3.493,-27.95
"near_poisson",2,"gene83",FALSE,1.053,0.08421,2.082,30.04
"near_poisson",2,"gene84",FALSE,1.079,0.7909,2.715,128.5
"near_poisson",2,"gene85",FALSE,1.065,0.6392,2.18,90.06
"near_poisson",2,"gene86",FALSE,1.002,0.1495,1.333,26.94
"near_poisson",2,"gene87",TRUE,0.7768,-9.48e-06,5.467,-565.4
"near_poisson",2,"gene88",TRUE,0.932,-4.235e-08,2.532,-92.17
"near_poisson",2,"gene89",TRUE,0.9268,-2.239e-06,1.128,-28.57
"near_poisson",2,"gene90",TRUE,0.9306,-4.088e-06,2.317,-95.15
"near_poisson",2,"gene91",FALSE,1.081,0.7933,2.667,115.3
"near_poisson",2,"gene92",TRUE,0.9749,-3.096e-06,2.127,-61.72
"near_poisson",2,"gene93",TRUE,0.9498,-1.908e-06,1.703,-77.48
"near_poisson",2,"gene94",FALSE,1.026,0.5218,2.263,106.7
"near_poisson",2,"gene95",FALSE,1.148,3.163,4.585,432.7
"near_poisson",2,"gene96",TRUE,0.9247,-3.398e-06,1.56,-56.64
"near_poisson",2,"gene97",TRUE,0.9787,-3.258e-06,2.26,-63.18
"near_poisson",2,"gene98",FALSE,1.063,0.984,1.737,100.2
"near_poisson",2,"gene99",FALSE,1.018,0.3917,2.557,91.82
"near_poisson",2,"gene100",FALSE,1.099,1.674,3.94,283.3
"near_poisson",2,"gene101",FALSE,1.071,2.138,4.317,361.8
"near_poisson",2,"gene102",FALSE,1.025,0.2445,4.402,123.6
"near_poisson",2,"gene103",TRUE,0.9381,-1.711e-06,1.255,-25.63
"near_poisson",2,"gene104",FALSE,0.9964,0.02872,2.24,20.81
"near_poisson",2,"gene105",TRUE,0.9825,-0.000117,1.5,-5.123
"near_poisson",2,"gene106",TRUE,0.9951,-1.088e-06,3.27,-29.59
"near_poisson",2,"gene107",TRUE,0.9212,-9.472e-06,3.785,-254.9
"near_poisson",2,"gene108",FALSE,1.034,0.269,2.192,56.67
"near_poisson",2,"gene109",TRUE,0.9842,-6.638e-07,1.048,-2.684
"near_poisson",2,"gene110",TRUE,0.9318,-3.673e-06,2.882,-116.9
"near_poisson",2,"gene111",FALSE,1.057,0.4235,3.58,125.9
"near_poisson",2,"gene112",FALSE,1.002,0.03619,3.68,32.95
"near_poisson",2,"gene113",TRUE,0.9301,-0.001441,1.73,-63.46
"near_poisson",2,"gene114",TRUE,0.918,-3.149e-06,1.337,-77.23
"near_poisson",2,"gene115",FALSE,1.056,0.7543,1.84,83.9
"near_poisson",2,"gene116",TRUE,0.9627,-2.309e-06,3.735,-69.91
"near_poisson",2,"gene117",TRUE,0.9709,-1.823e-06,2.733,-43.51
"near_poisson",2,"gene118",FALSE,0.9979,0.01379,4.323,22.94
"near_poisson",2,"gene119",TRUE,0.9714,-1.043e-07,1.538,-17.59
"near_poisson",2,"gene120",TRUE,1.017,-0.0001286,3.89,-5.426
"near_poisson",2,"gene121",FALSE,1.001,0.06618,1.387,19.57
"near_poisson",2,"gene122",FALSE,1.162,4.005,4.297,451.3
"near_poisson",2,"gene123",FALSE,0.9912,0.1756,4.867,106.7
"near_poisson",2,"gene124",TRUE,0.9736,-7.167e-09,2.167,-37.6
"near_poisson",2,"gene125",TRUE,0.9678,-2.029e-06,1.758,-39.52
"near_poisson",2,"gene126",TRUE,0.958,-6.366e-07,1.583,-35.14
"near_poisson",2,"gene127",FALSE,1.004,0.04196,1.858,19.29
"near_poisson",2,"gene128",FALSE,1.11,0.5808,1.58,65.3
"near_poisson",2,"gene129",FALSE,0.986,0.138,1.513,28.99
"near_poisson",2,"gene130",FALSE,0.9669,0.0014,3.227,7.08
"near_poisson",2,"gene131",FALSE,1.063,0.1344,3.688,65.86
"near_poisson",2,"gene132",FALSE,0.9884,0.001288,1.807,3.856
"near_poisson",2,"gene133",TRUE,0.914,-5.397e-06,3.032,-109.6
"near_poisson",2,"gene134",TRUE,0.9555,-4.026e-07,1.323,-26.8
"near_poisson",2,"gene135",FALSE,1.026,0.2836,4.272,128.1
"near_poisson",2,"gene136",TRUE,0.9608,-5.328e-07,1.48,-5.744
"near_poisson",2,"gene137",FALSE,1.003,0.1055,1.93,36.5
"near_poisson",2,"gene138",TRUE,0.9875,-1.634e-06,2.233,-18.32
"near_poisson",2,"gene139",FALSE,1.041,0.5811,1.183,50.82
"near_poisson",2,"gene140",TRUE,0.9559,-2.255e-06,1.45,-55.8
"near_poisson",2,"gene141",TRUE,0.8999,-5.634e-06,3.76,-201.7
"near_poisson",2,"gene142",FALSE,0.9969,0.05331,1.453,16.2
"near_poisson",2,"gene143",FALSE,1.002,0.004829,3.223,11.74
"near_poisson",2,"gene144",FALSE,0.9934,0.02175,1.973,15.11
"near_poisson",2,"gene145",TRUE,0.9382,-2.8e-06,4.39,-135.4
"near_poisson",2,"gene146",FALSE,1.027,0.7797,1.007,46.35
"near_poisson",2,"gene147",TRUE,0.9678,-2.401e-06,3.148,-50.95
"near_poisson",2,"gene148",FALSE,1.054,0.3445,3.607,105.2
"near_poisson",2,"gene149",TRUE,0.9723,-2.785e-07,1.987,-0.7564
"near_poisson",2,"gene150",FALSE,1.005,0.1784,3.058,62.61
"near_poisson",2,"gene151",TRUE,0.9731,-1.624e-06,2.515,-17.39
"near_poisson",2,"gene152",TRUE,0.9752,-8.948e-07,2.86,-6.007
"near_poisson",2,"gene153",TRUE,0.9662,-1.627e-06,2.768,-27.78
"near_poisson",2,"gene154",FALSE,1.026,0.1337,3.353,63.03
"near_poisson",2,"gene155",FALSE,0.9874,0.0001693,2.685,1.774
"near_poisson",2,"gene156",TRUE,0.9462,-1.244e-06,3.815,-155
"near_poisson",2,"gene157",FALSE,1.049,0.8498,2.89,137.6
"near_poisson",2,"gene158",FALSE,1.034,0.1766,1.775,36.82
"near_poisson",2,"gene159",FALSE,1.003,0.02873,3.82,30.89
"near_poisson",2,"gene160",FALSE,1.088,0.8367,2.387,111.3
"near_poisson",2,"gene161",TRUE,0.95,-5.522e-06,4.422,-131.3
"near_poisson",2,"gene162",FALSE,1.154,3.311,0.8917,83.79
"near_poisson",2,"gene163",FALSE,0.9877,0.03094,1.38,13.32
"near_poisson",2,"gene164",FALSE,1.083,2.24,3.028,252.2
"near_poisson",2,"gene165",FALSE,1.054,0.4454,2.865,91.16
"near_poisson",2,"gene166",TRUE,0.9714,-1.459e-06,1.5,-38.74
"near_poisson",2,"gene167",TRUE,0.9952,-2.289e-06,3.512,-43.02
"near_poisson",2,"gene168",FALSE,1.014,0.03088,3.335,29.16
"near_poisson",2,"gene169",TRUE,0.9611,-6.99e-07,1.772,-31.35
"near_poisson",2,"gene170",FALSE,1.061,0.8165,3.318,172.5
"near_poisson",2,"gene171",TRUE,0.9611,-1.627e-06,1.597,-29.99
"near_poisson",2,"gene172",FALSE,1.033,0.5961,2.277,97.24
"near_poisson",2,"gene173",FALSE,1.021,0.3411,1.762,53.16
"near_poisson",2,"gene174",FALSE,1.142,2.664,1.225,137.8
"near_poisson",2,"gene175",TRUE,0.9825,-8.602e-07,4.132,-19.21
"near_poisson",2,"gene176",FALSE,0.9887,0.01747,1.583,12.04
"near_poisson",2,"gene177",TRUE,0.9667,-3.638e-06,3.107,-67.76
"near_poisson",2,"gene178",FALSE,1.063,1.175,1.327,80.19
"near_poisson",2,"gene179",FALSE,1.019,0.004509,2.21,7.806
"near_poisson",2,"gene180",TRUE,0.964,-3.029e-06,3.677,-57.1
"near_poisson",2,"gene181",TRUE,0.9138,-1.017e-05,5.067,-245.6
"near_poisson",2,"gene182",FALSE,1.055,0.8077,4.16,229.5
"near_poisson",2,"gene183",FALSE,1.069,0.6769,3.312,144.7
"near_poisson",2,"gene184",FALSE,1.025,0.2923,4.453,116.9
"near_poisson",2,"gene185",TRUE,0.9356,-5.911e-07,1.153,-24.39
"near_poisson",2,"gene186",TRUE,1.029,-8.545e-07,2.657,-16.57
"near_poisson",2,"gene187",FALSE,1.05,0.2847,2.945,85.67
"near_poisson",2,"gene188",TRUE,0.9288,-3.442e-06,2.487,-113.2
"near_poisson",2,"gene189",FALSE,1.076,0.5107,3.555,132
"near_poisson",2,"gene190",FALSE,1.017,0.2228,2.542,65.85
"near_poisson",2,"gene191",TRUE,0.9246,-2.585e-06,1.95,-38.59
"near_poisson",2,"gene192",FALSE,1.029,0.3129,6.102,172.1
"near_poisson",2,"gene193",FALSE,1.03,0.1765,0.9217,18.22
"near_poisson",2,"gene194",FALSE,0.9952,0.1349,1.247,27.5
"near_poisson",2,"gene195",TRUE,0.9427,-2.225e-06,2.115,-48.57
"near_poisson",2,"gene196",TRUE,0.9763,-5.604e-07,1.662,-8.514
"near_poisson",2,"gene197",FALSE,0.9974,0.02067,2.478,16.77
"near_poisson",2,"gene198",FALSE,0.9737,0.0012,3.918,7.513
"near_poisson",2,"gene199",TRUE,0.9854,-2.819e-06,2.418,-38.89
"near_poisson",2,"gene200",FALSE,1.096,1.737,3.333,249.9
"near_poisson",2,"gene201",FALSE,1.059,1.122,2.092,131.3
"near_poisson",2,"gene202",TRUE,0.9789,-2.999e-06,3.53,-50.73
"near_poisson",2,"gene203",TRUE,0.9656,-2.744e-06,1.575,-26.23
"near_poisson",2,"gene204",FALSE,1.082,1.294,1.697,107.5
"near_poisson",2,"gene205",TRUE,0.9409,-6.733e-06,2.992,-160.7
"near_poisson",2,"gene206",TRUE,0.9818,-1.577e-06,3.547,-14.85
"near_poisson",2,"gene207",TRUE,0.8944,-3.282e-06,1.938,-122.5
"near_poisson",2,"gene208",TRUE,0.924,-2.682e-06,2.057,-107.7
"near_poisson",2,"gene209",FALSE,1.091,1.698,3.815,281.9
"near_poisson",2,"gene210",FALSE,1.063,1.228,1.862,117.9
"near_poisson",2,"gene211",TRUE,0.9331,-1.471e-06,2.763,-87.48
"near_poisson",2,"gene212",FALSE,1.076,0.552,2.678,104.3
"near_poisson",2,"gene213",TRUE,0.9901,-8.316e-07,1.365,-13.64
"near_poisson",2,"gene214",FALSE,0.9999,0.01357,1.815,10.56
"near_poisson",2,"gene215",TRUE,1.002,-2.827e-06,2.247,-48.9
"near_poisson",2,"gene216",TRUE,0.9963,-4.448e-05,2.442,-1.879
"near_poisson",2,"gene217",FALSE,1.048,0.08584,1.417,18.13
"near_poisson",2,"gene218",FALSE,1.021,0.05329,2.192,20.8
"near_poisson",2,"gene219",FALSE,1.022,0.1926,1.927,43.6
"near_poisson",2,"gene220",TRUE,0.957,7.915e-07,2.437,-88.15
"near_poisson",2,"gene221",FALSE,1.039,0.6515,2.803,122.5
"near_poisson",2,"gene222",FALSE,1.042,0.5541,2.423,97.36
"near_poisson",2,"gene223",FALSE,1.023,0.1831,2.872,60.92
"near_poisson",2,"gene224",FALSE,0.9964,0.3076,1.58,43.2
"near_poisson",2,"gene225",FALSE,0.9964,0.675,4.327,212.8
"near_poisson",2,"gene226",TRUE,0.9738,-2.222e-06,2.262,-58.2
"near_poisson",2,"gene227",FALSE,0.9929,0.04114,1.78,17.97
"near_poisson",2,"gene228",FALSE,1.019,0.03043,2.078,20.49
"near_poisson",2,"gene229",TRUE,0.9446,-1.805e-06,1.15,-40.95
"near_poisson",2,"gene230",FALSE,1.049,0.4944,4.758,173.2
"near_poisson",2,"gene231",FALSE,1.001,0.01321,4.053,25.57
"near_poisson",2,"gene232",FALSE,1.066,0.8872,2.337,125.8
"near_poisson",2,"gene233",FALSE,1.045,0.1397,2.662,53.81
"near_poisson",2,"gene234",TRUE,0.9743,-1.255e-06,1.725,-10.5
"near_poisson",2,"gene235",FALSE,1.074,0.9827,3.947,209.6
"near_poisson",2,"gene236",FALSE,0.9997,0.06579,2.957,38.91
"near_poisson",2,"gene237",FALSE,1.06,0.1059,2.067,34.78
"near_poisson",2,"gene238",FALSE,1.014,0.1283,1.113,20.69
"near_poisson",2,"gene239",TRUE,0.9987,1.673e-07,4.312,-48.01
"near_poisson",2,"gene240",FALSE,1.145,2.402,4.502,376.4
"near_poisson",2,"gene241",FALSE,0.9977,0.001752,1.072,2.312
"near_poisson",2,"gene242",TRUE,0.9668,-1.188e-06,1.085,-19.29
"near_poisson",2,"gene243",TRUE,0.9693,-2.852e-06,2.23,-67.87
"near_poisson",2,"gene244",FALSE,0.9884,0.01642,4.287,27.85
"near_poisson",2,"gene245",FALSE,1.075,0.7117,3.718,163.3
"near_poisson",2,"gene246",TRUE,0.8341,-4.988e-06,1.825,-167.6
"near_poisson",2,"gene247",TRUE,0.9133,-2.487e-06,1.457,-72.22
"near_poisson",2,"gene248",TRUE,0.9094,-2.199e-06,2.108,-81.41
"near_poisson",2,"gene249",FALSE,1.065,0.05734,1.298,16.47
"near_poisson",2,"gene250",TRUE,0.8732,-6.922e-06,2.473,-184.5
"near_poisson",2,"gene251",TRUE,0.9219,-2.188e-06,0.9867,-36.5
"near_poisson",2,"gene252",TRUE,0.9561,6.397e-07,5.52,-101.9
"near_poisson",2,"gene253",FALSE,1.038,0.6233,1.743,81.05
"near_poisson",2,"gene254",TRUE,0.8436,-5.598e-06,1.453,-132.2
"near_poisson",2,"gene255",FALSE,1.019,0.2362,1.128,28.4
"near_poisson",2,"gene256",FALSE,1.004,0.05786,2.315,31.26
"near_poisson",2,"gene257",TRUE,0.964,-3.864e-06,4.338,-98.95
"near_poisson",2,"gene258",FALSE,1.099,0.6407,4.253,183
"near_poisson",2,"gene259",TRUE,0.9134,-7.36e-06,2.863,-185.7
"near_poisson",2,"gene260",TRUE,0.8554,-2.924e-06,1.048,-68.2
"near_poisson",2,"gene261",FALSE,1.062,0.6422,3.277,139.1
"near_poisson",2,"gene262",FALSE,1.131,2.356,2.175,171.8
"near_poisson",2,"gene263",TRUE,0.9527,-1.641e-06,2.352,-26.55
"near_poisson",2,"gene264",FALSE,1.039,0.2314,2.727,66.5
"near_poisson",2,"gene265",FALSE,1.007,0.001243,1.575,3.077
"near_poisson",2,"gene266",TRUE,0.9757,-2.154e-06,1.627,-25.87
"near_poisson",2,"gene267",FALSE,1.022,0.05659,1.123,12.97
"near_poisson",2,"gene268",FALSE,0.9784,0.001497,1.265,2.743
"near_poisson",2,"gene269",TRUE,0.9587,-5.246e-07,2.235,-38.06
"near_poisson",2,"gene270",FALSE,1.005,0.02526,5.707,42.96
"near_poisson",2,"gene271",TRUE,1.017,-2.066e-06,3.542,-38.41
"near_poisson",2,"gene272",TRUE,0.8834,-4.447e-06,1.4,-83
"near_poisson",2,"gene273",FALSE,1.047,0.4383,2.302,77.62
"near_poisson",2,"gene274",TRUE,0.9451,-1.066e-06,3.627,-140.2
"near_poisson",2,"gene275",FALSE,0.9844,0.01404,1.633,9.932
"near_poisson",2,"gene276",FALSE,1.018,0.001222,1.265,2.164
"near_poisson",2,"gene277",TRUE,0.9244,-4.148e-06,1.945,-110.1
"near_poisson",2,"gene278",FALSE,1.162,3.807,3.127,350.4
"near_poisson",2,"gene279",TRUE,0.9168,-6.642e-06,2.818,-127.2
"near_poisson",2,"gene280",TRUE,0.9744,-1.335e-06,1.933,-17.51
"near_poisson",2,"gene281",TRUE,0.9524,-3.163e-06,2.427,-63.01
"near_poisson",2,"gene282",TRUE,0.9743,-8.852e-07,1.973,-19.86
"near_poisson",2,"gene283",TRUE,0.8821,-2.952e-06,1.195,-73.53
"near_poisson",2,"gene284",TRUE,0.9594,-2.102e-06,2.053,-43.18
"near_poisson",2,"gene285",TRUE,0.9557,-7.271e-06,3.575,-133.6
"near_poisson",2,"gene286",TRUE,0.9471,-3.563e-06,5.397,-97.59
"near_poisson",2,"gene287",FALSE,1.044,0.636,3.453,151.3
"near_poisson",2,"gene288",TRUE,0.9274,-2.178e-06,1.543,-55.36
"near_poisson",2,"gene289",TRUE,0.982,-2.002e-06,3.605,-30.3
"near_poisson",2,"gene290",FALSE,1.043,0.1787,1.415,31.88
"near_poisson",2,"gene291",FALSE,1.064,0.2986,2.51,76.25
"near_poisson",2,"gene292",FALSE,0.984,0.006672,1.862,8.92
"near_poisson",2,"gene293",FALSE,1.037,0.1929,1.97,45
"near_poisson",2,"gene294",FALSE,1.025,0.5427,1.702,68.23
"near_poisson",2,"gene295",FALSE,0.9985,0.3139,1.108,31.31
"near_poisson",2,"gene296",FALSE,1.137,2.438,3.847,360.1
"near_poisson",2,"gene297",TRUE,0.9447,-4.303e-06,3.95,-70.85
"near_poisson",2,"gene298",TRUE,0.934,-4.52e-06,3.137,-106.2
"near_poisson",2,"gene299",FALSE,1.062,0.5536,2.922,118.5
"near_poisson",2,"gene300",FALSE,0.9926,0.03864,4.64,51.09
"near_poisson",3,"gene1",TRUE,0.927,-8.362e-06,7.818,-261.3
"near_poisson",3,"gene2",FALSE,1.021,0.5759,3.665,95.07
"near_poisson",3,"gene3",TRUE,0.9103,-3.921e-06,2.375,-72.68
"near_poisson",3,"gene4",FALSE,0.9812,0.02527,4.818,25.46
"near_poisson",3,"gene5",TRUE,0.9667,1.144e-07,2.497,-29.31
"near_poisson",3,"gene6",FALSE,1.068,0.4476,3.867,88.27
"near_poisson",3,"gene7",TRUE,0.9961,-0.000169,2.347,-7.415
"near_poisson",3,"gene8",TRUE,0.8744,-1.232e-06,1.462,-44.84
"near_poisson",3,"gene9",TRUE,0.9575,-1.085e-06,2.797,-34.17
"near_poisson",3,"gene10",TRUE,0.9969,-1.928e-06,5.575,-43.13
"near_poisson",3,"gene11",TRUE,0.9816,-3.481e-07,5.25,-52.1
"near_poisson",3,"gene12",FALSE,0.9991,0.2542,2.863,51.09
"near_poisson",3,"gene13",FALSE,1.02,0.02437,6.46,34.47
"near_poisson",3,"gene14",FALSE,1.071,1.266,1.928,84.49
"near_poisson",3,"gene15",FALSE,0.9753,0.09131,5.12,53.67
"near_poisson",3,"gene16",FALSE,0.9626,0.002801,1.52,4.573
"near_poisson",3,"gene17",TRUE,0.9168,-3.383e-06,1.287,-66.22
"near_poisson",3,"gene18",TRUE,0.9273,-2.703e-06,1.115,-64.64
"near_poisson",3,"gene19",FALSE,1.051,1.042,3.832,217.3
"near_poisson",3,"gene20",FALSE,0.9796,0.01054,4.202,23.53
"near_poisson",3,"gene21",TRUE,0.9582,-3.019e-06,4.425,-71.31
"near_poisson",3,"gene22",FALSE,1.071,0.7888,1.133,53.94
"near_poisson",3,"gene23",FALSE,1.064,0.6009,1.198,55.9
"near_poisson",3,"gene24",TRUE,0.9941,-9.993e-07,4.218,-14.66
"near_poisson",3,"gene25",TRUE,0.9184,-3.847e-06,2.46,-115.5
"near_poisson",3,"gene26",FALSE,1.061,0.2231,4.31,104
"near_poisson",3,"gene27",TRUE,0.9124,-2.354e-06,2.66,-129
"near_poisson",3,"gene28",FALSE,1.108,1.305,1.678,103
"near_poisson",3,"gene29",FALSE,1.07,0.6923,2.628,109
"near_poisson",3,"gene30",TRUE,0.9163,-3.709e-06,2.827,-104.7
"near_poisson",3,"gene31",TRUE,0.9965,-2.837e-06,3.822,-44.29
"near_poisson",3,"gene32",TRUE,0.9658,-5.216e-07,2.245,-26.95
"near_poisson",3,"gene33",FALSE,1.027,0.003179,1.693,5.479
"near_poisson",3,"gene34",TRUE,0.9746,-4.479e-07,1.302,-5.469
"near_poisson",3,"gene35",FALSE,1.049,0.3458,1.902,49.13
"near_poisson",3,"gene36",TRUE,0.9238,-5.037e-06,2.535,-94.74
"near_poisson",3,"gene37",FALSE,1.025,0.08793,1.965,30.31
"near_poisson",3,"gene38",FALSE,1.046,0.4714,2.028,73.51
"near_poisson",3,"gene39",TRUE,0.9515,-4.222e-07,1.455,-16.23
"near_poisson",3,"gene40",FALSE,1.073,1.322,1.597,97.78
"near_poisson",3,"gene41",TRUE,0.9925,-1.378e-06,2.508,-28.26
"near_poisson",3,"gene42",FALSE,1.053,0.6264,2.062,85.21
"near_poisson",3,"gene43",FALSE,1.114,2.49,1.767,139.8
"near_poisson",3,"gene44",FALSE,0.9784,0.002656,1.695,4.668
"near_poisson",3,"gene45",TRUE,1.041,-5.526e-07,2.24,-2.07
"near_poisson",3,"gene46",FALSE,1.057,0.1454,3.118,61.57
"near_poisson",3,"gene47",TRUE,0.8782,-1.331e-06,0.9633,-67.09
"near_poisson",3,"gene48",FALSE,1.022,0.1013,1.402,22.37
"near_poisson",3,"gene49",FALSE,1.048,0.04473,3.723,40.02
"near_poisson",3,"gene50",TRUE,0.9742,-0.0002532,1.825,-11.11
"near_poisson",3,"gene51",TRUE,0.984,-4.906e-07,5.865,-5.793
"near_poisson",3,"gene52",FALSE,1.101,1.746,1.445,111.3
"near_poisson",3,"gene53",FALSE,1.192,3.878,4.478,473.6
"near_poisson",3,"gene54",FALSE,1.058,0.3993,2.478,85.9
"near_poisson",3,"gene55",FALSE,1.02,0.3095,3.858,111.4
"near_poisson",3,"gene56",FALSE,1.081,1.521,3.467,246.7
"near_poisson",3,"gene57",FALSE,0.9918,0.02921,1.948,16.07
"near_poisson",3,"gene58",FALSE,1.015,0.1457,3.598,63.68
"near_poisson",3,"gene59",FALSE,1.041,0.4283,3.4,120.8
"near_poisson",3,"gene60",FALSE,1.077,1.113,3.225,189.7
"near_poisson",3,"gene61",TRUE,0.9135,-4.26e-06,3.803,-154.1
"near_poisson",3,"gene62",FALSE,1.072,0.8252,3.747,180
"near_poisson",3,"gene63",FALSE,1.034,0.1732,2.657,61.88
"near_poisson",3,"gene64",FALSE,0.9819,0.0755,2.277,32.48
"near_poisson",3,"gene65",FALSE,1.029,0.06131,1.107,14.4
"near_poisson",3,"gene66",TRUE,0.9327,-2.458e-06,3.868,-104.4
"near_poisson",3,"gene67",TRUE,0.9459,-3.732e-06,2.775,-88.74
"near_poisson",3,"gene68",TRUE,0.9841,-1.813e-06,2.115,-30.07
"near_poisson",3,"gene69",FALSE,1.058,0.5425,4.252,162
"near_poisson",3,"gene70",FALSE,1.031,0.1651,1.892,38.21
"near_poisson",3,"gene71",TRUE,0.9528,-1.606e-06,0.9033,-22.38
"near_poisson",3,"gene72",TRUE,0.9524,-3.996e-06,2.41,-86.23
"near_poisson",3,"gene73",TRUE,0.9542,-1.899e-06,1.59,-39.98
"near_poisson",3,"gene74",FALSE,1.013,0.0004921,1.51,1.786
"near_poisson",3,"gene75",FALSE,1.099,1.145,4.743,249.6
"near_poisson",3,"gene76",TRUE,0.9494,-1.832e-07,1.97,-48.71
"near_poisson",3,"gene77",TRUE,0.9246,-4.591e-06,5.018,-208.4
"near_poisson",3,"gene78",FALSE,1.029,0.1262,1.817,29.25
"near_poisson",3,"gene79",FALSE,0.9896,0.009033,3.308,15.6
"near_poisson",3,"gene80",TRUE,0.9602,3.601e-07,1.873,-70.33
"near_poisson",3,"gene81",FALSE,1.018,0.1134,4.912,90.67
"near_poisson",3,"gene82",TRUE,0.9139,-2.944e-06,1.25,-70.27
"near_poisson",3,"gene83",FALSE,1.063,0.6209,1.7,79.16
"near_poisson",3,"gene84",FALSE,1.013,0.1364,3.388,60.17
"near_poisson",3,"gene85",TRUE,0.9093,-3.041e-06,4.505,-207.9
"near_poisson",3,"gene86",FALSE,1.02,0.2425,4.922,130.6
"near_poisson",3,"gene87",FALSE,1.071,0.3853,3.443,108.1
"near_poisson",3,"gene88",TRUE,0.9388,-1.366e-06,1.573,-70.85
"near_poisson",3,"gene89",TRUE,0.9571,-5.221e-06,3.377,-101.4
"near_poisson",3,"gene90",TRUE,0.9412,-3.518e-06,2.442,-90.13
"near_poisson",3,"gene91",FALSE,1.036,0.2329,1.455,34.13
"near_poisson",3,"gene92",TRUE,0.8731,-4.237e-06,2.233,-162.6
"near_poisson",3,"gene93",FALSE,0.9774,0.0117,1.043,5.741
"near_poisson",3,"gene94",TRUE,0.9757,-2.269e-06,2.367,-22.95
"near_poisson",3,"gene95",FALSE,1.021,0.3437,2.1,66.27
"near_poisson",3,"gene96",TRUE,0.9674,-1.146e-06,2.11,-16.63
"near_poisson",3,"gene97",FALSE,1.01,0.06214,3.168,38.22
"near_poisson",3,"gene98",FALSE,0.962,0.002147,2.178,5.171
"near_poisson",3,"gene99",TRUE,0.914,-2.6e-06,1.277,-76.31
"near_poisson",3,"gene100",TRUE,0.9824,-2.006e-06,2.628,-30.55
"near_poisson",3,"gene101",TRUE,1.013,-0.0002289,1.613,-10.05
"near_poisson",3,"gene102",FALSE,0.9892,0.004035,1.6,5.753
"near_poisson",3,"gene103",FALSE,1.062,0.383,2.803,91.94
"near_poisson",3,"gene104",FALSE,1.035,0.1995,2.465,57.09
"near_poisson",3,"gene105",TRUE,0.98,-2.101e-06,1.307,-26.67
"near_poisson",3,"gene106",FALSE,1.03,0.4532,2.447,84.45
"near_poisson",3,"gene107",TRUE,0.9691,-3.441e-07,1.837,-50.06
"near_poisson",3,"gene108",FALSE,1.098,1.276,1.86,126.8
"near_poisson",3,"gene109",FALSE,1.056,0.5737,2.898,115.1
"near_poisson",3,"gene110",TRUE,0.952,-4.63e-06,2.687,-90.49
"near_poisson",3,"gene111",TRUE,0.935,-2.811e-06,1.868,-69.56
"near_poisson",3,"gene112",TRUE,0.9483,-3.671e-07,2.472,-66.91
"near_poisson",3,"gene113",FALSE,1.026,0.2176,1.893,52.63
"near_poisson",3,"gene114",FALSE,1.077,0.5462,3.46,133.9
"near_poisson",3,"gene115",FALSE,1.073,0.9246,2.94,160.1
"near_poisson",3,"gene116",FALSE,1.05,0.7517,4.208,193.4
"near_poisson",3,"gene117",FALSE,1.089,0.4805,5.69,207.5
"near_poisson",3,"gene118",TRUE,0.8999,-2.65e-06,1.018,-46.57
"near_poisson",3,"gene119",FALSE,1.058,0.1791,3.012,64.27
"near_poisson",3,"gene120",FALSE,1.028,0.162,4.662,82.69
"near_poisson",3,"gene121",TRUE,1,-7.395e-07,4.322,-3.42
"near_poisson",3,"gene122",TRUE,0.9194,-7.619e-06,4.82,-150.2
"near_poisson",3,"gene123",TRUE,1.007,-2.017e-06,3.002,-54.02
"near_poisson",3,"gene124",FALSE,0.9823,0.08039,1.425,17.9
"near_poisson",3,"gene125",FALSE,1.044,0.7493,4.3,214.7
"near_poisson",3,"gene126",FALSE,0.9777,0.07068,1.008,14.99
"near_poisson",3,"gene127",FALSE,1.026,0.05764,4.81,57.78
"near_poisson",3,"gene128",TRUE,0.9507,-2.073e-06,1.735,-60.63
"near_poisson",3,"gene129",FALSE,1.051,0.5905,1.82,76.09
"near_poisson",3,"gene130",TRUE,0.9825,-5.191e-06,3.217,-142.5
"near_poisson",3,"gene131",TRUE,0.9328,-2.575e-06,3.302,-78.67
"near_poisson",3,"gene132",FALSE,1.058,0.4523,2.405,80.42
"near_poisson",3,"gene133",TRUE,0.9903,-0.0004315,1.333,-18.99
"near_poisson",3,"gene134",FALSE,1.018,0.2887,1.697,51.8
"near_poisson",3,"gene135",FALSE,1.004,0.1554,3.53,72.12
"near_poisson",3,"gene136",FALSE,0.9517,0.05481,2.775,34.77
"near_poisson",3,"gene137",TRUE,0.9645,-1.686e-06,2.527,-36.47
"near_poisson",3,"gene138",TRUE,0.9863,-1.2e-06,2.415,-33.31
"near_poisson",3,"gene139",FALSE,0.9938,0.01544,1.213,7.701
"near_poisson",3,"gene140",FALSE,1.064,0.8978,1.303,73.65
"near_poisson",3,"gene141",TRUE,1.016,-2.309e-08,1.585,-7.303
"near_poisson",3,"gene142",FALSE,0.9782,0.002564,2.552,6.914
"near_poisson",3,"gene143",FALSE,1.019,0.001059,3.233,5.274
"near_poisson",3,"gene144",TRUE,0.9697,-3.533e-06,2.778,-52.91
"near_poisson",3,"gene145",FALSE,1.091,0.4528,3.863,134.6
"near_poisson",3,"gene146",FALSE,1.075,0.549,2.233,89.75
"near_poisson",3,"gene147",TRUE,0.9581,-3.201e-06,3.425,-75.87
"near_poisson",3,"gene148",TRUE,0.8999,-3.055e-06,2.22,-117.6
"near_poisson",3,"gene149",TRUE,0.9909,-4.189e-06,2.437,-80.8
"near_poisson",3,"gene150",TRUE,0.9415,-1.879e-06,2.04,-68.7
"near_poisson",3,"gene151",TRUE,0.9237,-4.383e-06,2.657,-121.7
"near_poisson",3,"gene152",FALSE,1.049,0.8072,1.435,67.34
"near_poisson",3,"gene153",FALSE,1.115,2.646,1.235,112.7
"near_poisson",3,"gene154",FALSE,1.072,0.3356,2.708,83.41
"near_poisson",3,"gene155",TRUE,0.9937,-8.094e-07,1.047,-5.127
"near_poisson",3,"gene156",FALSE,0.971,0.005218,2.377,9.09
"near_poisson",3,"gene157",TRUE,0.917,-6.378e-06,1.813,-111
"near_poisson",3,"gene158",FALSE,1.015,0.1187,1.052,19.42
"near_poisson",3,"gene159",TRUE,0.9309,-4.287e-06,5.515,-82.33
"near_poisson",3,"gene160",TRUE,0.879,-5.547e-06,3.387,-200.4
"near_poisson",3,"gene161",FALSE,1.03,0.0816,3.165,44.51
"near_poisson",3,"gene162",FALSE,1.017,0.1018,2.77,47.84
"near_poisson",3,"gene163",TRUE,0.9837,-2.143e-06,2.812,-38.72
"near_poisson",3,"gene164",TRUE,0.9348,-2.05e-06,1.363,-49.46
"near_poisson",3,"gene165",TRUE,0.9944,-1.118e-06,3.232,-22.46
"near_poisson",3,"gene166",TRUE,0.9608,-2.468e-06,3.267,-31.03
"near_poisson",3,"gene167",FALSE,1.123,2.436,1.438,109.8
"near_poisson",3,"gene168",TRUE,0.8823,-2.182e-06,1.228,-84.33
"near_poisson",3,"gene169",TRUE,0.8842,-3.648e-06,1.198,-63.83
"near_poisson",3,"gene170",FALSE,1.055,0.528,2.428,93.15
"near_poisson",3,"gene171",FALSE,1.149,3.715,3.205,362.7
"near_poisson",3,"gene172",FALSE,1.044,0.2815,3.598,102.2
"near_poisson",3,"gene173",FALSE,1.015,0.0003261,4.925,4.703
"near_poisson",3,"gene174",FALSE,1.057,0.6682,1.293,51.62
"near_poisson",3,"gene175",FALSE,0.9564,0.02868,2.187,22.29
"near_poisson",3,"gene176",TRUE,0.9785,1.618e-07,1.723,-18.88
"near_poisson",3,"gene177",TRUE,1.013,-7.463e-07,2.445,-6.09
"near_poisson",3,"gene178",TRUE,0.9953,-2.982e-07,1.23,-9.061
"near_poisson",3,"gene179",TRUE,0.9691,-1.49e-06,2.393,-34.06
"near_poisson",3,"gene180",TRUE,0.9397,-2.043e-06,1.493,-46.34
"near_poisson",3,"gene181",TRUE,0.9788,-1.826e-06,2.052,-47.27
"near_poisson",3,"gene182",FALSE,0.9794,0.000365,2.468,2.72
"near_poisson",3,"gene183",FALSE,1.083,0.5694,4.643,177.6
"near_poisson",3,"gene184",TRUE,0.9188,-4.45e-06,2.74,-117.3
"near_poisson",3,"gene185",FALSE,1.007,0.05136,2.993,39.51
"near_poisson",3,"gene186",FALSE,1.027,0.07239,1.572,22.73
"near_poisson",3,"gene187",TRUE,0.9589,-1.718e-06,1.193,-17.7
"near_poisson",3,"gene188",TRUE,0.987,-1.086e-06,3.888,-67.01
"near_poisson",3,"gene189",TRUE,0.9417,-1.913e-06,1.578,-50.79
"near_poisson",3,"gene190",FALSE,0.9816,0.2333,1.187,31.55
"near_poisson",3,"gene191",FALSE,1.135,3.354,2.008,210.5
"near_poisson",3,"gene192",TRUE,0.9977,-1.607e-05,1.3,-0.6855
"near_poisson",3,"gene193",FALSE,1.071,0.05641,4.287,53.61
"near_poisson",3,"gene194",FALSE,1.092,1.359,1.588,97.41
"near_poisson",3,"gene195",TRUE,0.9291,-6.01e-06,3.562,-121.8
"near_poisson",3,"gene196",FALSE,1.008,0.1398,1.215,23.09
"near_poisson",3,"gene197",TRUE,0.9476,-2.421e-06,3.07,-71.59
"near_poisson",3,"gene198",TRUE,0.9245,-3.068e-06,2.493,-53.5
"near_poisson",3,"gene199",FALSE,0.9828,0.0006569,1.565,2.033
"near_poisson",3,"gene200",FALSE,1.049,0.3755,1.845,58.2
"near_poisson",3,"gene201",FALSE,1.022,0.1189,4.06,76.43
"near_poisson",3,"gene202",TRUE,0.9844,-9.476e-07,2.2,-12.24
"near_poisson",3,"gene203",TRUE,0.9729,-2.642e-06,1.382,-33.25
"near_poisson",3,"gene204",FALSE,0.9977,0.01198,3.045,19.36
"near_poisson",3,"gene205",TRUE,0.9571,-6.903e-07,1.565,-24.31
"near_poisson",3,"gene206",TRUE,1.027,-9.369e-07,2.52,-15.8
"near_poisson",3,"gene207",FALSE,1.039,0.2626,4.383,120.4
"near_poisson",3,"gene208",TRUE,0.8275,-5.368e-06,1.225,-134
"near_poisson",3,"gene209",TRUE,0.9174,-9.283e-07,4.72,-275.1
"near_poisson",3,"gene210",FALSE,1.022,0.2353,1.253,32.01
"near_poisson",3,"gene211",FALSE,1.047,0.3568,1.18,40.46
"near_poisson",3,"gene212",TRUE,0.9323,-3.658e-06,1.635,-78.25
"near_poisson",3,"gene213",FALSE,1.079,0.5539,4.03,154.4
"near_poisson",3,"gene214",TRUE,0.9294,-4.939e-06,2.657,-73.68
"near_poisson",3,"gene215",TRUE,0.9748,-1.369e-06,1.477,-23.85
"near_poisson",3,"gene216",TRUE,0.9157,-4.368e-06,3.357,-137.3
"near_poisson",3,"gene217",TRUE,0.9124,-4.097e-07,1.687,-58.69
"near_poisson",3,"gene218",TRUE,0.9297,-4.103e-06,1.205,-83.96
"near_poisson",3,"gene219",TRUE,0.9485,-8.228e-06,4.108,-167.6
"near_poisson",3,"gene220",TRUE,0.8409,-5.731e-06,1.557,-129.1
"near_poisson",3,"gene221",TRUE,0.9239,-5.211e-07,0.9467,-43.25
"near_poisson",3,"gene222",FALSE,1.08,0.9345,1.555,82.1
"near_poisson",3,"gene223",TRUE,0.9562,-1.705e-06,1.555,-31.4
"near_poisson",3,"gene224",TRUE,0.9283,-3.262e-06,1.937,-63.88
"near_poisson",3,"gene225",FALSE,1.029,0.08922,1.048,15.35
"near_poisson",3,"gene226",FALSE,1.003,0.1329,3.05,56.88
"near_poisson",3,"gene227",TRUE,0.9261,-1.495e-07,1.688,-52.04
"near_poisson",3,"gene228",FALSE,1.031,0.001756,3.888,8.177
"near_poisson",3,"gene229",FALSE,1.05,0.1549,4.057,82.85
"near_poisson",3,"gene230",TRUE,0.9471,-3.338e-06,3.837,-101.6
"near_poisson",3,"gene231",FALSE,1.035,0.5267,2.663,101.4
"near_poisson",3,"gene232",TRUE,0.9604,-3.115e-06,2.005,-47.52
"near_poisson",3,"gene233",FALSE,1.01,0.0214,1.737,12.31
"near_poisson",3,"gene234",TRUE,0.9073,-3.679e-06,2.28,-119.3
"near_poisson",3,"gene235",FALSE,1.095,0.4451,4.223,137.3
"near_poisson",3,"gene236",TRUE,0.9042,-6.204e-06,3.827,-205.8
"near_poisson",3,"gene237",TRUE,0.9957,-1.977e-06,3.113,-33.34
"near_poisson",3,"gene238",TRUE,0.976,-2.861e-07,1.692,-18.78
"near_poisson",3,"gene239",FALSE,1.008,0.05213,1.613,20.5
"near_poisson",3,"gene240",TRUE,0.9854,-2.36e-06,3.595,-37.69
"near_poisson",3,"gene241",FALSE,1.069,0.3912,3.385,111.4
"near_poisson",3,"gene242",TRUE,0.9234,-4.736e-06,2.423,-91.79
"near_poisson",3,"gene243",TRUE,0.992,-0.0001668,1.51,-7.316
"near_poisson",3,"gene244",FALSE,1.023,0.03438,1.305,12.09
"near_poisson",3,"gene245",TRUE,0.9133,-3.447e-06,3.793,-158.8
"near_poisson",3,"gene246",FALSE,1.06,1.331,1.22,70.99
"near_poisson",3,"gene247",FALSE,1.024,0.2544,1.837,49.43
"near_poisson",3,"gene248",FALSE,1.111,0.8979,1.803,94.96
"near_poisson",3,"gene249",TRUE,0.9503,-1.705e-06,1.973,-52.71
"near_poisson",3,"gene250",FALSE,0.993,0.1872,1.715,40.59
"near_poisson",3,"gene251",TRUE,0.9912,-3.284e-07,1.01,-7.869
"near_poisson",3,"gene252",FALSE,1.027,0.4298,2.625,89.37
"near_poisson",3,"gene253",FALSE,1.01,0.06562,1.105,13.28
"near_poisson",3,"gene254",FALSE,0.9948,0.04539,2.31,27.17
"near_poisson",3,"gene255",TRUE,0.9285,-8.15e-06,4.24,-258.9
"near_poisson",3,"gene256",TRUE,0.9845,-1.432e-06,1.418,-13.76
"near_poisson",3,"gene257",TRUE,0.9176,-3.322e-06,2.007,-65.77
"near_poisson",3,"gene258",FALSE,1.012,0.005895,3.983,16.2
"near_poisson",3,"gene259",FALSE,1.002,0.05539,2.4,31.3
"near_poisson",3,"gene260",FALSE,0.9859,0.007498,1.838,8.836
"near_poisson",3,"gene261",TRUE,0.9341,-2.111e-06,1.852,-53.4
"near_poisson",3,"gene262",FALSE,1.083,0.3705,1.782,52.44
"near_poisson",3,"gene263",TRUE,0.9688,-8.445e-07,1.937,-25
"near_poisson",3,"gene264",TRUE,0.9753,-8.584e-07,1.658,-46.54
"near_poisson",3,"gene265",TRUE,0.8996,-2.599e-06,1.743,-55.72
"near_poisson",3,"gene266",FALSE,1.096,1.444,1.827,114.3
"near_poisson",3,"gene267",TRUE,0.9808,-7.229e-07,2.62,-27.91
"near_poisson",3,"gene268",TRUE,0.8872,-4.976e-06,3.548,-232
"near_poisson",3,"gene269",TRUE,0.895,-1.983e-06,1.247,-59.36
"near_poisson",3,"gene270",FALSE,1.091,2.366,3.335,297.4
"near_poisson",3,"gene271",FALSE,1.057,0.2703,4.418,118.3
"near_poisson",3,"gene272",TRUE,0.9176,-2.793e-06,1.513,-53.47
"near_poisson",3,"gene273",TRUE,0.9466,-3.308e-07,2.393,-14.9
"near_poisson",3,"gene274",FALSE,0.9844,0.141,1.078,25.34
"near_poisson",3,"gene275",TRUE,0.8681,-9.932e-06,4.675,-292.9
"near_poisson",3,"gene276",FALSE,1.129,2.193,4.518,404.4
"near_poisson",3,"gene277",FALSE,1.091,1.525,3.445,237.1
"near_poisson",3,"gene278",FALSE,1.023,0.05796,1.25,15.14
"near_poisson",3,"gene279",TRUE,0.9766,-1.348e-06,1.393,-15.16
"near_poisson",3,"gene280",TRUE,0.9519,-4.647e-06,2.128,-85.76
"near_poisson",3,"gene281",TRUE,0.9191,-3.321e-06,1.948,-117.4
"near_poisson",3,"gene282",FALSE,1.052,0.6971,1.603,78.3
"near_poisson",3,"gene283",FALSE,0.9911,0.001809,1.598,3.464
"near_poisson",3,"gene284",TRUE,0.9394,-2.151e-06,2.115,-41.67
"near_poisson",3,"gene285",TRUE,0.9905,-1.465e-06,2.128,-21.72
"near_poisson",3,"gene286",FALSE,0.9959,0.07931,1.053,14.15
"near_poisson",3,"gene287",FALSE,1.062,2.008,2.613,208.1
"near_poisson",3,"gene288",TRUE,0.9388,-3.076e-06,1.197,-45.61
"near_poisson",3,"gene289",FALSE,1.036,0.0001919,3.077,2.137
"near_poisson",3,"gene290",FALSE,1.082,0.8098,2.128,85.85
"near_poisson",3,"gene291",TRUE,0.9712,-3.157e-06,4.585,-45.58
"near_poisson",3,"gene292",TRUE,0.9692,-1.662e-06,1.302,-28.7
"near_poisson",3,"gene293",TRUE,0.9596,-1.487e-06,1.118,-18.93
"near_poisson",3,"gene294",TRUE,0.9384,-1.495e-06,2.378,-71.14
"near_poisson",3,"gene295",FALSE,1.076,1.032,4.667,247.7
"near_poisson",3,"gene296",FALSE,1.039,0.175,1.095,23.29
"near_poisson",3,"gene297",FALSE,1.002,0.05058,1.302,13.63
"near_poisson",3,"gene298",FALSE,1.006,0.1235,0.98,17.12
"near_poisson",3,"gene299",FALSE,1.005,0.2614,1.758,49.79
"near_poisson",3,"gene300",TRUE,0.9623,-3.267e-06,3.513,-63.05
"near_poisson",4,"gene1",FALSE,1.01,0.2762,4.79,78.52
"near_poisson",4,"gene2",TRUE,1.002,-1.837e-07,7.057,-18.56
"near_poisson",4,"gene3",FALSE,0.9852,0.007159,2.05,5.999
"near_poisson",4,"gene4",FALSE,1.033,0.6214,5.872,148.6
"near_poisson",4,"gene5",TRUE,0.9723,-1.941e-06,3.92,-25.09
"near_poisson",4,"gene6",TRUE,0.9782,-3.204e-06,4.123,-43.17
"near_poisson",4,"gene7",FALSE,1.088,0.7035,4.803,136.3
"near_poisson",4,"gene8",TRUE,0.9475,-5.319e-06,6.17,-123.5
"near_poisson",4,"gene9",FALSE,1.151,2.41,6.67,358.1
"near_poisson",4,"gene10",TRUE,0.9731,-1.827e-08,1.585,-0.02763
"near_poisson",4,"gene11",TRUE,0.9337,-1.08e-05,3.978,-243.2
"near_poisson",4,"gene12",FALSE,1.133,1.35,4.998,202.4
"near_poisson",4,"gene13",TRUE,0.963,-4.597e-06,4.193,-59.75
"near_poisson",4,"gene14",FALSE,1.034,0.1335,4.463,53.66
"near_poisson",4,"gene15",FALSE,1.015,0.2588,3.247,55.93
"near_poisson",4,"gene16",TRUE,0.9789,-2.574e-06,1.738,-46.71
"near_poisson",4,"gene17",FALSE,1.08,0.8669,2.512,129.1
"near_poisson",4,"gene18",FALSE,1.03,0.1903,4.12,98.14
"near_poisson",4,"gene19",TRUE,1,-8.473e-09,2.755,-32.26
"near_poisson",4,"gene20",FALSE,1.065,1.123,4.097,239.3
"near_poisson",4,"gene21",FALSE,1.029,0.1966,2.243,54.5
"near_poisson",4,"gene22",TRUE,0.9887,1.468e-07,1.32,-15.1
"near_poisson",4,"gene23",TRUE,0.9499,-0.0008849,1.832,-38.94
"near_poisson",4,"gene24",TRUE,0.9848,-5.513e-07,1.925,-6.183
"near_poisson",4,"gene25",TRUE,0.9263,-2.761e-06,4.453,-112.1
"near_poisson",4,"gene26",TRUE,0.9539,-2.197e-06,2.34,-74.73
"near_poisson",4,"gene27",FALSE,1.022,0.2114,1.458,37.24
"near_poisson",4,"gene28",TRUE,0.926,-0.002044,3.832,-89.85
"near_poisson",4,"gene29",TRUE,0.904,-5.267e-06,1.585,-93.6
"near_poisson",4,"gene30",TRUE,0.8843,-5.845e-06,1.918,-145.6
"near_poisson",4,"gene31",FALSE,1.045,0.7484,1.963,89.56
"near_poisson",4,"gene32",FALSE,0.9993,0.02766,1.25,11.09
"near_poisson",4,"gene33",TRUE,0.9738,-0.0001716,1.458,-7.528
"near_poisson",4,"gene34",FALSE,1.047,0.3016,2.935,90.53
"near_poisson",4,"gene35",TRUE,0.9097,-2.679e-06,1.467,-63.06
"near_poisson",4,"gene36",FALSE,0.9903,0.03431,4.188,42.9
"near_poisson",4,"gene37",TRUE,0.8819,-8.439e-06,3.108,-202.4
"near_poisson",4,"gene38",FALSE,1.089,0.9312,4.332,215.6
"near_poisson",4,"gene39",TRUE,0.9651,-4.236e-07,3.045,-47.23
"near_poisson",4,"gene40",FALSE,1.053,0.8519,2.517,134.6
"near_poisson",4,"gene41",FALSE,1.045,0.3882,1.872,59.78
"near_poisson",4,"gene42",TRUE,1.013,-2.75e-06,2.273,-46.54
"near_poisson",4,"gene43",TRUE,0.9794,-1.375e-06,1.965,-20.42
"near_poisson",4,"gene44",FALSE,1.023,0.5255,4.108,160.2
"near_poisson",4,"gene45",FALSE,0.9907,0.006126,3.907,17.12
"near_poisson",4,"gene46",FALSE,1.029,0.5101,1.382,46.66
"near_poisson",4,"gene47",FALSE,1.035,0.2528,2.878,75.64
"near_poisson",4,"gene48",FALSE,1.02,0.4119,3.13,96.31
"near_poisson",4,"gene49",FALSE,1.048,0.3424,2.477,79.18
"near_poisson",4,"gene50",FALSE,1.088,1.694,1.172,87.1
"near_poisson",4,"gene51",FALSE,1.108,1.188,3.683,221.1
"near_poisson",4,"gene52",TRUE,0.9573,-4.608e-06,1.582,-55.16
"near_poisson",4,"gene53",FALSE,1.101,1.779,3.68,276.5
"near_poisson",4,"gene54",FALSE,1.02,0.1917,3.51,76.3
"near_poisson",4,"gene55",TRUE,0.9695,-1.5e-06,2.385,-26.24
"near_poisson",4,"gene56",FALSE,0.9816,0.01912,1.41,10.31
"near_poisson",4,"gene57",TRUE,0.9571,-4.621e-06,4.055,-149.7
"near_poisson",4,"gene58",FALSE,0.9866,0.03902,3.258,33.63
"near_poisson",4,"gene59",TRUE,0.9789,-9.689e-07,1.167,-19.62
"near_poisson",4,"gene60",FALSE,1.056,0.9499,2.058,112.9
"near_poisson",4,"gene61",TRUE,0.997,-6.633e-07,1.605,-6.262
"near_poisson",4,"gene62",FALSE,0.9798,0.01627,1.337,7.551
"near_poisson",4,"gene63",FALSE,1.056,0.45,2.743,96.77
"near_poisson",4,"gene64",FALSE,1.013,0.04308,3.418,39.31
"near_poisson",4,"gene65",TRUE,0.9426,2.157e-07,1.82,-56.59
"near_poisson",4,"gene66",TRUE,0.974,-1.781e-06,2.413,-44.61
"near_poisson",4,"gene67",TRUE,0.9647,-2.5e-06,2.86,-66.04
"near_poisson",4,"gene68",TRUE,0.9714,-7.471e-07,3.765,-15.16
"near_poisson",4,"gene69",FALSE,1.084,0.6898,4.115,198
"near_poisson",4,"gene70",TRUE,0.9902,-2.515e-06,4.302,-39.27
"near_poisson",4,"gene71",FALSE,0.9883,0.0196,1.83,14.49
"near_poisson",4,"gene72",FALSE,1.021,0.1869,1.297,24.68
"near_poisson",4,"gene73",FALSE,1.042,0.607,2.955,110.7
"near_poisson",4,"gene74",TRUE,0.9122,-2.366e-06,0.975,-34.25
"near_poisson",4,"gene75",TRUE,0.9484,-3.109e-06,3.822,-54.08
"near_poisson",4,"gene76",FALSE,1.103,2.015,2.922,229.1
"near_poisson",4,"gene77",FALSE,1.07,0.3314,2.225,66.75
"near_poisson",4,"gene78",TRUE,0.966,-1.795e-06,4.723,-21.66
"near_poisson",4,"gene79",TRUE,0.8462,-5.571e-06,4.365,-378.7
"near_poisson",4,"gene80",TRUE,0.9277,-2.506e-06,1.427,-71.01
"near_poisson",4,"gene81",TRUE,0.9629,-2.261e-06,1.032,-29.99
"near_poisson",4,"gene82",TRUE,0.8899,-4.23e-06,1.08,-70.61
"near_poisson",4,"gene83",TRUE,0.9455,-2.66e-06,1.655,-56.6
"near_poisson",4,"gene84",FALSE,1.019,0.0002185,2.658,1.758
"near_poisson",4,"gene85",TRUE,0.9722,-3.147e-06,4.048,-45.46
"near_poisson",4,"gene86",TRUE,0.9411,-1.368e-06,1.698,-56.89
"near_poisson",4,"gene87",FALSE,1.027,0.02335,2.133,16.06
"near_poisson",4,"gene88",FALSE,1.05,0.5399,1.153,46.82
"near_poisson",4,"gene89",FALSE,1.141,3.34,3.467,313.4
"near_poisson",4,"gene90",FALSE,1,0.4023,4.47,167.1
"near_poisson",4,"gene91",TRUE,0.9021,-2.56e-06,1.488,-64.16
"near_poisson",4,"gene92",TRUE,0.9207,-3.981e-06,2.842,-125.5
"near_poisson",4,"gene93",TRUE,0.9406,-3.028e-06,2.683,-56.2
"near_poisson",4,"gene94",TRUE,0.8524,-5.451e-06,1.783,-106.6
"near_poisson",4,"gene95",FALSE,1.13,2.178,1.545,125.5
"near_poisson",4,"gene96",TRUE,0.9903,-0.0004496,2.275,-19.74
"near_poisson",4,"gene97",TRUE,1.049,-9.865e-07,1.89,-6.635
"near_poisson",4,"gene98",FALSE,1.034,0.3777,4.235,140.1
"near_poisson",4,"gene99",TRUE,0.9526,-1.142e-06,1.652,-32.45
"near_poisson",4,"gene100",FALSE,1.132,1.495,4.175,259.1
"near_poisson",4,"gene101",TRUE,0.8599,-3.819e-06,1.342,-113.7
"near_poisson",4,"gene102",TRUE,0.9384,-3.068e-06,2.867,-76.24
"near_poisson",4,"gene103",FALSE,1.04,0.2379,2.715,75.39
"near_poisson",4,"gene104",TRUE,0.882,-2.639e-06,1.148,-64.7
"near_poisson",4,"gene105",TRUE,0.9566,-8.531e-07,1.835,-42.82
"near_poisson",4,"gene106",TRUE,0.9189,-2.299e-06,2.177,-110.9
"near_poisson",4,"gene107",FALSE,1.089,1.337,3.837,252.1
"near_poisson",4,"gene108",FALSE,1.04,0.1621,1.632,38.93
"near_poisson",4,"gene109",FALSE,0.9849,0.03777,2.588,25.68
"near_poisson",4,"gene110",FALSE,0.9893,0.4248,1.608,62.42
"near_poisson",4,"gene111",FALSE,1.149,2.345,5.317,481.8
"near_poisson",4,"gene112",TRUE,0.9407,-5.528e-06,2.353,-95.96
"near_poisson",4,"gene113",TRUE,1.005,6.324e-07,4.9,-53.42
"near_poisson",4,"gene114",FALSE,1.011,0.1381,2.39,47.61
"near_poisson",4,"gene115",TRUE,0.9625,-2.431e-06,2.64,-48.58
"near_poisson",4,"gene116",TRUE,0.9222,-2.391e-06,1.095,-78
"near_poisson",4,"gene117",TRUE,0.9297,8.968e-07,1.152,-50.64
"near_poisson",4,"gene118",FALSE,0.9984,0.07743,2.072,31.73
"near_poisson",4,"gene119",TRUE,0.9856,-1.76e-06,1.198,-15.8
"near_poisson",4,"gene120",TRUE,0.9445,-3.864e-06,2.257,-67.07
"near_poisson",4,"gene121",TRUE,0.8808,-8.462e-06,3.938,-243.7
"near_poisson",4,"gene122",TRUE,0.9565,-1.983e-06,2.263,-39.62
"near_poisson",4,"gene123",TRUE,0.9853,-2.521e-06,1.842,-60.11
"near_poisson",4,"gene124",TRUE,0.9612,-1.534e-07,1.13,-16.79
"near_poisson",4,"gene125",TRUE,0.9615,-1.97e-06,1.678,-15.54
"near_poisson",4,"gene126",FALSE,1,0.0731,1.377,20.48
"near_poisson",4,"gene127",TRUE,0.9493,-2.741e-07,1.937,-1.824
"near_poisson",4,"gene128",FALSE,1.062,0.9436,3.265,179
"near_poisson",4,"gene129",TRUE,0.9745,-2.18e-06,3.287,-67.61
"near_poisson",4,"gene130",FALSE,1.06,0.7176,1.72,74.03
"near_poisson",4,"gene131",FALSE,1.075,0.845,1.322,62.78
"near_poisson",4,"gene132",FALSE,1.059,0.0754,4.128,59.62
"near_poisson",4,"gene133",FALSE,1.047,0.5397,2.298,96.65
"near_poisson",4,"gene134",TRUE,0.8992,-5.056e-06,2.687,-170.4
"near_poisson",4,"gene135",FALSE,1.013,0.4476,1.765,69.21
"near_poisson",4,"gene136",FALSE,1.124,2.358,1.88,161
"near_poisson",4,"gene137",TRUE,0.8648,-1.186e-05,4.192,-402.5
"near_poisson",4,"gene138",TRUE,0.9562,-2.039e-06,1.457,-52.78
"near_poisson",4,"gene139",TRUE,0.9697,-1.352e-06,1.42,-17.97
"near_poisson",4,"gene140",TRUE,0.988,-1.987e-06,4.355,-65.85
"near_poisson",4,"gene141",TRUE,0.8998,-7.43e-06,3.962,-223
"near_poisson",4,"gene142",FALSE,1.058,0.7958,4.035,191.3
"near_poisson",4,"gene143",TRUE,0.9384,-4.869e-06,3.548,-73.82
"near_poisson",4,"gene144",FALSE,1.039,0.1588,3.207,69.43
"near_poisson",4,"gene145",FALSE,1.039,0.5901,2.752,100.8
"near_poisson",4,"gene146",TRUE,0.9329,-5.077e-06,2.755,-130.4
"near_poisson",4,"gene147",FALSE,1,0.1046,3.812,64.38
"near_poisson",4,"gene148",FALSE,1.03,0.7036,3.212,146.7
"near_poisson",4,"gene149",TRUE,0.9676,-1.578e-06,2.328,-34.56
"near_poisson",4,"gene150",FALSE,1.008,0.00151,2.968,6.02
"near_poisson",4,"gene151",TRUE,0.9195,-3.205e-06,1.85,-89.7
"near_poisson",4,"gene152",TRUE,0.9725,-2.604e-06,2.58,-36.78
"near_poisson",4,"gene153",FALSE,0.9991,0.2317,3.088,70.16
"near_poisson",4,"gene154",TRUE,0.9689,-1.587e-06,3.775,-28.93
"near_poisson",4,"gene155",FALSE,1.084,2.964,4.972,516.9
"near_poisson",4,"gene156",TRUE,0.9891,4.904e-08,2.498,-13.92
"near_poisson",4,"gene157",TRUE,0.934,-6.156e-06,4.785,-208.6
"near_poisson",4,"gene158",TRUE,0.9767,-1.438e-06,2.067,-19.69
"near_poisson",4,"gene159",FALSE,1.049,0.8787,4.35,234.6
"near_poisson",4,"gene160",TRUE,0.9906,-5.036e-07,1.647,-3.86
"near_poisson",4,"gene161",TRUE,0.9398,-7.836e-07,1.228,-29.97
"near_poisson",4,"gene162",TRUE,0.9964,-3.366e-07,1.402,-0.7591
"near_poisson",4,"gene163",TRUE,0.9301,-1.555e-06,0.9883,-23.92
"near_poisson",4,"gene164",FALSE,1.024,0.2519,2.183,59.86
"near_poisson",4,"gene165",TRUE,0.9131,-2.708e-06,3.535,-200.7
"near_poisson",4,"gene166",FALSE,1.053,0.01558,3.567,21.33
"near_poisson",4,"gene167",TRUE,0.9614,-4.96e-06,4.558,-88.2
"near_poisson",4,"gene168",FALSE,1.076,0.9079,3.117,157.2
"near_poisson",4,"gene169",FALSE,0.976,0.00346,2.815,9.043
"near_poisson",4,"gene170",TRUE,0.9059,-3.943e-06,1.188,-77.3
"near_poisson",4,"gene171",TRUE,1.014,-1.638e-06,1.737,-17.11
"near_poisson",4,"gene172",FALSE,1.004,0.08551,2.782,41.71
"near_poisson",4,"gene173",TRUE,0.9562,-1.815e-06,1.362,-35.9
"near_poisson",4,"gene174",FALSE,1.055,0.6291,1.682,74.42
"near_poisson",4,"gene175",FALSE,0.9798,0.1103,1.548,28.68
"near_poisson",4,"gene176",FALSE,1.063,1.609,1.295,87.28
"near_poisson",4,"gene177",TRUE,0.9325,-4.692e-06,3.09,-95.35
"near_poisson",4,"gene178",FALSE,1.087,1.517,0.9667,58.3
"near_poisson",4,"gene179",TRUE,0.9809,-4.525e-06,3.643,-95.46
"near_poisson",4,"gene180",TRUE,0.9589,-3.784e-06,3.368,-89.47
"near_poisson",4,"gene181",TRUE,0.8361,-3.506e-07,1.288,-90.94
"near_poisson",4,"gene182",FALSE,1.102,1.8,2.8,201
"near_poisson",4,"gene183",TRUE,0.9532,-1.729e-06,1.762,-22.74
"near_poisson",4,"gene184",FALSE,1.019,0.03811,3.522,34.61
"near_poisson",4,"gene185",TRUE,0.9275,-5.713e-06,2.695,-165.1
"near_poisson",4,"gene186",TRUE,0.9154,-3.38e-06,1.448,-65.31
"near_poisson",4,"gene187",FALSE,1.017,0.1629,1.882,43.81
"near_poisson",4,"gene188",FALSE,1.03,0.8197,1.455,64.77
"near_poisson",4,"gene189",TRUE,0.9206,-2.775e-06,1.257,-48.67
"near_poisson",4,"gene190",FALSE,1.084,0.2894,3.553,92.33
"near_poisson",4,"gene191",TRUE,0.9611,-3.533e-06,2.288,-61.29
"near_poisson",4,"gene192",TRUE,0.9558,-1.356e-06,1.445,-12.05
"near_poisson",4,"gene193",FALSE,1.008,0.1039,4.715,82.43
"near_poisson",4,"gene194",FALSE,1.12,1.462,4.15,262.1
"near_poisson",4,"gene195",FALSE,1.108,1.991,1.427,109.3
"near_poisson",4,"gene196",TRUE,0.9281,-4.289e-06,3.33,-198.8
"near_poisson",4,"gene197",TRUE,0.9379,-4.377e-06,3.148,-125.4
"near_poisson",4,"gene198",FALSE,1.037,0.4562,3.762,128.3
"near_poisson",4,"gene199",TRUE,0.9799,-9.814e-05,1.188,-4.306
"near_poisson",4,"gene200",TRUE,0.974,-1.324e-06,4.442,-89.59
"near_poisson",4,"gene201",TRUE,0.9571,-2.122e-06,1.278,-30.35
"near_poisson",4,"gene202",FALSE,1.022,0.2895,3.572,101.8
"near_poisson",4,"gene203",FALSE,1.003,0.05124,4.463,51.36
"near_poisson",4,"gene204",TRUE,0.886,-7.252e-06,3.992,-290.1
"near_poisson",4,"gene205",TRUE,0.9794,-1.619e-06,4.035,-21.56
"near_poisson",4,"gene206",FALSE,1.072,1.18,2.588,152.5
"near_poisson",4,"gene207",FALSE,1.065,0.5477,1.883,71.31
"near_poisson",4,"gene208",TRUE,0.9763,-0.0001404,2.575,-6.093
"near_poisson",4,"gene209",FALSE,1.041,0.7599,1.283,60.45
"near_poisson",4,"gene210",TRUE,0.9886,-9.031e-07,2.42,-26.42
"near_poisson",4,"gene211",FALSE,1.023,0.1829,1.88,35.06
"near_poisson",4,"gene212",TRUE,0.9696,-1.472e-06,3.563,-19.62
"near_poisson",4,"gene213",TRUE,0.9467,-2.851e-06,1.322,-41.14
"near_poisson",4,"gene214",FALSE,1.095,0.9426,2.197,102.9
"near_poisson",4,"gene215",TRUE,0.9705,-2.438e-06,3.885,-55.06
"near_poisson",4,"gene216",TRUE,0.9565,-1.332e-06,2.493,-76.3
"near_poisson",4,"gene217",TRUE,0.9508,-7.006e-07,1.067,-6.978
"near_poisson",4,"gene218",FALSE,1.117,0.8867,3.627,193.1
"near_poisson",4,"gene219",TRUE,0.8689,-4.636e-06,2.995,-184
"near_poisson",4,"gene220",TRUE,0.9903,4.14e-10,1.8,-0.8906
"near_poisson",4,"gene221",TRUE,0.9691,-1.874e-06,4.847,-114.1
"near_poisson",4,"gene222",TRUE,0.9263,-3.258e-06,1.565,-70.92
"near_poisson",4,"gene223",TRUE,0.9615,-2.009e-06,2.922,-22.34
"near_poisson",4,"gene224",TRUE,0.9781,2.676e-08,1.228,-12.32
"near_poisson",4,"gene225",TRUE,0.8337,-7.364e-06,2.905,-242.6
"near_poisson",4,"gene226",FALSE,1.031,0.2476,2.645,70.68
"near_poisson",4,"gene227",FALSE,1.145,3.74,2.037,214
"near_poisson",4,"gene228",TRUE,0.9565,-6.336e-07,3.012,-6.029
"near_poisson",4,"gene229",TRUE,0.8684,-3.651e-06,1.143,-75.93
"near_poisson",4,"gene230",TRUE,0.9407,-0.0001905,0.8883,-8.379
"near_poisson",4,"gene231",FALSE,1.038,0.4505,1.505,52.04
"near_poisson",4,"gene232",TRUE,0.9418,-3.509e-06,2.93,-92.08
"near_poisson",4,"gene233",TRUE,0.9611,-2.495e-06,1.988,-48.86
"near_poisson",4,"gene234",TRUE,0.9423,-1.362e-06,1.182,-17.19
"near_poisson",4,"gene235",TRUE,0.9732,-3.583e-07,2.942,-2.256
"near_poisson",4,"gene236",FALSE,1.096,1.092,2.752,150.9
"near_poisson",4,"gene237",TRUE,0.9262,-3.88e-06,3.537,-133.8
"near_poisson",4,"gene238",FALSE,1.026,0.5273,1.613,68.56
"near_poisson",4,"gene239",FALSE,1.049,0.5599,2.92,112.3
"near_poisson",4,"gene240",FALSE,1.152,3.392,4.887,495.9
"near_poisson",4,"gene241",FALSE,1.03,0.00231,1.84,4.185
"near_poisson",4,"gene242",FALSE,1.012,0.7179,1.222,66.72
"near_poisson",4,"gene243",TRUE,0.9657,-0.0005239,2.34,-23
"near_poisson",4,"gene244",FALSE,1.029,0.176,4.033,83.36
"near_poisson",4,"gene245",FALSE,1.004,0.1384,3.115,55.93
"near_poisson",4,"gene246",TRUE,1.018,-2.755e-07,3.922,-4.272
"near_poisson",4,"gene247",FALSE,1.037,0.321,1.852,54.66
"near_poisson",4,"gene248",FALSE,0.9872,0.03024,1.238,10.88
"near_poisson",4,"gene249",FALSE,0.9871,0.001967,1.115,2.563
"near_poisson",4,"gene250",TRUE,0.9069,-1.489e-06,1.188,-63.1
"near_poisson",4,"gene251",FALSE,1.101,1.375,2.62,164.5
"near_poisson",4,"gene252",TRUE,0.9746,-1.026e-06,2.18,-22.09
"near_poisson",4,"gene253",FALSE,1.021,0.0196,2.007,14.87
"near_poisson",4,"gene254",FALSE,1.018,0.116,3.678,62.63
"near_poisson",4,"gene255",FALSE,1.054,0.5234,3.307,126.7
"near_poisson",4,"gene256",FALSE,1.017,0.01911,3.63,22.71
"near_poisson",4,"gene257",TRUE,0.9304,-5.547e-06,4.42,-176.1
"near_poisson",4,"gene258",FALSE,0.9735,0.007167,2.288,9.598
"near_poisson",4,"gene259",TRUE,0.9559,-3.204e-06,3.525,-63.91
"near_poisson",4,"gene260",TRUE,0.9147,-2.394e-06,1.657,-66.32
"near_poisson",4,"gene261",FALSE,1.038,0.02835,4.107,36.28
"near_poisson",4,"gene262",FALSE,0.9909,0.02133,2.06,17.4
"near_poisson",4,"gene263",FALSE,1.019,0.9611,1.383,77.81
"near_poisson",4,"gene264",FALSE,1.053,0.9493,3.092,171.4
"near_poisson",4,"gene265",TRUE,0.9215,-2.608e-06,2.405,-60.76
"near_poisson",4,"gene266",TRUE,0.9075,-2.631e-06,2.075,-104.1
"near_poisson",4,"gene267",TRUE,0.9474,-3.523e-06,1.948,-96.82
"near_poisson",4,"gene268",FALSE,1.066,0.7151,4.192,193.7
"near_poisson",4,"gene269",TRUE,0.8683,-2.846e-06,1.437,-105.4
"near_poisson",4,"gene270",FALSE,1.022,0.0325,1.098,9.049
"near_poisson",4,"gene271",FALSE,1.104,1.879,3.482,258.8
"near_poisson",4,"gene272",TRUE,0.9316,-3.463e-06,3.047,-120.4
"near_poisson",4,"gene273",FALSE,1.079,1.046,3.678,197.2
"near_poisson",4,"gene274",TRUE,0.9728,-2.492e-06,2.578,-42.49
"near_poisson",4,"gene275",TRUE,0.959,-3.77e-06,2.805,-74.51
"near_poisson",4,"gene276",TRUE,0.9089,-8.68e-07,1.298,-50.45
"near_poisson",4,"gene277",FALSE,1.051,0.4232,2.038,69.82
"near_poisson",4,"gene278",TRUE,0.9418,-3.869e-06,3.285,-156.4
"near_poisson",4,"gene279",TRUE,0.9592,-3.732e-06,2.085,-76.2
"near_poisson",4,"gene280",TRUE,0.9532,-3.025e-06,2.432,-59.11
"near_poisson",4,"gene281",TRUE,0.9482,-1.35e-06,1.458,-29.93
"near_poisson",4,"gene282",TRUE,0.9845,-1.832e-06,3.75,-49.81
"near_poisson",4,"gene283",FALSE,1.123,2.078,4.13,322.5
"near_poisson",4,"gene284",FALSE,0.9954,0.2805,4.917,142.9
"near_poisson",4,"gene285",FALSE,1.033,0.7441,1.345,64.65
"near_poisson",4,"gene286",FALSE,1.01,0.1343,2.002,44.68
"near_poisson",4,"gene287",TRUE,0.9007,-3.387e-06,1.223,-64.15
"near_poisson",4,"gene288",TRUE,0.9947,-6.154e-06,3.54,-118.6
"near_poisson",4,"gene289",FALSE,1.162,4.431,2.31,277.3
"near_poisson",4,"gene290",TRUE,0.9757,-5.435e-07,2.437,-22.24
"near_poisson",4,"gene291",TRUE,0.963,-4.954e-06,4.04,-82.76
"near_poisson",4,"gene292",FALSE,1.055,1.025,5.292,319.3
"near_poisson",4,"gene293",TRUE,0.9408,-3.14e-06,1.35,-56.24
"near_poisson",4,"gene294",FALSE,1.018,0.07546,0.9467,13.32
"near_poisson",4,"gene295",TRUE,0.9782,-2.308e-06,1.967,-40.39
"near_poisson",4,"gene296",FALSE,0.9833,0.0003556,3.333,3.183
"near_poisson",4,"gene297",FALSE,1.201,3.524,1.815,177.3
"near_poisson",4,"gene298",FALSE,1.03,0.3924,4.855,166.6
"near_poisson",4,"gene299",FALSE,1.087,1.008,2.325,117.3
"near_poisson",4,"gene300",TRUE,0.9262,-2.528e-06,1.415,-71
"near_poisson",5,"gene1",FALSE,1.011,0.01128,4.838,16.1
"near_poisson",5,"gene2",TRUE,0.904,-4.166e-06,4.427,-161.3
"near_poisson",5,"gene3",FALSE,1.093,2.119,7.433,345.6
"near_poisson",5,"gene4",TRUE,0.9636,-1.28e-06,1.858,-12.65
"near_poisson",5,"gene5",FALSE,0.991,0.03119,1.757,8.74
"near_poisson",5,"gene6",TRUE,0.9919,-2.169e-06,7.155,-32.05
"near_poisson",5,"gene7",TRUE,0.8613,-5.787e-06,3.745,-192.4
"near_poisson",5,"gene8",FALSE,1.007,0.2738,2.842,46.69
"near_poisson",5,"gene9",FALSE,1.073,0.3539,1.915,38.84
"near_poisson",5,"gene10",TRUE,0.8557,-3.254e-06,2.385,-128.5
"near_poisson",5,"gene11",FALSE,0.9489,0.002628,1.933,3.404
"near_poisson",5,"gene12",FALSE,1.064,0.9339,4.318,128.4
"near_poisson",5,"gene13",TRUE,0.9963,-1.034e-06,3.327,-26
"near_poisson",5,"gene14",FALSE,0.9683,0.1752,5.787,85.92
"near_poisson",5,"gene15",TRUE,0.9615,-4.122e-07,1.85,-5.542
"near_poisson",5,"gene16",FALSE,1.053,0.3864,1.2,40.53
"near_poisson",5,"gene17",FALSE,1.013,0.01165,1.552,7.245
"near_poisson",5,"gene18",FALSE,1.009,0.04715,1.157,13.62
"near_poisson",5,"gene19",FALSE,1.039,0.1392,1.222,23.77
"near_poisson",5,"gene20",FALSE,0.9732,0.02409,3.203,27.9
"near_poisson",5,"gene21",TRUE,0.8811,-4.798e-06,1.365,-102.3
"near_poisson",5,"gene22",FALSE,1.046,0.7082,1.487,69.47
"near_poisson",5,"gene23",FALSE,1.105,1.577,2.518,179.1
"near_poisson",5,"gene24",TRUE,0.9197,-1.649e-06,2.885,-118.8
"near_poisson",5,"gene25",TRUE,0.8712,-4.083e-06,1.032,-84.16
"near_poisson",5,"gene26",FALSE,1.032,0.2498,1.575,38.95
"near_poisson",5,"gene27",TRUE,0.965,-2.123e-06,1.947,-27.87
"near_poisson",5,"gene28",TRUE,0.938,-2.813e-06,2.335,-45.42
"near_poisson",5,"gene29",FALSE,1.062,0.7474,2.348,109.2
"near_poisson",5,"gene30",FALSE,1.092,1.488,1.988,125.9
"near_poisson",5,"gene31",TRUE,0.9804,-1.301e-06,4.192,-32.7
"near_poisson",5,"gene32",TRUE,0.9871,-0.0002168,1.623,-9.506
"near_poisson",5,"gene33",TRUE,0.968,-1.522e-06,2.002,-20.33
"near_poisson",5,"gene34",FALSE,1.006,0.03416,3.505,33.23
"near_poisson",5,"gene35",FALSE,1.023,0.06552,2.69,36.15
"near_poisson",5,"gene36",FALSE,1.024,0.001325,3.333,6.105
"near_poisson",5,"gene37",TRUE,0.9227,-3.017e-06,1.497,-52.3
"near_poisson",5,"gene38",FALSE,1.076,0.817,3.957,180.3
"near_poisson",5,"gene39",TRUE,0.9452,-4.01e-06,4.563,-72.42
"near_poisson",5,"gene40",TRUE,0.9634,-4.23e-06,3.402,-127.3
"near_poisson",5,"gene41",TRUE,0.9509,-1.961e-06,1.848,-45.98
"near_poisson",5,"gene42",TRUE,1.009,-1.614e-06,1.472,-20.62
"near_poisson",5,"gene43",TRUE,0.9514,-0.0002115,1.683,-9.273
"near_poisson",5,"gene44",TRUE,1.012,-9.648e-07,1.278,-10.63
"near_poisson",5,"gene45",FALSE,0.9927,0.0988,0.9467,14.61
"near_poisson",5,"gene46",FALSE,0.9883,0.2297,1.408,43.5
"near_poisson",5,"gene47",FALSE,1.014,0.04427,1.703,19.43
"near_poisson",5,"gene48",FALSE,1.081,0.617,4.055,177.5
"near_poisson",5,"gene49",FALSE,1.057,0.3574,3.39,94.01
"near_poisson",5,"gene50",FALSE,1.018,0.1027,2.02,33.54
"near_poisson",5,"gene51",FALSE,1.008,0.02866,3.518,29.65
"near_poisson",5,"gene52",FALSE,1.047,0.4318,3.298,104.9
"near_poisson",5,"gene53",FALSE,1.022,0.09444,3.427,54.04
"near_poisson",5,"gene54",TRUE,0.9885,-1.041e-06,2.788,-20.07
"near_poisson",5,"gene55",FALSE,1.114,1.49,1.878,125.1
"near_poisson",5,"gene56",FALSE,1.028,0.1773,4.943,118.8
"near_poisson",5,"gene57",FALSE,0.9946,0.001147,2.095,3.349
"near_poisson",5,"gene58",TRUE,0.9562,-1.841e-06,3.572,-64.53
"near_poisson",5,"gene59",TRUE,0.8833,-9.061e-06,3.668,-236.5
"near_poisson",5,"gene60",TRUE,0.951,-1.038e-06,4.373,-57.51
"near_poisson",5,"gene61",FALSE,1.033,0.07394,2.375,30.28
"near_poisson",5,"gene62",FALSE,1.104,1.636,2.903,203.1
"near_poisson",5,"gene63",FALSE,1.083,0.587,1.682,64.47
"near_poisson",5,"gene64",TRUE,0.9564,-0.0004304,0.965,-18.95
"near_poisson",5,"gene65",TRUE,0.9233,-2.342e-06,1.438,-69.53
"near_poisson",5,"gene66",TRUE,0.9303,-3.708e-06,3.66,-208.9
"near_poisson",5,"gene67",FALSE,1.031,0.5053,5.073,183.1
"near_poisson",5,"gene68",FALSE,0.9799,0.04997,4.147,48.35
"near_poisson",5,"gene69",FALSE,1.053,1.221,1.24,72.51
"near_poisson",5,"gene70",FALSE,1.03,0.1233,4.542,83.1
"near_poisson",5,"gene71",FALSE,1.064,1.063,3.403,206.2
"near_poisson",5,"gene72",TRUE,0.9788,-9.544e-07,3.867,-11.93
"near_poisson",5,"gene73",FALSE,1.019,0.0764,1.512,18.58
"near_poisson",5,"gene74",FALSE,0.9812,0.04291,1.207,13.41
"near_poisson",5,"gene75",TRUE,0.9102,-3.501e-06,1.733,-86.65
"near_poisson",5,"gene76",TRUE,0.8824,-8.464e-06,3.887,-210.1
"near_poisson",5,"gene77",TRUE,0.9441,-2.638e-06,2.177,-39.04
"near_poisson",5,"gene78",TRUE,0.8873,-4.239e-07,0.9317,-59.22
"near_poisson",5,"gene79",FALSE,1.082,2.275,1.543,136.1
"near_poisson",5,"gene80",FALSE,1.013,0.6432,4.328,273.3
"near_poisson",5,"gene81",TRUE,0.9193,-4.538e-06,2.037,-111.8
"near_poisson",5,"gene82",FALSE,1.025,0.02066,1.578,11.68
"near_poisson",5,"gene83",TRUE,0.8987,-6.018e-06,2.91,-131.7
"near_poisson",5,"gene84",TRUE,0.975,-2.588e-06,3.382,-59.1
"near_poisson",5,"gene85",TRUE,0.9455,-2.061e-06,2.027,-38.71
"near_poisson",5,"gene86",FALSE,1.108,2.693,4.692,438
"near_poisson",5,"gene87",TRUE,0.9586,-2.122e-06,2.885,-22.27
"near_poisson",5,"gene88",TRUE,0.9141,-3.816e-06,2.308,-54.57
"near_poisson",5,"gene89",TRUE,0.8967,-7.191e-06,2.775,-143.6
"near_poisson",5,"gene90",TRUE,0.9583,-2.726e-06,4.343,-117
"near_poisson",5,"gene91",FALSE,1.027,0.05354,3.873,46.07
"near_poisson",5,"gene92",TRUE,0.8974,-9.559e-06,4.582,-231.4
"near_poisson",5,"gene93",TRUE,1.002,-1.469e-06,2.102,-9.962
"near_poisson",5,"gene94",FALSE,1.082,1.452,2.1,144.3
"near_poisson",5,"gene95",TRUE,0.9246,-2.577e-06,1.673,-52.67
"near_poisson",5,"gene96",TRUE,0.932,-3.339e-06,1.218,-49.31
"near_poisson",5,"gene97",TRUE,0.9646,-1.811e-06,1.297,-29.22
"near_poisson",5,"gene98",TRUE,0.8989,-4.028e-06,1.25,-97.69
"near_poisson",5,"gene99",TRUE,0.9033,-3.336e-06,3.163,-115.9
"near_poisson",5,"gene100",TRUE,0.9483,-5.391e-06,3.698,-103
"near_poisson",5,"gene101",FALSE,1.128,2.249,3.713,291.6
"near_poisson",5,"gene102",FALSE,1.025,0.3161,3.962,121.1
"near_poisson",5,"gene103",FALSE,1.14,2.991,4.045,372.9
"near_poisson",5,"gene104",TRUE,0.9575,-8.271e-07,1.988,-16.13
"near_poisson",5,"gene105",TRUE,0.9609,-2.878e-06,2.562,-91.63
"near_poisson",5,"gene106",TRUE,0.9336,-1.464e-06,4.717,-62.73
"near_poisson",5,"gene107",TRUE,0.9472,-5.588e-06,4.105,-133.7
"near_poisson",5,"gene108",FALSE,1.085,1.233,1.875,113
"near_poisson",5,"gene109",FALSE,0.9998,0.007462,1.087,4.487
"near_poisson",5,"gene110",FALSE,1.094,0.9507,3.365,174.4
"near_poisson",5,"gene111",TRUE,0.9996,-2.934e-07,2.307,-30.28
"near_poisson",5,"gene112",FALSE,0.9563,0.002285,3.24,6.965
"near_poisson",5,"gene113",TRUE,0.9112,-4.899e-06,2.497,-113.1
"near_poisson",5,"gene114",FALSE,1.009,0.0606,3.417,43.58
"near_poisson",5,"gene115",FALSE,1.007,0.2636,2.07,63.05
"near_poisson",5,"gene116",FALSE,1.128,2.857,2.035,195.3
"near_poisson",5,"gene117",FALSE,1.059,0.5621,2.112,82.07
"near_poisson",5,"gene118",TRUE,0.8789,-5.341e-06,3.122,-160.7
"near_poisson",5,"gene119",FALSE,1.02,0.02581,3.045,24.86
"near_poisson",5,"gene120",FALSE,0.9831,0.05972,2.212,28.87
"near_poisson",5,"gene121",TRUE,0.8196,-4.635e-06,1.292,-149.7
"near_poisson",5,"gene122",FALSE,1.015,0.06849,4.43,59.16
"near_poisson",5,"gene123",FALSE,1.04,0.1932,3.252,66.88
"near_poisson",5,"gene124",TRUE,0.9179,-5.165e-06,2.807,-138
"near_poisson",5,"gene125",FALSE,1.037,0.1341,1.232,24.2
"near_poisson",5,"gene126",FALSE,1.053,0.2771,4.74,130.4
"near_poisson",5,"gene127",TRUE,0.9348,-1.461e-06,0.9617,-38.74
"near_poisson",5,"gene128",FALSE,1.077,1.12,1.608,85.06
"near_poisson",5,"gene129",FALSE,1.06,1.563,3.342,239.5
"near_poisson",5,"gene130",TRUE,0.9839,-1.923e-06,3.622,-23.66
"near_poisson",5,"gene131",FALSE,1.116,2.493,2.062,172.5
"near_poisson",5,"gene132",FALSE,0.9779,0.01825,3.773,24.45
"near_poisson",5,"gene133",TRUE,0.9594,-1.11e-06,0.9467,-21.71
"near_poisson",5,"gene134",TRUE,0.9274,-3.334e-06,2.743,-122
"near_poisson",5,"gene135",FALSE,1.028,0.2239,3.248,78.16
"near_poisson",5,"gene136",FALSE,1.013,0.1321,1.783,32.66
"near_poisson",5,"gene137",TRUE,0.9626,-2.535e-06,2.56,-49
"near_poisson",5,"gene138",FALSE,1.051,0.6792,2.44,111.2
"near_poisson",5,"gene139",FALSE,0.9998,0.301,3.112,90.93
"near_poisson",5,"gene140",FALSE,1.046,0.2187,4.63,115.8
"near_poisson",5,"gene141",FALSE,1.018,0.02105,2.547,17.65
"near_poisson",5,"gene142",TRUE,0.9151,-4.515e-06,3.445,-226.2
"near_poisson",5,"gene143",FALSE,1.088,2.183,3.692,283.4
"near_poisson",5,"gene144",FALSE,1.1,0.4433,2.017,64.35
"near_poisson",5,"gene145",FALSE,1.05,0.7946,2.777,124.2
"near_poisson",5,"gene146",TRUE,0.947,-1.959e-06,1.033,-39.63
"near_poisson",5,"gene147",TRUE,0.937,-4.253e-06,1.732,-74.89
"near_poisson",5,"gene148",TRUE,0.9245,-3.879e-07,2.057,-42.07
"near_poisson",5,"gene149",FALSE,1.047,0.3717,1.215,33.12
"near_poisson",5,"gene150",TRUE,0.9557,-1.276e-06,3.172,-82.98
"near_poisson",5,"gene151",TRUE,0.9639,-7.751e-07,1.033,-8.355
"near_poisson",5,"gene152",FALSE,0.9973,0.002682,3.298,8.796
"near_poisson",5,"gene153",TRUE,0.9816,-9.062e-07,2.913,-36.19
"near_poisson",5,"gene154",FALSE,1.02,0.004426,3.362,14.07
"near_poisson",5,"gene155",TRUE,0.9717,-1.498e-06,3.195,-18.18
"near_poisson",5,"gene156",TRUE,0.9677,-2.347e-07,1.163,-14.14
"near_poisson",5,"gene157",TRUE,0.9324,-0.0004563,1.217,-20.08
"near_poisson",5,"gene158",TRUE,0.8873,-4.422e-06,1.905,-118
"near_poisson",5,"gene159",TRUE,0.8879,-6.257e-06,1.938,-119.8
"near_poisson",5,"gene160",TRUE,0.9803,-2.08e-06,3.072,-44.09
"near_poisson",5,"gene161",TRUE,0.9701,-0.0004593,1.417,-20.21
"near_poisson",5,"gene162",TRUE,0.9119,-4.244e-06,2.09,-97.42
"near_poisson",5,"gene163",FALSE,1.022,0.4332,1.037,34.77
"near_poisson",5,"gene164",TRUE,0.9667,-2.264e-06,1.298,-38.85
"near_poisson",5,"gene165",FALSE,1.113,0.8148,2.69,129.1
"near_poisson",5,"gene166",FALSE,1.161,3.091,1.837,172.1
"near_poisson",5,"gene167",FALSE,1.06,0.1526,3.57,73.76
"near_poisson",5,"gene168",FALSE,1.01,0.09438,2.078,30.49
"near_poisson",5,"gene169",FALSE,1.038,0.1183,3.928,70.85
"near_poisson",5,"gene170",FALSE,0.9874,0.09193,2.262,39.18
"near_poisson",5,"gene171",TRUE,0.8958,-1.104e-05,3.975,-388.9
"near_poisson",5,"gene172",FALSE,1.04,0.09743,3.913,65.81
"near_poisson",5,"gene173",TRUE,0.9722,-3.264e-06,3.548,-121.9
"near_poisson",5,"gene174",TRUE,0.9457,-1.857e-06,1.988,-46.78
"near_poisson",5,"gene175",TRUE,0.9164,-2.332e-06,1.117,-37.61
"near_poisson",5,"gene176",FALSE,1.001,0.1511,4.703,92.81
"near_poisson",5,"gene177",TRUE,0.958,-2.933e-06,1.948,-44.25
"near_poisson",5,"gene178",FALSE,1.03,0.5466,1.817,69.1
"near_poisson",5,"gene179",FALSE,1.031,0.1282,2.6,45.58
"near_poisson",5,"gene180",FALSE,1.001,0.1531,1.287,26.62
"near_poisson",5,"gene181",TRUE,0.9235,-1.757e-06,1.292,-46.07
"near_poisson",5,"gene182",FALSE,1.088,2.59,2.715,261.9
"near_poisson",5,"gene183",TRUE,0.9644,-1.608e-06,4.952,-46.31
"near_poisson",5,"gene184",FALSE,1.066,0.8082,2.8,134
"near_poisson",5,"gene185",TRUE,0.9956,-1.24e-06,1.242,-15.2
"near_poisson",5,"gene186",TRUE,0.9915,-2.173e-07,1.282,-4.503
"near_poisson",5,"gene187",FALSE,1.035,0.164,3.67,81.73
"near_poisson",5,"gene188",TRUE,0.8613,-5.353e-06,1.348,-117.8
"near_poisson",5,"gene189",FALSE,1.004,0.1614,2.587,57.45
"near_poisson",5,"gene190",TRUE,0.9234,-4.821e-06,2.823,-87.54
"near_poisson",5,"gene191",TRUE,0.9441,-5.315e-06,2.552,-94.34
"near_poisson",5,"gene192",FALSE,1.008,0.2125,2.4,59.35
"near_poisson",5,"gene193",TRUE,0.977,-4.919e-06,2.375,-74.69
"near_poisson",5,"gene194",TRUE,0.9863,-1.912e-06,1.187,-23.07
"near_poisson",5,"gene195",TRUE,0.9921,-5.971e-07,1.595,-14.9
"near_poisson",5,"gene196",TRUE,0.9882,-0.0001179,1.363,-5.171
"near_poisson",5,"gene197",TRUE,0.9406,-3.282e-06,2.405,-76.37
"near_poisson",5,"gene198",TRUE,0.9923,-7.8e-05,1.69,-3.39
"near_poisson",5,"gene199",FALSE,1.064,0.4926,1.022,42.05
"near_poisson",5,"gene200",FALSE,1.019,0.1719,3.035,70.9
"near_poisson",5,"gene201",TRUE,0.871,-3.964e-06,1.087,-76.07
"near_poisson",5,"gene202",TRUE,0.907,-1.575e-06,1.497,-25.86
"near_poisson",5,"gene203",TRUE,0.9583,-7.488e-07,1.008,-6.712
"near_poisson",5,"gene204",TRUE,0.9765,-3.866e-06,3.152,-70.14
"near_poisson",5,"gene205",FALSE,1.087,1.107,3.507,194.4
"near_poisson",5,"gene206",FALSE,1.119,1.82,3.225,233
"near_poisson",5,"gene207",TRUE,0.9935,-3.464e-06,4.675,-133.9
"near_poisson",5,"gene208",FALSE,1.074,0.8438,4.568,224.2
"near_poisson",5,"gene209",FALSE,0.9999,0.07169,1.467,19.35
"near_poisson",5,"gene210",FALSE,1.031,0.1913,3.112,65.46
"near_poisson",5,"gene211",FALSE,1.028,0.00689,3.607,15.66
"near_poisson",5,"gene212",FALSE,0.976,0.007824,1.998,9.345
"near_poisson",5,"gene213",TRUE,0.9486,-1.736e-06,1.48,-38.71
"near_poisson",5,"gene214",TRUE,0.8949,-4.092e-06,2.215,-108.3
"near_poisson",5,"gene215",FALSE,1.007,0.04723,3.253,36.49
"near_poisson",5,"gene216",TRUE,0.9463,-2.537e-06,1.83,-43.68
"near_poisson",5,"gene217",TRUE,0.9436,-2.213e-06,1.285,-28.28
"near_poisson",5,"gene218",FALSE,1.065,0.7176,3.66,148
"near_poisson",5,"gene219",FALSE,1.03,0.02573,5.96,49.12
"near_poisson",5,"gene220",FALSE,1.016,0.02355,1.543,11.31
"near_poisson",5,"gene221",FALSE,1.025,0.02696,2.478,21.79
"near_poisson",5,"gene222",FALSE,1.064,1.289,3.247,194.8
"near_poisson",5,"gene223",FALSE,1.045,1.025,1.157,61.55
"near_poisson",5,"gene224",TRUE,0.9835,-0.0009592,2.705,-42.15
"near_poisson",5,"gene225",FALSE,1.133,2.185,1.287,94.92
"near_poisson",5,"gene226",TRUE,0.8935,-8.498e-06,3.765,-220.9
"near_poisson",5,"gene227",TRUE,0.8895,-1.871e-06,1.118,-63.15
"near_poisson",5,"gene228",TRUE,0.9655,-2.544e-06,1.828,-41.31
"near_poisson",5,"gene229",FALSE,1.047,0.5798,1.068,42.62
"near_poisson",5,"gene230",FALSE,1.02,0.2102,2.423,58.38
"near_poisson",5,"gene231",FALSE,1.121,1.803,3.82,288
"near_poisson",5,"gene232",TRUE,0.9976,-4.469e-05,1.398,-1.938
"near_poisson",5,"gene233",FALSE,1.014,0.2205,1.042,27.9
"near_poisson",5,"gene234",TRUE,0.9304,-1.82e-06,1.197,-53.6
"near_poisson",5,"gene235",TRUE,1.005,-8.361e-07,2.762,-13.33
"near_poisson",5,"gene236",FALSE,1.029,0.1456,1.67,32.9
"near_poisson",5,"gene237",FALSE,0.9816,0.01192,1.043,5.8
"near_poisson",5,"gene238",FALSE,1.015,0.02562,1.383,11.07
"near_poisson",5,"gene239",FALSE,1.074,1.215,2.458,132.4
"near_poisson",5,"gene240",FALSE,1.045,1.78,1.35,105.3
"near_poisson",5,"gene241",FALSE,1.043,0.1428,3.82,78.83
"near_poisson",5,"gene242",FALSE,1.13,2.233,1.428,101
"near_poisson",5,"gene243",FALSE,1.015,0.1384,1.88,32.46
"near_poisson",5,"gene244",TRUE,0.9318,-1.923e-06,1.765,-36.11
"near_poisson",5,"gene245",TRUE,0.9812,-2.633e-06,4.162,-44.7
"near_poisson",5,"gene246",TRUE,0.9437,-1.357e-06,1.033,-40.9
"near_poisson",5,"gene247",FALSE,1.093,0.9475,3.132,149.9
"near_poisson",5,"gene248",FALSE,1.069,0.751,1.248,52.53
"near_poisson",5,"gene249",FALSE,1.038,0.5981,3.323,146.7
"near_poisson",5,"gene250",FALSE,1.042,0.3457,1.21,34.69
"near_poisson",5,"gene251",FALSE,0.9972,0.006019,4.325,17.51
"near_poisson",5,"gene252",FALSE,1.066,0.8368,5.033,235.3
"near_poisson",5,"gene253",TRUE,1.012,-0.0001415,1.483,-6.206
"near_poisson",5,"gene254",FALSE,1.069,0.3988,2.833,89
"near_poisson",5,"gene255",FALSE,1.089,1.557,1.12,79.09
"near_poisson",5,"gene256",TRUE,0.9361,-6.148e-06,3.172,-116.1
"near_poisson",5,"gene257",FALSE,1.005,0.2269,4.528,118.5
"near_poisson",5,"gene258",FALSE,1.012,0.4434,2.052,77.69
"near_poisson",5,"gene259",FALSE,1.069,0.6421,2.332,99.27
"near_poisson",5,"gene260",FALSE,1.085,1.205,4.002,221.7
"near_poisson",5,"gene261",TRUE,0.9702,-1.272e-06,2.162,-24.6
"near_poisson",5,"gene262",TRUE,0.9803,-6.216e-07,1.263,-3.217
"near_poisson",5,"gene263",FALSE,1.06,0.5719,3.782,162.9
"near_poisson",5,"gene264",FALSE,1.086,1.764,1.418,93.37
"near_poisson",5,"gene265",FALSE,0.9832,0.03242,2.925,30.2
"near_poisson",5,"gene266",FALSE,1.077,0.8544,1.608,67.23
"near_poisson",5,"gene267",FALSE,1.04,0.2718,2.825,76.93
"near_poisson",5,"gene268",FALSE,0.9937,0.003488,2.67,8.16
"near_poisson",5,"gene269",TRUE,0.9572,2.187e-07,2.223,-19
"near_poisson",5,"gene270",TRUE,0.942,-2.178e-06,1.542,-45.04
"near_poisson",5,"gene271",TRUE,0.9215,-4.793e-06,4.043,-144.1
"near_poisson",5,"gene272",TRUE,0.9852,-3.311e-06,2.967,-56.52
"near_poisson",5,"gene273",TRUE,0.9499,-1.612e-06,2.258,-24.77
"near_poisson",5,"gene274",FALSE,0.9838,0.1115,1.322,26.14
"near_poisson",5,"gene275",TRUE,0.9882,-1.167e-06,4.125,-14.02
"near_poisson",5,"gene276",FALSE,0.993,0.04807,1.778,20.4
"near_poisson",5,"gene277",FALSE,1.011,0.07279,2.095,34.75
"near_poisson",5,"gene278",FALSE,1.039,0.7624,4.42,225.1
"near_poisson",5,"gene279",TRUE,0.9596,-2.958e-06,2.447,-84.71
"near_poisson",5,"gene280",TRUE,0.9303,-2.023e-06,4.327,-150.6
"near_poisson",5,"gene281",TRUE,0.9785,-3.106e-06,2.253,-48.06
"near_poisson",5,"gene282",FALSE,1.057,0.9346,1.412,90.11
"near_poisson",5,"gene283",FALSE,1.033,0.5175,1.88,66.63
"near_poisson",5,"gene284",FALSE,1.039,0.2242,1.147,27.35
"near_poisson",5,"gene285",TRUE,0.9705,-1.43e-06,2.718,-18.27
"near_poisson",5,"gene286",TRUE,0.98,-1.115e-06,1.212,-18.75
"near_poisson",5,"gene287",TRUE,1.013,-0.0003026,4.51,-13.03
"near_poisson",5,"gene288",FALSE,1.016,0.06804,3.737,43.69
"near_poisson",5,"gene289",TRUE,0.9836,-1.766e-06,2.853,-20.66
"near_poisson",5,"gene290",FALSE,0.9998,0.0004051,2.105,2.168
"near_poisson",5,"gene291",FALSE,1.043,0.3199,4.283,125.2
"near_poisson",5,"gene292",TRUE,0.9505,-1.797e-06,1.713,-18.16
"near_poisson",5,"gene293",TRUE,0.9581,-3.444e-06,2.53,-104.5
"near_poisson",5,"gene294",TRUE,0.978,-0.0007179,2.815,-31.53
"near_poisson",5,"gene295",TRUE,1.005,-4.132e-07,4.487,-2.785
"near_poisson",5,"gene296",FALSE,1.042,0.665,4.94,224.9
"near_poisson",5,"gene297",FALSE,0.9799,0.009639,2.777,14.06
"near_poisson",5,"gene298",TRUE,0.9354,-2.265e-06,3.013,-47.97
"near_poisson",5,"gene299",TRUE,0.9967,-1.836e-06,3.525,-20.17
"near_poisson",5,"gene300",FALSE,1.077,0.6551,3.568,159.9
"near_poisson",6,"gene1",TRUE,0.922,-2.98e-06,2.58,-74.2
"near_poisson",6,"gene2",TRUE,0.9458,-3.306e-06,2.99,-41.27
"near_poisson",6,"gene3",TRUE,1.019,-3.281e-07,3.905,-3.03
"near_poisson",6,"gene4",FALSE,1.072,0.7279,6.838,192
"near_poisson",6,"gene5",FALSE,1.001,0.0001425,4.473,1.765
"near_poisson",6,"gene6",TRUE,0.9848,-2.136e-06,5.998,-57.61
"near_poisson",6,"gene7",TRUE,0.9787,-1.208e-06,11.74,-19.28
"near_poisson",6,"gene8",FALSE,1.018,0.09029,2.488,23.37
"near_poisson",6,"gene9",FALSE,1.149,1.695,2.785,107.8
"near_poisson",6,"gene10",FALSE,1.074,0.9446,4.673,139.7
"near_poisson",6,"gene11",FALSE,1.062,0.7325,1.94,53.32
"near_poisson",6,"gene12",FALSE,1.036,0.6138,3.19,80.94
"near_poisson",6,"gene13",FALSE,1.068,0.5289,5.017,115.8
"near_poisson",6,"gene14",FALSE,1.032,0.3286,5.58,118.4
"near_poisson",6,"gene15",FALSE,1.024,0.4345,2.403,54.41
"near_poisson",6,"gene16",TRUE,0.9802,-1.553e-06,3.358,-51.12
"near_poisson",6,"gene17",TRUE,0.9845,-2.236e-06,2.312,-37.13
"near_poisson",6,"gene18",FALSE,0.9747,0.1049,1.495,22.78
"near_poisson",6,"gene19",FALSE,0.9741,0.002649,1.467,3.584
"near_poisson",6,"gene20",FALSE,1.064,0.4853,3.958,139.4
"near_poisson",6,"gene21",FALSE,0.9719,0.0001131,2.39,1.304
"near_poisson",6,"gene22",TRUE,0.9324,-9.992e-07,1.078,-27.54
"near_poisson",6,"gene23",FALSE,1.001,0.02887,1.737,15.73
"near_poisson",6,"gene24",TRUE,0.9694,-1.461e-06,2.323,-27.47
"near_poisson",6,"gene25",TRUE,0.9049,-1.663e-06,1.602,-63.67
"near_poisson",6,"gene26",FALSE,1.049,0.53,1.29,50.94
"near_poisson",6,"gene27",TRUE,0.9457,-8.955e-07,1.667,-64.72
"near_poisson",6,"gene28",TRUE,0.946,-5.284e-06,3.095,-106.2
"near_poisson",6,"gene29",FALSE,1.065,0.7664,3.653,185.5
"near_poisson",6,"gene30",TRUE,0.8849,-5.487e-06,3.062,-218.5
"near_poisson",6,"gene31",TRUE,0.9122,-4.368e-06,1.407,-78.56
"near_poisson",6,"gene32",TRUE,0.9681,-2.061e-06,1.155,-29
"near_poisson",6,"gene33",TRUE,0.947,-2.227e-06,3.793,-48.79
"near_poisson",6,"gene34",TRUE,0.9828,-1.684e-06,2.323,-22.02
"near_poisson",6,"gene35",TRUE,0.9093,-6.461e-06,5.03,-128.2
"near_poisson",6,"gene36",TRUE,0.9896,-2.34e-06,4.285,-65.85
"near_poisson",6,"gene37",TRUE,0.9373,-5.474e-06,3.922,-169.1
"near_poisson",6,"gene38",FALSE,1.011,0.1451,1.195,20.96
"near_poisson",6,"gene39",TRUE,0.9965,-3.45e-07,1.518,-2.48
"near_poisson",6,"gene40",TRUE,0.96,-1.707e-06,2.977,-35.91
"near_poisson",6,"gene41",FALSE,0.9675,0.01133,2.627,15.14
"near_poisson",6,"gene42",FALSE,1.064,0.4165,2.703,90.66
"near_poisson",6,"gene43",FALSE,0.9812,0.0003198,1.68,1.564
"near_poisson",6,"gene44",FALSE,1.126,2.309,1.565,136.2
"near_poisson",6,"gene45",TRUE,0.8417,-0.004438,2.103,-195.5
"near_poisson",6,"gene46",FALSE,1.02,0.07529,2.877,44.41
"near_poisson",6,"gene47",TRUE,0.9314,-1.83e-06,2.272,-39.92
"near_poisson",6,"gene48",FALSE,1.171,1.708,1.27,94.28
"near_poisson",6,"gene49",FALSE,1.09,2.167,2.663,249.3
"near_poisson",6,"gene50",FALSE,1.002,0.1463,4.307,88.56
"near_poisson",6,"gene51",FALSE,1.089,1.084,2.765,149.2
"near_poisson",6,"gene52",FALSE,1.036,0.01713,3.145,21.25
"near_poisson",6,"gene53",FALSE,1.099,1.189,2.597,153.5
"near_poisson",6,"gene54",TRUE,0.9872,-2.231e-07,2.343,-0.8582
"near_poisson",6,"gene55",FALSE,1.019,0.01932,1.248,8.599
"near_poisson",6,"gene56",FALSE,1.106,1.231,1.898,100.9
"near_poisson",6,"gene57",TRUE,0.9539,-2.004e-06,2.32,-36.3
"near_poisson",6,"gene58",TRUE,0.9386,-2.112e-06,1.033,-35.1
"near_poisson",6,"gene59",FALSE,1.024,0.5258,2.108,87.31
"near_poisson",6,"gene60",TRUE,0.9622,-1.74e-06,3.507,-53.32
"near_poisson",6,"gene61",TRUE,0.9296,-4.373e-06,2.358,-75.32
"near_poisson",6,"gene62",FALSE,1.071,0.7577,4.955,231.9
"near_poisson",6,"gene63",TRUE,0.8921,-1.04e-05,4.772,-287.6
"near_poisson",6,"gene64",FALSE,1.011,0.1614,2.533,54.93
"near_poisson",6,"gene65",TRUE,0.8979,-4.616e-06,2.038,-125.4
"near_poisson",6,"gene66",TRUE,0.9605,-2.249e-06,2.048,-55.41
"near_poisson",6,"gene67",FALSE,0.991,0.0003414,3.243,3.037
"near_poisson",6,"gene68",FALSE,1.114,1.192,4.582,252
"near_poisson",6,"gene69",TRUE,0.8948,-7.661e-06,2.377,-145.6
"near_poisson",6,"gene70",FALSE,1.039,0.3662,1.447,49.65
"near_poisson",6,"gene71",TRUE,0.9613,-8.444e-07,2.543,-29.56
"near_poisson",6,"gene72",FALSE,1.066,0.736,4.462,202.5
"near_poisson",6,"gene73",FALSE,0.9967,0.151,1.78,36.84
"near_poisson",6,"gene74",FALSE,1.06,0.7956,1.592,65.33
"near_poisson",6,"gene75",FALSE,1.123,1.675,1.973,145.5
"near_poisson",6,"gene76",TRUE,1.004,-2.432e-06,3.37,-22.17
"near_poisson",6,"gene77",FALSE,1.031,0.000562,2.162,2.398
"near_poisson",6,"gene78",FALSE,1.014,0.08682,6.183,97.19
"near_poisson",6,"gene79",FALSE,1.088,0.7722,1.053,56.23
"near_poisson",6,"gene80",TRUE,0.9272,-3.677e-06,1.28,-62.81
"near_poisson",6,"gene81",TRUE,0.962,-1.925e-06,2.612,-56.77
"near_poisson",6,"gene82",TRUE,0.894,-3.367e-06,3.147,-169.6
"near_poisson",6,"gene83",FALSE,1.048,0.6719,2.007,83.12
"near_poisson",6,"gene84",TRUE,0.9599,-2.104e-06,2.478,-38.89
"near_poisson",6,"gene85",TRUE,0.9434,-4.679e-06,4.608,-134.2
"near_poisson",6,"gene86",FALSE,1.043,0.4397,4.57,159.3
"near_poisson",6,"gene87",FALSE,1.021,0.03159,2.797,26.35
"near_poisson",6,"gene88",TRUE,0.9061,-6.389e-06,3.528,-121.3
"near_poisson",6,"gene89",TRUE,0.9788,-2.912e-06,2.598,-35.37
"near_poisson",6,"gene90",FALSE,1.13,2.012,3.157,248.6
"near_poisson",6,"gene91",TRUE,1.01,-3.597e-07,1.39,-4.072
"near_poisson",6,"gene92",FALSE,1.064,0.8523,1.283,59.86
"near_poisson",6,"gene93",FALSE,1.12,1.954,4.212,308.1
"near_poisson",6,"gene94",FALSE,0.9985,0.003804,1.287,3.632
"near_poisson",6,"gene95",FALSE,1.072,0.7118,3.207,140.8
"near_poisson",6,"gene96",FALSE,0.9874,0.05787,2.937,38.6
"near_poisson",6,"gene97",FALSE,1.013,0.1363,4.573,85.92
"near_poisson",6,"gene98",FALSE,1.03,0.4958,3.777,144.2
"near_poisson",6,"gene99",FALSE,0.992,0.05682,1.895,22.57
"near_poisson",6,"gene100",FALSE,0.9958,0.2959,1.447,42.24
"near_poisson",6,"gene101",TRUE,0.9349,-6.84e-06,3.647,-195.8
"near_poisson",6,"gene102",TRUE,0.9741,-9.418e-07,1.272,-6.691
"near_poisson",6,"gene103",FALSE,0.999,0.001278,2.447,3.845
"near_poisson",6,"gene104",TRUE,0.9285,-5.257e-06,3.602,-154.5
"near_poisson",6,"gene105",TRUE,0.9869,-1.442e-06,1.707,-9.099
"near_poisson",6,"gene106",FALSE,1.026,0.1817,3.873,94.86
"near_poisson",6,"gene107",TRUE,0.8996,-4.869e-06,2.842,-164.6
"near_poisson",6,"gene108",TRUE,0.9648,-2.185e-06,4.677,-35
"near_poisson",6,"gene109",FALSE,1.084,0.4581,1.802,67.57
"near_poisson",6,"gene110",TRUE,0.8982,-3.201e-06,1.387,-90.7
"near_poisson",6,"gene111",TRUE,0.9758,-4.912e-07,1.167,-11.3
"near_poisson",6,"gene112",TRUE,0.9567,-1.356e-06,4.455,-38.02
"near_poisson",6,"gene113",TRUE,0.9505,-6.169e-07,3.188,-33.97
"near_poisson",6,"gene114",TRUE,0.9119,-5.067e-06,2.21,-101.2
"near_poisson",6,"gene115",FALSE,1.009,0.01399,3.103,19.54
"near_poisson",6,"gene116",TRUE,0.882,-3.339e-06,1.047,-51.31
"near_poisson",6,"gene117",FALSE,1.029,0.2364,2.238,59.36
"near_poisson",6,"gene118",TRUE,0.9709,-1.462e-06,2.518,-24.99
"near_poisson",6,"gene119",FALSE,1.082,0.3889,4.995,158.7
"near_poisson",6,"gene120",TRUE,0.8794,-7.289e-06,4.54,-235.5
"near_poisson",6,"gene121",FALSE,1.126,2.659,1.462,135.4
"near_poisson",6,"gene122",TRUE,0.9621,-1.774e-06,2.79,-22.99
"near_poisson",6,"gene123",TRUE,0.9974,-4.911e-07,3.025,-5.961
"near_poisson",6,"gene124",FALSE,1.13,1.788,4.183,312.8
"near_poisson",6,"gene125",FALSE,0.9998,0.04242,1.852,19.26
"near_poisson",6,"gene126",TRUE,0.9582,-8.828e-07,1.072,-36.82
"near_poisson",6,"gene127",TRUE,0.9618,-1.39e-06,1.458,-25.21
"near_poisson",6,"gene128",FALSE,1.052,0.611,1.777,74.05
"near_poisson",6,"gene129",FALSE,1.015,0.09641,3.327,53.14
"near_poisson",6,"gene130",FALSE,1.071,0.909,2.327,125.6
"near_poisson",6,"gene131",TRUE,0.9954,-6.008e-05,3.652,-2.455
"near_poisson",6,"gene132",TRUE,0.9266,-1.364e-05,4.975,-327.9
"near_poisson",6,"gene133",FALSE,0.9765,0.04192,1.432,15.23
"near_poisson",6,"gene134",FALSE,1.041,0.2718,4.445,124.3
"near_poisson",6,"gene135",TRUE,0.9096,-5.251e-06,2.92,-142.8
"near_poisson",6,"gene136",FALSE,1.068,1.217,1.155,73.69
"near_poisson",6,"gene137",TRUE,0.957,-1.815e-06,2.32,-45.27
"near_poisson",6,"gene138",TRUE,0.9842,-2.321e-06,5.103,-33.49
"near_poisson",6,"gene139",TRUE,0.9729,-1.428e-06,2.03,-42.95
"near_poisson",6,"gene140",TRUE,0.9856,-1.797e-07,1.087,-6.41
"near_poisson",6,"gene141",TRUE,0.9587,-6.691e-07,1.253,-8.822
"near_poisson",6,"gene142",FALSE,1.023,0.05592,1.727,22.21
"near_poisson",6,"gene143",FALSE,1.009,0.0367,1.45,14.43
"near_poisson",6,"gene144",FALSE,1.058,0.9078,1.495,81.26
"near_poisson",6,"gene145",FALSE,1.006,0.002006,3.952,9.606
"near_poisson",6,"gene146",FALSE,1.041,0.2892,3.637,97.95
"near_poisson",6,"gene147",TRUE,0.8764,-6.566e-06,2.21,-134.2
"near_poisson",6,"gene148",FALSE,0.9862,0.02209,2.982,22.47
"near_poisson",6,"gene149",TRUE,0.9233,-2.226e-06,1.46,-56.04
"near_poisson",6,"gene150",FALSE,1.01,0.05187,1.09,14.71
"near_poisson",6,"gene151",TRUE,0.981,-7.342e-07,1.653,-60.21
"near_poisson",6,"gene152",FALSE,1.096,0.6123,1.655,76.18
"near_poisson",6,"gene153",FALSE,1.076,0.8078,1.888,84.78
"near_poisson",6,"gene154",TRUE,0.9746,-8.601e-07,2.867,-12.16
"near_poisson",6,"gene155",FALSE,1.034,0.4178,1.637,56.6
"near_poisson",6,"gene156",FALSE,0.9693,0.03002,1.135,11.55
"near_poisson",6,"gene157",TRUE,0.962,-1.365e-06,1.583,-23.26
"near_poisson",6,"gene158",FALSE,1.057,0.506,1.102,42.16
"near_poisson",6,"gene159",FALSE,1.059,0.6898,2.842,123.5
"near_poisson",6,"gene160",TRUE,0.9667,-8.728e-07,1.282,-6.824
"near_poisson",6,"gene161",FALSE,1.052,0.4489,1.398,48.37
"near_poisson",6,"gene162",TRUE,0.9473,-2.873e-06,2.92,-107.4
"near_poisson",6,"gene163",TRUE,0.9581,-2.257e-06,1.142,-25.44
"near_poisson",6,"gene164",TRUE,0.831,-4.335e-06,1.752,-149.6
"near_poisson",6,"gene165",TRUE,0.9752,-6.77e-07,2.005,-13.4
"near_poisson",6,"gene166",FALSE,1.031,0.7369,4.813,220.3
"near_poisson",6,"gene167",TRUE,0.9513,-1.441e-06,1.443,-17.88
"near_poisson",6,"gene168",TRUE,0.9363,-3.311e-06,1.735,-60.06
"near_poisson",6,"gene169",TRUE,0.9789,-1.54e-06,2.343,-38.04
"near_poisson",6,"gene170",FALSE,1.077,1.248,4.03,241.8
"near_poisson",6,"gene171",FALSE,0.9847,0.01834,3.078,21.3
"near_poisson",6,"gene172",TRUE,0.9815,-2.251e-06,2.393,-36.62
"near_poisson",6,"gene173",TRUE,0.9676,-5.421e-05,2.233,-2.303
"near_poisson",6,"gene174",FALSE,1.063,0.2339,3.512,95.19
"near_poisson",6,"gene175",TRUE,0.9965,-4.214e-05,3.033,-1.74
"near_poisson",6,"gene176",TRUE,0.9133,-7.32e-06,5.047,-250.8
"near_poisson",6,"gene177",TRUE,0.9364,-6.89e-07,3.23,-47.61
"near_poisson",6,"gene178",FALSE,0.993,0.03234,1.91,16.3
"near_poisson",6,"gene179",TRUE,0.9735,-3.873e-06,4.872,-86.21
"near_poisson",6,"gene180",TRUE,0.9478,-2.338e-06,1.415,-31.17
"near_poisson",6,"gene181",TRUE,0.8598,-3.392e-06,1.378,-82.84
"near_poisson",6,"gene182",FALSE,1.034,0.4822,5.105,193.8
"near_poisson",6,"gene183",FALSE,1.138,1.813,1.162,81.52
"near_poisson",6,"gene184",FALSE,1.024,0.2032,1.945,41.17
"near_poisson",6,"gene185",FALSE,1.081,2.764,1.608,162.2
"near_poisson",6,"gene186",FALSE,1.07,0.694,1.593,68.24
"near_poisson",6,"gene187",FALSE,1.116,2.03,1.518,110.4
"near_poisson",6,"gene188",TRUE,0.9923,-8.988e-07,3.28,-6.649
"near_poisson",6,"gene189",TRUE,0.9563,-1.091e-06,1.087,-25.47
"near_poisson",6,"gene190",TRUE,0.9004,-5.72e-06,2.68,-97.1
"near_poisson",6,"gene191",FALSE,1.017,0.02369,1.123,8.508
"near_poisson",6,"gene192",FALSE,1.033,0.2138,4.027,100.7
"near_poisson",6,"gene193",TRUE,0.9702,-1.246e-06,1.473,-23.41
"near_poisson",6,"gene194",TRUE,0.8533,-6.585e-06,1.46,-139.9
"near_poisson",6,"gene195",FALSE,1.072,0.9191,2.748,140.4
"near_poisson",6,"gene196",TRUE,0.9577,-3.222e-07,3.42,-39.1
"near_poisson",6,"gene197",TRUE,0.8988,-3.945e-06,1.757,-124.9
"near_poisson",6,"gene198",TRUE,0.9558,-1.458e-06,1.982,-29.64
"near_poisson",6,"gene199",TRUE,0.987,-9.186e-07,1.703,-13.32
"near_poisson",6,"gene200",FALSE,1.029,0.3324,1.942,63.01
"near_poisson",6,"gene201",FALSE,1.043,0.3229,1.483,49
"near_poisson",6,"gene202",TRUE,0.972,-2.337e-06,2.21,-63.73
"near_poisson",6,"gene203",TRUE,0.8846,-5.77e-06,2.06,-124.1
"near_poisson",6,"gene204",FALSE,0.9821,0.009824,1.533,7.136
"near_poisson",6,"gene205",TRUE,0.961,-2.903e-06,2.09,-59.5
"near_poisson",6,"gene206",FALSE,1.098,0.5027,2.727,103.9
"near_poisson",6,"gene207",TRUE,0.9745,-7.215e-07,2.755,-16.47
"near_poisson",6,"gene208",TRUE,0.9167,-2.442e-06,1.923,-68.32
"near_poisson",6,"gene209",FALSE,1.012,0.144,3.652,78.54
"near_poisson",6,"gene210",FALSE,1.061,0.8007,1.578,77.08
"near_poisson",6,"gene211",FALSE,1.02,0.07749,1.058,14.24
"near_poisson",6,"gene212",FALSE,1.01,0.1411,2.16,44.88
"near_poisson",6,"gene213",TRUE,0.8945,-3.609e-06,1.745,-98.3
"near_poisson",6,"gene214",FALSE,0.9879,0.002439,2.078,6.403
"near_poisson",6,"gene215",FALSE,1.003,0.001579,1.568,3.152
"near_poisson",6,"gene216",TRUE,0.9223,-2.914e-06,1.308,-51.88
"near_poisson",6,"gene217",FALSE,1.046,0.1527,1.14,22.4
"near_poisson",6,"gene218",FALSE,0.991,0.001062,0.8683,1.623
"near_poisson",6,"gene219",TRUE,0.9627,-4.497e-06,4.26,-132.2
"near_poisson",6,"gene220",FALSE,1.023,0.2627,1.863,52.32
"near_poisson",6,"gene221",TRUE,1.002,-2.108e-06,4.968,-26.05
"near_poisson",6,"gene222",TRUE,0.9298,-2.089e-06,1.697,-56.12
"near_poisson",6,"gene223",TRUE,0.925,-1.164e-06,1.768,-67.89
"near_poisson",6,"gene224",TRUE,0.9695,-5.914e-07,2.647,-5.628
"near_poisson",6,"gene225",TRUE,0.914,-3.133e-06,2.54,-111.4
"near_poisson",6,"gene226",FALSE,1.051,1.255,4.262,288.7
"near_poisson",6,"gene227",TRUE,0.8375,-6.856e-06,3.633,-320.5
"near_poisson",6,"gene228",TRUE,0.962,5.743e-07,3.693,-43.04
"near_poisson",6,"gene229",TRUE,0.9289,-0.0002083,2.717,-9.025
"near_poisson",6,"gene230",FALSE,1.056,0.3966,2.92,99.95
"near_poisson",6,"gene231",TRUE,0.9407,-5.943e-06,3.273,-98.11
"near_poisson",6,"gene232",TRUE,0.9722,-9.772e-07,1.205,-25.39
"near_poisson",6,"gene233",FALSE,1.042,0.4346,3.062,118.2
"near_poisson",6,"gene234",TRUE,0.9673,-2.522e-06,1.75,-33.91
"near_poisson",6,"gene235",FALSE,1.046,0.8457,1.55,74.27
"near_poisson",6,"gene236",FALSE,1.022,0.268,1.49,41.91
"near_poisson",6,"gene237",FALSE,1.107,1.656,3.728,270.9
"near_poisson",6,"gene238",TRUE,1.021,-8.387e-05,1.448,-3.662
"near_poisson",6,"gene239",TRUE,0.9006,-5.317e-06,1.412,-88.7
"near_poisson",6,"gene240",TRUE,0.945,-2.829e-06,2.245,-50.12
"near_poisson",6,"gene241",FALSE,1.034,0.3374,2.967,98.62
"near_poisson",6,"gene242",TRUE,0.9371,-1.913e-06,1.557,-53.23
"near_poisson",6,"gene243",TRUE,0.9644,-2.059e-06,4.103,-37.15
"near_poisson",6,"gene244",FALSE,0.9845,0.0541,1.215,15.82
"near_poisson",6,"gene245",FALSE,1.101,2.154,2.428,209.8
"near_poisson",6,"gene246",TRUE,0.8605,-8.16e-06,2.23,-145.5
"near_poisson",6,"gene247",TRUE,0.9858,-1.702e-07,3.427,-19.47
"near_poisson",6,"gene248",TRUE,0.9276,-0.0007553,0.9483,-33.26
"near_poisson",6,"gene249",TRUE,0.8912,-5.092e-06,1.72,-101.3
"near_poisson",6,"gene250",FALSE,1.048,0.243,1.15,30.16
"near_poisson",6,"gene251",FALSE,0.9891,0.08201,2.193,29.62
"near_poisson",6,"gene252",FALSE,1.083,0.666,1.498,66.77
"near_poisson",6,"gene253",TRUE,0.9265,-2.765e-06,1.925,-37.82
"near_poisson",6,"gene254",FALSE,1.034,0.9106,1.217,64.23
"near_poisson",6,"gene255",FALSE,0.9958,0.04323,2.663,27.79
"near_poisson",6,"gene256",TRUE,0.8949,-2.941e-06,1.662,-133.1
"near_poisson",6,"gene257",TRUE,0.9377,-3.504e-06,1.983,-67.05
"near_poisson",6,"gene258",FALSE,1.029,0.4831,1.692,68.25
"near_poisson",6,"gene259",TRUE,0.9953,-6.794e-07,1.568,-6.368
"near_poisson",6,"gene260",FALSE,1.028,0.2655,1.177,37.52
"near_poisson",6,"gene261",FALSE,1.04,0.351,1.307,40.69
"near_poisson",6,"gene262",FALSE,1.083,1.771,2.967,224
"near_poisson",6,"gene263",TRUE,0.9788,-3.833e-07,2.388,-4.849
"near_poisson",6,"gene264",TRUE,0.9243,-5.401e-06,2.465,-99.84
"near_poisson",6,"gene265",TRUE,0.9998,-1.08e-06,1.823,-5.502
"near_poisson",6,"gene266",TRUE,0.9992,-3.002e-06,3.133,-46.72
"near_poisson",6,"gene267",TRUE,0.9882,-3.9e-06,3.865,-66.62
"near_poisson",6,"gene268",FALSE,1.077,1.555,3.16,225.5
"near_poisson",6,"gene269",FALSE,1.063,0.005012,3.957,14.05
"near_poisson",6,"gene270",FALSE,1.09,1.532,1.948,124.6
"near_poisson",6,"gene271",TRUE,0.863,-5.503e-06,1.325,-160.7
"near_poisson",6,"gene272",FALSE,1.054,1.364,4.275,311.7
"near_poisson",6,"gene273",FALSE,1.035,0.1904,1.037,20.83
"near_poisson",6,"gene274",FALSE,1.006,0.0009797,3.373,5.561
"near_poisson",6,"gene275",TRUE,0.9738,-2.661e-06,4.057,-49.99
"near_poisson",6,"gene276",TRUE,0.9489,-2.305e-06,2.143,-95.95
"near_poisson",6,"gene277",TRUE,0.9829,-1.194e-06,1.297,-31.31
"near_poisson",6,"gene278",TRUE,0.9052,-5.449e-08,3.845,-168.2
"near_poisson",6,"gene279",TRUE,1.019,-1.182e-07,1.77,-1.275
"near_poisson",6,"gene280",TRUE,0.9695,-2.365e-06,1.635,-36.84
"near_poisson",6,"gene281",TRUE,0.9817,-5.342e-07,3.8,-1.836
"near_poisson",6,"gene282",FALSE,1.008,0.1283,1.163,23.4
"near_poisson",6,"gene283",FALSE,1.025,0.1971,1.09,23.93
"near_poisson",6,"gene284",TRUE,0.866,-2.404e-06,1.052,-71.17
"near_poisson",6,"gene285",TRUE,0.9442,-4.056e-06,2.245,-96.54
"near_poisson",6,"gene286",FALSE,1.027,0.2197,1.405,34.15
"near_poisson",6,"gene287",TRUE,0.9394,-4.622e-06,1.612,-79.03
"near_poisson",6,"gene288",FALSE,1.015,0.109,3.555,74.21
"near_poisson",6,"gene289",TRUE,0.9773,5.433e-09,2.687,-6.962
"near_poisson",6,"gene290",FALSE,1.015,0.3198,1.937,54.69
"near_poisson",6,"gene291",FALSE,1.026,0.4064,1.708,57.7
"near_poisson",6,"gene292",FALSE,1.099,1.083,3.923,203.3
"near_poisson",6,"gene293",TRUE,0.9496,-2.272e-06,2.242,-98.36
"near_poisson",6,"gene294",FALSE,1.146,4.765,2.493,309.8
"near_poisson",6,"gene295",FALSE,0.9826,0.01919,3.37,23.04
"near_poisson",6,"gene296",FALSE,1.01,0.05502,1.945,22.96
"near_poisson",6,"gene297",TRUE,0.9696,-0.0001268,2.71,-5.398
"near_poisson",6,"gene298",TRUE,0.9369,-3.276e-06,2.345,-51.3
"near_poisson",6,"gene299",TRUE,0.8846,-1.779e-06,1.488,-71.69
"near_poisson",6,"gene300",TRUE,0.967,-4.162e-06,5.58,-151.6
"near_poisson",7,"gene1",TRUE,0.9504,-4.361e-06,4.067,-67.4
"near_poisson",7,"gene2",FALSE,1.065,1.058,3.413,108.7
"near_poisson",7,"gene3",TRUE,0.9714,-2.499e-06,4.488,-33.84
"near_poisson",7,"gene4",TRUE,0.9692,-0.0009339,3.21,-41.1
"near_poisson",7,"gene5",TRUE,0.9864,-1.23e-06,5.357,-9.706
"near_poisson",7,"gene6",TRUE,0.9297,-4.201e-06,4.473,-54.64
"near_poisson",7,"gene7",FALSE,1.036,0.2882,1.923,32.5
"near_poisson",7,"gene8",TRUE,0.9953,-8.629e-07,6.59,-16.32
"near_poisson",7,"gene9",FALSE,1.041,0.3272,7.25,140.3
"near_poisson",7,"gene10",FALSE,1.047,0.5306,4.113,99.67
"near_poisson",7,"gene11",TRUE,0.9687,-2.229e-06,5.62,-46.17
"near_poisson",7,"gene12",TRUE,0.9739,-0.0003487,2.188,-15.33
"near_poisson",7,"gene13",FALSE,1.081,0.9797,5.19,178.1
"near_poisson",7,"gene14",FALSE,1.006,0.1202,1.645,19.32
"near_poisson",7,"gene15",FALSE,1.062,0.4361,5.407,120.3
"near_poisson",7,"gene16",FALSE,1.013,0.005827,1.187,4.603
"near_poisson",7,"gene17",FALSE,1.03,0.7218,1.582,75.33
"near_poisson",7,"gene18",TRUE,0.9364,-3.327e-06,2.19,-75.11
"near_poisson",7,"gene19",FALSE,0.9847,0.01193,3.507,20.55
"near_poisson",7,"gene20",TRUE,0.9912,-2.054e-07,2.648,-17
"near_poisson",7,"gene21",FALSE,0.9795,0.02072,1.733,12.18
"near_poisson",7,"gene22",FALSE,1.035,0.2147,1.625,38.85
"near_poisson",7,"gene23",FALSE,1.008,0.01281,1.237,6.814
"near_poisson",7,"gene24",TRUE,0.9209,-4.069e-06,1.567,-65.69
"near_poisson",7,"gene25",FALSE,1.04,0.2522,2.128,54.29
"near_poisson",7,"gene26",FALSE,1.068,0.5112,3.788,140.9
"near_poisson",7,"gene27",FALSE,1.044,0.1846,1.828,42.83
"near_poisson",7,"gene28",FALSE,1,0.007974,3.478,16.65
"near_poisson",7,"gene29",FALSE,1.01,0.009869,4.125,20.48
"near_poisson",7,"gene30",TRUE,0.9494,-1.397e-06,1.845,-29.58
"near_poisson",7,"gene31",FALSE,1.085,1.475,5.61,387
"near_poisson",7,"gene32",TRUE,0.9316,-3.822e-06,4.863,-120.8
"near_poisson",7,"gene33",TRUE,0.9131,-1.492e-06,0.985,-34.7
"near_poisson",7,"gene34",FALSE,1.027,0.2887,1.775,56.5
"near_poisson",7,"gene35",TRUE,0.9689,-3.936e-07,1.623,-21.38
"near_poisson",7,"gene36",TRUE,0.9253,-2.332e-06,0.9017,-44.35
"near_poisson",7,"gene37",TRUE,0.9703,-1.094e-06,1.41,-10.72
"near_poisson",7,"gene38",TRUE,0.9641,-8.24e-07,1.04,-22.83
"near_poisson",7,"gene39",TRUE,0.9727,-2.091e-06,2.615,-32.08
"near_poisson",7,"gene40",FALSE,1.004,0.03168,2.233,20.64
"near_poisson",7,"gene41",TRUE,0.9787,-1.129e-06,4.257,-40.08
"near_poisson",7,"gene42",FALSE,1.028,0.002108,2.12,5.558
"near_poisson",7,"gene43",FALSE,0.9979,0.002359,4.758,11.5
"near_poisson",7,"gene44",TRUE,0.9619,-3.567e-06,2.908,-63.55
"near_poisson",7,"gene45",FALSE,1.046,1.195,1.542,96.23
"near_poisson",7,"gene46",FALSE,1.072,0.1004,1.277,21.49
"near_poisson",7,"gene47",TRUE,0.9116,-2.977e-06,1.598,-62.72
"near_poisson",7,"gene48",FALSE,1.01,0.07339,1.188,16.51
"near_poisson",7,"gene49",FALSE,1.018,0.0876,1.573,23.79
"near_poisson",7,"gene50",FALSE,0.9759,0.07122,4.512,70.19
"near_poisson",7,"gene51",TRUE,0.8809,-4.739e-06,1.453,-88.39
"near_poisson",7,"gene52",FALSE,1.015,0.01158,1.348,7.142
"near_poisson",7,"gene53",FALSE,0.9979,0.1447,1.812,37.71
"near_poisson",7,"gene54",FALSE,0.9763,0.01886,2.363,18.13
"near_poisson",7,"gene55",FALSE,1.046,0.6062,1.093,41.47
"near_poisson",7,"gene56",FALSE,1.048,0.388,1.617,50.8
"near_poisson",7,"gene57",TRUE,0.988,-1.291e-06,4.102,-15.03
"near_poisson",7,"gene58",FALSE,1.058,0.8076,1.55,74.67
"near_poisson",7,"gene59",FALSE,1.023,0.2734,3.947,109.2
"near_poisson",7,"gene60",FALSE,1.034,0.2737,2.015,51.16
"near_poisson",7,"gene61",TRUE,0.924,-1.466e-06,1.105,-37.65
"near_poisson",7,"gene62",TRUE,0.8623,-4.062e-06,2.843,-212.9
"near_poisson",7,"gene63",FALSE,1.038,0.3313,3.077,91.22
"near_poisson",7,"gene64",TRUE,0.9185,-4.508e-06,2.297,-103.5
"near_poisson",7,"gene65",TRUE,0.9927,-1.566e-06,1.338,-15.31
"near_poisson",7,"gene66",TRUE,1.024,-1.104e-06,1.912,-9.991
"near_poisson",7,"gene67",TRUE,0.9892,-2.888e-06,3.327,-54.8
"near_poisson",7,"gene68",FALSE,0.9808,0.05367,1.47,19.21
"near_poisson",7,"gene69",FALSE,1.016,0.3198,3.532,109.8
"near_poisson",7,"gene70",TRUE,0.9595,-2.537e-06,2.067,-32.61
"near_poisson",7,"gene71",TRUE,0.9922,-1.056e-06,3.897,-9.46
"near_poisson",7,"gene72",TRUE,0.9292,-6.353e-06,3.088,-115.8
"near_poisson",7,"gene73",TRUE,0.9831,-2.049e-06,1.832,-47.14
"near_poisson",7,"gene74",FALSE,1.035,0.08911,4.753,81.49
"near_poisson",7,"gene75",FALSE,0.996,0.0932,1.793,29.49
"near_poisson",7,"gene76",TRUE,0.9088,-3.255e-06,1.642,-61.89
"near_poisson",7,"gene77",FALSE,1.025,0.1099,1.375,22.35
"near_poisson",7,"gene78",FALSE,0.9957,0.11,4.042,76.2
"near_poisson",7,"gene79",FALSE,1.027,0.1148,2.995,51.7
"near_poisson",7,"gene80",TRUE,0.9729,-2.832e-06,2.823,-44.83
"near_poisson",7,"gene81",FALSE,1.072,1.015,4.938,285.4
"near_poisson",7,"gene82",TRUE,0.9569,-4.863e-07,1.063,-10.73
"near_poisson",7,"gene83",FALSE,1.12,4.044,2.825,338.8
"near_poisson",7,"gene84",FALSE,0.9822,0.04898,4.453,52.6
"near_poisson",7,"gene85",FALSE,1.019,0.004137,1.832,6.134
"near_poisson",7,"gene86",FALSE,1.063,1.352,2.547,177.6
"near_poisson",7,"gene87",FALSE,1.041,0.1105,1.388,23.31
"near_poisson",7,"gene88",TRUE,0.933,-2.802e-06,1.875,-60.5
"near_poisson",7,"gene89",FALSE,1.01,0.0918,3.328,55.78
"near_poisson",7,"gene90",FALSE,1.023,0.1711,2.315,52.23
"near_poisson",7,"gene91",TRUE,0.8762,-3.366e-06,2.372,-134.8
"near_poisson",7,"gene92",TRUE,0.9404,-3.032e-06,1.958,-48.78
"near_poisson",7,"gene93",TRUE,0.9902,-9.604e-07,4.295,-29.4
"near_poisson",7,"gene94",TRUE,0.9962,-5.91e-07,1.423,-4.973
"near_poisson",7,"gene95",FALSE,1.036,0.7013,3.357,153.1
"near_poisson",7,"gene96",FALSE,1.084,1.02,2.52,142.6
"near_poisson",7,"gene97",TRUE,0.9489,-3.82e-06,2.575,-52.8
"near_poisson",7,"gene98",TRUE,0.9445,-1.755e-06,1.295,-17.57
"near_poisson",7,"gene99",FALSE,0.9977,0.1624,1.405,29.91
"near_poisson",7,"gene100",FALSE,1.138,3.452,3.295,342
"near_poisson",7,"gene101",FALSE,1.059,0.3131,1.818,45.28
"near_poisson",7,"gene102",TRUE,0.9878,-1.051e-06,1.397,-4.664
"near_poisson",7,"gene103",TRUE,0.9705,-1.482e-06,1.068,-25.84
"near_poisson",7,"gene104",TRUE,0.9625,-3.657e-06,5.77,-97.79
"near_poisson",7,"gene105",FALSE,1.026,0.2227,1.755,48.99
"near_poisson",7,"gene106",TRUE,0.9456,-4.585e-06,2.915,-142.1
"near_poisson",7,"gene107",FALSE,1.066,0.1936,1.642,35.66
"near_poisson",7,"gene108",TRUE,0.9289,-2.596e-06,3.272,-128.7
"near_poisson",7,"gene109",FALSE,0.9857,0.0413,3.022,29.42
"near_poisson",7,"gene110",TRUE,1.019,-4.752e-06,4.168,-93.78
"near_poisson",7,"gene111",FALSE,1.087,1.551,1.248,86.79
"near_poisson",7,"gene112",FALSE,1.061,0.8289,2.24,115.3
"near_poisson",7,"gene113",TRUE,0.9011,-5.784e-06,2.043,-110.5
"near_poisson",7,"gene114",TRUE,0.9505,-4.71e-06,5.328,-125.5
"near_poisson",7,"gene115",FALSE,1.061,0.963,1.445,77.65
"near_poisson",7,"gene116",FALSE,1.07,1.067,1.477,82.71
"near_poisson",7,"gene117",TRUE,0.9414,-2.92e-06,2.718,-69.83
"near_poisson",7,"gene118",FALSE,1.012,0.09911,1.648,29.19
"near_poisson",7,"gene119",TRUE,0.9305,-1.34e-06,3.423,-81.16
"near_poisson",7,"gene120",TRUE,0.9152,-4.009e-06,4.492,-182.1
"near_poisson",7,"gene121",FALSE,0.9801,0.003237,3.927,12.02
"near_poisson",7,"gene122",TRUE,0.9215,-5.9e-06,2.423,-115
"near_poisson",7,"gene123",TRUE,0.9007,-2.254e-06,1.242,-57.53
"near_poisson",7,"gene124",FALSE,0.9819,0.0001144,4.553,2.362
"near_poisson",7,"gene125",TRUE,0.9495,-2.75e-06,3.968,-89.81
"near_poisson",7,"gene126",FALSE,1.018,0.2525,3.537,96.08
"near_poisson",7,"gene127",TRUE,0.9874,-1.478e-06,2.145,-39.38
"near_poisson",7,"gene128",TRUE,0.9531,-1.46e-06,1.567,-21.31
"near_poisson",7,"gene129",TRUE,1.003,-3.142e-06,2.878,-49.28
"near_poisson",7,"gene130",FALSE,1.1,1.122,2.627,155.6
"near_poisson",7,"gene131",TRUE,0.9517,-3.506e-06,2.483,-70.21
"near_poisson",7,"gene132",TRUE,0.9566,-0.0006074,2.005,-26.71
"near_poisson",7,"gene133",FALSE,1.02,0.142,1.832,39.66
"near_poisson",7,"gene134",TRUE,0.9634,-3.298e-06,5.242,-73.14
"near_poisson",7,"gene135",TRUE,0.9696,-6.573e-07,1.968,-3.725
"near_poisson",7,"gene136",TRUE,0.9814,-1.444e-06,3.832,-22.82
"near_poisson",7,"gene137",TRUE,0.8864,-2.178e-06,0.9767,-48.69
"near_poisson",7,"gene138",TRUE,0.8989,-1.023e-05,4.067,-260.8
"near_poisson",7,"gene139",TRUE,0.8776,-6.429e-06,3.537,-295.9
"near_poisson",7,"gene140",TRUE,0.9389,-2.748e-06,1.333,-49.32
"near_poisson",7,"gene141",FALSE,1.043,0.03117,5.252,43.94
"near_poisson",7,"gene142",FALSE,1.015,0.1884,2.888,67.27
"near_poisson",7,"gene143",FALSE,1.01,0.03039,2.457,21.57
"near_poisson",7,"gene144",FALSE,0.9879,0.03728,3.385,33.61
"near_poisson",7,"gene145",TRUE,0.996,-1.95e-06,1.533,-22.34
"near_poisson",7,"gene146",FALSE,0.9912,0.005172,1.155,4.445
"near_poisson",7,"gene147",FALSE,1.087,0.4611,2.307,76.53
"near_poisson",7,"gene148",TRUE,0.9478,-1.79e-06,1.827,-54.88
"near_poisson",7,"gene149",FALSE,1.009,0.007508,2.373,10.4
"near_poisson",7,"gene150",TRUE,0.9535,-6.034e-06,3.11,-103.7
"near_poisson",7,"gene151",TRUE,0.9275,-5.65e-06,2.502,-111.3
"near_poisson",7,"gene152",FALSE,1.05,0.5976,1.535,51.81
"near_poisson",7,"gene153",TRUE,0.9411,-2.984e-06,1.55,-75.24
"near_poisson",7,"gene154",FALSE,1.02,0.02924,4.957,49.29
"near_poisson",7,"gene155",TRUE,0.9806,-3.426e-07,2.62,-18.54
"near_poisson",7,"gene156",FALSE,1.007,0.02325,1.817,14.36
"near_poisson",7,"gene157",FALSE,1.038,0.1056,2.757,47.95
"near_poisson",7,"gene158",FALSE,1.057,0.3571,2.317,78.15
"near_poisson",7,"gene159",FALSE,1.042,0.4986,1.203,52.26
"near_poisson",7,"gene160",FALSE,1.014,0.009719,1.637,8.47
"near_poisson",7,"gene161",FALSE,1.04,0.1076,1.363,22.13
"near_poisson",7,"gene162",FALSE,1.028,0.7281,2.863,134.2
"near_poisson",7,"gene163",TRUE,0.9633,-3.273e-06,4.618,-156
"near_poisson",7,"gene164",TRUE,0.8848,-2.553e-06,1.428,-73.72
"near_poisson",7,"gene165",TRUE,1.013,-3.783e-07,3,-9.61
"near_poisson",7,"gene166",TRUE,0.9767,-3.2e-06,2.422,-58.14
"near_poisson",7,"gene167",FALSE,0.9851,0.07205,3.772,52.97
"near_poisson",7,"gene168",TRUE,0.9497,-1.574e-06,4.823,-24.23
"near_poisson",7,"gene169",TRUE,0.9647,-1.96e-06,2.142,-28.09
"near_poisson",7,"gene170",FALSE,1.082,0.373,5.032,161.4
"near_poisson",7,"gene171",TRUE,0.901,-6.48e-06,3.872,-254.1
"near_poisson",7,"gene172",FALSE,0.982,0.1104,1.62,34.62
"near_poisson",7,"gene173",FALSE,1.02,0.2147,4.465,103.1
"near_poisson",7,"gene174",FALSE,1.096,1.666,2.263,154
"near_poisson",7,"gene175",TRUE,0.9879,-5.129e-07,3.642,-3.667
"near_poisson",7,"gene176",FALSE,1.056,0.4194,1.33,50.35
"near_poisson",7,"gene177",TRUE,0.9346,-2.654e-06,1.665,-31.47
"near_poisson",7,"gene178",FALSE,1.03,0.2137,1.412,33.84
"near_poisson",7,"gene179",FALSE,0.9939,0.001902,1.673,3.588
"near_poisson",7,"gene180",FALSE,1.027,0.3306,5.002,155.1
"near_poisson",7,"gene181",FALSE,1.045,0.4459,4.313,142.9
"near_poisson",7,"gene182",TRUE,0.9981,-7.804e-08,2.225,-0.1833
"near_poisson",7,"gene183",TRUE,1.009,-6.309e-07,1.603,-6.716
"near_poisson",7,"gene184",TRUE,0.9102,-7.931e-06,4.362,-198
"near_poisson",7,"gene185",FALSE,1.035,0.09117,3.098,49.39
"near_poisson",7,"gene186",FALSE,1.065,0.9642,3.583,186.1
"near_poisson",7,"gene187",FALSE,0.9826,0.01738,4.372,30.33
"near_poisson",7,"gene188",TRUE,0.997,-3.8e-05,1.26,-1.651
"near_poisson",7,"gene189",TRUE,0.9399,-0.0006269,1.888,-27.56
"near_poisson",7,"gene190",TRUE,0.9245,-4.44e-06,3.658,-161.1
"near_poisson",7,"gene191",FALSE,1.029,0.3421,3.842,114.6
"near_poisson",7,"gene192",TRUE,0.9798,-9.095e-07,2.717,-5.096
"near_poisson",7,"gene193",TRUE,0.9278,-1.64e-06,1.203,-18.37
"near_poisson",7,"gene194",TRUE,0.9403,-2.04e-06,1.377,-43.7
"near_poisson",7,"gene195",FALSE,1.014,0.02658,3.33,28.14
"near_poisson",7,"gene196",TRUE,0.9663,-2.253e-06,1.637,-23.2
"near_poisson",7,"gene197",FALSE,1.089,1.88,3.618,273.1
"near_poisson",7,"gene198",FALSE,1.014,0.1708,2.76,58.26
"near_poisson",7,"gene199",TRUE,1.001,-8.071e-07,1.917,-5.224
"near_poisson",7,"gene200",TRUE,0.9602,-3.651e-06,3.062,-54.9
"near_poisson",7,"gene201",FALSE,1.036,0.2773,1.753,48.99
"near_poisson",7,"gene202",TRUE,0.9805,-1.169e-06,1.788,-27.65
"near_poisson",7,"gene203",FALSE,1.017,0.003961,1.053,3.286
"near_poisson",7,"gene204",TRUE,0.9776,-2.226e-06,3.515,-68.1
"near_poisson",7,"gene205",FALSE,1.052,0.2681,1.44,33.39
"near_poisson",7,"gene206",FALSE,1.006,0.03573,1.955,21.05
"near_poisson",7,"gene207",TRUE,0.9656,-2.909e-06,2.363,-55.04
"near_poisson",7,"gene208",FALSE,0.9928,0.09377,1.753,29.62
"near_poisson",7,"gene209",FALSE,1.01,0.008965,1.948,9.108
"near_poisson",7,"gene210",FALSE,1.012,0.01199,3.928,22.05
"near_poisson",7,"gene211",FALSE,1.003,0.8927,2.787,151.9
"near_poisson",7,"gene212",FALSE,1.016,0.2823,1.968,52.59
"near_poisson",7,"gene213",TRUE,0.9979,-7.235e-07,1.207,-5.709
"near_poisson",7,"gene214",FALSE,1.004,0.000947,2.757,4.372
"near_poisson",7,"gene215",TRUE,0.9204,-2.593e-06,1.74,-75.75
"near_poisson",7,"gene216",TRUE,0.9707,-1.941e-06,1.435,-25.23
"near_poisson",7,"gene217",FALSE,1.01,0.3423,1.867,58.1
"near_poisson",7,"gene218",TRUE,0.9327,-2.763e-06,2.645,-64.99
"near_poisson",7,"gene219",FALSE,1.079,0.8339,1.993,106.3
"near_poisson",7,"gene220",FALSE,1.038,0.2467,2.12,55.49
"near_poisson",7,"gene221",FALSE,1.037,0.07791,3.443,48.82
"near_poisson",7,"gene222",TRUE,0.9672,-2.813e-06,1.773,-37.88
"near_poisson",7,"gene223",FALSE,1.131,3.555,0.9767,118.4
"near_poisson",7,"gene224",TRUE,0.9246,-2.428e-06,1.608,-45.72
"near_poisson",7,"gene225",FALSE,1.007,0.1037,1.717,28.59
"near_poisson",7,"gene226",TRUE,0.8829,-4.13e-06,3.543,-267.9
"near_poisson",7,"gene227",TRUE,0.9294,-4.579e-06,1.935,-82.28
"near_poisson",7,"gene228",FALSE,0.9447,8.547e-05,4.492,2.372
"near_poisson",7,"gene229",TRUE,0.9248,-2.98e-06,1.305,-57.58
"near_poisson",7,"gene230",FALSE,0.991,3.075e-05,1.893,0.5432
"near_poisson",7,"gene231",FALSE,1.073,0.9101,1.205,65.72
"near_poisson",7,"gene232",FALSE,1.019,0.1138,0.9483,19.32
"near_poisson",7,"gene233",FALSE,1.044,1.041,1.145,68.87
"near_poisson",7,"gene234",FALSE,1.143,3.278,1.847,185.6
"near_poisson",7,"gene235",FALSE,1.02,0.1124,3.053,53.04
"near_poisson",7,"gene236",TRUE,0.9615,-3.334e-06,4.523,-96.99
"near_poisson",7,"gene237",TRUE,0.9874,-6.743e-05,2.898,-2.844
"near_poisson",7,"gene238",FALSE,1.071,1.628,1.392,103
"near_poisson",7,"gene239",TRUE,0.9802,-6.134e-07,3.497,-12.43
"near_poisson",7,"gene240",TRUE,0.9963,-3.827e-06,1.96,-57.37
"near_poisson",7,"gene241",TRUE,0.9146,-3.703e-06,1.837,-60.79
"near_poisson",7,"gene242",FALSE,1.013,0.05358,1.432,14.9
"near_poisson",7,"gene243",TRUE,0.9613,-2.525e-06,3.78,-53.04
"near_poisson",7,"gene244",TRUE,1.005,-2.131e-06,1.98,-23.04
"near_poisson",7,"gene245",FALSE,1.133,1.987,4.01,304.4
"near_poisson",7,"gene246",FALSE,1.006,0.2436,5.323,136.6
"near_poisson",7,"gene247",FALSE,1.036,0.8352,5.303,255
"near_poisson",7,"gene248",TRUE,0.9787,-3.144e-05,1.14,-1.367
"near_poisson",7,"gene249",FALSE,0.9897,0.0002591,1.873,1.517
"near_poisson",7,"gene250",TRUE,1.004,-2.046e-07,2.773,-2.551
"near_poisson",7,"gene251",TRUE,0.9656,-1.252e-06,1.933,-45.41
"near_poisson",7,"gene252",TRUE,0.9233,-8.797e-07,0.8933,-14.73
"near_poisson",7,"gene253",FALSE,1.085,0.6044,3.583,144.4
"near_poisson",7,"gene254",TRUE,0.9492,-2.081e-06,3.48,-57.65
"near_poisson",7,"gene255",FALSE,1.025,0.08912,2.807,45.65
"near_poisson",7,"gene256",TRUE,0.9786,-1.809e-06,2.235,-16.65
"near_poisson",7,"gene257",FALSE,1.017,0.2373,1.195,29.32
"near_poisson",7,"gene258",TRUE,0.9661,-1.78e-06,1.397,-29.3
"near_poisson",7,"gene259",FALSE,1.02,0.5486,2.288,93.11
"near_poisson",7,"gene260",TRUE,0.9644,-1.441e-06,1.532,-24.93
"near_poisson",7,"gene261",TRUE,0.9974,-1.053e-06,4.365,-5.794
"near_poisson",7,"gene262",TRUE,0.8934,-1.634e-06,0.94,-48.39
"near_poisson",7,"gene263",TRUE,0.9958,-5.319e-07,3.66,-30.69
"near_poisson",7,"gene264",TRUE,0.961,-3.768e-05,1.6,-1.625
"near_poisson",7,"gene265",FALSE,1.026,0.3005,2.387,70.45
"near_poisson",7,"gene266",FALSE,1.039,0.2962,1.648,54.38
"near_poisson",7,"gene267",TRUE,0.9168,-3.004e-06,1.265,-49.47
"near_poisson",7,"gene268",TRUE,0.9596,-2.935e-06,2.685,-71.3
"near_poisson",7,"gene269",TRUE,0.9407,-4.006e-06,1.998,-65.09
"near_poisson",7,"gene270",TRUE,0.9822,-1.486e-06,2.652,-124.5
"near_poisson",7,"gene271",TRUE,0.9414,-2.456e-06,2.052,-56.75
"near_poisson",7,"gene272",TRUE,0.93,-2.305e-06,1.16,-72.17
"near_poisson",7,"gene273",TRUE,1.009,-2.097e-06,4.685,-49.04
"near_poisson",7,"gene274",FALSE,0.9981,0.02049,2.445,19.81
"near_poisson",7,"gene275",TRUE,0.9176,-4.084e-06,2.542,-148.7
"near_poisson",7,"gene276",TRUE,1.01,-2.206e-06,3.128,-27.88
"near_poisson",7,"gene277",FALSE,1.103,2.353,1.673,153.4
"near_poisson",7,"gene278",FALSE,1,0.064,3.115,43.91
"near_poisson",7,"gene279",FALSE,1.037,0.3837,2.02,57.48
"near_poisson",7,"gene280",FALSE,1.084,1.121,4.93,326.3
"near_poisson",7,"gene281",TRUE,0.9716,-2.594e-06,1.62,-38.2
"near_poisson",7,"gene282",TRUE,0.9634,-4.017e-06,3.622,-75.74
"near_poisson",7,"gene283",FALSE,1.131,2.623,1.96,173
"near_poisson",7,"gene284",FALSE,0.9853,0.09964,2.035,34.93
"near_poisson",7,"gene285",TRUE,0.9719,-1.462e-06,1.587,-10.91
"near_poisson",7,"gene286",FALSE,1.095,1.588,2.278,160.9
"near_poisson",7,"gene287",TRUE,0.9787,-6.487e-07,4.737,-7.478
"near_poisson",7,"gene288",FALSE,1.175,4.098,4.022,437.8
"near_poisson",7,"gene289",TRUE,0.9776,-1.279e-06,2.175,-21.12
"near_poisson",7,"gene290",TRUE,0.9842,-1.377e-07,2.108,-3.787
"near_poisson",7,"gene291",TRUE,0.9913,-3.683e-06,2.983,-55.56
"near_poisson",7,"gene292",FALSE,0.9899,0.01636,3.078,24.83
"near_poisson",7,"gene293",TRUE,0.9166,-7.56e-06,4.203,-233.6
"near_poisson",7,"gene294",FALSE,1.023,0.03862,2.93,27.99
"near_poisson",7,"gene295",FALSE,1.077,1.355,4.087,212.5
"near_poisson",7,"gene296",TRUE,1.002,-7.615e-07,2.085,-5.058
"near_poisson",7,"gene297",TRUE,0.9798,-2.504e-06,3.993,-45.52
"near_poisson",7,"gene298",TRUE,0.9805,-4.422e-07,1.322,-2.482
"near_poisson",7,"gene299",FALSE,1.036,0.4562,3.385,125.9
"near_poisson",7,"gene300",FALSE,1.021,0.1413,2.127,45.8
"near_poisson",8,"gene1",FALSE,1.051,0.8375,4.897,148.9
"near_poisson",8,"gene2",TRUE,0.9264,-6.146e-07,2.273,-61.95
"near_poisson",8,"gene3",TRUE,0.904,-5.453e-06,4.218,-150.4
"near_poisson",8,"gene4",FALSE,1.049,0.4149,2.207,53.11
"near_poisson",8,"gene5",FALSE,1.012,0.04213,7.882,45.61
"near_poisson",8,"gene6",TRUE,0.9438,-2.114e-06,2.843,-36.82
"near_poisson",8,"gene7",TRUE,0.9048,-3.99e-06,1.673,-75.7
"near_poisson",8,"gene8",FALSE,1.063,0.6669,3.468,98.79
"near_poisson",8,"gene9",FALSE,1.038,0.256,2.598,37.61
"near_poisson",8,"gene10",TRUE,0.9767,-7.193e-07,4.878,-25.94
"near_poisson",8,"gene11",FALSE,1.135,2.825,6.872,368.7
"near_poisson",8,"gene12",FALSE,1.114,2.406,7.408,385.7
"near_poisson",8,"gene13",TRUE,0.9078,-4.185e-06,5.107,-194.2
"near_poisson",8,"gene14",FALSE,1.115,1.408,1.858,75.53
"near_poisson",8,"gene15",FALSE,1.035,1.233,3.195,106.6
"near_poisson",8,"gene16",FALSE,1.134,1.049,2.453,125.4
"near_poisson",8,"gene17",TRUE,0.9627,-6.088e-07,4.283,-25.57
"near_poisson",8,"gene18",FALSE,1.051,1.096,2.292,128
"near_poisson",8,"gene19",FALSE,0.9908,0.003635,2.472,7.905
"near_poisson",8,"gene20",TRUE,0.9059,-6.768e-06,4.28,-200.9
"near_poisson",8,"gene21",TRUE,0.9905,-6.647e-07,1.57,-22.03
"near_poisson",8,"gene22",TRUE,1.039,-3.574e-07,1.103,-4.196
"near_poisson",8,"gene23",TRUE,0.9138,-2.253e-06,0.8433,-26.76
"near_poisson",8,"gene24",TRUE,0.9138,-5.717e-06,4.037,-153.1
"near_poisson",8,"gene25",FALSE,1.004,0.04133,1.952,20.16
"near_poisson",8,"gene26",TRUE,0.9652,-1.395e-06,3.875,-51.45
"near_poisson",8,"gene27",TRUE,0.9908,-1.174e-06,2.375,-9.674
"near_poisson",8,"gene28",FALSE,1.07,0.5508,2.13,79.39
"near_poisson",8,"gene29",TRUE,0.9644,-6.959e-07,2.447,-5.837
"near_poisson",8,"gene30",TRUE,0.9613,-1.673e-06,1.302,-16.83
"near_poisson",8,"gene31",TRUE,0.9071,-4.585e-06,2.31,-107.3
"near_poisson",8,"gene32",FALSE,1.064,1.162,3.557,202
"near_poisson",8,"gene33",FALSE,0.9798,0.03891,1.792,17.81
"near_poisson",8,"gene34",TRUE,0.9145,-4.641e-06,4.59,-191.5
"near_poisson",8,"gene35",FALSE,1.045,0.4435,3.18,105.9
"near_poisson",8,"gene36",TRUE,0.9126,-2.15e-06,1.2,-43.78
"near_poisson",8,"gene37",TRUE,0.9345,-1.917e-06,1.378,-13.82
"near_poisson",8,"gene38",TRUE,0.976,-1.592e-06,2.647,-15.04
"near_poisson",8,"gene39",TRUE,0.9773,-3.996e-06,3.527,-94.01
"near_poisson",8,"gene40",FALSE,1.034,0.1622,5.547,112.5
"near_poisson",8,"gene41",FALSE,1.002,0.06411,1.972,26.47
"near_poisson",8,"gene42",TRUE,0.9466,-3.17e-06,2.532,-79.84
"near_poisson",8,"gene43",FALSE,1.022,0.1767,3.297,69.65
"near_poisson",8,"gene44",FALSE,1.03,0.3238,2.137,62.16
"near_poisson",8,"gene45",TRUE,0.9291,-7.656e-07,1.327,-5.803
"near_poisson",8,"gene46",FALSE,1.032,0.4257,1.41,46.26
"near_poisson",8,"gene47",FALSE,1.167,0.8651,1.987,83.95
"near_poisson",8,"gene48",FALSE,1.016,0.003466,3.413,8.904
"near_poisson",8,"gene49",TRUE,0.9756,-2.268e-06,1.222,-26.07
"near_poisson",8,"gene50",TRUE,0.9872,-9.564e-07,2.552,-8.783
"near_poisson",8,"gene51",TRUE,1,-5.327e-07,1.678,-19.97
"near_poisson",8,"gene52",TRUE,0.9958,-6.529e-07,1.165,-5.182
"near_poisson",8,"gene53",TRUE,0.8862,-4.338e-06,3.733,-249.9
"near_poisson",8,"gene54",FALSE,1.076,0.3033,5.897,158
"near_poisson",8,"gene55",TRUE,0.9305,-0.001729,2.215,-76.12
"near_poisson",8,"gene56",FALSE,0.9744,0.01893,1.338,8.332
"near_poisson",8,"gene57",FALSE,1.12,1.506,3.325,218.4
"near_poisson",8,"gene58",FALSE,1.049,1.47,4.532,309.4
"near_poisson",8,"gene59",FALSE,1.008,0.04304,4.047,42.86
"near_poisson",8,"gene60",FALSE,1.028,0.2003,2.663,67.7
"near_poisson",8,"gene61",FALSE,1.034,0.2581,2.745,73.87
"near_poisson",8,"gene62",FALSE,0.9669,0.01611,2.175,15.17
"near_poisson",8,"gene63",TRUE,0.9928,-9.835e-07,1.48,-4.734
"near_poisson",8,"gene64",TRUE,0.9246,-5.4e-06,3.875,-109.1
"near_poisson",8,"gene65",TRUE,0.9809,-1.398e-06,1.07,-6.772
"near_poisson",8,"gene66",FALSE,1.075,1.343,2.407,165.2
"near_poisson",8,"gene67",TRUE,0.9342,-3.469e-06,1.798,-59.49
"near_poisson",8,"gene68",FALSE,1.085,0.6288,1.32,49.17
"near_poisson",8,"gene69",FALSE,1.098,1.857,4.29,292.7
"near_poisson",8,"gene70",FALSE,1.027,0.2961,1.268,33.76
"near_poisson",8,"gene71",TRUE,0.9812,-8.783e-07,2.093,-19.76
"near_poisson",8,"gene72",FALSE,1.017,0.6556,2.322,108.1
"near_poisson",8,"gene73",FALSE,1.087,2.037,5.883,507.6
"near_poisson",8,"gene74",FALSE,0.9898,0.02695,3.917,39.3
"near_poisson",8,"gene75",TRUE,0.9508,-1.878e-06,1.99,-42.92
"near_poisson",8,"gene76",FALSE,1.081,1.17,1.523,81.77
"near_poisson",8,"gene77",FALSE,1.002,0.2446,1.617,42.07
"near_poisson",8,"gene78",FALSE,1.048,0.1515,2.645,56.4
"near_poisson",8,"gene79",TRUE,1.004,-2.66e-07,2.298,-8.874
"near_poisson",8,"gene80",FALSE,1.099,1.954,1.97,149.1
"near_poisson",8,"gene81",TRUE,0.9317,-3.21e-06,2.81,-87.01
"near_poisson",8,"gene82",TRUE,0.9835,-8.757e-07,4.238,-32.85
"near_poisson",8,"gene83",FALSE,0.9584,0.02768,2.575,26.56
"near_poisson",8,"gene84",TRUE,0.9329,-3.736e-07,1.597,-83.29
"near_poisson",8,"gene85",TRUE,0.9627,-1.035e-06,1.932,-9.095
"near_poisson",8,"gene86",FALSE,1.049,0.237,2.035,51.13
"near_poisson",8,"gene87",TRUE,1.016,-8.581e-05,1.81,-3.725
"near_poisson",8,"gene88",TRUE,0.9906,-0.000633,3.52,-27.71
"near_poisson",8,"gene89",FALSE,1.104,1.999,3.587,266.2
"near_poisson",8,"gene90",FALSE,1.032,0.124,2.685,48.66
"near_poisson",8,"gene91",TRUE,0.8945,-8.52e-06,2.935,-207.7
"near_poisson",8,"gene92",FALSE,1.001,0.01442,2.218,12.99
"near_poisson",8,"gene93",TRUE,0.9703,-1.843e-06,3.335,-28.4
"near_poisson",8,"gene94",FALSE,1.03,0.03501,1.24,11.47
"near_poisson",8,"gene95",FALSE,1.003,0.02789,1.813,16.99
"near_poisson",8,"gene96",FALSE,1.081,1.82,3.582,258.8
"near_poisson",8,"gene97",FALSE,1.095,1.302,2.007,128
"near_poisson",8,"gene98",TRUE,0.8869,-4.372e-06,3.908,-291.6
"near_poisson",8,"gene99",FALSE,1.032,0.2734,1.23,31.91
"near_poisson",8,"gene100",FALSE,1.052,0.3125,0.8817,24.63
"near_poisson",8,"gene101",FALSE,1,0.1717,4.86,108.4
"near_poisson",8,"gene102",TRUE,0.9772,-7.886e-06,3.175,-148.3
"near_poisson",8,"gene103",TRUE,0.8601,-4.482e-06,1.267,-107
"near_poisson",8,"gene104",FALSE,1.048,0.502,1.535,54.62
"near_poisson",8,"gene105",TRUE,0.9412,-4.291e-06,2.155,-72.04
"near_poisson",8,"gene106",TRUE,0.9126,-3.604e-06,1.667,-69.7
"near_poisson",8,"gene107",TRUE,1.008,-4.834e-07,1.652,-1.785
"near_poisson",8,"gene108",TRUE,0.9371,-2.58e-06,1.682,-50.06
"near_poisson",8,"gene109",FALSE,1.001,0.04099,3.045,31.41
"near_poisson",8,"gene110",FALSE,1.043,0.1938,3.447,77.96
"near_poisson",8,"gene111",FALSE,1.065,1.189,1.482,87.03
"near_poisson",8,"gene112",TRUE,0.9749,-1.166e-06,1.622,-29.85
"near_poisson",8,"gene113",FALSE,1.147,3.323,1.907,224.6
"near_poisson",8,"gene114",FALSE,1.008,0.0918,1.387,22.38
"near_poisson",8,"gene115",FALSE,1.01,0.02433,1.668,12.83
"near_poisson",8,"gene116",FALSE,1.102,2.22,1.93,152.5
"near_poisson",8,"gene117",FALSE,1.018,0.3803,2.505,81.73
"near_poisson",8,"gene118",FALSE,1.043,0.5363,1.975,80.86
"near_poisson",8,"gene119",FALSE,1.141,3.294,4.007,399.9
"near_poisson",8,"gene120",FALSE,1.023,0.1094,4.408,71.33
"near_poisson",8,"gene121",TRUE,0.9374,-3.927e-06,2.08,-80.23
"near_poisson",8,"gene122",FALSE,1.066,0.4118,0.9367,29.92
"near_poisson",8,"gene123",FALSE,0.9572,0.01716,2.995,20.4
"near_poisson",8,"gene124",FALSE,1.019,0.009068,2.05,10.08
"near_poisson",8,"gene125",TRUE,0.9223,-2.321e-06,3.01,-159.7
"near_poisson",8,"gene126",FALSE,0.9988,0.01462,1.365,9.037
"near_poisson",8,"gene127",FALSE,1.038,0.2855,0.89,20.83
"near_poisson",8,"gene128",TRUE,0.9764,-2.676e-06,1.425,-32.8
"near_poisson",8,"gene129",FALSE,1.091,1.16,4.318,243.2
"near_poisson",8,"gene130",FALSE,1.029,0.06653,1.345,19.83
"near_poisson",8,"gene131",FALSE,1.103,2.721,4.503,387.1
"near_poisson",8,"gene132",FALSE,1.019,0.1439,4.442,86.14
"near_poisson",8,"gene133",TRUE,0.9984,-1.588e-06,3.81,-15.86
"near_poisson",8,"gene134",TRUE,0.9791,-4.762e-06,4.85,-221.8
"near_poisson",8,"gene135",TRUE,0.9532,-1.528e-06,4.283,-98.53
"near_poisson",8,"gene136",FALSE,1.137,2.379,2.08,175.6
"near_poisson",8,"gene137",FALSE,1.012,0.1705,3.362,70.76
"near_poisson",8,"gene138",FALSE,0.9825,0.04306,1.512,16.51
"near_poisson",8,"gene139",FALSE,1.105,1.228,1.423,86.31
"near_poisson",8,"gene140",FALSE,0.9787,0.02009,2.31,19.41
"near_poisson",8,"gene141",FALSE,1.051,1.133,1.222,67.86
"near_poisson",8,"gene142",TRUE,0.9996,-9.501e-07,2.923,-22.4
"near_poisson",8,"gene143",TRUE,0.9654,-4.407e-07,2.355,-5.439
"near_poisson",8,"gene144",TRUE,0.884,-7.784e-06,4.645,-201.9
"near_poisson",8,"gene145",TRUE,0.945,-3.112e-06,3.747,-103.2
"near_poisson",8,"gene146",FALSE,1.015,0.3219,3.015,92.7
"near_poisson",8,"gene147",FALSE,1.091,1.269,5.1,311.9
"near_poisson",8,"gene148",TRUE,0.9366,-2.825e-06,2.415,-76.68
"near_poisson",8,"gene149",FALSE,1.057,0.457,4.023,160
"near_poisson",8,"gene150",TRUE,1.029,-6.883e-07,1.338,-3.745
"near_poisson",8,"gene151",FALSE,1.01,0.109,5.218,83.27
"near_poisson",8,"gene152",FALSE,1.024,0.1564,1.602,33.4
"near_poisson",8,"gene153",FALSE,1.171,5.668,1.315,176.3
"near_poisson",8,"gene154",FALSE,1.009,0.04866,2.2,25.58
"near_poisson",8,"gene155",TRUE,0.9521,-3.203e-06,3.543,-53.56
"near_poisson",8,"gene156",TRUE,0.9605,-1.616e-06,1.502,-24.33
"near_poisson",8,"gene157",FALSE,1.07,0.5998,2.217,86.06
"near_poisson",8,"gene158",TRUE,0.9548,-1.164e-06,2.547,-29.26
"near_poisson",8,"gene159",FALSE,1.047,0.06058,3.095,37.78
"near_poisson",8,"gene160",FALSE,1.086,1.559,1.477,95.07
"near_poisson",8,"gene161",FALSE,1.11,1.475,2.752,193
"near_poisson",8,"gene162",FALSE,0.9992,0.02015,4.903,35.55
"near_poisson",8,"gene163",FALSE,0.9774,0.02162,1.42,10.53
"near_poisson",8,"gene164",TRUE,0.9498,-2.457e-06,1.687,-38.47
"near_poisson",8,"gene165",FALSE,1.028,0.4224,1.697,58.72
"near_poisson",8,"gene166",FALSE,1.024,0.1578,2.775,57.05
"near_poisson",8,"gene167",TRUE,0.9444,-4.54e-06,2.612,-94.78
"near_poisson",8,"gene168",TRUE,0.9265,-3.152e-06,1.703,-69.77
"near_poisson",8,"gene169",TRUE,0.8479,-3.523e-06,4.337,-331.5
"near_poisson",8,"gene170",TRUE,0.9015,-1.57e-06,3.883,-182
"near_poisson",8,"gene171",FALSE,0.9934,0.003413,2.347,7.658
"near_poisson",8,"gene172",TRUE,0.9586,-2.988e-06,3.862,-82.03
"near_poisson",8,"gene173",FALSE,0.962,0.005992,2.933,10.89
"near_poisson",8,"gene174",FALSE,1.056,0.09833,2.568,41.87
"near_poisson",8,"gene175",FALSE,1.025,0.07237,1.248,17.05
"near_poisson",8,"gene176",FALSE,1.006,0.01925,2.198,14.91
"near_poisson",8,"gene177",TRUE,0.933,-9.104e-07,1.337,-55.51
"near_poisson",8,"gene178",TRUE,0.9482,-6.409e-06,5.258,-170
"near_poisson",8,"gene179",FALSE,1.113,2.697,2.113,191.2
"near_poisson",8,"gene180",TRUE,0.9659,-0.0001761,0.9867,-7.744
"near_poisson",8,"gene181",TRUE,1.001,-5.245e-07,2.213,-1.062
"near_poisson",8,"gene182",FALSE,1.021,0.5223,1.745,70.71
"near_poisson",8,"gene183",FALSE,0.9957,0.1593,1.142,22.72
"near_poisson",8,"gene184",FALSE,1.037,0.1086,3.923,67.18
"near_poisson",8,"gene185",TRUE,0.944,-4.871e-06,4.228,-106.4
"near_poisson",8,"gene186",TRUE,0.9227,-1.162e-06,3.785,-120.7
"near_poisson",8,"gene187",FALSE,1.087,0.9357,4.458,233.5
"near_poisson",8,"gene188",TRUE,0.953,-2.134e-06,1.847,-51.85
"near_poisson",8,"gene189",FALSE,1.06,0.2067,4.247,98.17
"near_poisson",8,"gene190",FALSE,0.9827,0.002869,1.608,3.936
"near_poisson",8,"gene191",FALSE,1.018,0.01017,4.54,24.13
"near_poisson",8,"gene192",TRUE,0.9944,-3.42e-06,5.35,-60.09
"near_poisson",8,"gene193",FALSE,1.068,0.643,1.11,47.5
"near_poisson",8,"gene194",TRUE,0.9986,-1.158e-06,1.672,-11.87
"near_poisson",8,"gene195",TRUE,0.9338,2.5e-07,1.577,-54.53
"near_poisson",8,"gene196",FALSE,1.022,0.6795,1.577,66.69
"near_poisson",8,"gene197",TRUE,0.9769,-2.25e-06,4.1,-40.6
"near_poisson",8,"gene198",TRUE,0.9641,-2.823e-06,3.47,-69.74
"near_poisson",8,"gene199",TRUE,0.987,-1.66e-06,4.368,-25.82
"near_poisson",8,"gene200",TRUE,0.8939,-4.486e-06,1.425,-83.03
"near_poisson",8,"gene201",TRUE,0.9197,-4.238e-06,4.118,-239.1
"near_poisson",8,"gene202",TRUE,0.9857,-1.005e-06,2.618,-11.62
"near_poisson",8,"gene203",TRUE,0.9729,-2.921e-06,2.855,-43.33
"near_poisson",8,"gene204",TRUE,1.006,-2.025e-06,4.08,-11.96
"near_poisson",8,"gene205",FALSE,0.9739,0.0003653,2.227,2.237
"near_poisson",8,"gene206",TRUE,0.8493,-3.388e-06,1.057,-87.28
"near_poisson",8,"gene207",TRUE,0.9646,-2.232e-06,2.875,-35.17
"near_poisson",8,"gene208",TRUE,0.9503,-1.653e-06,1.262,-36.91
"near_poisson",8,"gene209",TRUE,0.9827,-9.982e-07,2.517,-20.15
"near_poisson",8,"gene210",TRUE,0.9187,-6.294e-06,2.178,-111.2
"near_poisson",8,"gene211",TRUE,0.9954,-2.802e-06,2.757,-52.35
"near_poisson",8,"gene212",TRUE,0.925,-1.821e-06,1.037,-40.67
"near_poisson",8,"gene213",TRUE,0.8442,-3.355e-06,1.533,-133.3
"near_poisson",8,"gene214",TRUE,0.9682,-4.528e-07,1.323,-2.493
"near_poisson",8,"gene215",FALSE,1.034,0.5756,1.945,87.88
"near_poisson",8,"gene216",TRUE,0.9715,-2.274e-06,3.137,-58.92
"near_poisson",8,"gene217",FALSE,1.095,1.957,1.837,136
"near_poisson",8,"gene218",FALSE,1.016,0.1212,4.458,82.07
"near_poisson",8,"gene219",TRUE,0.9755,-1.561e-06,3.423,-28.27
"near_poisson",8,"gene220",FALSE,1.035,0.3674,1.132,37.7
"near_poisson",8,"gene221",TRUE,0.9187,-4.078e-06,3.043,-108
"near_poisson",8,"gene222",TRUE,0.9313,-4.903e-06,2.977,-141.7
"near_poisson",8,"gene223",FALSE,1.008,0.2293,4.07,107
"near_poisson",8,"gene224",FALSE,1.03,0.01128,3.99,21.55
"near_poisson",8,"gene225",FALSE,1.138,1.393,1.455,83.09
"near_poisson",8,"gene226",TRUE,0.9481,-3.117e-06,2.105,-72.04
"near_poisson",8,"gene227",TRUE,1.036,-4.912e-07,1.347,-6.68
"near_poisson",8,"gene228",FALSE,1.018,0.07199,3.95,59.07
"near_poisson",8,"gene229",FALSE,1.044,0.344,3.695,107.2
"near_poisson",8,"gene230",FALSE,1.054,0.8686,1.785,85.93
"near_poisson",8,"gene231",TRUE,0.9923,-2.834e-06,3.963,-58.24
"near_poisson",8,"gene232",FALSE,1.06,0.5338,1.665,67.42
"near_poisson",8,"gene233",TRUE,0.9352,-4.052e-06,1.648,-73.41
"near_poisson",8,"gene234",FALSE,1.023,0.343,1.673,50.87
"near_poisson",8,"gene235",TRUE,0.937,-3.722e-06,3.073,-93.16
"near_poisson",8,"gene236",TRUE,0.9885,-3.901e-06,4.352,-126.8
"near_poisson",8,"gene237",FALSE,0.9912,0.08841,3.198,53.88
"near_poisson",8,"gene238",TRUE,0.9336,-0.0001749,0.9267,-7.693
"near_poisson",8,"gene239",TRUE,0.8826,-4.27e-06,1.893,-133.2
"near_poisson",8,"gene240",FALSE,1.012,0.169,1.763,41.58
"near_poisson",8,"gene241",FALSE,0.9835,0.02919,4.74,43.06
"near_poisson",8,"gene242",FALSE,1.003,0.1568,3.387,78.14
"near_poisson",8,"gene243",TRUE,0.8758,-4.682e-06,1.513,-108.1
"near_poisson",8,"gene244",TRUE,0.9599,-2.744e-06,3.29,-72.32
"near_poisson",8,"gene245",FALSE,1.054,0.7499,2.637,118
"near_poisson",8,"gene246",FALSE,1.104,0.9123,2.718,130.7
"near_poisson",8,"gene247",TRUE,0.8908,-6.488e-06,1.572,-107
"near_poisson",8,"gene248",FALSE,1.144,2.462,5.032,430.8
"near_poisson",8,"gene249",TRUE,0.984,-1.874e-06,1.993,-31.33
"near_poisson",8,"gene250",TRUE,0.8823,-3.826e-06,3.277,-215.4
"near_poisson",8,"gene251",TRUE,0.9602,-0.0003217,3.31,-14.02
"near_poisson",8,"gene252",FALSE,1.046,0.1194,2.795,47.73
"near_poisson",8,"gene253",FALSE,1.006,0.1498,3.285,68.35
"near_poisson",8,"gene254",FALSE,0.9587,0.004746,1.437,4.895
"near_poisson",8,"gene255",TRUE,0.8992,-4.353e-07,2.027,-68.65
"near_poisson",8,"gene256",TRUE,0.9908,-2.102e-06,2.125,-26.01
"near_poisson",8,"gene257",TRUE,0.9708,-1.008e-06,1.938,-31.85
"near_poisson",8,"gene258",TRUE,0.9245,-2.993e-06,2.097,-79.67
"near_poisson",8,"gene259",FALSE,1.138,3.089,1.168,116.4
"near_poisson",8,"gene260",FALSE,1.023,0.2597,2,52.54
"near_poisson",8,"gene261",TRUE,0.9372,-8.815e-07,2.782,-10.6
"near_poisson",8,"gene262",FALSE,1.063,0.1225,3.992,72.45
"near_poisson",8,"gene263",TRUE,0.9802,-8.599e-07,2.013,-6.762
"near_poisson",8,"gene264",FALSE,1.004,0.0853,1.853,28.26
"near_poisson",8,"gene265",FALSE,1.063,0.2499,2.547,68.14
"near_poisson",8,"gene266",TRUE,0.9332,-7.048e-07,3.637,-103.9
"near_poisson",8,"gene267",TRUE,0.924,-5.405e-06,6.058,-230
"near_poisson",8,"gene268",FALSE,1.055,0.6642,3.723,146.8
"near_poisson",8,"gene269",TRUE,0.915,-1.9e-06,1.968,-71.89
"near_poisson",8,"gene270",TRUE,0.9477,-3.238e-06,2.328,-80.62
"near_poisson",8,"gene271",FALSE,1.028,0.1787,2.207,47.79
"near_poisson",8,"gene272",TRUE,0.9542,-2.47e-06,2.185,-40.94
"near_poisson",8,"gene273",TRUE,0.9624,-2.143e-06,1.387,-39.32
"near_poisson",8,"gene274",FALSE,1.051,1.124,4.66,276.4
"near_poisson",8,"gene275",FALSE,1.094,1.525,2.043,131.2
"near_poisson",8,"gene276",TRUE,0.9806,-1.027e-06,1.945,-15
"near_poisson",8,"gene277",FALSE,1.084,0.3319,3.392,105.7
"near_poisson",8,"gene278",FALSE,1.038,0.2415,2.128,47.55
"near_poisson",8,"gene279",TRUE,0.9999,-1.108e-06,1.983,-10.28
"near_poisson",8,"gene280",TRUE,0.9758,-0.0002591,2.29,-11.34
"near_poisson",8,"gene281",TRUE,0.9859,-1.711e-07,0.995,-0.1601
"near_poisson",8,"gene282",TRUE,0.8911,-2.291e-06,1.56,-53.57
"near_poisson",8,"gene283",FALSE,1.028,0.3883,3.363,118.8
"near_poisson",8,"gene284",FALSE,0.9835,0.009627,2.043,10.75
"near_poisson",8,"gene285",FALSE,0.996,0.03562,2.168,21.59
"near_poisson",8,"gene286",TRUE,0.9807,-0.0003432,1.45,-15.09
"near_poisson",8,"gene287",FALSE,1.018,0.3845,1.938,62.09
"near_poisson",8,"gene288",FALSE,1.02,0.3163,3.09,96.75
"near_poisson",8,"gene289",FALSE,1.079,1.041,2.397,130.7
"near_poisson",8,"gene290",TRUE,0.9979,-2.584e-06,3.075,-51.97
"near_poisson",8,"gene291",FALSE,1.002,0.1694,4.615,101.1
"near_poisson",8,"gene292",TRUE,0.9186,-3.597e-06,1.96,-76.61
"near_poisson",8,"gene293",FALSE,1.045,0.3514,2.122,60.24
"near_poisson",8,"gene294",FALSE,1.004,0.01576,2.217,14.97
"near_poisson",8,"gene295",TRUE,0.9506,-1.668e-06,1.26,-43.02
"near_poisson",8,"gene296",FALSE,1.072,0.5217,3.43,130.8
"near_poisson",8,"gene297",FALSE,1.036,0.2366,4.085,109.4
"near_poisson",8,"gene298",TRUE,0.9594,-1.022e-06,1.837,-15.42
"near_poisson",8,"gene299",FALSE,1.025,0.228,3.973,102.3
"near_poisson",8,"gene300",FALSE,0.993,0.1426,2.952,57.93
"near_poisson",9,"gene1",FALSE,1.022,0.05548,2.32,17.91
"near_poisson",9,"gene2",FALSE,0.9786,0.0112,2.447,8.994
"near_poisson",9,"gene3",FALSE,1.051,0.2379,5.09,74.72
"near_poisson",9,"gene4",FALSE,1.029,0.01599,3.942,16.39
"near_poisson",9,"gene5",FALSE,1.011,0.01008,2.76,7.955
"near_poisson",9,"gene6",TRUE,0.8822,-5.001e-06,2.035,-90.63
"near_poisson",9,"gene7",TRUE,0.9763,-1.934e-06,7.452,-62
"near_poisson",9,"gene8",TRUE,0.957,-6.061e-07,3.18,-26.4
"near_poisson",9,"gene9",FALSE,1.078,1.099,3.352,112.8
"near_poisson",9,"gene10",TRUE,0.941,-3.297e-06,6.03,-123.8
"near_poisson",9,"gene11",TRUE,0.9179,-3.517e-06,3.217,-84.41
"near_poisson",9,"gene12",TRUE,1.008,-2.021e-06,7.452,-36.16
"near_poisson",9,"gene13",FALSE,1.175,4.404,7,511.9
"near_poisson",9,"gene14",TRUE,0.9379,-6.119e-07,4.185,-70.15
"near_poisson",9,"gene15",FALSE,0.9948,0.01551,2.532,9.566
"near_poisson",9,"gene16",TRUE,0.9433,-3.721e-06,3.398,-78.8
"near_poisson",9,"gene17",FALSE,1.037,0.2674,2.928,79.07
"near_poisson",9,"gene18",FALSE,1.031,0.2248,2.508,62.15
"near_poisson",9,"gene19",FALSE,1.006,0.02532,3.527,29.53
"near_poisson",9,"gene20",TRUE,0.9362,-2.957e-06,4.018,-139.5
"near_poisson",9,"gene21",TRUE,0.9446,-2.591e-06,2.3,-39.25
"near_poisson",9,"gene22",FALSE,1.011,0.4576,1.56,51.29
"near_poisson",9,"gene23",FALSE,1.025,0.2263,2.028,49.27
"near_poisson",9,"gene24",FALSE,0.9834,0.006311,1.183,5.136
"near_poisson",9,"gene25",FALSE,0.9823,0.01775,1.028,6.824
"near_poisson",9,"gene26",FALSE,1.012,0.1235,1.268,21.86
"near_poisson",9,"gene27",FALSE,1.026,0.1322,2.278,43.63
"near_poisson",9,"gene28",FALSE,1.074,1.168,2.907,174.5
"near_poisson",9,"gene29",TRUE,0.9413,-2.045e-06,1.353,-19.96
"near_poisson",9,"gene30",TRUE,0.9425,-3.411e-06,1.825,-59.24
"near_poisson",9,"gene31",FALSE,0.9914,0.001275,1.57,2.729
"near_poisson",9,"gene32",FALSE,1.011,0.3049,4.373,126.9
"near_poisson",9,"gene33",TRUE,0.9891,-1.872e-06,3.75,-41.52
"near_poisson",9,"gene34",FALSE,1.105,0.9342,1.277,68.93
"near_poisson",9,"gene35",TRUE,0.894,-2.283e-06,2.298,-126
"near_poisson",9,"gene36",FALSE,1.001,0.01341,2.93,13.67
"near_poisson",9,"gene37",TRUE,0.9846,-1.422e-06,1.458,-17.94
"near_poisson",9,"gene38",FALSE,1.002,0.06389,2.983,43.39
"near_poisson",9,"gene39",TRUE,0.9142,-2.732e-06,4.337,-137.3
"near_poisson",9,"gene40",FALSE,1.084,3.41,1.667,189.2
"near_poisson",9,"gene41",FALSE,1.004,0.04751,4.303,47.49
"near_poisson",9,"gene42",TRUE,0.9009,-4.98e-06,1.72,-99.13
"near_poisson",9,"gene43",TRUE,0.8995,-5.965e-06,2.857,-136.7
"near_poisson",9,"gene44",TRUE,0.8731,-5.017e-06,1.84,-107.2
"near_poisson",9,"gene45",FALSE,1.014,0.02474,3.02,27
"near_poisson",9,"gene46",FALSE,1.082,0.8755,1.275,68.86
"near_poisson",9,"gene47",TRUE,0.9569,-3.395e-06,4.255,-104.2
"near_poisson",9,"gene48",TRUE,0.8966,-2.669e-06,1.403,-53.16
"near_poisson",9,"gene49",TRUE,0.9724,-1.902e-06,2.098,-37.13
"near_poisson",9,"gene50",TRUE,0.917,-5.768e-06,4.802,-192.1
"near_poisson",9,"gene51",FALSE,1.014,0.0693,1.91,24.63
"near_poisson",9,"gene52",TRUE,0.9477,-3.247e-06,1.57,-67.08
"near_poisson",9,"gene53",FALSE,1.101,0.8983,4.665,223
"near_poisson",9,"gene54",TRUE,0.9416,-8.625e-07,1.308,-33.14
"near_poisson",9,"gene55",FALSE,0.9952,0.01641,2.268,15.13
"near_poisson",9,"gene56",TRUE,0.9082,-3.429e-06,1.598,-53.29
"near_poisson",9,"gene57",TRUE,0.999,-6.954e-07,2.042,-5.234
"near_poisson",9,"gene58",FALSE,1.05,0.5329,2.39,94.94
"near_poisson",9,"gene59",FALSE,1.053,0.2954,1.438,40.08
"near_poisson",9,"gene60",TRUE,0.9525,-1.402e-06,1.345,-15.32
"near_poisson",9,"gene61",FALSE,1.001,0.3664,1.97,79.02
"near_poisson",9,"gene62",TRUE,0.9642,-0.0005143,1.66,-22.61
"near_poisson",9,"gene63",FALSE,1.045,0.4256,3.028,119.1
"near_poisson",9,"gene64",FALSE,0.9964,0.00335,4.987,16.07
"near_poisson",9,"gene65",TRUE,0.9805,-5.149e-07,4.308,-1.798
"near_poisson",9,"gene66",TRUE,0.9077,-5.483e-06,2.073,-138.5
"near_poisson",9,"gene67",TRUE,0.9979,-1.888e-06,1.998,-29.53
"near_poisson",9,"gene68",FALSE,1.017,0.1659,1.685,35.34
"near_poisson",9,"gene69",FALSE,0.9729,0.08087,2.238,35.49
"near_poisson",9,"gene70",FALSE,0.9987,0.2006,1.363,30.76
"near_poisson",9,"gene71",FALSE,0.9824,0.02342,1.218,9.221
"near_poisson",9,"gene72",TRUE,0.9418,-1.643e-06,2.258,-33.85
"near_poisson",9,"gene73",FALSE,1.025,0.01286,5.627,32.75
"near_poisson",9,"gene74",FALSE,1.057,1.087,3.437,180.2
"near_poisson",9,"gene75",TRUE,0.9508,-1.053e-06,1.263,-7.554
"near_poisson",9,"gene76",TRUE,0.9783,-1.946e-06,1.2,-27.55
"near_poisson",9,"gene77",FALSE,1.05,0.8315,2.513,130
"near_poisson",9,"gene78",FALSE,1.027,0.3204,3.53,104.6
"near_poisson",9,"gene79",TRUE,1.01,-1.286e-06,2.02,-22.2
"near_poisson",9,"gene80",FALSE,1.039,0.2396,2.742,74.91
"near_poisson",9,"gene81",TRUE,0.9605,-1.879e-06,1.363,-15.9
"near_poisson",9,"gene82",FALSE,0.9969,0.01874,1.347,9.657
"near_poisson",9,"gene83",TRUE,0.9342,-2.869e-06,1.663,-51.9
"near_poisson",9,"gene84",TRUE,0.9241,-3.694e-06,1.208,-63.85
"near_poisson",9,"gene85",TRUE,1.001,-1.646e-06,4.17,-12.48
"near_poisson",9,"gene86",FALSE,1.023,0.2353,2.597,68.54
"near_poisson",9,"gene87",FALSE,1.037,0.1316,2.738,51.94
"near_poisson",9,"gene88",FALSE,1.021,0.288,2.372,62.77
"near_poisson",9,"gene89",TRUE,0.9412,-2.007e-06,1.285,-27.87
"near_poisson",9,"gene90",TRUE,0.9302,-7.19e-06,4.587,-224.5
"near_poisson",9,"gene91",TRUE,0.935,-5.106e-06,3.867,-117.9
"near_poisson",9,"gene92",FALSE,0.9873,0.01942,1.638,11.88
"near_poisson",9,"gene93",FALSE,1.013,0.02576,1.275,9.673
"near_poisson",9,"gene94",FALSE,1.021,0.07274,1.88,25.1
"near_poisson",9,"gene95",FALSE,1.039,0.004442,5.592,18.18
"near_poisson",9,"gene96",TRUE,0.9538,-2.011e-06,1.402,-47.48
"near_poisson",9,"gene97",FALSE,1.056,0.8648,3.148,172.5
"near_poisson",9,"gene98",TRUE,0.9211,-4.043e-06,2.5,-82.6
"near_poisson",9,"gene99",FALSE,1.107,1.993,1.562,115.8
"near_poisson",9,"gene100",TRUE,0.8804,-6.456e-06,2.17,-145.8
"near_poisson",9,"gene101",FALSE,0.9916,0.1022,1.808,36.32
"near_poisson",9,"gene102",TRUE,0.9152,-3.656e-06,1.99,-95.27
"near_poisson",9,"gene103",FALSE,1.086,1.293,1.785,105.4
"near_poisson",9,"gene104",FALSE,1.082,0.5272,2.168,74.53
"near_poisson",9,"gene105",TRUE,0.9496,-2.884e-06,3.89,-85.31
"near_poisson",9,"gene106",FALSE,0.9951,0.09061,2.562,42.3
"near_poisson",9,"gene107",FALSE,1.038,0.1219,2.35,43.84
"near_poisson",9,"gene108",TRUE,0.9911,-8.248e-07,1.668,-5.651
"near_poisson",9,"gene109",TRUE,0.9359,-1.622e-06,1.695,-55.11
"near_poisson",9,"gene110",TRUE,0.9453,-3.096e-06,2.783,-85.32
"near_poisson",9,"gene111",FALSE,1.034,0.01651,2.993,19.14
"near_poisson",9,"gene112",FALSE,1.037,0.1482,1.195,22.1
"near_poisson",9,"gene113",TRUE,0.943,-7.27e-07,1.603,-19.86
"near_poisson",9,"gene114",FALSE,1.084,1.779,4.435,278.5
"near_poisson",9,"gene115",TRUE,0.9102,-2.129e-06,2.982,-94.07
"near_poisson",9,"gene116",TRUE,0.948,-7.394e-06,3.468,-125.6
"near_poisson",9,"gene117",FALSE,1.071,1.644,2.978,213.6
"near_poisson",9,"gene118",FALSE,1.02,0.05213,2.973,35.38
"near_poisson",9,"gene119",TRUE,0.9495,-1.722e-06,1.638,-25.6
"near_poisson",9,"gene120",TRUE,0.9182,-2.04e-06,1.142,-36.79
"near_poisson",9,"gene121",FALSE,1.088,1.259,1.732,95.35
"near_poisson",9,"gene122",FALSE,0.9794,0.009852,3.687,19.32
"near_poisson",9,"gene123",TRUE,0.9903,-5.756e-07,2.333,-1.886
"near_poisson",9,"gene124",TRUE,0.9871,-7.116e-05,2.588,-3.059
"near_poisson",9,"gene125",FALSE,1.039,0.5019,1.145,42.77
"near_poisson",9,"gene126",FALSE,1.042,0.7789,4.775,242
"near_poisson",9,"gene127",TRUE,0.9959,-4.488e-05,2.415,-1.89
"near_poisson",9,"gene128",TRUE,0.9165,-7.827e-06,5.962,-663.5
"near_poisson",9,"gene129",FALSE,1.048,0.4884,4.687,170.9
"near_poisson",9,"gene130",TRUE,0.9154,-1.951e-06,1.815,-71.25
"near_poisson",9,"gene131",FALSE,0.9962,0.1669,1.933,43.57
"near_poisson",9,"gene132",TRUE,1.034,-6.527e-07,3.292,-15.49
"near_poisson",9,"gene133",FALSE,1.042,0.3757,3.563,117.1
"near_poisson",9,"gene134",FALSE,0.9979,0.05496,2.798,35.63
"near_poisson",9,"gene135",TRUE,0.9193,-3.902e-06,3.307,-154.5
"near_poisson",9,"gene136",TRUE,0.9601,-3.872e-06,3.72,-85.73
"near_poisson",9,"gene137",FALSE,1.051,0.2893,2.003,55.05
"near_poisson",9,"gene138",TRUE,0.9486,-3.053e-06,1,-36.38
"near_poisson",9,"gene139",TRUE,0.9725,-2.689e-06,2.452,-59.24
"near_poisson",9,"gene140",FALSE,1.049,0.2906,1.288,36.67
"near_poisson",9,"gene141",FALSE,0.9786,0.002846,2.015,6.08
"near_poisson",9,"gene142",FALSE,1.034,0.3029,1.778,47.22
"near_poisson",9,"gene143",FALSE,0.9909,0.02384,3.082,24.74
"near_poisson",9,"gene144",TRUE,0.928,-2.957e-06,4.43,-103.3
"near_poisson",9,"gene145",FALSE,1.013,0.07021,1.797,25.89
"near_poisson",9,"gene146",FALSE,1.08,0.95,1.273,69.83
"near_poisson",9,"gene147",FALSE,0.9797,0.08106,4.8,78.45
"near_poisson",9,"gene148",FALSE,1.013,0.05008,1.937,23.01
"near_poisson",9,"gene149",FALSE,1.086,0.6716,2.567,105.6
"near_poisson",9,"gene150",TRUE,0.9519,-4.298e-06,3.197,-74.71
"near_poisson",9,"gene151",TRUE,0.9764,-2.039e-06,4.07,-50.9
"near_poisson",9,"gene152",FALSE,1.019,0.1608,1.313,27.34
"near_poisson",9,"gene153",TRUE,0.9742,-2.274e-06,2.538,-78.04
"near_poisson",9,"gene154",FALSE,1.032,0.2165,2.2,53.38
"near_poisson",9,"gene155",FALSE,1.067,0.7806,1.94,85.52
"near_poisson",9,"gene156",TRUE,0.9036,-4.211e-06,3.322,-173.2
"near_poisson",9,"gene157",FALSE,1.021,0.1181,1.842,38.31
"near_poisson",9,"gene158",FALSE,0.999,0.04825,2.872,33.78
"near_poisson",9,"gene159",FALSE,1.042,0.556,4.953,188.3
"near_poisson",9,"gene160",FALSE,0.9903,0.0001859,1.272,0.9256
"near_poisson",9,"gene161",TRUE,0.9514,-1.711e-06,4.537,-75.74
"near_poisson",9,"gene162",FALSE,1.032,0.1321,1.06,20.97
"near_poisson",9,"gene163",TRUE,0.8625,-2.991e-06,1,-57.88
"near_poisson",9,"gene164",TRUE,0.9652,-6.028e-06,4.44,-159.2
"near_poisson",9,"gene165",FALSE,1.01,0.2658,1.745,46.96
"near_poisson",9,"gene166",TRUE,0.9686,8.763e-08,1.618,-12.66
"near_poisson",9,"gene167",FALSE,1.031,0.1712,2.717,56.4
"near_poisson",9,"gene168",TRUE,1.022,-1.151e-06,4.233,-9.003
"near_poisson",9,"gene169",FALSE,1.018,0.1893,3.268,73.31
"near_poisson",9,"gene170",FALSE,1.044,0.0008641,3.38,4.755
"near_poisson",9,"gene171",TRUE,0.9366,-1.611e-06,1.118,-30.49
"near_poisson",9,"gene172",TRUE,0.9466,-5.989e-06,4.093,-153.4
"near_poisson",9,"gene173",FALSE,1.044,0.03966,2.33,25.65
"near_poisson",9,"gene174",TRUE,0.8909,-1.989e-06,1.252,-64.74
"near_poisson",9,"gene175",TRUE,1.02,-8.088e-07,5.03,-9.667
"near_poisson",9,"gene176",TRUE,0.918,-2.832e-06,1.38,-52.24
"near_poisson",9,"gene177",FALSE,1.005,0.3455,3.157,95.33
"near_poisson",9,"gene178",FALSE,1.041,0.05565,0.99,11.98
"near_poisson",9,"gene179",FALSE,1.011,0.1184,3.235,60.71
"near_poisson",9,"gene180",FALSE,0.9745,0.08948,2.167,34.03
"near_poisson",9,"gene181",FALSE,1.055,0.7203,3.407,138
"near_poisson",9,"gene182",TRUE,0.9634,-1.579e-06,2.733,-40.29
"near_poisson",9,"gene183",FALSE,1.003,0.127,1.672,33.25
"near_poisson",9,"gene184",TRUE,0.9831,-1.994e-06,1.558,-14.38
"near_poisson",9,"gene185",FALSE,1.002,0.02404,1.642,11.79
"near_poisson",9,"gene186",TRUE,0.9561,-4.62e-06,2.002,-73.55
"near_poisson",9,"gene187",TRUE,0.9314,-4.667e-06,2.405,-80.7
"near_poisson",9,"gene188",FALSE,1.016,0.06438,1.103,12.58
"near_poisson",9,"gene189",FALSE,1.039,0.9048,1.852,106.9
"near_poisson",9,"gene190",TRUE,0.9818,-1.54e-06,3.603,-22.13
"near_poisson",9,"gene191",TRUE,0.9471,-2.21e-06,1.14,-39.43
"near_poisson",9,"gene192",FALSE,0.9897,0.00746,1.157,5.222
"near_poisson",9,"gene193",FALSE,1.038,0.191,4.678,98.82
"near_poisson",9,"gene194",FALSE,1.043,0.1553,2.297,43.5
"near_poisson",9,"gene195",FALSE,1.083,0.8362,4.268,204.5
"near_poisson",9,"gene196",TRUE,0.9404,-4.063e-06,1.815,-85.47
"near_poisson",9,"gene197",FALSE,1.005,0.647,1.598,73.85
"near_poisson",9,"gene198",FALSE,1.07,0.4878,4.562,171.3
"near_poisson",9,"gene199",TRUE,0.9611,-5.246e-06,2.542,-97.58
"near_poisson",9,"gene200",FALSE,1.065,1.289,2.712,170.4
"near_poisson",9,"gene201",FALSE,1.019,0.3633,2.195,76.27
"near_poisson",9,"gene202",FALSE,1.094,1.109,3.235,179.9
"near_poisson",9,"gene203",FALSE,1.083,1.112,2.015,108.4
"near_poisson",9,"gene204",FALSE,1.082,1.315,1.812,112.8
"near_poisson",9,"gene205",TRUE,0.966,-3.394e-06,2.727,-50.71
"near_poisson",9,"gene206",FALSE,1.036,0.1212,2.373,39.69
"near_poisson",9,"gene207",FALSE,1.005,0.2173,1.302,33.36
"near_poisson",9,"gene208",TRUE,0.8946,-5.295e-06,2.302,-156.8
"near_poisson",9,"gene209",TRUE,0.9255,-1.459e-06,1.53,-42.46
"near_poisson",9,"gene210",TRUE,0.9869,-2.239e-06,1.938,-41.76
"near_poisson",9,"gene211",FALSE,1.007,0.01233,1.488,7.936
"near_poisson",9,"gene212",TRUE,0.9825,-0.0002065,0.9817,-9.083
"near_poisson",9,"gene213",TRUE,0.9494,-1.724e-06,1.768,-35.22
"near_poisson",9,"gene214",FALSE,1.01,0.2425,3.875,101.6
"near_poisson",9,"gene215",TRUE,0.9292,-2.392e-06,2.278,-100.1
"near_poisson",9,"gene216",FALSE,1.041,0.06787,3.888,51.23
"near_poisson",9,"gene217",FALSE,0.9932,0.06593,5.328,71.75
"near_poisson",9,"gene218",TRUE,0.9538,-8.544e-07,1.003,-11.76
"near_poisson",9,"gene219",FALSE,1.055,0.3075,3.328,98.45
"near_poisson",9,"gene220",TRUE,0.9625,-1.753e-06,2.147,-13.77
"near_poisson",9,"gene221",FALSE,0.97,0.01669,4.633,29.39
"near_poisson",9,"gene222",TRUE,0.9729,-2.314e-06,2.833,-59.22
"near_poisson",9,"gene223",TRUE,0.9441,-2.136e-06,2.022,-51.69
"near_poisson",9,"gene224",FALSE,1.082,1.931,1.422,104.9
"near_poisson",9,"gene225",FALSE,1.041,0.1935,3.722,81.24
"near_poisson",9,"gene226",FALSE,1.01,0.2884,3.52,99.11
"near_poisson",9,"gene227",FALSE,1.031,0.268,2.69,80.4
"near_poisson",9,"gene228",FALSE,1.079,0.8533,1.488,77.73
"near_poisson",9,"gene229",FALSE,1.118,2.072,3.042,231.5
"near_poisson",9,"gene230",TRUE,0.9544,-1.5e-06,1.392,-27.71
"near_poisson",9,"gene231",FALSE,1.018,0.1361,1.778,31.26
"near_poisson",9,"gene232",FALSE,1.007,0.6334,1.947,81.96
"near_poisson",9,"gene233",TRUE,0.9294,-2.712e-06,2.015,-79.22
"near_poisson",9,"gene234",TRUE,0.9494,-0.0008264,1.835,-36.36
"near_poisson",9,"gene235",TRUE,0.953,-1.661e-06,2.288,-30.44
"near_poisson",9,"gene236",TRUE,0.9671,-1.428e-06,2.592,-32.67
"near_poisson",9,"gene237",TRUE,0.9477,-1.552e-06,1.37,-43.99
"near_poisson",9,"gene238",TRUE,0.9857,-2.18e-06,1.145,-24.72
"near_poisson",9,"gene239",FALSE,1.088,1.229,2.168,126.4
"near_poisson",9,"gene240",TRUE,0.9602,-1.249e-06,3.027,-21.35
"near_poisson",9,"gene241",FALSE,1.019,0.1109,2.17,34.15
"near_poisson",9,"gene242",FALSE,1.119,2.79,1.25,94.85
"near_poisson",9,"gene243",TRUE,0.98,-2.5e-06,5.128,-33.54
"near_poisson",9,"gene244",FALSE,1.005,0.1889,1.878,41.88
"near_poisson",9,"gene245",FALSE,1.068,0.9566,2.983,150.9
"near_poisson",9,"gene246",TRUE,0.9569,-2.192e-06,1.948,-27.22
"near_poisson",9,"gene247",FALSE,1.199,7.773,2.62,610.7
"near_poisson",9,"gene248",FALSE,1.015,0.1119,1.818,31.48
"near_poisson",9,"gene249",TRUE,0.8692,-7.089e-06,4.033,-290.6
"near_poisson",9,"gene250",FALSE,1.064,0.2359,5.278,144.5
"near_poisson",9,"gene251",FALSE,1.041,0.396,3.262,104.8
"near_poisson",9,"gene252",FALSE,1.051,0.3642,1.992,57.06
"near_poisson",9,"gene253",TRUE,0.9524,-1.699e-06,1.155,-41.41
"near_poisson",9,"gene254",TRUE,0.9305,3.584e-07,1.642,-43.57
"near_poisson",9,"gene255",FALSE,1.022,0.0004973,1.218,1.389
"near_poisson",9,"gene256",FALSE,1.025,0.0863,1.717,27.47
"near_poisson",9,"gene257",TRUE,0.8964,-4.259e-06,1.633,-107.2
"near_poisson",9,"gene258",TRUE,0.9527,-3.604e-06,4.057,-72.6
"near_poisson",9,"gene259",FALSE,1.051,0.7643,3.845,183.1
"near_poisson",9,"gene260",FALSE,1.015,0.0299,2.973,27.42
"near_poisson",9,"gene261",FALSE,1.096,1.898,1.935,134
"near_poisson",9,"gene262",FALSE,1.024,0.8273,4.625,244.7
"near_poisson",9,"gene263",TRUE,0.8927,-2.005e-06,2.198,-135.5
"near_poisson",9,"gene264",FALSE,1.046,0.2787,1.688,46.49
"near_poisson",9,"gene265",TRUE,0.9887,-1.762e-06,1.215,-13.67
"near_poisson",9,"gene266",FALSE,1.012,0.1479,1.258,21.12
"near_poisson",9,"gene267",TRUE,0.9069,-3.536e-06,1.53,-73.21
"near_poisson",9,"gene268",FALSE,1.055,0.4571,0.9783,34.29
"near_poisson",9,"gene269",FALSE,0.9744,0.01325,4.032,26.28
"near_poisson",9,"gene270",TRUE,0.9358,-2.178e-06,1.337,-28.22
"near_poisson",9,"gene271",FALSE,1.112,3.221,1.268,134.7
"near_poisson",9,"gene272",FALSE,0.9797,0.09156,3.102,49.83
"near_poisson",9,"gene273",FALSE,1.047,0.839,2.987,150.3
"near_poisson",9,"gene274",FALSE,1.044,0.9467,3.883,204.8
"near_poisson",9,"gene275",TRUE,0.9334,-2.179e-06,0.8783,-28.1
"near_poisson",9,"gene276",FALSE,1.004,0.1217,3.13,56.13
"near_poisson",9,"gene277",FALSE,0.964,0.1089,1.268,24.27
"near_poisson",9,"gene278",FALSE,1.087,0.4236,5.688,197
"near_poisson",9,"gene279",TRUE,0.9359,-1.68e-06,1.447,-32.23
"near_poisson",9,"gene280",TRUE,0.9918,-1.275e-06,1.478,-24.64
"near_poisson",9,"gene281",TRUE,0.8978,-3.358e-06,3.16,-113.5
"near_poisson",9,"gene282",FALSE,1.016,0.04272,1.595,17.98
"near_poisson",9,"gene283",FALSE,1.074,1.27,1.75,97.68
"near_poisson",9,"gene284",FALSE,1.065,0.5282,1.61,56.97
"near_poisson",9,"gene285",FALSE,1.013,0.15,3.475,71.1
"near_poisson",9,"gene286",TRUE,0.9711,-1.862e-06,1.575,-45.31
"near_poisson",9,"gene287",FALSE,1.038,0.2504,3.518,89.89
"near_poisson",9,"gene288",TRUE,0.9344,-9.772e-07,1.067,-37.28
"near_poisson",9,"gene289",FALSE,1.028,0.3154,1.45,52.29
"near_poisson",9,"gene290",FALSE,1.024,0.01686,2.927,18.15
"near_poisson",9,"gene291",FALSE,1.048,0.7565,1.678,76.53
"near_poisson",9,"gene292",TRUE,0.9367,-1.838e-06,1.71,-16.07
"near_poisson",9,"gene293",FALSE,1.047,0.8719,3.315,172
"near_poisson",9,"gene294",FALSE,1.042,0.03,1.838,17.87
"near_poisson",9,"gene295",FALSE,1.071,1.247,1.787,108.9
"near_poisson",9,"gene296",FALSE,1.042,0.3533,3.13,90.2
"near_poisson",9,"gene297",FALSE,1.041,0.109,3.015,49.96
"near_poisson",9,"gene298",TRUE,0.9652,-1.767e-06,1.53,-38.3
"near_poisson",9,"gene299",TRUE,0.8587,-3.177e-06,1.357,-91.28
"near_poisson",9,"gene300",FALSE,1,0.07702,1.283,17.13
"near_poisson",10,"gene1",FALSE,1.001,0.000176,3.925,1.743
"near_poisson",10,"gene2",FALSE,1.094,1.834,2.012,93.79
"near_poisson",10,"gene3",TRUE,0.9769,-1.115e-06,2.697,-10.77
"near_poisson",10,"gene4",FALSE,1.018,0.01954,4.08,18.68
"near_poisson",10,"gene5",FALSE,1.101,1.936,2.657,125.7
"near_poisson",10,"gene6",FALSE,1.058,0.5625,3.892,98.61
"near_poisson",10,"gene7",TRUE,0.9848,-5.486e-06,6.822,-59.11
"near_poisson",10,"gene8",FALSE,1.022,0.06569,1.778,14.3
"near_poisson",10,"gene9",TRUE,0.9048,-1.759e-06,1.795,-51.64
"near_poisson",10,"gene10",FALSE,1.1,0.8678,3.955,118.9
"near_poisson",10,"gene11",FALSE,1.044,0.178,3.097,38.03
"near_poisson",10,"gene12",TRUE,0.9287,-4.878e-06,5.607,-82.01
"near_poisson",10,"gene13",FALSE,1.127,2.26,5.72,299.1
"near_poisson",10,"gene14",TRUE,0.9307,-2.975e-06,1.87,-41.27
"near_poisson",10,"gene15",FALSE,1.018,0.2878,4.098,72.96
"near_poisson",10,"gene16",FALSE,0.9821,0.03121,1.018,9.591
"near_poisson",10,"gene17",TRUE,0.9314,-5.681e-06,2.55,-97.66
"near_poisson",10,"gene18",TRUE,0.9103,-7.557e-06,2.672,-200.9
"near_poisson",10,"gene19",FALSE,1.055,0.11,2.37,39.38
"near_poisson",10,"gene20",TRUE,0.9628,-0.0001772,1.125,-7.787
"near_poisson",10,"gene21",FALSE,1.067,1.015,2.928,173.9
"near_poisson",10,"gene22",FALSE,1.044,0.3372,3.025,93.99
"near_poisson",10,"gene23",FALSE,0.991,0.05933,3.732,45.28
"near_poisson",10,"gene24",TRUE,0.9834,-8.6e-05,1.162,-3.767
"near_poisson",10,"gene25",FALSE,1.025,0.1972,3.128,73.34
"near_poisson",10,"gene26",TRUE,0.9704,-9.158e-07,1.477,-7.726
"near_poisson",10,"gene27",FALSE,1.058,0.6691,3.722,163.4
"near_poisson",10,"gene28",FALSE,1.032,0.5483,3.815,169.1
"near_poisson",10,"gene29",TRUE,0.9387,-3.905e-06,2.61,-71.86
"near_poisson",10,"gene30",FALSE,1.022,0.01807,2.61,18.19
"near_poisson",10,"gene31",FALSE,1.079,0.2488,0.9483,22.84
"near_poisson",10,"gene32",TRUE,0.9489,-9.327e-07,1.082,-23.51
"near_poisson",10,"gene33",FALSE,1.02,0.08528,3.45,52.63
"near_poisson",10,"gene34",FALSE,1.103,1.341,4.347,269.8
"near_poisson",10,"gene35",TRUE,0.9923,-1.924e-06,2.103,-24.9
"near_poisson",10,"gene36",TRUE,0.9578,-7.015e-07,1.373,-10.06
"near_poisson",10,"gene37",TRUE,0.9699,-1.262e-06,1.797,-22.03
"near_poisson",10,"gene38",TRUE,0.9263,-2.141e-06,1.048,-30.42
"near_poisson",10,"gene39",FALSE,1.071,0.6423,2.245,96.04
"near_poisson",10,"gene40",FALSE,0.999,0.04012,2.265,22.2
"near_poisson",10,"gene41",TRUE,0.9353,-3.184e-06,3.458,-70.38
"near_poisson",10,"gene42",TRUE,0.9398,-3.056e-06,3.655,-93.41
"near_poisson",10,"gene43",FALSE,1.119,1.973,2.263,203.5
"near_poisson",10,"gene44",FALSE,0.9782,0.04805,1.848,23.82
"near_poisson",10,"gene45",FALSE,1.03,0.1426,1.683,28.52
"near_poisson",10,"gene46",FALSE,1.146,2.773,2.94,294.4
"near_poisson",10,"gene47",TRUE,1.028,-2.046e-06,4.033,-44.49
"near_poisson",10,"gene48",FALSE,1.006,0.3078,1.375,42.69
"near_poisson",10,"gene49",TRUE,1.004,-1.178e-06,1.728,-10.79
"near_poisson",10,"gene50",FALSE,1.068,0.9664,1.49,74.48
"near_poisson",10,"gene51",FALSE,0.9768,0.05098,1.477,18.01
"near_poisson",10,"gene52",FALSE,1.052,0.4022,1.472,43.33
"near_poisson",10,"gene53",TRUE,0.9538,-1.39e-06,2.102,-64.83
"near_poisson",10,"gene54",FALSE,1,0.007654,2.823,12.43
"near_poisson",10,"gene55",FALSE,1.064,0.7866,1.737,81.58
"near_poisson",10,"gene56",TRUE,0.9928,-2.917e-07,0.88,-0.6729
"near_poisson",10,"gene57",FALSE,0.9639,0.081,1.238,18.72
"near_poisson",10,"gene58",FALSE,1.058,0.7154,1.422,64.35
"near_poisson",10,"gene59",TRUE,0.9086,-6.682e-06,3.478,-123.4
"near_poisson",10,"gene60",TRUE,0.9922,-2.84e-06,3.907,-158.9
"near_poisson",10,"gene61",TRUE,0.9855,-1.382e-06,1.888,-7.028
"near_poisson",10,"gene62",FALSE,1.071,1.407,2.532,166.9
"near_poisson",10,"gene63",FALSE,1.08,1.58,1.253,79.13
"near_poisson",10,"gene64",TRUE,0.9227,-1.93e-06,2.107,-83.81
"near_poisson",10,"gene65",TRUE,0.9308,-4.34e-06,5.072,-201.6
"near_poisson",10,"gene66",FALSE,1.159,3.823,2.408,259.5
"near_poisson",10,"gene67",TRUE,0.9666,-2.971e-07,2.607,-106.1
"near_poisson",10,"gene68",FALSE,1.043,0.5497,2.918,121.3
"near_poisson",10,"gene69",FALSE,1.02,0.2226,1.457,37.01
"near_poisson",10,"gene70",FALSE,1.02,0.01592,2.347,15.19
"near_poisson",10,"gene71",TRUE,0.9672,-1.537e-06,1.515,-36.42
"near_poisson",10,"gene72",TRUE,0.9146,-2.544e-06,3.472,-231.1
"near_poisson",10,"gene73",FALSE,0.9994,0.1335,1.26,26.39
"near_poisson",10,"gene74",TRUE,0.9801,-1.714e-06,2.373,-24.09
"near_poisson",10,"gene75",TRUE,0.8951,-6.085e-06,1.703,-111.1
"near_poisson",10,"gene76",FALSE,1.015,0.3634,4.622,138.1
"near_poisson",10,"gene77",TRUE,0.98,-1.931e-06,1.797,-15.97
"near_poisson",10,"gene78",FALSE,0.9932,0.04044,1.065,11.24
"near_poisson",10,"gene79",FALSE,0.9711,9.013e-05,2.477,1.19
"near_poisson",10,"gene80",FALSE,1.044,0.2216,1.482,34.54
"near_poisson",10,"gene81",FALSE,1.007,0.2788,4.107,124.4
"near_poisson",10,"gene82",TRUE,0.9529,-6.073e-06,2.697,-128.6
"near_poisson",10,"gene83",TRUE,0.9835,3.917e-08,3.442,-47.91
"near_poisson",10,"gene84",FALSE,1.054,0.5949,1.203,51.82
"near_poisson",10,"gene85",TRUE,0.9485,-1.388e-06,3.12,-53.65
"near_poisson",10,"gene86",FALSE,0.9975,0.03175,1.015,9.821
"near_poisson",10,"gene87",FALSE,1.106,1.405,4.827,294.5
"near_poisson",10,"gene88",FALSE,1.056,0.2587,2.993,87.89
"near_poisson",10,"gene89",FALSE,1.111,3.286,1.472,175.5
"near_poisson",10,"gene90",FALSE,1.056,0.06834,2.568,40.67
"near_poisson",10,"gene91",TRUE,0.9368,-7.391e-07,2.12,-48.74
"near_poisson",10,"gene92",TRUE,0.9609,-6.574e-07,0.9717,-6.64
"near_poisson",10,"gene93",FALSE,0.9967,0.02507,1.765,15.21
"near_poisson",10,"gene94",TRUE,0.9323,-3.929e-06,3.94,-151.7
"near_poisson",10,"gene95",FALSE,1.002,0.0256,1.29,11.32
"near_poisson",10,"gene96",TRUE,0.9399,3.31e-07,1.38,-76.71
"near_poisson",10,"gene97",TRUE,0.9468,-1.863e-06,4.523,-34.19
"near_poisson",10,"gene98",FALSE,1.07,0.7942,1.677,84.5
"near_poisson",10,"gene99",TRUE,0.9513,-4.096e-06,3.022,-77.11
"near_poisson",10,"gene100",TRUE,0.9136,-2.861e-06,4.108,-238
"near_poisson",10,"gene101",FALSE,1.131,2.115,0.8883,73.45
"near_poisson",10,"gene102",FALSE,1.026,0.1273,3.698,74.49
"near_poisson",10,"gene103",FALSE,1.007,0.09412,3.383,58.26
"near_poisson",10,"gene104",FALSE,1.02,0.004061,1.413,4.185
"near_poisson",10,"gene105",TRUE,0.9339,-3.08e-06,1.932,-53.84
"near_poisson",10,"gene106",FALSE,1.03,0.3507,1.485,41.72
"near_poisson",10,"gene107",TRUE,0.8948,-3.7e-06,2.287,-118
"near_poisson",10,"gene108",FALSE,1.01,0.06744,2.653,36.64
"near_poisson",10,"gene109",FALSE,1.018,0.4205,2.36,82.02
"near_poisson",10,"gene110",FALSE,1.047,0.3084,4.502,146.2
"near_poisson",10,"gene111",FALSE,1.105,2.049,4.232,321.1
"near_poisson",10,"gene112",FALSE,1.076,0.865,2.518,113.7
"near_poisson",10,"gene113",FALSE,1.016,0.187,1.23,25.2
"near_poisson",10,"gene114",TRUE,0.988,-1.113e-06,1.617,-28.34
"near_poisson",10,"gene115",FALSE,1.032,0.1336,3.403,66.41
"near_poisson",10,"gene116",FALSE,1.123,1.053,4.065,226.8
"near_poisson",10,"gene117",FALSE,1.019,0.1977,1.833,44.47
"near_poisson",10,"gene118",TRUE,0.9623,-3.375e-06,2.468,-68.05
"near_poisson",10,"gene119",TRUE,0.8857,-3.711e-06,2.055,-130
"near_poisson",10,"gene120",TRUE,0.9473,-5.174e-06,3.027,-111.6
"near_poisson",10,"gene121",TRUE,0.911,-3.768e-06,2.125,-153.5
"near_poisson",10,"gene122",TRUE,0.9426,-1.918e-06,4.525,-148.1
"near_poisson",10,"gene123",FALSE,1.114,2.028,1.96,145.2
"near_poisson",10,"gene124",FALSE,1.026,0.2681,3.412,95.48
"near_poisson",10,"gene125",TRUE,0.9399,-3.168e-06,1.903,-83.76
"near_poisson",10,"gene126",TRUE,0.9384,-2.32e-06,1.447,-51.52
"near_poisson",10,"gene127",TRUE,0.9413,-2.962e-06,1.337,-39.73
"near_poisson",10,"gene128",FALSE,1.061,0.5836,1.102,46.01
"near_poisson",10,"gene129",TRUE,0.9012,-3.474e-06,1.233,-62.52
"near_poisson",10,"gene130",TRUE,0.8711,-4.295e-06,1.745,-126.7
"near_poisson",10,"gene131",TRUE,0.9091,-1.844e-06,2.062,-88.67
"near_poisson",10,"gene132",TRUE,0.8977,-3.016e-06,1.425,-43.12
"near_poisson",10,"gene133",FALSE,1.108,1.451,3.87,233.7
"near_poisson",10,"gene134",FALSE,0.9982,0.03064,1.772,16.19
"near_poisson",10,"gene135",TRUE,0.9455,-1.596e-06,1.212,-21.57
"near_poisson",10,"gene136",FALSE,1.067,1.196,2.853,170.7
"near_poisson",10,"gene137",FALSE,0.9991,0.001143,3.218,5.657
"near_poisson",10,"gene138",FALSE,1.019,0.2704,1.195,30.22
"near_poisson",10,"gene139",TRUE,0.977,-5.781e-07,1.327,-6.225
"near_poisson",10,"gene140",TRUE,1.02,-8.694e-07,3.622,-4.919
"near_poisson",10,"gene141",FALSE,1.062,0.198,1.138,27.12
"near_poisson",10,"gene142",FALSE,1.053,1.111,4.71,308.4
"near_poisson",10,"gene143",TRUE,0.9701,-1.227e-06,1.335,-8.74
"near_poisson",10,"gene144",FALSE,1.068,0.6862,3.968,175.5
"near_poisson",10,"gene145",FALSE,1.118,2.988,3.602,327.9
"near_poisson",10,"gene146",FALSE,1.056,0.3399,1.61,45.16
"near_poisson",10,"gene147",FALSE,1.076,1.201,1.562,82.79
"near_poisson",10,"gene148",FALSE,1.083,0.9832,3.237,174.4
"near_poisson",10,"gene149",FALSE,1.011,0.001448,2.042,3.945
"near_poisson",10,"gene150",TRUE,0.9533,-4.333e-06,2.242,-68.14
"near_poisson",10,"gene151",FALSE,1.006,0.06475,3.888,48.94
"near_poisson",10,"gene152",TRUE,0.9255,-4.783e-06,3.143,-137.9
"near_poisson",10,"gene153",FALSE,1.006,0.03808,1.415,13.84
"near_poisson",10,"gene154",TRUE,0.9726,-1.608e-06,1.707,-27.56
"near_poisson",10,"gene155",TRUE,0.922,-6.502e-06,2.913,-155.8
"near_poisson",10,"gene156",TRUE,0.9578,-3.833e-06,3.702,-63.74
"near_poisson",10,"gene157",TRUE,0.9722,-2.909e-06,1.678,-35.8
"near_poisson",10,"gene158",FALSE,0.9969,0.142,3.955,80.09
"near_poisson",10,"gene159",FALSE,1.017,0.04659,1.122,11.7
"near_poisson",10,"gene160",FALSE,1.055,0.5157,4.265,154.6
"near_poisson",10,"gene161",TRUE,0.9569,-2.058e-06,1.833,-63.58
"near_poisson",10,"gene162",TRUE,0.932,-3.971e-06,2.76,-94.6
"near_poisson",10,"gene163",FALSE,1.068,1.025,2.142,114.8
"near_poisson",10,"gene164",FALSE,1.098,0.4938,1.215,44.55
"near_poisson",10,"gene165",TRUE,0.933,-1.814e-06,1.265,-21.18
"near_poisson",10,"gene166",FALSE,0.9741,0.01219,3.34,19.4
"near_poisson",10,"gene167",TRUE,0.8734,-3.476e-06,1.13,-66.26
"near_poisson",10,"gene168",FALSE,1.181,3.066,4.582,420.7
"near_poisson",10,"gene169",TRUE,1.016,-0.0002526,2.817,-11
"near_poisson",10,"gene170",TRUE,0.8716,-2.42e-06,1.233,-75.65
"near_poisson",10,"gene171",TRUE,1.003,-1.426e-06,1.467,-11.38
"near_poisson",10,"gene172",TRUE,0.9771,-6.445e-07,3.492,-35.18
"near_poisson",10,"gene173",TRUE,0.9597,-8.361e-07,1.482,-13.36
"near_poisson",10,"gene174",TRUE,1.042,-1.8e-06,4.525,-50.62
"near_poisson",10,"gene175",FALSE,1.066,1.333,1.137,66.43
"near_poisson",10,"gene176",FALSE,1.016,0.4734,1.483,64.81
"near_poisson",10,"gene177",TRUE,0.9846,-3.886e-07,1.567,-2.134
"near_poisson",10,"gene178",FALSE,1.007,1.508e-05,2.97,0.6038
"near_poisson",10,"gene179",FALSE,1.015,0.03118,3.157,28.68
"near_poisson",10,"gene180",FALSE,1.019,0.4799,1.42,55.87
"near_poisson",10,"gene181",TRUE,0.9383,-3.986e-06,2.162,-86.26
"near_poisson",10,"gene182",TRUE,0.9543,-2.795e-06,3.297,-62.52
"near_poisson",10,"gene183",FALSE,0.9937,0.008455,1.42,7.096
"near_poisson",10,"gene184",FALSE,0.9956,0.1256,2.078,40.47
"near_poisson",10,"gene185",TRUE,0.9304,-4.578e-06,2.648,-135.4
"near_poisson",10,"gene186",TRUE,0.9905,-1.198e-06,3.652,-36.76
"near_poisson",10,"gene187",FALSE,1.015,0.611,3.713,148.6
"near_poisson",10,"gene188",FALSE,0.9947,0.0127,2.005,12.72
"near_poisson",10,"gene189",TRUE,0.9573,-2.183e-06,2.557,-44.3
"near_poisson",10,"gene190",FALSE,1.026,0.02184,4.252,34.11
"near_poisson",10,"gene191",FALSE,1.051,1.096,3.32,196.6
"near_poisson",10,"gene192",TRUE,0.9684,-2.078e-06,1.698,-47.8
"near_poisson",10,"gene193",FALSE,1.085,1.858,2.415,188.2
"near_poisson",10,"gene194",TRUE,0.9415,-2.867e-06,1.193,-48.33
"near_poisson",10,"gene195",TRUE,0.9637,-3.232e-06,3.92,-79.55
"near_poisson",10,"gene196",FALSE,1.038,0.1669,1.198,26.64
"near_poisson",10,"gene197",TRUE,0.8375,-9.275e-06,2.38,-200.7
"near_poisson",10,"gene198",FALSE,1.013,0.2476,2.293,57.45
"near_poisson",10,"gene199",TRUE,0.9828,-1.74e-06,2.173,-15.16
"near_poisson",10,"gene200",TRUE,0.9448,-9.055e-07,1.588,-10.56
"near_poisson",10,"gene201",TRUE,0.9793,-3.377e-06,4.202,-65.11
"near_poisson",10,"gene202",TRUE,0.8927,-8.487e-06,4.022,-236.9
"near_poisson",10,"gene203",TRUE,0.9668,-2.969e-06,1.962,-56.46
"near_poisson",10,"gene204",FALSE,1.061,0.9704,2.405,134.6
"near_poisson",10,"gene205",FALSE,1.031,0.3136,1.503,40.89
"near_poisson",10,"gene206",FALSE,0.9893,0.0003269,3.342,2.91
"near_poisson",10,"gene207",TRUE,1.012,-3.475e-05,2.062,-1.488
"near_poisson",10,"gene208",TRUE,0.9865,-2.203e-06,3.288,-41.12
"near_poisson",10,"gene209",TRUE,0.9422,-0.0007617,1.33,-33.53
"near_poisson",10,"gene210",TRUE,0.9825,-2.212e-06,2.122,-35.4
"near_poisson",10,"gene211",TRUE,0.9954,-9.799e-07,1.467,-15.78
"near_poisson",10,"gene212",TRUE,0.9342,-5.974e-06,3.573,-102.7
"near_poisson",10,"gene213",TRUE,1.001,-1.006e-06,1,-10.51
"near_poisson",10,"gene214",FALSE,1.083,0.8994,4.97,240.9
"near_poisson",10,"gene215",TRUE,0.9392,-2.185e-06,1.578,-48.79
"near_poisson",10,"gene216",TRUE,0.9426,-5.872e-06,2.927,-116.1
"near_poisson",10,"gene217",FALSE,1.093,0.7298,1.15,55.27
"near_poisson",10,"gene218",TRUE,0.9494,-5.584e-06,3.398,-87.23
"near_poisson",10,"gene219",FALSE,1.103,2.419,4.238,360.7
"near_poisson",10,"gene220",FALSE,1.041,0.4429,1.408,48.56
"near_poisson",10,"gene221",TRUE,0.9927,-8.728e-06,1.623,-0.3444
"near_poisson",10,"gene222",FALSE,1.055,0.07294,2.033,27.44
"near_poisson",10,"gene223",TRUE,1.035,-3.237e-07,2.165,-1.15
"near_poisson",10,"gene224",TRUE,0.9712,-3.837e-06,2.572,-68.87
"near_poisson",10,"gene225",FALSE,0.9793,0.02507,3.812,32.36
"near_poisson",10,"gene226",FALSE,1.109,2.982,4.137,494.4
"near_poisson",10,"gene227",FALSE,1.05,0.2603,2.038,48.03
"near_poisson",10,"gene228",TRUE,0.9969,-6.306e-07,2.267,-2.866
"near_poisson",10,"gene229",TRUE,0.9527,-2.025e-06,1.958,-29.54
"near_poisson",10,"gene230",FALSE,1.004,0.009464,2.252,11.36
"near_poisson",10,"gene231",TRUE,0.9789,-3.247e-07,1.277,-13.77
"near_poisson",10,"gene232",FALSE,1.117,1.597,3.457,237.4
"near_poisson",10,"gene233",FALSE,1.076,1.068,3.315,192.5
"near_poisson",10,"gene234",TRUE,0.9562,-3.266e-06,2.517,-73.6
"near_poisson",10,"gene235",FALSE,1.025,0.1058,2.683,44.07
"near_poisson",10,"gene236",FALSE,0.9514,0.01721,1.845,12.96
"near_poisson",10,"gene237",FALSE,1.051,0.3738,1.565,47.06
"near_poisson",10,"gene238",FALSE,0.9802,0.007813,1.273,5.775
"near_poisson",10,"gene239",TRUE,0.9106,-3.565e-06,3.377,-78.21
"near_poisson",10,"gene240",FALSE,1.063,0.7666,2.34,112.7
"near_poisson",10,"gene241",FALSE,1.024,0.08738,1.452,23.25
"near_poisson",10,"gene242",FALSE,1.033,0.2518,1.135,28.88
"near_poisson",10,"gene243",FALSE,0.9994,0.1105,2.863,50.41
"near_poisson",10,"gene244",TRUE,0.9085,-5.95e-06,2.11,-116.2
"near_poisson",10,"gene245",FALSE,1.032,0.4067,4.333,158.3
"near_poisson",10,"gene246",FALSE,1.053,0.508,1.645,59.58
"near_poisson",10,"gene247",FALSE,1.131,2.514,3.272,272.7
"near_poisson",10,"gene248",TRUE,0.94,-2.32e-06,1.845,-80.25
"near_poisson",10,"gene249",TRUE,0.9275,-2.731e-06,2.165,-50.48
"near_poisson",10,"gene250",TRUE,0.8969,-3.691e-06,1.658,-86.18
"near_poisson",10,"gene251",FALSE,1.059,0.3728,1.108,33.37
"near_poisson",10,"gene252",TRUE,0.9883,-2.6e-06,4.445,-78.89
"near_poisson",10,"gene253",FALSE,1.075,1.897,1.192,86.6
"near_poisson",10,"gene254",TRUE,0.9773,-1.601e-06,1.64,-36.19
"near_poisson",10,"gene255",FALSE,1.007,0.00172,2.872,5.798
"near_poisson",10,"gene256",FALSE,0.9918,0.0129,1.953,11.8
"near_poisson",10,"gene257",TRUE,0.9447,-2.33e-06,1.595,-35.32
"near_poisson",10,"gene258",FALSE,1.013,0.09535,1.73,24.69
"near_poisson",10,"gene259",FALSE,1.117,2.023,1.608,122.2
"near_poisson",10,"gene260",TRUE,0.9742,-1.06e-06,1.445,-13.77
"near_poisson",10,"gene261",TRUE,0.9412,-3.484e-06,2.94,-113.6
"near_poisson",10,"gene262",FALSE,1.076,0.8278,3.482,145.5
"near_poisson",10,"gene263",FALSE,1.06,0.638,3.445,141.6
"near_poisson",10,"gene264",TRUE,0.9279,-2.148e-06,1.683,-118.8
"near_poisson",10,"gene265",TRUE,0.9866,-1.496e-06,1.997,-38.36
"near_poisson",10,"gene266",TRUE,0.8825,-8.07e-06,2.93,-167.5
"near_poisson",10,"gene267",TRUE,0.8471,-4.358e-06,1.863,-179.7
"near_poisson",10,"gene268",TRUE,0.9533,-1.405e-06,3.752,-58.78
"near_poisson",10,"gene269",FALSE,1.032,0.1167,4.083,72.19
"near_poisson",10,"gene270",TRUE,0.9847,-2.423e-06,1.598,-29.49
"near_poisson",10,"gene271",FALSE,0.9843,0.002725,3.035,8.139
"near_poisson",10,"gene272",FALSE,1.003,0.0001646,3.845,2.376
"near_poisson",10,"gene273",TRUE,0.9432,-2.84e-06,1.075,-31.49
"near_poisson",10,"gene274",TRUE,0.98,-8.549e-08,2.392,-0.06864
"near_poisson",10,"gene275",FALSE,1.101,1.103,1.393,74.53
"near_poisson",10,"gene276",TRUE,0.9601,-1.591e-06,1.333,-37.16
"near_poisson",10,"gene277",FALSE,1.043,0.479,2.82,104.5
"near_poisson",10,"gene278",FALSE,1.04,0.5479,4.387,169
"near_poisson",10,"gene279",FALSE,1.056,0.5434,4.14,165.9
"near_poisson",10,"gene280",TRUE,0.9482,-3.766e-06,3.655,-95.48
"near_poisson",10,"gene281",TRUE,0.8441,-3.611e-06,2.033,-159.1
"near_poisson",10,"gene282",FALSE,0.9725,0.04287,2.6,28.31
"near_poisson",10,"gene283",TRUE,0.9422,-3.116e-06,1.55,-50.96
"near_poisson",10,"gene284",TRUE,0.9982,-2.007e-07,1.177,-0.3843
"near_poisson",10,"gene285",TRUE,0.9391,-3.431e-06,1.438,-54.14
"near_poisson",10,"gene286",TRUE,0.936,-4.355e-06,2.715,-101.1
"near_poisson",10,"gene287",TRUE,1.035,-1.807e-06,4.145,-27.22
"near_poisson",10,"gene288",FALSE,1.086,1.402,1.67,106.2
"near_poisson",10,"gene289",TRUE,0.9595,-4.302e-06,3.27,-88.24
"near_poisson",10,"gene290",TRUE,0.9094,-1.375e-06,1.305,-58.24
"near_poisson",10,"gene291",FALSE,1.028,0.09572,2.992,46.09
"near_poisson",10,"gene292",FALSE,1.052,0.07657,1.765,23.8
"near_poisson",10,"gene293",TRUE,0.9395,-2.442e-06,1.287,-51.14
"near_poisson",10,"gene294",TRUE,0.9777,7.79e-08,1.035,-1.76
"near_poisson",10,"gene295",FALSE,1.028,0.3359,4.277,136.4
"near_poisson",10,"gene296",TRUE,0.9517,-7.935e-07,4.097,-41.11
"near_poisson",10,"gene297",TRUE,0.9431,-5.895e-07,1.157,-8.752
"near_poisson",10,"gene298",FALSE,1.05,0.7196,3.623,184.3
"near_poisson",10,"gene299",TRUE,0.9477,-1.588e-06,1.683,-39.04
"near_poisson",10,"gene300",TRUE,0.9354,-1.611e-06,1.458,-36.59
"trend",1,"gene1",FALSE,1.26,9.615,5.013,607.2
"trend",1,"gene2",FALSE,1.528,27.79,4.192,1587
"trend",1,"gene3",FALSE,1.011,0.1612,0.245,3.125
"trend",1,"gene4",FALSE,1.117,2.298,0.495,51.14
"trend",1,"gene5",FALSE,1.173,5.8,2.835,299.8
"trend",1,"gene6",FALSE,1.178,4.323,3.803,493.8
"trend",1,"gene7",FALSE,1.266,10.38,1.353,203.8
"trend",1,"gene8",FALSE,1.024,0.4301,0.6583,29.54
"trend",1,"gene9",FALSE,1.194,7.043,0.7667,82.33
"trend",1,"gene10",FALSE,1.226,6.448,1.19,235.9
"trend",1,"gene11",FALSE,1.177,5.186,0.9917,91.47
"trend",1,"gene12",FALSE,1.16,4.779,0.8433,128.3
"trend",1,"gene13",FALSE,1.147,4.336,4.188,347.9
"trend",1,"gene14",FALSE,1.016,0.202,0.1533,4.332
"trend",1,"gene15",TRUE,0.9689,-2.858e-07,0.5667,-5.864
"trend",1,"gene16",FALSE,1.031,0.1541,0.125,2.623
"trend",1,"gene17",FALSE,1.246,10.16,3.74,447.5
"trend",1,"gene18",FALSE,1.229,7.36,1.4,279.4
"trend",1,"gene19",FALSE,1.058,0.2682,1.05,21.28
"trend",1,"gene20",TRUE,0.9744,-9.657e-07,0.6117,-13.61
"trend",1,"gene21",FALSE,1.343,18.71,3.852,705.7
"trend",1,"gene22",FALSE,1.18,4.849,1.355,219
"trend",1,"gene23",FALSE,1.225,5.137,3.292,325.4
"trend",1,"gene24",FALSE,1.488,29.71,3.728,1470
"trend",1,"gene25",FALSE,1.391,19.72,5.215,1038
"trend",1,"gene26",FALSE,1.085,1.444,2.085,165.5
"trend",1,"gene27",FALSE,1.013,0.7841,0.385,16.47
"trend",1,"gene28",FALSE,0.9896,0.001196,1.177,3.102
"trend",1,"gene29",TRUE,0.9077,-1.236e-07,0.17,-2.075
"trend",1,"gene30",FALSE,1.245,7.806,2.673,536.4
"trend",1,"gene31",FALSE,1.002,0.1637,0.135,4.03
"trend",1,"gene32",TRUE,0.9311,-1.183e-06,0.675,-26.75
"trend",1,"gene33",FALSE,1.589,36.12,5.833,2325
"trend",1,"gene34",FALSE,1.585,35.74,5.613,2172
"trend",1,"gene35",FALSE,1.022,0.2598,0.3533,8.767
"trend",1,"gene36",FALSE,1.517,30.16,7.343,2490
"trend",1,"gene37",FALSE,1.68,52.82,6.29,2988
"trend",1,"gene38",FALSE,1.11,2.306,0.6917,62.95
"trend",1,"gene39",FALSE,1.027,1.063,0.32,19.28
"trend",1,"gene40",FALSE,1.07,0.4486,0.325,10.73
"trend",1,"gene41",FALSE,1.722,54.96,4.697,2076
"trend",1,"gene42",FALSE,0.9767,0.04492,0.1117,1.055
"trend",1,"gene43",FALSE,1.269,11.49,3.278,622.3
"trend",1,"gene44",FALSE,1.235,8.924,2.318,364
"trend",1,"gene45",FALSE,1.015,0.1081,0.4667,8.648
"trend",1,"gene46",FALSE,1.328,14.16,1.885,393.2
"trend",1,"gene47",TRUE,0.9165,-3.812e-07,0.115,-1.474
"trend",1,"gene48",FALSE,1.284,12.37,2.96,545.6
"trend",1,"gene49",FALSE,1.273,10.36,3.215,587.9
"trend",1,"gene50",FALSE,1.059,0.8502,0.6483,29.9
"trend",1,"gene51",FALSE,1.321,13.37,3.338,646.3
"trend",1,"gene52",FALSE,1.1,2.583,0.285,21.08
"trend",1,"gene53",FALSE,1.157,3.197,0.7083,86.41
"trend",1,"gene54",FALSE,1.392,22.8,4.258,1214
"trend",1,"gene55",FALSE,1.479,26.13,6.292,1993
"trend",1,"gene56",FALSE,1.168,3.896,1.637,189.4
"trend",1,"gene57",FALSE,1.257,9.925,3.393,629.1
"trend",1,"gene58",FALSE,1.258,9.458,5.205,835.2
"trend",1,"gene59",FALSE,1.738,56.67,6.17,2783
"trend",1,"gene60",FALSE,0.9953,0.4703,0.125,3.863
"trend",1,"gene61",FALSE,1.34,14.16,3.978,809
"trend",1,"gene62",FALSE,1.438,24.35,3.668,1045
"trend",1,"gene63",FALSE,1.143,3.288,0.485,52.01
"trend",1,"gene64",FALSE,1.038,0.6312,0.705,27.45
"trend",1,"gene65",FALSE,1.463,17.26,2.35,621.8
"trend",1,"gene66",FALSE,1.085,0.8564,1.875,97.99
"trend",1,"gene67",FALSE,1.069,1.27,0.7933,46.7
"trend",1,"gene68",TRUE,0.9999,2.305e-08,0.2417,0.00162
"trend",1,"gene69",FALSE,1.305,11.13,1.21,262.4
"trend",1,"gene70",FALSE,1.047,0.5416,1.248,45.75
"trend",1,"gene71",TRUE,0.8703,-1.144e-06,0.245,-16.07
"trend",1,"gene72",FALSE,1.014,0.3323,0.5917,19.76
"trend",1,"gene73",FALSE,1.016,0.0525,0.3617,3.038
"trend",1,"gene74",FALSE,1.008,0.1497,0.7017,15.17
"trend",1,"gene75",FALSE,1.03,0.0479,0.4283,5.135
"trend",1,"gene76",FALSE,1.042,0.00558,0.195,0.7891
"trend",1,"gene77",TRUE,0.9004,-1.187e-06,0.2683,-9.217
"trend",1,"gene78",FALSE,1.1,1.426,0.725,50.56
"trend",1,"gene79",FALSE,1.018,0.68,0.3467,22.43
"trend",1,"gene80",FALSE,0.9971,0.004338,0.6183,1.932
"trend",1,"gene81",FALSE,1.212,6.697,2.938,422.1
"trend",1,"gene82",TRUE,0.8276,-1.422e-06,0.1783,-13.17
"trend",1,"gene83",FALSE,1.152,3.382,0.275,23.42
"trend",1,"gene84",FALSE,1.006,0.07684,0.5717,8.467
"trend",1,"gene85",FALSE,1.253,8.695,1.013,180
"trend",1,"gene86",FALSE,1.473,29.04,4.275,1229
"trend",1,"gene87",FALSE,1.117,2.553,0.9217,80.91
"trend",1,"gene88",FALSE,1.186,3.827,2.033,194.6
"trend",1,"gene89",FALSE,1.006,0.02262,1.008,8.237
"trend",1,"gene90",FALSE,1.285,13.07,2.86,668.7
"trend",1,"gene91",FALSE,1.177,2.559,2.878,244.2
"trend",1,"gene92",FALSE,1.123,3.038,0.8333,83.86
"trend",1,"gene93",FALSE,0.9966,0.02161,0.1917,1.367
"trend",1,"gene94",FALSE,1.151,7.276,0.3533,69.94
"trend",1,"gene95",FALSE,0.9992,1.495,0.1733,10.86
"trend",1,"gene96",FALSE,1.194,6.648,2.065,293.7
"trend",1,"gene97",FALSE,1.212,5.311,0.62,92.17
"trend",1,"gene98",FALSE,1.047,0.4926,0.475,20.79
"trend",1,"gene99",FALSE,1.181,6.856,2.393,359.3
"trend",1,"gene100",FALSE,1.048,0.7558,0.3317,17.58
"trend",1,"gene101",FALSE,1.048,2.029,0.2033,12.37
"trend",1,"gene102",FALSE,1.298,12.22,1.777,381.8
"trend",1,"gene103",FALSE,1.019,0.1178,0.3717,6.912
"trend",1,"gene104",FALSE,1.136,3.51,1.743,179.4
"trend",1,"gene105",FALSE,1.176,4.253,1.758,214.9
"trend",1,"gene106",FALSE,1.158,4.253,1.303,139
"trend",1,"gene107",TRUE,0.9639,-7.822e-07,0.82,-18.08
"trend",1,"gene108",FALSE,1.495,23.51,5.31,1512
"trend",1,"gene109",FALSE,1.542,36.8,5.44,2107
"trend",1,"gene110",FALSE,1.007,0.07612,0.39,6.152
"trend",1,"gene111",FALSE,1.084,1.69,0.9617,71.13
"trend",1,"gene112",FALSE,1.138,3.394,0.9383,80.98
"trend",1,"gene113",FALSE,0.9631,0.0001695,0.305,0.1915
"trend",1,"gene114",FALSE,1.387,14.19,6.938,1510
"trend",1,"gene115",FALSE,1.011,0.001218,1.278,2.508
"trend",1,"gene116",FALSE,1.253,9.601,3.53,588.9
"trend",1,"gene117",FALSE,0.9951,0.01505,0.37,2.369
"trend",1,"gene118",TRUE,0.9108,-1.331e-06,0.27,-6.741
"trend",1,"gene119",FALSE,0.9909,0.3084,0.1967,5.804
"trend",1,"gene120",FALSE,1.251,10.65,1.6,316.9
"trend",1,"gene121",FALSE,1.182,4.68,3.482,409.6
"trend",1,"gene122",FALSE,1.663,47.82,7.183,3365
"trend",1,"gene123",FALSE,1.003,0.07897,0.35,5.354
"trend",1,"gene124",FALSE,1.151,3.883,1.35,128.8
"trend",1,"gene125",FALSE,1.866,66.19,4.495,2333
"trend",1,"gene126",FALSE,1.231,5.896,4.602,577.8
"trend",1,"gene127",FALSE,1.019,0.2723,0.1683,4.287
"trend",1,"gene128",FALSE,1.089,1.29,0.675,40.17
"trend",1,"gene129",FALSE,2.006,102.5,6.653,4214
"trend",1,"gene130",FALSE,0.9875,1.129e-05,0.265,0.03681
"trend",1,"gene131",FALSE,1.246,8.937,3.192,527.3
"trend",1,"gene132",FALSE,1.793,65.75,5.35,2851
"trend",1,"gene133",TRUE,0.9874,-1.183e-06,1.077,-9.684
"trend",1,"gene134",FALSE,0.982,0.0006878,0.4417,0.5975
"trend",1,"gene135",FALSE,1.075,1.516,0.4033,27.67
"trend",1,"gene136",FALSE,1.081,1.877,1.308,94.47
"trend",1,"gene137",FALSE,1.026,0.2848,0.39,13.5
"trend",1,"gene138",FALSE,1.103,1.354,0.2617,15.91
"trend",1,"gene139",FALSE,1.006,0.08007,0.48,6.28
"trend",1,"gene140",FALSE,1.361,19.72,2.222,542.5
"trend",1,"gene141",FALSE,0.9912,0.0588,0.6183,7.173
"trend",1,"gene142",FALSE,1.043,0.7232,0.3783,17.31
"trend",1,"gene143",FALSE,0.9734,0.08777,0.535,8.178
"trend",1,"gene144",FALSE,1.704,53.06,6.568,2825
"trend",1,"gene145",FALSE,1.104,2.976,0.7867,83.06
"trend",1,"gene146",FALSE,0.9927,0.02292,0.2417,2.246
"trend",1,"gene147",FALSE,1.069,1.47,0.3133,20.24
"trend",1,"gene148",FALSE,1.831,66.41,6.122,3402
"trend",1,"gene149",FALSE,1.002,0.3035,0.1267,3.986
"trend",1,"gene150",FALSE,1.216,7.349,1.33,188.6
"trend",1,"gene151",FALSE,1.089,2.119,0.905,73.12
"trend",1,"gene152",FALSE,1.043,0.4469,0.1767,6.873
"trend",1,"gene153",FALSE,1.109,2.888,0.745,68.75
"trend",1,"gene154",FALSE,1.145,3.328,2.182,243.1
"trend",1,"gene155",FALSE,1.186,6.378,1.567,208.6
"trend",1,"gene156",FALSE,1.244,6.26,3.668,487
"trend",1,"gene157",FALSE,1.027,0.2,1.355,30.35
"trend",1,"gene158",FALSE,1.347,16.35,3.587,850.8
"trend",1,"gene159",FALSE,1.031,0.3294,0.4217,12.48
"trend",1,"gene160",FALSE,1.05,0.8974,0.71,36.19
"trend",1,"gene161",FALSE,1.032,0.114,0.3167,4.679
"trend",1,"gene162",FALSE,1.371,16.93,5.558,1279
"trend",1,"gene163",FALSE,0.9929,0.1319,0.2133,3.856
"trend",1,"gene164",FALSE,1.274,11.07,4.662,850.7
"trend",1,"gene165",FALSE,1.687,40.77,5.085,1906
"trend",1,"gene166",FALSE,1.482,24.31,4.242,1242
"trend",1,"gene167",FALSE,1.05,0.2374,1.093,27.08
"trend",1,"gene168",FALSE,1.18,2.258,4.47,302.5
"trend",1,"gene169",FALSE,1.054,2.081,0.25,19.97
"trend",1,"gene170",FALSE,1.576,36.77,5.1,1978
"trend",1,"gene171",FALSE,0.9997,0.05816,0.2667,3.582
"trend",1,"gene172",FALSE,0.9978,0.6811,0.7367,36.09
"trend",1,"gene173",FALSE,1.033,0.589,0.3683,15.61
"trend",1,"gene174",FALSE,1.779,54.97,3.495,2008
"trend",1,"gene175",FALSE,1.045,0.6427,0.3383,16.31
"trend",1,"gene176",FALSE,1.245,8.139,1.995,303.4
"trend",1,"gene177",FALSE,1.161,3.618,0.59,60.31
"trend",1,"gene178",FALSE,1.18,4.533,1.02,117.9
"trend",1,"gene179",FALSE,1.228,7.591,2.952,444.2
"trend",1,"gene180",FALSE,0.99,0.07933,0.175,2.186
"trend",1,"gene181",FALSE,1.098,1.837,2.058,151.9
"trend",1,"gene182",FALSE,1.048,1.217,0.5083,31.89
"trend",1,"gene183",TRUE,0.9806,-1.479e-06,1.198,-8.168
"trend",1,"gene184",FALSE,1.128,3.99,1.448,151.2
"trend",1,"gene185",FALSE,0.982,0.3451,0.3767,10.06
"trend",1,"gene186",TRUE,0.966,-2.324e-07,0.585,-8.888
"trend",1,"gene187",FALSE,1.409,21.78,6.67,1704
"trend",1,"gene188",FALSE,1.195,6.246,1.432,207.7
"trend",1,"gene189",FALSE,1.077,0.7046,1.647,64.34
"trend",1,"gene190",FALSE,1.237,7.382,3.555,524.1
"trend",1,"gene191",FALSE,1.14,4.541,2.49,288.2
"trend",1,"gene192",FALSE,1.561,34.41,6.317,2086
"trend",1,"gene193",FALSE,1.054,1.671,0.2883,23.4
"trend",1,"gene194",FALSE,1.107,2.302,1.158,97.38
"trend",1,"gene195",FALSE,1.252,9.733,1.577,284.1
"trend",1,"gene196",FALSE,1.003,0.0827,1.168,18.95
"trend",1,"gene197",FALSE,1.195,2.881,0.6433,66.18
"trend",1,"gene198",FALSE,0.9992,0.2079,0.2517,6.093
"trend",1,"gene199",FALSE,0.9701,0.02344,1.522,11.38
"trend",1,"gene200",FALSE,1.038,0.5004,0.2917,9.588
"trend",1,"gene201",FALSE,1.346,15.65,2.218,429
"trend",1,"gene202",FALSE,1.299,12.67,3.832,785.7
"trend",1,"gene203",FALSE,0.9967,0.5867,0.1683,8.437
"trend",1,"gene204",FALSE,0.9732,0.08804,0.2033,2.917
"trend",1,"gene205",FALSE,1.107,2.21,1.315,104.4
"trend",1,"gene206",FALSE,1.141,4.61,2.292,269.8
"trend",1,"gene207",FALSE,1.178,3.991,1.828,219.4
"trend",1,"gene208",TRUE,0.9504,-1.864e-07,0.175,-2.564
"trend",1,"gene209",FALSE,0.9969,0.0361,0.2017,1.615
"trend",1,"gene210",FALSE,1.335,15.04,5.003,1052
"trend",1,"gene211",FALSE,1.264,9.322,2.68,409.4
"trend",1,"gene212",FALSE,1.036,0.1145,0.28,4.949
"trend",1,"gene213",TRUE,0.9515,-2.69e-07,0.3317,-0.3156
"trend",1,"gene214",FALSE,1.308,9.784,3.948,650.2
"trend",1,"gene215",TRUE,0.9367,-7.384e-07,0.3967,-10.17
"trend",1,"gene216",FALSE,1.02,0.4114,0.215,7.363
"trend",1,"gene217",FALSE,1.198,5.19,1.655,191.5
"trend",1,"gene218",TRUE,0.923,-8.077e-07,0.2567,-7.009
"trend",1,"gene219",FALSE,1.006,0.2653,0.47,12.98
"trend",1,"gene220",FALSE,1.028,0.1991,0.5833,13.65
"trend",1,"gene221",FALSE,1.116,1.979,0.6983,46.64
"trend",1,"gene222",FALSE,1.22,7.98,1.802,286.2
"trend",1,"gene223",FALSE,1.089,2.875,0.195,20.3
"trend",1,"gene224",FALSE,1.029,0.1284,1.233,18.92
"trend",1,"gene225",FALSE,1.013,0.1516,1.072,20.48
"trend",1,"gene226",FALSE,1.348,19.36,5.233,1335
"trend",1,"gene227",FALSE,1.157,4.404,2.097,230.5
"trend",1,"gene228",FALSE,1.5,26.79,4.723,1492
"trend",1,"gene229",FALSE,1.143,2.732,0.1917,21.85
"trend",1,"gene230",FALSE,1.048,0.03263,0.4567,4.881
"trend",1,"gene231",FALSE,1.072,1.508,0.65,36.65
"trend",1,"gene232",FALSE,1.13,2.911,2.005,194.1
"trend",1,"gene233",FALSE,1.123,2.618,2.147,192.6
"trend",1,"gene234",FALSE,1.108,2.643,0.19,14.29
"trend",1,"gene235",FALSE,1.25,9.332,3.21,519.1
"trend",1,"gene236",TRUE,0.9232,-1.589e-06,0.4333,-16
"trend",1,"gene237",FALSE,1.06,0.7746,0.295,15.46
"trend",1,"gene238",FALSE,1.248,6.67,4.967,674.9
"trend",1,"gene239",TRUE,0.9184,-6.279e-05,0.1433,-2.766
"trend",1,"gene240",FALSE,0.9767,0.1074,0.3317,5.256
"trend",1,"gene241",FALSE,1.12,2.081,1.127,87.27
"trend",1,"gene242",FALSE,1.181,2.123,1.838,133.8
"trend",1,"gene243",FALSE,1.305,13.22,5.185,949.5
"trend",1,"gene244",FALSE,1.031,1.581,0.2233,12.1
"trend",1,"gene245",TRUE,0.9374,-9.152e-07,0.4067,-18.21
"trend",1,"gene246",FALSE,1.218,7.93,0.2317,39.18
"trend",1,"gene247",FALSE,1.311,13.08,4.965,1046
"trend",1,"gene248",TRUE,0.9412,-2.438e-06,1.248,-42.35
"trend",1,"gene249",FALSE,1.168,3.654,0.6467,79.99
"trend",1,"gene250",FALSE,1.281,11.29,4.265,812.9
"trend",1,"gene251",FALSE,1.164,5.194,1.382,198.2
"trend",1,"gene252",TRUE,0.9436,-1.218e-06,0.7633,-21.74
"trend",1,"gene253",FALSE,1.252,9.987,4.962,863.1
"trend",1,"gene254",FALSE,1.447,26.97,4.717,1373
"trend",1,"gene255",FALSE,1.444,20.49,4.988,1237
"trend",1,"gene256",TRUE,0.9206,-5.8e-07,0.3833,-7.521
"trend",1,"gene257",FALSE,1.49,26.56,8.13,2227
"trend",1,"gene258",FALSE,1.516,31.23,3.34,1226
"trend",1,"gene259",FALSE,1.242,8.639,4.187,647
"trend",1,"gene260",FALSE,1.123,2.277,1.423,113.4
"trend",1,"gene261",FALSE,1.042,0.566,0.4167,16.03
"trend",1,"gene262",FALSE,1.01,0.3682,1.298,38.84
"trend",1,"gene263",FALSE,1.207,4.827,3.365,401.2
"trend",1,"gene264",TRUE,0.9785,-1.631e-07,0.1467,-1.636
"trend",1,"gene265",FALSE,1.303,10.9,1.555,275.3
"trend",1,"gene266",FALSE,0.9862,0.002564,0.1383,0.3244
"trend",1,"gene267",FALSE,1.48,28.09,4.033,1194
"trend",1,"gene268",FALSE,1.12,2.008,1.967,142.6
"trend",1,"gene269",FALSE,0.9989,0.429,0.595,19.55
"trend",1,"gene270",FALSE,1.222,8.213,1.787,338.3
"trend",1,"gene271",FALSE,1.074,1.659,0.295,22.82
"trend",1,"gene272",FALSE,0.9898,0.02043,0.2483,1.574
"trend",1,"gene273",FALSE,1.662,48.52,8.112,3596
"trend",1,"gene274",FALSE,1.259,11.11,2.15,366
"trend",1,"gene275",FALSE,1.211,5.435,2.013,258.5
"trend",1,"gene276",FALSE,1.057,0.4861,0.1683,6.12
"trend",1,"gene277",FALSE,1.09,1.808,0.9983,75.92
"trend",1,"gene278",FALSE,1.059,0.8338,0.4033,19.34
"trend",1,"gene279",FALSE,1.074,0.4413,0.6783,24.32
"trend",1,"gene280",FALSE,1.772,58.35,5.92,3018
"trend",1,"gene281",TRUE,0.9129,-0.0001848,0.225,-8.142
"trend",1,"gene282",FALSE,1.161,3.145,0.9833,105.1
"trend",1,"gene283",FALSE,1.653,45.84,6.61,2702
"trend",1,"gene284",TRUE,0.9141,-1.17e-06,0.5217,-20.68
"trend",1,"gene285",TRUE,0.9418,2.179e-07,0.3333,-6.945
"trend",1,"gene286",TRUE,0.9715,-1.639e-06,0.88,-11.68
"trend",1,"gene287",FALSE,1.131,5.306,2.873,416.5
"trend",1,"gene288",FALSE,1.443,23.53,8.103,2248
"trend",1,"gene289",FALSE,1.154,3.694,0.99,95.04
"trend",1,"gene290",TRUE,0.9547,-5.817e-07,0.2817,-1.393
"trend",1,"gene291",TRUE,0.9827,-5.667e-05,0.28,-2.496
"trend",1,"gene292",TRUE,0.9848,-6.86e-07,0.1433,-4.606
"trend",1,"gene293",FALSE,1.102,1.365,2.395,153.1
"trend",1,"gene294",FALSE,1.264,8.878,3.327,550.1
"trend",1,"gene295",FALSE,1.413,21.5,4.7,1361
"trend",1,"gene296",FALSE,1.357,16.4,3.84,1001
"trend",1,"gene297",FALSE,1.066,0.7561,2.06,87.48
"trend",1,"gene298",FALSE,1.052,1.854,0.985,73.97
"trend",1,"gene299",FALSE,1.128,2.033,1.125,76.45
"trend",1,"gene300",FALSE,1.04,0.8201,0.2617,12.69
"trend",2,"gene1",FALSE,1.079,3.461,0.2967,23.02
"trend",2,"gene2",TRUE,0.9054,-1.539e-06,0.8067,-41.46
"trend",2,"gene3",FALSE,1.111,2.695,2.517,183.6
"trend",2,"gene4",FALSE,1.499,32.78,2.363,1036
"trend",2,"gene5",FALSE,1.11,2.376,0.4667,24.86
"trend",2,"gene6",FALSE,1.143,3.735,1.51,203.1
"trend",2,"gene7",TRUE,0.9722,-9.104e-07,0.8333,-5.112
"trend",2,"gene8",FALSE,1.291,11.96,1.565,367.9
"trend",2,"gene9",FALSE,1.717,51.16,7.383,2292
"trend",2,"gene10",FALSE,1.007,0.1872,0.7167,18.92
"trend",2,"gene11",FALSE,1.17,1.605,0.2233,10.86
"trend",2,"gene12",FALSE,0.9584,0.001959,0.13,0.3468
"trend",2,"gene13",FALSE,1.088,2.183,0.485,35.16
"trend",2,"gene14",FALSE,1.018,0.009366,1.467,8.836
"trend",2,"gene15",FALSE,1.07,1.343,2.135,80.7
"trend",2,"gene16",TRUE,0.9836,-7.14e-08,0.155,-2.315
"trend",2,"gene17",FALSE,1.155,4.173,3.232,266.5
"trend",2,"gene18",TRUE,0.9329,-0.0003435,0.33,-15.13
"trend",2,"gene19",FALSE,1.228,7.177,2.068,218
"trend",2,"gene20",FALSE,0.9762,0.03358,0.255,3.257
"trend",2,"gene21",FALSE,1.662,45.95,10.78,3461
"trend",2,"gene22",FALSE,1.172,4.401,1.98,309.2
"trend",2,"gene23",FALSE,1.57,33.36,3.79,999.3
"trend",2,"gene24",FALSE,1.02,2.198,0.4383,46.65
"trend",2,"gene25",FALSE,0.9935,0.1187,0.7483,9.657
"trend",2,"gene26",FALSE,1.293,13.37,2.295,636.8
"trend",2,"gene27",FALSE,1.076,0.226,0.2733,5.166
"trend",2,"gene28",FALSE,1.388,19.47,4.052,1548
"trend",2,"gene29",FALSE,1.819,63.36,5.278,1868
"trend",2,"gene30",FALSE,1.543,34.28,6.55,2752
"trend",2,"gene31",FALSE,1.023,0.07181,0.1467,1.817
"trend",2,"gene32",TRUE,0.9764,-1.193e-06,1.735,-6.996
"trend",2,"gene33",FALSE,1.033,0.5448,0.5467,20.41
"trend",2,"gene34",FALSE,1.361,15.66,2.678,610
"trend",2,"gene35",TRUE,0.9353,-5.199e-05,0.17,-2.29
"trend",2,"gene36",FALSE,1.139,2.812,3.443,308.1
"trend",2,"gene37",FALSE,1.094,0.7914,0.14,8.451
"trend",2,"gene38",FALSE,1.089,1.534,1.807,110.5
"trend",2,"gene39",FALSE,0.9939,0.6008,0.5867,25.17
"trend",2,"gene40",FALSE,1.155,4.057,1.785,190.2
"trend",2,"gene41",FALSE,0.9929,0.1018,0.75,10.98
"trend",2,"gene42",FALSE,1.189,3.89,2.208,223.4
"trend",2,"gene43",FALSE,1.327,14.35,6.405,1268
"trend",2,"gene44",FALSE,1.262,9.232,1.562,260.9
"trend",2,"gene45",FALSE,1.541,33.37,3.525,1271
"trend",2,"gene46",FALSE,0.9728,0.226,0.8,22.42
"trend",2,"gene47",FALSE,1.106,2.724,0.4833,39.85
"trend",2,"gene48",FALSE,1.188,3.919,0.3867,40.66
"trend",2,"gene49",FALSE,1.304,12.2,3.535,696.6
"trend",2,"gene50",FALSE,1.004,0.1476,0.3767,7.146
"trend",2,"gene51",FALSE,1.192,2.685,0.2667,29.39
"trend",2,"gene52",FALSE,1.196,5.032,1.717,198.3
"trend",2,"gene53",FALSE,1.196,5.322,3.537,455.8
"trend",2,"gene54",FALSE,1.098,1.498,0.6467,37.35
"trend",2,"gene55",FALSE,1.542,32.89,3.547,1271
"trend",2,"gene56",FALSE,1.033,0.1684,1.035,21.43
"trend",2,"gene57",FALSE,1.528,32.91,7.183,2592
"trend",2,"gene58",TRUE,0.9403,-6.4e-07,0.4667,-12.89
"trend",2,"gene59",FALSE,1.035,0.5019,0.8917,31.04
"trend",2,"gene60",FALSE,1.606,37.7,8.933,3416
"trend",2,"gene61",FALSE,1.031,0.9341,0.345,19.08
"trend",2,"gene62",FALSE,1.502,29.8,6.583,2240
"trend",2,"gene63",FALSE,1.263,9.509,1.343,207.9
"trend",2,"gene64",FALSE,1.398,20,3.383,1010
"trend",2,"gene65",FALSE,1.438,22.87,4.337,1238
"trend",2,"gene66",FALSE,1.045,0.2408,0.4817,11.53
"trend",2,"gene67",FALSE,1.28,10.52,1.545,305.8
"trend",2,"gene68",FALSE,1.25,8.367,1.885,289.8
"trend",2,"gene69",FALSE,1.724,53.78,7.14,2814
"trend",2,"gene70",FALSE,1.107,1.856,1.057,77.5
"trend",2,"gene71",FALSE,1.602,40.51,4.318,1640
"trend",2,"gene72",FALSE,1.087,0.541,0.4333,18.31
"trend",2,"gene73",FALSE,1.229,7.736,1.122,164.5
"trend",2,"gene74",FALSE,1.216,5.845,2.497,344.5
"trend",2,"gene75",TRUE,0.9478,-7.112e-07,0.1733,-3.159
"trend",2,"gene76",FALSE,1.357,16.09,3.857,890.8
"trend",2,"gene77",FALSE,1.031,0.7456,0.1533,6.602
"trend",2,"gene78",FALSE,1.039,1.212,0.3233,15.89
"trend",2,"gene79",FALSE,1.536,25.93,7.128,2058
"trend",2,"gene80",TRUE,0.9431,-2.79e-07,0.1583,-4.627
"trend",2,"gene81",FALSE,1.113,1.825,0.825,55.59
"trend",2,"gene82",FALSE,1.189,5.831,3.65,464.2
"trend",2,"gene83",FALSE,1.58,37.81,4.987,1895
"trend",2,"gene84",FALSE,1.16,4.69,4.507,549.4
"trend",2,"gene85",FALSE,1.995,87.95,7.437,4826
"trend",2,"gene86",FALSE,1.615,43.31,3.383,1398
"trend",2,"gene87",FALSE,1.515,28.59,3.723,1100
"trend",2,"gene88",TRUE,0.9583,-4.397e-07,0.185,-2.146
"trend",2,"gene89",FALSE,1.064,0.9283,1.215,62.44
"trend",2,"gene90",FALSE,1.3,11.8,2.21,377.7
"trend",2,"gene91",FALSE,1.058,0.8094,0.7883,33.51
"trend",2,"gene92",FALSE,1.033,0.3914,0.365,10.95
"trend",2,"gene93",FALSE,1.099,2.274,0.17,13.71
"trend",2,"gene94",FALSE,1.213,4.818,1.618,195.1
"trend",2,"gene95",FALSE,0.9768,0.07551,0.2133,2.501
"trend",2,"gene96",FALSE,1.066,1.084,0.3967,19.17
"trend",2,"gene97",FALSE,1.346,12.58,2.748,581
"trend",2,"gene98",FALSE,1.099,1.007,1.222,61.27
"trend",2,"gene99",FALSE,1.755,60.12,5.542,2521
"trend",2,"gene100",FALSE,1.517,29.05,4.938,1605
"trend",2,"gene101",FALSE,1.026,0.008085,0.315,1.526
"trend",2,"gene102",FALSE,1.025,0.3832,0.34,10.66
"trend",2,"gene103",FALSE,1.406,19.08,4.303,1055
"trend",2,"gene104",FALSE,1.101,0.8391,0.4433,21.81
"trend",2,"gene105",TRUE,0.9824,-3.545e-07,0.5117,-0.6305
"trend",2,"gene106",FALSE,1.059,0.6385,0.6483,27.22
"trend",2,"gene107",FALSE,0.9477,0.1647,0.2367,4.975
"trend",2,"gene108",FALSE,1.69,50.71,6.448,2893
"trend",2,"gene109",FALSE,1.033,0.3775,0.85,26.74
"trend",2,"gene110",FALSE,1.034,1.216,0.2433,14.53
"trend",2,"gene111",FALSE,1.184,4.669,1.21,136
"trend",2,"gene112",FALSE,1.081,0.7448,0.7333,37.44
"trend",2,"gene113",FALSE,1.661,44.56,4.602,1913
"trend",2,"gene114",TRUE,0.9442,-6.638e-07,0.2717,-3.81
"trend",2,"gene115",TRUE,0.9461,-1.183e-06,0.2383,-6.568
"trend",2,"gene116",FALSE,1.361,13.65,4.135,941
"trend",2,"gene117",FALSE,1.095,1.448,0.975,55.87
"trend",2,"gene118",FALSE,1.953,86.86,7.737,4931
"trend",2,"gene119",TRUE,0.9478,-5.376e-07,0.1417,-2.338
"trend",2,"gene120",FALSE,1.045,0.2122,0.355,8.011
"trend",2,"gene121",FALSE,1.198,5.959,2.157,248.7
"trend",2,"gene122",FALSE,1.216,6.556,2.673,399.1
"trend",2,"gene123",FALSE,1.578,36.35,5.277,1982
"trend",2,"gene124",FALSE,1.39,19.45,3.063,764.3
"trend",2,"gene125",FALSE,1.045,0.8268,0.5583,30.56
"trend",2,"gene126",FALSE,1.175,2.848,0.6483,51.26
"trend",2,"gene127",FALSE,1.369,14.78,2.493,606.8
"trend",2,"gene128",FALSE,1.81,67.22,5.378,2744
"trend",2,"gene129",FALSE,0.9608,0.0005077,0.4283,0.4325
"trend",2,"gene130",FALSE,1.041,0.3792,0.5683,19.7
"trend",2,"gene131",FALSE,1.061,1.037,0.1817,10.37
"trend",2,"gene132",FALSE,1.279,6.977,2.832,404.3
"trend",2,"gene133",FALSE,1.201,7.317,2.858,440.4
"trend",2,"gene134",TRUE,0.9353,-0.000349,0.8,-15.37
"trend",2,"gene135",FALSE,1.074,1.264,0.1717,11.58
"trend",2,"gene136",FALSE,1.688,52.08,6.683,2862
"trend",2,"gene137",FALSE,1.001,0.09141,0.5267,7.399
"trend",2,"gene138",FALSE,1.064,1.377,0.5483,29.05
"trend",2,"gene139",FALSE,1.012,0.05211,0.715,8.552
"trend",2,"gene140",FALSE,1.036,0.6964,0.3117,16.02
"trend",2,"gene141",FALSE,1.206,5.156,0.25,25.55
"trend",2,"gene142",FALSE,0.9799,0.0005562,0.1417,0.183
"trend",2,"gene143",FALSE,1.017,0.4257,1.438,38.73
"trend",2,"gene144",TRUE,1.026,-4.786e-08,0.3117,-0.0361
"trend",2,"gene145",TRUE,0.9716,-4.994e-07,0.3867,-3.097
"trend",2,"gene146",FALSE,1.073,0.9484,0.4767,25.01
"trend",2,"gene147",FALSE,1.302,11.01,5.167,922.4
"trend",2,"gene148",FALSE,1.162,3.531,0.9083,106.7
"trend",2,"gene149",FALSE,0.985,0.3462,0.1767,4.553
"trend",2,"gene150",FALSE,1.283,9.309,1.077,217.5
"trend",2,"gene151",FALSE,1.071,0.5739,0.3967,13.62
"trend",2,"gene152",FALSE,1.577,35.52,4.442,1744
"trend",2,"gene153",FALSE,1.464,20.68,5.838,1402
"trend",2,"gene154",FALSE,1.093,1.72,0.8617,57.83
"trend",2,"gene155",FALSE,1.378,15.62,2.447,562.1
"trend",2,"gene156",FALSE,1.188,5.228,4.042,471.5
"trend",2,"gene157",FALSE,1.405,23.5,6.338,1785
"trend",2,"gene158",FALSE,1.199,4.451,0.955,126.7
"trend",2,"gene159",TRUE,0.946,-6.808e-07,0.2117,-3.431
"trend",2,"gene160",FALSE,1.058,0.9282,0.435,24.72
"trend",2,"gene161",FALSE,1.189,4.328,0.4917,59.52
"trend",2,"gene162",FALSE,1.404,20.62,4.53,1161
"trend",2,"gene163",FALSE,0.985,0.0001954,0.1917,0.1226
"trend",2,"gene164",FALSE,1.017,0.05425,0.145,1.952
"trend",2,"gene165",FALSE,1.143,1.759,0.785,57.5
"trend",2,"gene166",FALSE,1.567,34.78,2.773,1029
"trend",2,"gene167",FALSE,1.024,0.1855,0.7233,15.11
"trend",2,"gene168",FALSE,1.026,0.8896,0.2033,10.09
"trend",2,"gene169",FALSE,1.243,8.056,2.253,388.6
"trend",2,"gene170",FALSE,1.029,0.4784,0.4833,20.98
"trend",2,"gene171",FALSE,1.108,3.707,2.072,245.3
"trend",2,"gene172",FALSE,1.054,0.937,2.047,97.63
"trend",2,"gene173",FALSE,1.016,0.5939,0.2833,12.06
"trend",2,"gene174",TRUE,0.9769,-2.807e-07,0.6283,-3.767
"trend",2,"gene175",TRUE,0.9442,-6.765e-07,0.5,-2.549
"trend",2,"gene176",FALSE,1.003,0.2427,0.23,5.905
"trend",2,"gene177",FALSE,0.9898,0.1869,0.255,4.91
"trend",2,"gene178",TRUE,0.9616,-0.0001048,0.1717,-4.617
"trend",2,"gene179",FALSE,1.033,0.2299,0.2383,5.812
"trend",2,"gene180",FALSE,1.138,3.677,0.9817,103.5
"trend",2,"gene181",FALSE,1.048,0.5286,0.1417,4.656
"trend",2,"gene182",FALSE,1.08,0.8955,1.835,85.52
"trend",2,"gene183",FALSE,1.068,1.124,0.175,8.997
"trend",2,"gene184",TRUE,0.9994,-6.341e-07,0.385,-2.085
"trend",2,"gene185",FALSE,1.122,2.881,1.412,124.5
"trend",2,"gene186",FALSE,1.447,23.62,3.113,843.7
"trend",2,"gene187",FALSE,1.011,0.07229,0.4533,6.287
"trend",2,"gene188",FALSE,1.001,0.117,0.19,3.006
"trend",2,"gene189",FALSE,1.576,38.48,6.202,2163
"trend",2,"gene190",TRUE,0.9399,-3.102e-05,0.1733,-1.366
"trend",2,"gene191",FALSE,0.966,5.442e-05,0.8183,0.321
"trend",2,"gene192",FALSE,1.015,0.2641,0.9517,24.3
"trend",2,"gene193",FALSE,1.062,0.3246,1.003,32.18
"trend",2,"gene194",FALSE,1.905,83.98,8.43,5071
"trend",2,"gene195",TRUE,0.9454,-0.0001203,0.2783,-5.299
"trend",2,"gene196",FALSE,1.504,30.57,3.507,1134
"trend",2,"gene197",FALSE,1.321,12.83,2.967,580.9
"trend",2,"gene198",TRUE,0.9358,-1.434e-06,0.54,-13.06
"trend",2,"gene199",FALSE,1.087,0.9914,0.345,15.7
"trend",2,"gene200",FALSE,1.082,0.2978,0.5,15.17
"trend",2,"gene201",FALSE,1.425,26.7,4.013,1188
"trend",2,"gene202",FALSE,1.413,22.86,6.963,2226
"trend",2,"gene203",TRUE,0.9818,-6.416e-07,0.5883,-2.722
"trend",2,"gene204",FALSE,1.096,2.63,0.3783,33.4
"trend",2,"gene205",TRUE,0.9847,-4.363e-05,0.2983,-1.921
"trend",2,"gene206",FALSE,0.9872,0.09926,0.3733,6.547
"trend",2,"gene207",TRUE,0.9619,-1.852e-06,0.7367,-17.92
"trend",2,"gene208",FALSE,0.9998,0.1137,0.5183,8.62
"trend",2,"gene209",FALSE,1.406,16.91,5.26,1179
"trend",2,"gene210",FALSE,1.28,9.964,1.958,349
"trend",2,"gene211",FALSE,1.025,0.3533,0.305,9.748
"trend",2,"gene212",FALSE,1.103,1.588,0.7717,44.21
"trend",2,"gene213",FALSE,1.196,6.595,0.9233,113.4
"trend",2,"gene214",FALSE,1.125,3.25,2.787,230.5
"trend",2,"gene215",FALSE,0.9879,0.01495,0.8617,5.334
"trend",2,"gene216",FALSE,1.237,7.719,2.758,419
"trend",2,"gene217",FALSE,1.618,40.47,4.343,1770
"trend",2,"gene218",FALSE,1.416,19.43,3.833,969
"trend",2,"gene219",FALSE,1.675,46.01,6.957,2713
"trend",2,"gene220",TRUE,0.8941,-1.951e-06,0.4267,-23.21
"trend",2,"gene221",FALSE,1.292,11.69,2.752,508.6
"trend",2,"gene222",FALSE,1.21,6.761,2.398,319.5
"trend",2,"gene223",FALSE,1.594,36.44,4.592,1459
"trend",2,"gene224",FALSE,1.052,1.072,0.6333,33.77
"trend",2,"gene225",TRUE,0.9845,-3.373e-07,0.3833,-0.8389
"trend",2,"gene226",FALSE,1.542,35.37,5.047,1822
"trend",2,"gene227",FALSE,1.72,57.84,6.102,2975
"trend",2,"gene228",FALSE,1.298,12.63,5.133,1057
"trend",2,"gene229",FALSE,1.91,68.16,6.475,3991
"trend",2,"gene230",FALSE,1.005,0.01213,0.5817,3.34
"trend",2,"gene231",FALSE,1.025,0.3061,0.3017,7.503
"trend",2,"gene232",FALSE,1.074,0.3378,1.097,30.5
"trend",2,"gene233",FALSE,1.046,1.018,1.118,51.4
"trend",2,"gene234",FALSE,1.271,6.393,3.65,489.1
"trend",2,"gene235",FALSE,0.9971,0.09193,0.2917,4.051
"trend",2,"gene236",FALSE,1.368,14.71,2.177,488.5
"trend",2,"gene237",FALSE,0.9853,0.1544,0.3883,8.24
"trend",2,"gene238",FALSE,1.018,0.2722,0.4467,11.22
"trend",2,"gene239",TRUE,0.9669,-1.049e-06,0.37,-9.263
"trend",2,"gene240",FALSE,1.12,3.165,0.635,71.55
"trend",2,"gene241",FALSE,1.519,30.59,5.62,1802
"trend",2,"gene242",FALSE,1.175,4.145,1.793,211.4
"trend",2,"gene243",FALSE,1.1,2.125,0.81,59.16
"trend",2,"gene244",FALSE,1.101,1.806,0.8333,55.46
"trend",2,"gene245",FALSE,0.9749,0.002707,0.5033,1.131
"trend",2,"gene246",FALSE,0.9842,0.232,0.2483,5.854
"trend",2,"gene247",FALSE,1.092,1.45,2.413,148.8
"trend",2,"gene248",FALSE,1.272,13.12,0.66,140.5
"trend",2,"gene249",TRUE,0.9693,-4.952e-07,0.2867,-2.832
"trend",2,"gene250",FALSE,1.095,2.616,0.8333,93.16
"trend",2,"gene251",FALSE,1.564,35.57,7.53,2815
"trend",2,"gene252",FALSE,1.095,1.207,0.225,14.3
"trend",2,"gene253",FALSE,1.307,13,4.525,888.1
"trend",2,"gene254",FALSE,1.008,0.2684,0.2617,6.492
"trend",2,"gene255",FALSE,1.338,13.47,6.425,1280
"trend",2,"gene256",FALSE,1.195,4.16,0.155,25.87
"trend",2,"gene257",FALSE,1.245,7.34,1.743,262.1
"trend",2,"gene258",FALSE,1.051,0.4109,1.855,59.31
"trend",2,"gene259",FALSE,1.096,0.9955,0.6067,31.19
"trend",2,"gene260",FALSE,1.014,0.04173,0.9833,8.887
"trend",2,"gene261",FALSE,1.035,0.3603,0.1983,5.641
"trend",2,"gene262",FALSE,1.021,0.273,0.635,16.44
"trend",2,"gene263",FALSE,1.032,1.15,0.435,26
"trend",2,"gene264",FALSE,1.105,0.7803,2.277,98.36
"trend",2,"gene265",FALSE,1.039,0.3879,0.2367,7.658
"trend",2,"gene266",FALSE,0.9818,0.1059,0.3933,6.437
"trend",2,"gene267",TRUE,0.8757,-1.31e-07,0.1717,-11.42
"trend",2,"gene268",FALSE,1.282,9.667,2.387,443.9
"trend",2,"gene269",FALSE,1.177,5.059,0.855,113.7
"trend",2,"gene270",FALSE,1.274,9.183,1.202,189.9
"trend",2,"gene271",FALSE,1.577,38.05,4.463,1766
"trend",2,"gene272",FALSE,1.257,8.538,4.173,615.4
"trend",2,"gene273",FALSE,1.605,35.7,7.305,2468
"trend",2,"gene274",FALSE,1.779,63.17,6.937,3221
"trend",2,"gene275",FALSE,1.158,4.858,3.378,394.8
"trend",2,"gene276",FALSE,1.387,22.09,2.917,820.8
"trend",2,"gene277",FALSE,1.135,2.199,1.33,108
"trend",2,"gene278",FALSE,1.274,9.673,1.195,230.8
"trend",2,"gene279",TRUE,0.913,-2.4e-07,0.1183,-9.317
"trend",2,"gene280",FALSE,1.237,7.9,3.59,559.9
"trend",2,"gene281",FALSE,1.09,2.139,1.092,90.69
"trend",2,"gene282",FALSE,1.46,23.62,5.67,1686
"trend",2,"gene283",FALSE,1.207,7.221,1.377,204.9
"trend",2,"gene284",FALSE,1.079,0.8489,0.7517,33.86
"trend",2,"gene285",FALSE,1.266,8.807,2.598,464.2
"trend",2,"gene286",FALSE,1.068,0.9388,0.325,17.79
"trend",2,"gene287",FALSE,1.04,1.054,0.3217,18
"trend",2,"gene288",TRUE,0.9491,-7.79e-07,0.245,-2.302
"trend",2,"gene289",FALSE,1.039,0.352,0.6367,19.1
"trend",2,"gene290",FALSE,1.188,3.87,1.962,224.2
"trend",2,"gene291",FALSE,1.745,57.34,6.097,2858
"trend",2,"gene292",FALSE,1.029,0.6641,1.138,43.68
"trend",2,"gene293",FALSE,1.154,2.364,2.035,171.8
"trend",2,"gene294",FALSE,1.232,7.448,0.7467,98.94
"trend",2,"gene295",FALSE,1.217,8.183,2.65,407.3
"trend",2,"gene296",FALSE,1.174,4.004,5.903,523.3
"trend",2,"gene297",FALSE,1.005,0.3243,0.175,4.608
"trend",2,"gene298",FALSE,1.013,0.001085,1.115,1.61
"trend",2,"gene299",FALSE,1.053,0.7262,0.2267,10.2
"trend",2,"gene300",FALSE,0.9915,0.1334,0.16,2.516
"trend",3,"gene1",FALSE,1.393,21.41,6.25,1315
"trend",3,"gene2",FALSE,0.9759,0.0002083,0.725,0.6426
"trend",3,"gene3",FALSE,1.059,1.155,1.002,45.44
"trend",3,"gene4",FALSE,1.317,13.65,4.445,1191
"trend",3,"gene5",FALSE,1.145,2.68,1.12,89.21
"trend",3,"gene6",FALSE,1.576,36.46,3.492,1621
"trend",3,"gene7",FALSE,1.261,9.356,3.487,471
"trend",3,"gene8",FALSE,1.162,4.005,0.3967,59.79
"trend",3,"gene9",FALSE,1.184,7.576,3.042,325.6
"trend",3,"gene10",FALSE,0.9642,0.5057,0.15,5.908
"trend",3,"gene11",FALSE,1.273,9.435,2.892,305.4
"trend",3,"gene12",FALSE,1.129,2.814,1.197,130.6
"trend",3,"gene13",FALSE,1.009,0.1728,0.785,12.41
"trend",3,"gene14",FALSE,1.129,3.124,0.55,66.42
"trend",3,"gene15",TRUE,0.8803,-2.206e-06,0.6783,-24.5
"trend",3,"gene16",FALSE,0.9637,0.6832,0.1117,5.482
"trend",3,"gene17",FALSE,1.026,0.4479,0.65,17.51
"trend",3,"gene18",FALSE,1.039,0.1217,0.155,2.752
"trend",3,"gene19",TRUE,0.9853,-5.953e-07,0.4467,-4.675
"trend",3,"gene20",FALSE,1.05,0.7083,0.725,43.68
"trend",3,"gene21",FALSE,1.602,39.79,7.76,2071
"trend",3,"gene22",FALSE,1.138,3.398,2.335,279
"trend",3,"gene23",FALSE,1.247,10.4,2.777,370.2
"trend",3,"gene24",FALSE,0.9653,0.007759,0.1917,0.9834
"trend",3,"gene25",TRUE,0.9473,-3.747e-07,0.4017,-3.062
"trend",3,"gene26",FALSE,0.936,0.0009397,0.1933,0.326
"trend",3,"gene27",FALSE,1.226,5.4,3.238,322.6
"trend",3,"gene28",FALSE,1.081,1.27,0.445,29.47
"trend",3,"gene29",TRUE,0.9089,-1.208e-06,0.4533,-17.09
"trend",3,"gene30",FALSE,1.028,0.02765,0.4533,3.91
"trend",3,"gene31",FALSE,1.46,23.63,4.373,1278
"trend",3,"gene32",FALSE,1.19,7.008,2.18,323.2
"trend",3,"gene33",FALSE,1.228,6.61,0.4983,76.74
"trend",3,"gene34",FALSE,1.222,7.003,1.603,228.2
"trend",3,"gene35",FALSE,1.105,3.527,0.4367,58.41
"trend",3,"gene36",FALSE,1.219,6.039,1.212,160.7
"trend",3,"gene37",FALSE,1.8,64.92,5.792,3028
"trend",3,"gene38",FALSE,1.209,3.679,1.185,114.7
"trend",3,"gene39",FALSE,1.16,2.925,1.183,99.58
"trend",3,"gene40",FALSE,1.253,11.9,1.093,254.3
"trend",3,"gene41",FALSE,1.047,0.6228,1.383,70.6
"trend",3,"gene42",FALSE,1.073,0.5475,1.998,64.31
"trend",3,"gene43",FALSE,1.13,2.963,1.037,100.7
"trend",3,"gene44",FALSE,1.024,0.513,0.235,8.64
"trend",3,"gene45",FALSE,1.161,2.875,1.128,93.03
"trend",3,"gene46",FALSE,1.112,2.554,3.675,268.8
"trend",3,"gene47",FALSE,1.629,44.38,5.78,2405
"trend",3,"gene48",FALSE,1.799,65.35,7.127,3810
"trend",3,"gene49",FALSE,1.056,1.242,0.4083,27.33
"trend",3,"gene50",FALSE,1.447,22.63,2.385,676.3
"trend",3,"gene51",FALSE,1.118,2.668,4.415,388.2
"trend",3,"gene52",FALSE,1.102,1.149,0.7433,39.08
"trend",3,"gene53",FALSE,1.141,2.416,0.43,39.73
"trend",3,"gene54",FALSE,1.039,0.269,0.1917,7.293
"trend",3,"gene55",FALSE,1.53,34.69,4.707,1736
"trend",3,"gene56",TRUE,0.935,-6.647e-07,0.19,-6.514
"trend",3,"gene57",TRUE,0.8751,-1.247e-06,0.3417,-14.9
"trend",3,"gene58",TRUE,0.9682,-8.326e-07,0.255,-5.493
"trend",3,"gene59",FALSE,1.069,1.742,1.415,104.4
"trend",3,"gene60",FALSE,1.01,0.1506,1.117,21.8
"trend",3,"gene61",FALSE,0.984,0.02209,0.25,1.7
"trend",3,"gene62",FALSE,1.15,2.671,1.222,105.9
"trend",3,"gene63",FALSE,1.523,31.01,5.428,1944
"trend",3,"gene64",FALSE,1.048,1.53,0.645,52.16
"trend",3,"gene65",TRUE,0.9562,-4.331e-07,0.4933,-7.358
"trend",3,"gene66",FALSE,1.337,15.25,2.707,616.9
"trend",3,"gene67",FALSE,1.345,10.61,1.753,324.5
"trend",3,"gene68",FALSE,1.208,7.237,0.5317,81.67
"trend",3,"gene69",FALSE,0.9878,0.1087,0.54,9.862
"trend",3,"gene70",FALSE,1.212,6.347,2.092,282
"trend",3,"gene71",FALSE,1.419,19.99,6.082,1789
"trend",3,"gene72",FALSE,1.029,0.654,0.7717,30.28
"trend",3,"gene73",FALSE,1.322,11.78,5.188,945
"trend",3,"gene74",TRUE,0.9232,-1.077e-06,0.4633,-19.07
"trend",3,"gene75",TRUE,0.9535,-1.238e-06,0.3817,-9.842
"trend",3,"gene76",FALSE,1.312,10.3,2.858,515.4
"trend",3,"gene77",FALSE,1.027,0.4177,0.2767,10.37
"trend",3,"gene78",FALSE,1.027,0.1571,0.8033,15.23
"trend",3,"gene79",FALSE,1.474,24.31,4.542,1344
"trend",3,"gene80",FALSE,1.043,0.6528,0.7483,33.75
"trend",3,"gene81",FALSE,1.143,1.704,0.8583,60.84
"trend",3,"gene82",FALSE,1.625,37.68,5.24,2137
"trend",3,"gene83",TRUE,0.9755,-6.389e-07,0.395,-1.859
"trend",3,"gene84",TRUE,1.012,-7.702e-07,0.3667,-3.185
"trend",3,"gene85",FALSE,1.197,5.625,4.197,540.8
"trend",3,"gene86",FALSE,1.011,0.218,0.26,6.089
"trend",3,"gene87",FALSE,1.3,14.87,1.363,316.3
"trend",3,"gene88",FALSE,1.079,0.8816,0.4983,23.21
"trend",3,"gene89",FALSE,1.04,0.4965,0.5767,19.14
"trend",3,"gene90",FALSE,1.443,24.57,6.268,1916
"trend",3,"gene91",FALSE,1.328,12.98,1.347,277.3
"trend",3,"gene92",FALSE,1.072,1.965,0.1767,13.32
"trend",3,"gene93",FALSE,1.404,17.03,3.187,845.2
"trend",3,"gene94",FALSE,1.121,3.173,1.6,150.1
"trend",3,"gene95",FALSE,0.945,0.1538,0.2083,4.11
"trend",3,"gene96",FALSE,1.137,2.532,0.49,43.92
"trend",3,"gene97",FALSE,1.199,4.495,6.313,721
"trend",3,"gene98",FALSE,1.077,0.9063,1.33,66.1
"trend",3,"gene99",FALSE,1.006,0.1378,0.88,17
"trend",3,"gene100",FALSE,1.068,0.7815,0.4,15.92
"trend",3,"gene101",FALSE,1.089,2.464,1.137,86.37
"trend",3,"gene102",FALSE,1.042,1.053,0.8217,44.35
"trend",3,"gene103",FALSE,1.116,3.373,0.475,41.68
"trend",3,"gene104",FALSE,1.301,10.91,2.26,422
"trend",3,"gene105",FALSE,1.011,0.1214,2.16,36.99
"trend",3,"gene106",FALSE,0.961,2.75e-06,0.2317,0.02396
"trend",3,"gene107",FALSE,1.386,23.83,6.145,2231
"trend",3,"gene108",FALSE,1.108,2.256,1.027,81.51
"trend",3,"gene109",FALSE,1.343,15.58,3.477,847
"trend",3,"gene110",FALSE,1.298,12.56,4.295,921.7
"trend",3,"gene111",FALSE,0.9769,0.01669,0.525,3.395
"trend",3,"gene112",FALSE,1.238,8.669,2.098,374
"trend",3,"gene113",FALSE,1.368,17.06,3.445,799
"trend",3,"gene114",FALSE,1.208,5.355,0.4783,66.52
"trend",3,"gene115",FALSE,1.061,1.009,2.143,101.6
"trend",3,"gene116",TRUE,0.9973,-3.407e-05,1.002,-1.491
"trend",3,"gene117",TRUE,0.8131,-1.365e-07,0.1233,-8.642
"trend",3,"gene118",FALSE,1.77,56.74,6.122,3014
"trend",3,"gene119",FALSE,1.128,2.585,2.075,187.2
"trend",3,"gene120",FALSE,1.051,0.2552,0.285,7.577
"trend",3,"gene121",FALSE,1.428,20.45,3.628,935.6
"trend",3,"gene122",TRUE,0.9071,-2.749e-07,0.4233,-0.5288
"trend",3,"gene123",FALSE,1.15,2.716,1.348,117.1
"trend",3,"gene124",FALSE,1.541,32.55,4.603,1569
"trend",3,"gene125",FALSE,1.424,23.06,3.112,908.6
"trend",3,"gene126",FALSE,1.001,0.2617,0.4667,14.55
"trend",3,"gene127",TRUE,0.9613,-8.549e-07,1.325,-11.37
"trend",3,"gene128",TRUE,0.8993,-7.745e-05,0.275,-3.411
"trend",3,"gene129",FALSE,1.158,3.568,1.928,193.4
"trend",3,"gene130",FALSE,1.31,14.05,2.928,626.6
"trend",3,"gene131",FALSE,1.229,8.921,3.128,491.2
"trend",3,"gene132",FALSE,1.056,1.751,0.2567,18.37
"trend",3,"gene133",FALSE,1.03,0.2213,0.6783,16.2
"trend",3,"gene134",FALSE,1.295,11.65,4.68,925.4
"trend",3,"gene135",FALSE,1.095,0.8302,1.435,70.01
"trend",3,"gene136",FALSE,1.353,15.24,3.038,693.4
"trend",3,"gene137",FALSE,1.107,1.704,1.515,98.03
"trend",3,"gene138",FALSE,1.204,6.942,1.697,264.2
"trend",3,"gene139",FALSE,1.714,52.8,4.132,1751
"trend",3,"gene140",FALSE,1.601,40.54,7.472,2831
"trend",3,"gene141",FALSE,1.218,6.626,2.223,350.2
"trend",3,"gene142",FALSE,1.017,0.282,0.235,6.709
"trend",3,"gene143",FALSE,1.175,4.268,2.545,271.2
"trend",3,"gene144",FALSE,1.169,4.216,0.3267,31.8
"trend",3,"gene145",FALSE,1.866,66.9,4.605,2287
"trend",3,"gene146",FALSE,1.091,1.591,2.093,148.5
"trend",3,"gene147",FALSE,0.9576,0.1969,0.145,3.027
"trend",3,"gene148",FALSE,1.213,8.23,1.788,273.4
"trend",3,"gene149",FALSE,1.12,1.949,1.223,96.05
"trend",3,"gene150",FALSE,1.079,1.436,0.53,36.25
"trend",3,"gene151",FALSE,1.248,9.456,3.47,623.5
"trend",3,"gene152",FALSE,1.14,2.428,1.76,145.7
"trend",3,"gene153",FALSE,1.044,1.356,0.2483,14.41
"trend",3,"gene154",FALSE,1.023,0.3686,0.35,10.95
"trend",3,"gene155",FALSE,1.122,1.074,0.7383,45.32
"trend",3,"gene156",FALSE,1.106,1.002,0.2033,10.56
"trend",3,"gene157",TRUE,0.9864,-9.921e-07,1.503,-6.959
"trend",3,"gene158",FALSE,1.357,16.43,5.532,1319
"trend",3,"gene159",FALSE,1.071,1.58,0.9083,61.79
"trend",3,"gene160",FALSE,1.168,3.342,1.293,126.8
"trend",3,"gene161",FALSE,1.552,36.45,4.777,1694
"trend",3,"gene162",FALSE,1.29,11.45,2.667,521.1
"trend",3,"gene163",FALSE,1.105,2.77,1.235,115.5
"trend",3,"gene164",FALSE,1.549,39.39,7.038,2860
"trend",3,"gene165",FALSE,1.026,0.5418,0.6283,22.26
"trend",3,"gene166",FALSE,1.056,1.74,0.5717,42.52
"trend",3,"gene167",FALSE,1.612,41.07,4.432,1667
"trend",3,"gene168",FALSE,0.9935,0.1849,0.6533,13.06
"trend",3,"gene169",FALSE,1.051,2.96,0.1567,13.29
"trend",3,"gene170",TRUE,0.9352,-3.878e-07,0.2033,-3.872
"trend",3,"gene171",FALSE,0.9968,0.2793,0.7217,20.37
"trend",3,"gene172",FALSE,1.631,43.16,2.293,976.1
"trend",3,"gene173",FALSE,1.13,4.587,3.05,393.6
"trend",3,"gene174",FALSE,1.481,25.06,4.4,1328
"trend",3,"gene175",FALSE,1.183,2.561,1.768,171
"trend",3,"gene176",FALSE,0.9744,0.06341,0.49,5.754
"trend",3,"gene177",FALSE,1.079,2.605,0.875,84.89
"trend",3,"gene178",FALSE,1.397,20.33,3.435,902.7
"trend",3,"gene179",FALSE,1.15,1.776,0.5317,31.38
"trend",3,"gene180",FALSE,1.485,25.45,4.26,1370
"trend",3,"gene181",TRUE,0.9984,-1.399e-07,0.4567,-0.2428
"trend",3,"gene182",FALSE,1.267,10.32,3.582,618.6
"trend",3,"gene183",FALSE,1.314,12.46,4.042,818
"trend",3,"gene184",FALSE,1.169,2.722,1.897,168.2
"trend",3,"gene185",FALSE,1.052,0.845,1.105,54.86
"trend",3,"gene186",FALSE,1.188,5.01,2.407,301.3
"trend",3,"gene187",FALSE,1.073,0.6148,0.4183,16.48
"trend",3,"gene188",TRUE,0.9826,-1.312e-06,0.715,-25.27
"trend",3,"gene189",FALSE,1.518,26.53,6.332,1995
"trend",3,"gene190",FALSE,1.192,5.55,0.215,32.73
"trend",3,"gene191",FALSE,1.496,29.72,3.433,1187
"trend",3,"gene192",TRUE,0.962,-2.076e-07,0.1817,-0.2018
"trend",3,"gene193",FALSE,1.036,0.7314,2.502,102.6
"trend",3,"gene194",FALSE,1.064,1.734,0.4733,35.95
"trend",3,"gene195",FALSE,0.9909,0.3526,0.5167,17.92
"trend",3,"gene196",FALSE,1.044,1.039,0.2817,16.47
"trend",3,"gene197",FALSE,1.068,0.7996,0.5917,29.9
"trend",3,"gene198",FALSE,1.101,2.576,2.16,189.1
"trend",3,"gene199",TRUE,0.9134,-7.504e-07,0.2383,-7.285
"trend",3,"gene200",FALSE,1.046,1.233,0.6,28.89
"trend",3,"gene201",FALSE,1.044,0.686,0.3117,16.89
"trend",3,"gene202",FALSE,1.636,42.07,7.75,2943
"trend",3,"gene203",FALSE,1.413,20.71,2.873,773.6
"trend",3,"gene204",FALSE,1.155,4.108,1.825,203.5
"trend",3,"gene205",FALSE,1.146,1.563,1.627,109.6
"trend",3,"gene206",FALSE,1.208,7.212,0.9833,148
"trend",3,"gene207",FALSE,0.948,0.03258,0.195,1.472
"trend",3,"gene208",FALSE,1.088,1.517,0.7,48.04
"trend",3,"gene209",FALSE,1.162,2.355,0.8967,74.4
"trend",3,"gene210",TRUE,0.951,-2.876e-07,0.4033,-4.886
"trend",3,"gene211",FALSE,1.222,7.342,2.318,364.8
"trend",3,"gene212",FALSE,1.057,0.5375,0.2917,12.37
"trend",3,"gene213",FALSE,1,0.02881,0.29,2.402
"trend",3,"gene214",FALSE,1.107,0.6403,1.108,42.98
"trend",3,"gene215",FALSE,1.91,79.3,4.64,2531
"trend",3,"gene216",FALSE,1.837,64.84,4.075,2145
"trend",3,"gene217",TRUE,0.9248,-1.629e-07,0.21,-4.856
"trend",3,"gene218",FALSE,1.078,1.835,0.3217,24.91
"trend",3,"gene219",FALSE,1.458,23.44,4.25,1226
"trend",3,"gene220",TRUE,0.8328,-1.259e-06,0.3133,-29.67
"trend",3,"gene221",FALSE,1.314,10.24,5.592,970.4
"trend",3,"gene222",FALSE,1.512,29.64,3.912,1247
"trend",3,"gene223",FALSE,1.05,0.7957,0.2167,9.959
"trend",3,"gene224",FALSE,1.218,6.843,6.008,834.6
"trend",3,"gene225",FALSE,1.063,0.6876,0.495,21.62
"trend",3,"gene226",FALSE,1.392,20.61,4.232,983.3
"trend",3,"gene227",TRUE,0.9366,-8.51e-07,0.53,-11.45
"trend",3,"gene228",FALSE,1.03,0.3905,0.5817,19.56
"trend",3,"gene229",TRUE,0.9555,-6.424e-07,0.2767,-4.713
"trend",3,"gene230",FALSE,1.183,4.695,2.077,268.9
"trend",3,"gene231",FALSE,1.76,57.34,5.48,2329
"trend",3,"gene232",FALSE,1.109,1.046,2.96,138.6
"trend",3,"gene233",TRUE,0.9347,-1.303e-06,0.5267,-8.83
"trend",3,"gene234",FALSE,1.162,4.016,1.167,120.5
"trend",3,"gene235",FALSE,1.033,0.2664,1.237,34.81
"trend",3,"gene236",FALSE,1.228,9.011,4.318,710
"trend",3,"gene237",FALSE,1.199,6.518,3.94,576.3
"trend",3,"gene238",FALSE,1.383,17.14,6.253,1446
"trend",3,"gene239",FALSE,0.9953,0.006128,0.3017,1.109
"trend",3,"gene240",FALSE,1.779,64.25,5.388,2866
"trend",3,"gene241",TRUE,0.998,-1.468e-07,0.1583,-0.1896
"trend",3,"gene242",FALSE,0.9834,4.988e-06,0.19,0.02397
"trend",3,"gene243",FALSE,1.232,6.65,2.248,372.7
"trend",3,"gene244",FALSE,1.036,0.5118,0.1833,6.995
"trend",3,"gene245",FALSE,1.154,4.275,1.227,129.4
"trend",3,"gene246",FALSE,1.468,26.51,6.512,1877
"trend",3,"gene247",FALSE,1.669,50.01,5.777,2728
"trend",3,"gene248",FALSE,1.044,0.9508,0.36,19.94
"trend",3,"gene249",FALSE,1.02,0.2572,0.5,12.87
"trend",3,"gene250",FALSE,0.96,0.09901,0.175,3.258
"trend",3,"gene251",FALSE,1.147,3.847,1.558,171.5
"trend",3,"gene252",FALSE,1.016,0.4352,0.2767,8.696
"trend",3,"gene253",FALSE,1.757,55.15,7.018,3439
"trend",3,"gene254",FALSE,1.14,1.569,0.1833,11.87
"trend",3,"gene255",FALSE,1.211,5.734,1.658,178.3
"trend",3,"gene256",TRUE,0.8699,-1.084e-06,0.185,-10.38
"trend",3,"gene257",FALSE,1.071,1.504,1.203,66.84
"trend",3,"gene258",FALSE,1.093,0.9523,1.283,53.7
"trend",3,"gene259",FALSE,1.448,23.74,5.038,1532
"trend",3,"gene260",FALSE,1.049,0.1523,1.538,24.62
"trend",3,"gene261",FALSE,1.111,2.456,2.467,201.1
"trend",3,"gene262",FALSE,1.091,1.445,0.3883,28.54
"trend",3,"gene263",FALSE,1.172,5.157,1.758,224.7
"trend",3,"gene264",TRUE,0.8985,-0.0001623,0.19,-7.15
"trend",3,"gene265",FALSE,1.02,0.4149,0.645,21.61
"trend",3,"gene266",FALSE,1.189,5.578,0.6733,82.28
"trend",3,"gene267",FALSE,1.578,32.49,4.148,1381
"trend",3,"gene268",FALSE,1.018,1.008,0.3817,17.43
"trend",3,"gene269",FALSE,1.32,13.95,2.263,492.9
"trend",3,"gene270",FALSE,1.031,0.4593,0.7083,23.51
"trend",3,"gene271",FALSE,1.28,10.1,6.98,1180
"trend",3,"gene272",FALSE,1.173,3.932,1.902,211.5
"trend",3,"gene273",FALSE,1.194,5.818,2.27,364.4
"trend",3,"gene274",FALSE,1.112,2.299,0.6233,55.42
"trend",3,"gene275",TRUE,0.9237,-1.09e-06,0.305,-14.51
"trend",3,"gene276",FALSE,1.037,0.6838,0.955,43.17
"trend",3,"gene277",FALSE,1.298,13.68,4.477,918.5
"trend",3,"gene278",TRUE,0.8967,-1.03e-06,0.8367,-19.48
"trend",3,"gene279",FALSE,1.426,23.41,4.69,1295
"trend",3,"gene280",FALSE,1.297,10.49,1.877,389.7
"trend",3,"gene281",FALSE,1.028,0.3736,0.2817,7.943
"trend",3,"gene282",FALSE,1.391,17.84,6.813,1539
"trend",3,"gene283",TRUE,0.9239,-1.517e-06,0.4817,-15.13
"trend",3,"gene284",FALSE,0.9917,0.08577,0.215,3.252
"trend",3,"gene285",FALSE,1.569,38.54,5.645,2078
"trend",3,"gene286",FALSE,1.467,25.58,7.128,2132
"trend",3,"gene287",FALSE,1.193,4.916,2.525,299.3
"trend",3,"gene288",FALSE,1.172,5.714,0.27,37.13
"trend",3,"gene289",TRUE,0.9642,-1.08e-07,0.17,-0.7811
"trend",3,"gene290",TRUE,0.9236,-6.774e-07,0.315,-11.81
"trend",3,"gene291",FALSE,1.304,4.923,2.355,265.3
"trend",3,"gene292",TRUE,0.9815,-1.699e-06,1.527,-12.56
"trend",3,"gene293",FALSE,1.014,0.1056,0.3067,5.154
"trend",3,"gene294",FALSE,0.9925,0.138,0.4033,7.338
"trend",3,"gene295",FALSE,1.444,23.38,3.74,982.5
"trend",3,"gene296",FALSE,1.322,13.09,3.803,784.9
"trend",3,"gene297",FALSE,1.14,2.556,1.012,89.09
"trend",3,"gene298",FALSE,1.05,0.9496,1.182,52.89
"trend",3,"gene299",FALSE,1.383,19.89,4.242,1029
"trend",3,"gene300",FALSE,1.125,2.345,0.7833,61.41
"trend",4,"gene1",TRUE,0.8427,-1.758e-06,0.4883,-22.17
"trend",4,"gene2",FALSE,1.076,0.8427,0.4733,22.95
"trend",4,"gene3",FALSE,0.973,0.005627,0.5517,1.681
"trend",4,"gene4",FALSE,1.128,1.522,1.59,125.3
"trend",4,"gene5",FALSE,1.103,1.365,1.728,75.08
"trend",4,"gene6",FALSE,1.118,1.841,0.7233,75.02
"trend",4,"gene7",FALSE,1.041,0.2653,0.59,13.17
"trend",4,"gene8",FALSE,1.39,19.97,3.93,1393
"trend",4,"gene9",FALSE,1.165,3.787,2.307,204.3
"trend",4,"gene10",FALSE,1.071,1.769,0.735,58.1
"trend",4,"gene11",FALSE,1.154,2.764,2.19,153
"trend",4,"gene12",FALSE,1.041,0.334,0.9333,33.79
"trend",4,"gene13",FALSE,1.055,1.085,0.6983,25.62
"trend",4,"gene14",FALSE,1.408,19.54,3.788,1295
"trend",4,"gene15",FALSE,1.245,7.538,4.202,472.1
"trend",4,"gene16",FALSE,1.054,0.875,0.8867,54.37
"trend",4,"gene17",FALSE,1.831,66.58,6.037,2340
"trend",4,"gene18",FALSE,1.12,2.183,0.3017,28.01
"trend",4,"gene19",FALSE,1.081,0.7195,0.2317,11.12
"trend",4,"gene20",FALSE,1.669,48.42,4.68,2503
"trend",4,"gene21",TRUE,0.9129,-1.549e-06,0.195,-6.33
"trend",4,"gene22",TRUE,0.9968,-3.95e-07,0.2167,-2.002
"trend",4,"gene23",FALSE,1.174,4.521,4.287,352.9
"trend",4,"gene24",TRUE,0.8734,-1.05e-06,0.115,-7.18
"trend",4,"gene25",FALSE,1.033,0.3843,0.415,10.37
"trend",4,"gene26",FALSE,1.094,2.74,1.172,134.2
"trend",4,"gene27",FALSE,1.004,0.08067,1.717,17.29
"trend",4,"gene28",FALSE,1.005,0.6014,0.6417,24.13
"trend",4,"gene29",FALSE,1.406,19.96,6.973,1267
"trend",4,"gene30",FALSE,1.158,2.969,0.3283,39.99
"trend",4,"gene31",FALSE,1.034,0.729,0.1517,7.495
"trend",4,"gene32",FALSE,1.246,9.084,4.408,640.6
"trend",4,"gene33",FALSE,1.034,0.4982,0.4883,16.95
"trend",4,"gene34",FALSE,1.045,0.8648,0.3267,15.41
"trend",4,"gene35",FALSE,1.018,0.2105,0.4067,8.25
"trend",4,"gene36",FALSE,1.69,50.59,5.57,2479
"trend",4,"gene37",FALSE,1.018,0.2808,0.53,15.19
"trend",4,"gene38",FALSE,0.9703,0.04039,0.1683,1.476
"trend",4,"gene39",FALSE,1.462,20.56,6.833,1841
"trend",4,"gene40",FALSE,1.384,16.01,5.98,1219
"trend",4,"gene41",FALSE,1.413,21.49,4.383,1168
"trend",4,"gene42",TRUE,0.9384,-1.014e-06,0.5683,-6.87
"trend",4,"gene43",FALSE,1.488,31.7,5.533,1894
"trend",4,"gene44",FALSE,1.024,0.2907,0.4083,10.87
"trend",4,"gene45",FALSE,1.213,8.041,4.777,692.3
"trend",4,"gene46",FALSE,1.145,2.749,1.827,147.1
"trend",4,"gene47",FALSE,1.052,0.7854,0.69,32.37
"trend",4,"gene48",FALSE,1.241,7.124,4.422,650.1
"trend",4,"gene49",FALSE,1.158,3.177,4.283,392.6
"trend",4,"gene50",FALSE,1.02,0.3902,0.9867,28.32
"trend",4,"gene51",FALSE,1.097,1.376,1.473,75.75
"trend",4,"gene52",FALSE,1.08,1.397,1.16,73.91
"trend",4,"gene53",FALSE,1.628,45.77,6.35,2645
"trend",4,"gene54",FALSE,1.022,0.1202,0.575,9.987
"trend",4,"gene55",FALSE,1.116,4.244,0.8183,90.91
"trend",4,"gene56",FALSE,1.434,18.61,1.743,387.8
"trend",4,"gene57",FALSE,1.297,12.2,3.868,747.3
"trend",4,"gene58",FALSE,0.982,0.1711,1.068,27.1
"trend",4,"gene59",FALSE,1.082,1.168,0.6083,38.38
"trend",4,"gene60",FALSE,1.665,48.53,5.113,2097
"trend",4,"gene61",FALSE,1.122,3.153,3.072,304.4
"trend",4,"gene62",TRUE,0.9393,-8.569e-07,0.16,-5.747
"trend",4,"gene63",FALSE,1.146,3.797,2.277,236.6
"trend",4,"gene64",FALSE,1.142,3.733,2.38,230
"trend",4,"gene65",FALSE,1.167,3.711,1.755,181.7
"trend",4,"gene66",FALSE,1.063,1.307,1.197,56.26
"trend",4,"gene67",FALSE,1.208,7.276,1.943,277.6
"trend",4,"gene68",FALSE,1.031,0.3098,1.273,35.17
"trend",4,"gene69",TRUE,0.9658,-2.497e-07,0.2633,-4.033
"trend",4,"gene70",FALSE,1.056,1.407,0.3883,23.52
"trend",4,"gene71",FALSE,1.586,39.15,6.417,2367
"trend",4,"gene72",TRUE,0.9387,-4.685e-07,0.1217,-1.137
"trend",4,"gene73",FALSE,1.511,32.75,4.802,1573
"trend",4,"gene74",FALSE,1.499,25.83,3.265,922.1
"trend",4,"gene75",FALSE,1.347,17.08,1.455,410
"trend",4,"gene76",FALSE,0.9956,0.005755,0.8217,3.267
"trend",4,"gene77",FALSE,1.386,18.46,4.938,1167
"trend",4,"gene78",FALSE,1.074,1.383,0.7817,49.95
"trend",4,"gene79",FALSE,1.109,1.705,0.7567,51.79
"trend",4,"gene80",FALSE,1.035,1.878,0.32,22.3
"trend",4,"gene81",FALSE,1.016,1.068,0.5117,24.16
"trend",4,"gene82",TRUE,0.845,-1.489e-06,0.3667,-30.83
"trend",4,"gene83",FALSE,1.005,0.2056,0.17,3.764
"trend",4,"gene84",FALSE,1.05,0.9591,0.1533,9.282
"trend",4,"gene85",FALSE,1.038,0.3142,0.2033,5.091
"trend",4,"gene86",FALSE,1.095,2.457,0.5983,56.05
"trend",4,"gene87",FALSE,1.296,14.96,3.092,654.4
"trend",4,"gene88",FALSE,1.032,0.7228,0.115,5.685
"trend",4,"gene89",FALSE,1.355,14.09,5.497,1182
"trend",4,"gene90",TRUE,0.9609,-0.0003093,0.6383,-13.62
"trend",4,"gene91",TRUE,0.947,-9.891e-07,0.6967,-19.83
"trend",4,"gene92",FALSE,1.286,9.469,4.81,720.8
"trend",4,"gene93",FALSE,2.112,102.9,7.728,5712
"trend",4,"gene94",FALSE,1.207,5.815,1.817,233.7
"trend",4,"gene95",FALSE,1.481,25.41,3.447,1077
"trend",4,"gene96",FALSE,1.048,0.9815,0.9717,46.8
"trend",4,"gene97",FALSE,1.03,0.3393,0.775,23.85
"trend",4,"gene98",FALSE,1.185,5.348,2.36,304.3
"trend",4,"gene99",FALSE,1.098,1.546,1.938,132.5
"trend",4,"gene100",FALSE,1.308,10.53,4.983,924.7
"trend",4,"gene101",FALSE,1.068,1.33,0.5717,30.68
"trend",4,"gene102",FALSE,1.427,23.45,8.513,2392
"trend",4,"gene103",FALSE,1.198,6.759,6.512,934.1
"trend",4,"gene104",FALSE,1.313,12.06,5.747,1017
"trend",4,"gene105",FALSE,1.737,59.03,7.235,3844
"trend",4,"gene106",FALSE,1.055,1.56,0.2083,14.07
"trend",4,"gene107",FALSE,1.484,25.88,5.082,1531
"trend",4,"gene108",FALSE,1.037,0.2968,2.053,51.62
"trend",4,"gene109",FALSE,1.419,22.43,4.478,1156
"trend",4,"gene110",FALSE,1.313,11.04,3.473,610.7
"trend",4,"gene111",FALSE,0.9658,0.5471,0.23,8.231
"trend",4,"gene112",FALSE,1.267,8.001,1.348,208.1
"trend",4,"gene113",FALSE,1.162,4.947,0.66,77.06
"trend",4,"gene114",FALSE,1.382,16.02,2.4,498.7
"trend",4,"gene115",FALSE,1.034,0.3869,0.2833,10.29
"trend",4,"gene116",FALSE,1.178,4.016,1.267,133.3
"trend",4,"gene117",FALSE,1.106,1.051,0.4967,23.69
"trend",4,"gene118",FALSE,1.124,1.989,2.602,179.7
"trend",4,"gene119",FALSE,1.021,0.2867,0.2317,4.32
"trend",4,"gene120",FALSE,0.9776,0.1638,0.2017,4.114
"trend",4,"gene121",FALSE,1.067,1.72,0.1783,10.08
"trend",4,"gene122",FALSE,1.373,15.12,3.305,719.8
"trend",4,"gene123",FALSE,1.441,15.23,6.943,1670
"trend",4,"gene124",FALSE,1.057,0.641,3.093,114.4
"trend",4,"gene125",FALSE,1.458,24.19,5.498,1654
"trend",4,"gene126",FALSE,1.58,34.82,5.86,1969
"trend",4,"gene127",FALSE,1.061,0.6528,1.73,66.46
"trend",4,"gene128",FALSE,1.543,32.19,2.797,942
"trend",4,"gene129",FALSE,1.128,3.068,0.42,39.69
"trend",4,"gene130",FALSE,1.433,20.59,5.615,1475
"trend",4,"gene131",FALSE,1.118,3.14,0.6033,63.69
"trend",4,"gene132",FALSE,1.047,0.4541,0.2883,9.281
"trend",4,"gene133",FALSE,1.604,39.06,5.438,1932
"trend",4,"gene134",FALSE,1.784,61.58,3.582,2026
"trend",4,"gene135",FALSE,1.808,63.35,6.458,3067
"trend",4,"gene136",FALSE,0.9938,0.07384,0.5717,7.63
"trend",4,"gene137",TRUE,0.9397,-1.256e-06,0.32,-10.89
"trend",4,"gene138",FALSE,1.626,41.01,4.047,1660
"trend",4,"gene139",FALSE,1.041,0.4536,0.2917,7.435
"trend",4,"gene140",FALSE,1.265,9.649,3.873,632.4
"trend",4,"gene141",TRUE,0.8704,-1.132e-06,0.1317,-5.092
"trend",4,"gene142",FALSE,1.172,3.411,1.555,161.6
"trend",4,"gene143",FALSE,1.167,4.431,2.178,246.6
"trend",4,"gene144",FALSE,1.162,4.086,0.9683,108.5
"trend",4,"gene145",FALSE,0.9919,0.1772,0.1833,3.87
"trend",4,"gene146",FALSE,1.525,32.69,6.62,2374
"trend",4,"gene147",FALSE,1.356,15.21,4.023,829.3
"trend",4,"gene148",FALSE,1.366,17.76,3.705,983.5
"trend",4,"gene149",FALSE,0.9931,0.07065,0.2283,2.907
"trend",4,"gene150",FALSE,0.9866,0.02576,0.28,1.923
"trend",4,"gene151",FALSE,1.145,3.551,0.7933,81.07
"trend",4,"gene152",FALSE,1.122,2.116,2.93,222.9
"trend",4,"gene153",FALSE,1.06,0.9784,0.905,46.06
"trend",4,"gene154",FALSE,1.375,20.41,5.278,1316
"trend",4,"gene155",FALSE,1.138,2.575,0.8417,74.68
"trend",4,"gene156",FALSE,1.228,5.726,2.27,268.9
"trend",4,"gene157",FALSE,1.009,0.2964,0.2483,6.72
"trend",4,"gene158",FALSE,1.552,33.95,2.893,949.9
"trend",4,"gene159",FALSE,1.037,0.8959,0.8117,42.06
"trend",4,"gene160",FALSE,1.577,36.67,5.663,2100
"trend",4,"gene161",FALSE,1.586,37.44,5.175,1811
"trend",4,"gene162",FALSE,1.421,21.65,2.943,766.4
"trend",4,"gene163",FALSE,1.298,11.89,5.633,1040
"trend",4,"gene164",FALSE,1.157,4.609,1.81,196.7
"trend",4,"gene165",FALSE,1.1,2.097,0.6867,53.02
"trend",4,"gene166",FALSE,1.173,3.386,0.49,45.52
"trend",4,"gene167",FALSE,0.9809,0.0138,0.2633,1.49
"trend",4,"gene168",TRUE,0.9519,-1.926e-06,0.5467,-17.05
"trend",4,"gene169",FALSE,0.934,0.06771,0.2483,3.172
"trend",4,"gene170",FALSE,1.119,2.543,0.825,62.65
"trend",4,"gene171",FALSE,1.102,1.541,1.6,111.4
"trend",4,"gene172",FALSE,1.043,0.8068,0.49,23.68
"trend",4,"gene173",FALSE,1.237,6.992,1.73,271.9
"trend",4,"gene174",FALSE,1.005,0.278,0.7033,19.58
"trend",4,"gene175",FALSE,1.228,6.748,1.797,238.6
"trend",4,"gene176",FALSE,1.486,26.93,4.182,1284
"trend",4,"gene177",FALSE,1.312,11.29,2.788,498.7
"trend",4,"gene178",FALSE,1.102,1.565,0.82,49.36
"trend",4,"gene179",FALSE,1.019,0.677,0.3733,15.15
"trend",4,"gene180",FALSE,1.234,7.723,1.772,287.8
"trend",4,"gene181",FALSE,1.563,35.01,3.793,1304
"trend",4,"gene182",FALSE,1.46,22.26,5.113,1294
"trend",4,"gene183",FALSE,1.122,3.312,0.9767,104.2
"trend",4,"gene184",FALSE,1.221,7.188,1.395,198
"trend",4,"gene185",FALSE,1.523,33.24,4.033,1351
"trend",4,"gene186",FALSE,1.039,0.9744,0.46,24.16
"trend",4,"gene187",FALSE,1.159,4.025,2.223,263.1
"trend",4,"gene188",FALSE,1.07,1.159,0.3267,20.9
"trend",4,"gene189",FALSE,1.242,8.841,1.827,276.2
"trend",4,"gene190",FALSE,1.245,9.724,2.212,396
"trend",4,"gene191",FALSE,1.091,1.368,0.245,15.18
"trend",4,"gene192",FALSE,1.061,0.9616,0.7567,39.94
"trend",4,"gene193",FALSE,1.298,10.61,4.508,753
"trend",4,"gene194",FALSE,1.144,1.889,0.8583,58.19
"trend",4,"gene195",FALSE,1.552,34.39,4.858,1655
"trend",4,"gene196",FALSE,1.298,9.837,2.442,415.9
"trend",4,"gene197",FALSE,1.011,0.3932,0.2917,10.11
"trend",4,"gene198",FALSE,1.17,3.957,0.52,60.02
"trend",4,"gene199",FALSE,1.274,10.33,2.328,412.8
"trend",4,"gene200",FALSE,1.466,30.87,3.685,1310
"trend",4,"gene201",FALSE,1.568,36.01,5.395,2043
"trend",4,"gene202",FALSE,2.03,100.6,7.025,4882
"trend",4,"gene203",FALSE,1.332,13.08,2.538,460.9
"trend",4,"gene204",FALSE,1.362,18.3,4.647,1163
"trend",4,"gene205",FALSE,1.235,9.633,4.46,804.7
"trend",4,"gene206",FALSE,1.077,1.436,1.435,95.92
"trend",4,"gene207",FALSE,1.168,4.22,0.7233,94.46
"trend",4,"gene208",TRUE,0.9624,-2.999e-07,0.335,-0.7191
"trend",4,"gene209",TRUE,0.9333,-9.823e-07,0.415,-4.271
"trend",4,"gene210",FALSE,1.464,25.66,3.827,1252
"trend",4,"gene211",FALSE,1.108,2.786,0.925,83.9
"trend",4,"gene212",TRUE,0.9138,-1.485e-06,0.4767,-13.8
"trend",4,"gene213",FALSE,1.276,8.074,2.13,339.7
"trend",4,"gene214",FALSE,1.437,24.66,2.797,871.9
"trend",4,"gene215",FALSE,1.193,5.805,2.817,407.2
"trend",4,"gene216",TRUE,0.9129,-1.705e-06,0.3433,-12.2
"trend",4,"gene217",FALSE,1.671,45.28,5.282,2276
"trend",4,"gene218",FALSE,1.093,1.441,0.2733,16.76
"trend",4,"gene219",FALSE,1.651,42.01,4.965,2089
"trend",4,"gene220",TRUE,1.019,-4.603e-07,0.1767,-2.603
"trend",4,"gene221",FALSE,1.058,1.858,0.5583,40.16
"trend",4,"gene222",FALSE,1.398,22.14,1.838,506.5
"trend",4,"gene223",FALSE,0.9687,0.03665,0.3933,3.894
"trend",4,"gene224",FALSE,1.008,0.269,0.4483,13.13
"trend",4,"gene225",FALSE,1.146,4.029,1.11,123.9
"trend",4,"gene226",FALSE,1.221,5.738,1.993,235.5
"trend",4,"gene227",FALSE,1.079,1.623,0.9467,70.68
"trend",4,"gene228",FALSE,1.298,12.6,1.805,378.2
"trend",4,"gene229",FALSE,1.048,0.9948,0.8017,38.51
"trend",4,"gene230",FALSE,1.041,0.4596,0.6433,22.37
"trend",4,"gene231",FALSE,1.165,3.173,1.683,164.2
"trend",4,"gene232",FALSE,1.575,35.36,8.198,3036
"trend",4,"gene233",FALSE,1.16,4.58,1.112,122.6
"trend",4,"gene234",FALSE,1.174,4.364,1.928,204.4
"trend",4,"gene235",FALSE,1.138,2.405,2.262,168
"trend",4,"gene236",FALSE,1.179,4.484,3.598,395.2
"trend",4,"gene237",FALSE,1.036,0.1286,0.2533,3.621
"trend",4,"gene238",TRUE,1.001,-3.135e-07,0.5733,-2.84
"trend",4,"gene239",FALSE,1.204,6.106,1.438,202.6
"trend",4,"gene240",FALSE,1.706,48.12,6.798,2820
"trend",4,"gene241",TRUE,0.9442,-8.397e-07,0.41,-7.15
"trend",4,"gene242",FALSE,1.29,10.97,3.572,635.7
"trend",4,"gene243",FALSE,1.573,34.45,5.997,2249
"trend",4,"gene244",TRUE,0.9605,-5.773e-07,0.44,-3.552
"trend",4,"gene245",FALSE,0.9947,0.4875,0.2017,7.903
"trend",4,"gene246",FALSE,1.434,19.44,4.552,1255
"trend",4,"gene247",FALSE,1.571,32.13,5.195,1754
"trend",4,"gene248",TRUE,0.9529,-1.84e-06,0.6617,-15.31
"trend",4,"gene249",FALSE,1.029,0.2972,0.5017,12.82
"trend",4,"gene250",FALSE,1.454,22.65,3.483,928.3
"trend",4,"gene251",FALSE,1.176,4.672,2.653,335.1
"trend",4,"gene252",FALSE,1.358,17.07,3.012,689.3
"trend",4,"gene253",FALSE,1.107,2.814,2.228,179.1
"trend",4,"gene254",FALSE,0.9948,0.01463,0.17,0.8935
"trend",4,"gene255",FALSE,0.9781,0.01877,4.055,25.96
"trend",4,"gene256",TRUE,0.9409,-8.738e-07,0.1717,-3.375
"trend",4,"gene257",FALSE,1.171,5.176,1.208,142
"trend",4,"gene258",FALSE,1.025,0.5456,0.1983,6.949
"trend",4,"gene259",FALSE,1.19,5.91,1.08,127.1
"trend",4,"gene260",TRUE,0.9505,-1.183e-06,0.9983,-8.019
"trend",4,"gene261",FALSE,1.157,4.756,1.698,205.5
"trend",4,"gene262",FALSE,1.72,54.03,3.788,1818
"trend",4,"gene263",FALSE,1.18,4.784,0.905,110.8
"trend",4,"gene264",TRUE,0.9022,-5.866e-07,0.2683,-11.87
"trend",4,"gene265",FALSE,1.693,48.86,4.483,1932
"trend",4,"gene266",TRUE,0.9371,-9.72e-07,0.24,-6.828
"trend",4,"gene267",FALSE,1.13,4.029,2.563,265
"trend",4,"gene268",FALSE,1.014,0.05665,0.39,4.877
"trend",4,"gene269",FALSE,1.073,2.184,0.235,23.11
"trend",4,"gene270",TRUE,0.8965,-9.534e-07,0.2033,-9.088
"trend",4,"gene271",FALSE,1.079,1.205,0.605,33.67
"trend",4,"gene272",FALSE,1.277,11.31,1.965,418.5
"trend",4,"gene273",FALSE,1.011,0.1171,1.005,15.47
"trend",4,"gene274",FALSE,1.215,6.411,0.6917,89.25
"trend",4,"gene275",FALSE,1.155,3.004,3.332,274.6
"trend",4,"gene276",FALSE,1.403,17.98,3.777,896.9
"trend",4,"gene277",FALSE,1.237,8.673,2.173,360.4
"trend",4,"gene278",FALSE,1.387,18.08,3.46,854.1
"trend",4,"gene279",FALSE,1.758,47.94,6.048,2536
"trend",4,"gene280",FALSE,1.332,15.75,9.055,1888
"trend",4,"gene281",FALSE,1.272,10.38,2.838,477.1
"trend",4,"gene282",FALSE,1.085,0.7306,1.153,55.39
"trend",4,"gene283",TRUE,0.9151,-1.603e-06,0.4383,-20.3
"trend",4,"gene284",FALSE,0.9876,0.118,0.4933,10.85
"trend",4,"gene285",FALSE,1.115,2.545,0.5667,52.7
"trend",4,"gene286",FALSE,1.033,0.4775,0.445,14.51
"trend",4,"gene287",TRUE,0.9591,-3.994e-07,0.1833,-4.857
"trend",4,"gene288",FALSE,1.383,15.6,4.088,901.8
"trend",4,"gene289",FALSE,1.675,48.01,5.013,2160
"trend",4,"gene290",TRUE,0.9481,-8.314e-07,0.2167,-4.839
"trend",4,"gene291",FALSE,1.067,0.9476,1.307,69.31
"trend",4,"gene292",FALSE,1.003,0.5277,0.1783,6.065
"trend",4,"gene293",FALSE,0.9843,0.001799,0.2383,0.4166
"trend",4,"gene294",FALSE,1.141,4.079,0.7983,89.76
"trend",4,"gene295",TRUE,0.9727,-5.044e-05,0.3283,-2.221
"trend",4,"gene296",FALSE,1.174,3.729,0.84,82.37
"trend",4,"gene297",FALSE,1.74,56.84,4.613,2055
"trend",4,"gene298",FALSE,1.493,29.18,5.45,1733
"trend",4,"gene299",FALSE,1.231,8.107,1.635,267.8
"trend",4,"gene300",TRUE,0.9816,-3.779e-07,0.4,-1.442
"trend",5,"gene1",FALSE,1.054,0.8726,1.305,46.67
"trend",5,"gene2",TRUE,0.9608,3.019e-08,0.5317,-6.925
"trend",5,"gene3",FALSE,1.071,1.107,0.2367,9.885
"trend",5,"gene4",FALSE,1.03,0.7712,0.1733,8.722
"trend",5,"gene5",FALSE,1.353,13.87,11.86,1580
"trend",5,"gene6",FALSE,0.9786,0.006346,0.205,0.8722
"trend",5,"gene7",FALSE,1.246,7.714,1.983,250.1
"trend",5,"gene8",FALSE,1.119,4.071,0.135,21.37
"trend",5,"gene9",TRUE,0.963,-8.161e-07,0.2767,-4.632
"trend",5,"gene10",FALSE,1.197,5.168,0.4717,66.16
"trend",5,"gene11",FALSE,1.155,3.821,2.222,177.5
"trend",5,"gene12",FALSE,1.173,3.989,1.347,175.3
"trend",5,"gene13",FALSE,0.9374,0.09463,0.2633,3.321
"trend",5,"gene14",TRUE,0.9474,-5.345e-07,0.31,-7.655
"trend",5,"gene15",FALSE,1.092,2.862,0.475,35.37
"trend",5,"gene16",FALSE,0.9964,0.3642,0.4033,17.66
"trend",5,"gene17",FALSE,1.092,1.059,0.845,35.52
"trend",5,"gene18",TRUE,0.9282,-8.268e-07,0.2133,-5.91
"trend",5,"gene19",FALSE,1.068,0.692,0.2733,11.66
"trend",5,"gene20",FALSE,1.008,0.03157,0.07167,0.7434
"trend",5,"gene21",FALSE,1,0.002053,1.897,3.163
"trend",5,"gene22",FALSE,1.221,6.554,3.007,586.6
"trend",5,"gene23",TRUE,0.9398,-5.908e-07,0.4283,-1.092
"trend",5,"gene24",FALSE,1.812,57.54,8.293,5372
"trend",5,"gene25",FALSE,1.222,5.809,3.315,323.8
"trend",5,"gene26",FALSE,1.246,6.837,2.555,432.9
"trend",5,"gene27",TRUE,0.9855,-1.14e-07,0.2617,-0.2819
"trend",5,"gene28",FALSE,1.625,41.38,5.783,2844
"trend",5,"gene29",TRUE,0.9481,-9.186e-07,0.3933,-6.157
"trend",5,"gene30",FALSE,0.994,0.2362,0.57,17.68
"trend",5,"gene31",FALSE,1.094,1.604,0.5633,36.32
"trend",5,"gene32",FALSE,1.197,4.942,0.8617,111.3
"trend",5,"gene33",FALSE,1.517,30.52,5.463,1826
"trend",5,"gene34",TRUE,0.9945,-4.556e-07,0.255,-2.979
"trend",5,"gene35",FALSE,1.238,7.917,2.535,441.1
"trend",5,"gene36",FALSE,1.421,21.12,6.745,1848
"trend",5,"gene37",FALSE,1.126,2.335,0.6533,51.55
"trend",5,"gene38",FALSE,0.9969,0.001088,0.1467,0.2404
"trend",5,"gene39",FALSE,1.885,72.63,6.963,3751
"trend",5,"gene40",FALSE,1.084,0.5441,0.9917,38.23
"trend",5,"gene41",FALSE,1.402,18.84,3.392,851.2
"trend",5,"gene42",FALSE,1.311,9.422,6.445,1065
"trend",5,"gene43",FALSE,1.431,19.75,3.213,792.3
"trend",5,"gene44",FALSE,1.099,2.312,0.57,46.47
"trend",5,"gene45",FALSE,1.105,2.134,0.9683,66.14
"trend",5,"gene46",FALSE,1.003,0.4559,0.4367,15.7
"trend",5,"gene47",FALSE,1.235,6.691,5.753,856.3
"trend",5,"gene48",FALSE,0.9807,0.05071,0.5117,5.952
"trend",5,"gene49",FALSE,1.096,2.097,1.315,104.1
"trend",5,"gene50",FALSE,1.17,3.627,2.363,261
"trend",5,"gene51",FALSE,1.041,0.6971,0.5,21.85
"trend",5,"gene52",FALSE,1.756,61.79,5.898,3018
"trend",5,"gene53",FALSE,1.13,2.37,0.605,47.81
"trend",5,"gene54",FALSE,2.01,88.64,8.105,4875
"trend",5,"gene55",FALSE,1.268,9.436,6.565,1018
"trend",5,"gene56",FALSE,1.129,3.126,1.863,160.5
"trend",5,"gene57",FALSE,0.9964,0.3098,0.2417,7.488
"trend",5,"gene58",FALSE,1.788,65.38,8.83,4420
"trend",5,"gene59",FALSE,1.108,2.393,0.5017,34.73
"trend",5,"gene60",FALSE,1.053,0.3113,0.2167,7.698
"trend",5,"gene61",FALSE,1.525,30.99,6.932,2054
"trend",5,"gene62",FALSE,1.319,15.04,5.655,1282
"trend",5,"gene63",FALSE,1.164,4.434,3.26,388.4
"trend",5,"gene64",TRUE,0.8998,-2.637e-06,0.66,-44.19
"trend",5,"gene65",FALSE,1.162,3.097,1.063,94.62
"trend",5,"gene66",FALSE,1.354,15.79,3.4,806.3
"trend",5,"gene67",FALSE,1.04,0.5784,0.2467,10.4
"trend",5,"gene68",TRUE,0.9218,2.467e-07,0.3583,-7.739
"trend",5,"gene69",FALSE,1.371,16.22,2.403,499
"trend",5,"gene70",FALSE,1.039,0.45,0.3833,13.8
"trend",5,"gene71",FALSE,1.148,3.456,1.923,182.3
"trend",5,"gene72",TRUE,0.9458,-0.0001536,0.4617,-6.762
"trend",5,"gene73",TRUE,0.9813,-1.569e-07,0.255,-0.3847
"trend",5,"gene74",FALSE,1.155,3.328,0.5783,66.1
"trend",5,"gene75",FALSE,1.195,6.338,1.778,256.9
"trend",5,"gene76",FALSE,1.054,0.8445,0.1667,8.376
"trend",5,"gene77",FALSE,1.232,8.998,1.725,284.3
"trend",5,"gene78",FALSE,0.9936,0.01119,0.5367,2.97
"trend",5,"gene79",FALSE,1.018,0.1631,0.22,4.806
"trend",5,"gene80",FALSE,0.9596,0.09389,0.22,3.481
"trend",5,"gene81",FALSE,1.047,0.8106,0.185,7.55
"trend",5,"gene82",FALSE,1.037,0.1134,0.2117,3.523
"trend",5,"gene83",FALSE,1.576,36.18,3.945,1495
"trend",5,"gene84",FALSE,1.157,3.905,0.3067,37.5
"trend",5,"gene85",FALSE,1.162,3.793,1.303,136.9
"trend",5,"gene86",FALSE,1.16,3.098,2.405,241.3
"trend",5,"gene87",FALSE,1.245,7.468,3.097,426.5
"trend",5,"gene88",TRUE,0.9068,-3.533e-07,0.1417,-2.56
"trend",5,"gene89",FALSE,1.082,1.458,0.5567,43.43
"trend",5,"gene90",FALSE,1.114,4.758,0.3733,45.58
"trend",5,"gene91",FALSE,1.056,1.171,0.4117,23.32
"trend",5,"gene92",FALSE,1.035,0.4557,0.155,5.075
"trend",5,"gene93",FALSE,1.015,0.2035,0.2317,5.551
"trend",5,"gene94",FALSE,1.088,1.473,0.2533,14.45
"trend",5,"gene95",FALSE,1.151,4.258,0.8833,105.7
"trend",5,"gene96",FALSE,1.233,6.312,1.405,191.7
"trend",5,"gene97",FALSE,1.208,6.151,2.292,302.6
"trend",5,"gene98",TRUE,0.9606,-4.139e-07,0.32,-2.623
"trend",5,"gene99",FALSE,2.134,107.3,3.998,2958
"trend",5,"gene100",TRUE,0.9247,-4.256e-07,0.2467,-4.432
"trend",5,"gene101",TRUE,0.9729,-3.133e-07,0.2233,-0.4146
"trend",5,"gene102",TRUE,0.9611,-7.725e-07,0.195,-6.31
"trend",5,"gene103",FALSE,1.584,37.85,4.868,1689
"trend",5,"gene104",FALSE,1.109,1.021,1.38,74.06
"trend",5,"gene105",FALSE,1.097,1.605,0.6417,50.2
"trend",5,"gene106",TRUE,0.9092,-1.065e-06,0.1917,-7.511
"trend",5,"gene107",FALSE,1.069,1.681,0.7567,55.14
"trend",5,"gene108",TRUE,0.9529,-1.797e-06,1.445,-33.63
"trend",5,"gene109",FALSE,0.9769,0.1382,0.515,10.58
"trend",5,"gene110",FALSE,1.084,1.268,0.7233,39.15
"trend",5,"gene111",TRUE,0.9361,-7.535e-07,0.1967,-4.11
"trend",5,"gene112",FALSE,1.299,12.28,4.885,907.2
"trend",5,"gene113",FALSE,1.094,2.619,1.65,151.4
"trend",5,"gene114",FALSE,1.044,0.5961,0.715,30.72
"trend",5,"gene115",FALSE,1.017,0.06113,0.56,8.772
"trend",5,"gene116",FALSE,1.321,10.63,3.672,654.6
"trend",5,"gene117",FALSE,1.332,17.29,6.665,1713
"trend",5,"gene118",FALSE,1.018,0.07682,0.1683,2.156
"trend",5,"gene119",FALSE,1.064,1.098,0.5483,30.37
"trend",5,"gene120",FALSE,1.05,0.5356,0.6117,22.09
"trend",5,"gene121",FALSE,1.078,1.212,3.482,197
"trend",5,"gene122",FALSE,1.199,5.138,2.535,319.7
"trend",5,"gene123",FALSE,0.9238,0.03268,0.185,1.701
"trend",5,"gene124",FALSE,0.9938,0.7807,0.2917,12.33
"trend",5,"gene125",FALSE,1.254,8.134,2.797,465.1
"trend",5,"gene126",FALSE,1.406,19.92,4.35,1075
"trend",5,"gene127",FALSE,1.345,15.84,4.597,1076
"trend",5,"gene128",FALSE,1.153,1.419,0.2283,18.5
"trend",5,"gene129",TRUE,0.8677,-4.055e-07,0.16,-8.951
"trend",5,"gene130",FALSE,1.127,2.24,1.39,111.5
"trend",5,"gene131",FALSE,1.139,3.288,2.065,196.2
"trend",5,"gene132",FALSE,1.734,53.68,7.9,3338
"trend",5,"gene133",FALSE,1.219,7.186,2.322,328.3
"trend",5,"gene134",FALSE,0.997,0.6557,0.4667,20.18
"trend",5,"gene135",FALSE,1.479,26.5,7.28,2075
"trend",5,"gene136",FALSE,1.124,3.341,1.412,142.7
"trend",5,"gene137",FALSE,1.268,10.54,2.592,511.6
"trend",5,"gene138",FALSE,1.561,39.98,7.567,2864
"trend",5,"gene139",FALSE,1.13,2.892,1.39,133.7
"trend",5,"gene140",FALSE,1.607,39.31,3.285,1191
"trend",5,"gene141",FALSE,1.359,16.49,4.037,973.8
"trend",5,"gene142",FALSE,1.547,30.88,4.765,1481
"trend",5,"gene143",FALSE,0.9762,0.4665,0.23,8.739
"trend",5,"gene144",FALSE,1.088,1.094,1.195,66.58
"trend",5,"gene145",FALSE,1.761,48.03,5.992,2461
"trend",5,"gene146",FALSE,1.245,8.893,2.027,368.3
"trend",5,"gene147",FALSE,1.05,0.9534,0.7517,44.88
"trend",5,"gene148",FALSE,1.102,1.361,0.7733,48.86
"trend",5,"gene149",FALSE,0.9148,0.04171,0.2283,1.995
"trend",5,"gene150",FALSE,1.291,11.26,1.572,298.8
"trend",5,"gene151",FALSE,1.536,31.42,4.545,1433
"trend",5,"gene152",FALSE,1.051,0.7681,1.068,52.06
"trend",5,"gene153",FALSE,1.009,0.4901,0.2917,9.594
"trend",5,"gene154",FALSE,1.065,1.163,0.75,41.97
"trend",5,"gene155",FALSE,1.155,4.162,1.622,211.6
"trend",5,"gene156",FALSE,1.094,1.555,1.172,76.92
"trend",5,"gene157",TRUE,0.9089,-4.559e-07,0.3867,-19.12
"trend",5,"gene158",TRUE,0.9288,-1.162e-06,0.34,-6.453
"trend",5,"gene159",FALSE,1.046,0.4741,0.5717,20.5
"trend",5,"gene160",FALSE,1.119,0.9386,0.1617,9.747
"trend",5,"gene161",FALSE,1.056,1.096,0.2617,16.09
"trend",5,"gene162",TRUE,0.9794,-3.109e-07,0.25,-0.7655
"trend",5,"gene163",FALSE,1.143,3.398,6.03,563.8
"trend",5,"gene164",FALSE,1.493,22.27,4.068,1152
"trend",5,"gene165",FALSE,1.538,32.55,3.845,1236
"trend",5,"gene166",FALSE,1.467,26.29,10.55,2794
"trend",5,"gene167",TRUE,1.092,-1.026e-07,0.2017,-0.0834
"trend",5,"gene168",FALSE,1.127,2.325,1.685,135.4
"trend",5,"gene169",FALSE,1.208,5.647,4.19,539.4
"trend",5,"gene170",FALSE,1.043,0.6191,0.42,18.99
"trend",5,"gene171",FALSE,1.237,8.415,2.655,483.3
"trend",5,"gene172",FALSE,1.266,6.816,1.363,217.7
"trend",5,"gene173",FALSE,1.081,1.004,0.6217,36.17
"trend",5,"gene174",FALSE,1.035,0.08599,0.745,8.491
"trend",5,"gene175",FALSE,1.84,64.85,6.25,3367
"trend",5,"gene176",FALSE,1.572,36.34,7.558,2717
"trend",5,"gene177",FALSE,1.124,2.007,0.5983,49.5
"trend",5,"gene178",FALSE,1.044,0.4514,3.308,115
"trend",5,"gene179",TRUE,0.9743,-1.468e-07,0.1767,-0.4686
"trend",5,"gene180",FALSE,1.127,1.686,0.4883,34.52
"trend",5,"gene181",FALSE,1.038,0.4529,1.048,34.02
"trend",5,"gene182",FALSE,1.092,1.573,2.203,148
"trend",5,"gene183",FALSE,1.116,3.149,0.705,65.33
"trend",5,"gene184",FALSE,1.131,1.35,1.262,82.16
"trend",5,"gene185",FALSE,1.012,2.271,0.1917,21.83
"trend",5,"gene186",FALSE,1.112,3.322,2.065,217.8
"trend",5,"gene187",TRUE,0.9705,-2.161e-07,1.317,-0.6153
"trend",5,"gene188",FALSE,1.022,0.01624,0.7233,4.589
"trend",5,"gene189",FALSE,0.9883,0.004348,0.6183,1.763
"trend",5,"gene190",FALSE,1.146,3.928,0.6967,88.22
"trend",5,"gene191",FALSE,1.961,82.09,5.767,3618
"trend",5,"gene192",FALSE,1.111,1.894,0.5783,34.09
"trend",5,"gene193",FALSE,1.153,5.041,0.645,93.09
"trend",5,"gene194",FALSE,1.105,1.799,0.2783,21.32
"trend",5,"gene195",FALSE,0.9772,0.004211,0.2183,0.6185
"trend",5,"gene196",FALSE,1.074,2.002,0.22,20.12
"trend",5,"gene197",FALSE,1.296,11.68,3.455,703.7
"trend",5,"gene198",FALSE,1.064,1.331,0.4583,29.48
"trend",5,"gene199",FALSE,0.9593,0.08906,0.2983,4.139
"trend",5,"gene200",FALSE,1.086,1.903,2.41,191.1
"trend",5,"gene201",FALSE,1.006,0.1405,0.3117,4.925
"trend",5,"gene202",FALSE,1.246,6.58,1.342,175.4
"trend",5,"gene203",FALSE,1.316,9.762,3.633,619.8
"trend",5,"gene204",FALSE,1.13,3.728,1.338,150.3
"trend",5,"gene205",FALSE,1.105,0.9082,0.1783,9.374
"trend",5,"gene206",FALSE,1.586,39.25,3.635,1434
"trend",5,"gene207",FALSE,1.117,2.817,1.11,107.4
"trend",5,"gene208",FALSE,1.2,3.98,1.792,179
"trend",5,"gene209",TRUE,0.9769,-5.474e-08,0.27,-0.07574
"trend",5,"gene210",FALSE,1.529,30.02,3.843,1220
"trend",5,"gene211",FALSE,2.052,98.24,7.127,4393
"trend",5,"gene212",FALSE,1.17,2.815,1.077,116.3
"trend",5,"gene213",FALSE,1.205,6.193,3.187,414.6
"trend",5,"gene214",FALSE,1.109,1.504,0.7117,52.11
"trend",5,"gene215",FALSE,1.02,0.0472,0.5167,5.842
"trend",5,"gene216",FALSE,1.119,2.727,1.248,117.8
"trend",5,"gene217",FALSE,1.313,10.12,1.723,316
"trend",5,"gene218",FALSE,1.071,1.86,0.7983,63.76
"trend",5,"gene219",FALSE,1.053,0.6852,0.595,27.12
"trend",5,"gene220",FALSE,1.048,0.7249,0.1583,6.86
"trend",5,"gene221",FALSE,1.185,4.386,1.287,152.7
"trend",5,"gene222",FALSE,1.422,18.79,2.938,730.4
"trend",5,"gene223",FALSE,1.158,4.1,0.785,87.54
"trend",5,"gene224",FALSE,0.993,0.1035,0.8133,13.19
"trend",5,"gene225",FALSE,1.103,0.5276,1.108,47.8
"trend",5,"gene226",FALSE,1.082,0.7133,0.7467,34.68
"trend",5,"gene227",FALSE,1.039,0.9477,0.1967,9.993
"trend",5,"gene228",FALSE,1.028,0.4527,0.2817,7.774
"trend",5,"gene229",FALSE,1.261,6.878,2.748,408.5
"trend",5,"gene230",TRUE,0.9263,-4.08e-05,0.1767,-1.797
"trend",5,"gene231",FALSE,1.016,0.09084,0.2617,4.067
"trend",5,"gene232",FALSE,1.012,0.2526,0.4367,10.75
"trend",5,"gene233",FALSE,1.599,38.97,4.645,1868
"trend",5,"gene234",FALSE,1.218,4.857,4.528,523.2
"trend",5,"gene235",FALSE,1.002,0.05321,0.5967,7.486
"trend",5,"gene236",FALSE,0.9846,0.005403,0.4817,1.918
"trend",5,"gene237",FALSE,1.041,0.5127,1.228,41.23
"trend",5,"gene238",FALSE,1.059,0.6659,0.71,34.81
"trend",5,"gene239",FALSE,1.135,2.499,1.087,93.67
"trend",5,"gene240",FALSE,1.036,0.2329,0.1683,4.459
"trend",5,"gene241",FALSE,1.049,0.73,0.8333,38.33
"trend",5,"gene242",FALSE,1.217,7.57,1.213,208
"trend",5,"gene243",FALSE,1.452,20.94,7.32,2071
"trend",5,"gene244",FALSE,1.325,14.1,3.26,794.5
"trend",5,"gene245",FALSE,1.104,1.769,0.5333,35.33
"trend",5,"gene246",FALSE,1.05,0.266,2.397,59.89
"trend",5,"gene247",FALSE,1.233,8.443,0.7717,127.2
"trend",5,"gene248",FALSE,1.205,6.898,2.378,357.8
"trend",5,"gene249",FALSE,1.47,28.21,5.987,1926
"trend",5,"gene250",FALSE,1.168,4.682,2.593,306.9
"trend",5,"gene251",TRUE,0.9707,-4.983e-07,1.172,-19.09
"trend",5,"gene252",FALSE,1.059,2.083,0.1517,14.33
"trend",5,"gene253",FALSE,1.076,1.835,1.173,83.07
"trend",5,"gene254",FALSE,1.592,41.99,5.448,2043
"trend",5,"gene255",FALSE,1.133,2.108,2.487,195.8
"trend",5,"gene256",FALSE,1.09,1.28,0.1467,10.17
"trend",5,"gene257",FALSE,1.034,0.7218,0.475,25.26
"trend",5,"gene258",FALSE,1.049,1.359,1.193,60.38
"trend",5,"gene259",FALSE,1.193,2.796,2.445,222.5
"trend",5,"gene260",FALSE,1.13,2.887,2.582,224.5
"trend",5,"gene261",FALSE,1.183,4.067,0.1933,25.3
"trend",5,"gene262",FALSE,1.754,58.24,5.925,2879
"trend",5,"gene263",FALSE,1.091,2.057,1.738,115
"trend",5,"gene264",FALSE,1.085,1.283,1.128,67.44
"trend",5,"gene265",FALSE,0.9719,0.01875,0.2567,1.832
"trend",5,"gene266",FALSE,0.9749,0.006872,1.085,3.994
"trend",5,"gene267",FALSE,1.35,15.15,3.8,864.4
"trend",5,"gene268",FALSE,1.064,1.468,0.4,29.16
"trend",5,"gene269",FALSE,1.746,57.15,7.398,3572
"trend",5,"gene270",FALSE,1.193,5.779,2.153,264
"trend",5,"gene271",FALSE,1.212,7.986,1.86,271.8
"trend",5,"gene272",FALSE,1.214,6.804,1.65,206.5
"trend",5,"gene273",FALSE,1.024,1.25,1.225,74.36
"trend",5,"gene274",FALSE,1.26,8.725,1.332,225.1
"trend",5,"gene275",TRUE,0.9553,-1.422e-06,0.5483,-15.89
"trend",5,"gene276",FALSE,1.118,1.95,1.258,94.49
"trend",5,"gene277",FALSE,1.064,1.963,1.113,88.34
"trend",5,"gene278",TRUE,0.9648,-4.374e-05,0.9567,-1.913
"trend",5,"gene279",FALSE,1.492,26.24,3.383,931.9
"trend",5,"gene280",FALSE,1.004,0.07923,0.3433,4.584
"trend",5,"gene281",FALSE,1.136,1.974,2.7,226.8
"trend",5,"gene282",FALSE,0.9604,0.1624,0.21,3.894
"trend",5,"gene283",FALSE,1.13,2.121,1.827,125.6
"trend",5,"gene284",FALSE,1.011,0.002567,0.7567,1.799
"trend",5,"gene285",FALSE,1.03,0.09498,0.93,13.97
"trend",5,"gene286",FALSE,1.385,17.79,2.055,468.4
"trend",5,"gene287",FALSE,1.067,0.3482,1.332,40.55
"trend",5,"gene288",TRUE,0.9396,-3.083e-07,0.2317,-7.273
"trend",5,"gene289",FALSE,1.1,2.21,0.53,41.17
"trend",5,"gene290",FALSE,1.81,67.58,7.402,3807
"trend",5,"gene291",FALSE,1.169,5.504,0.18,30.22
"trend",5,"gene292",FALSE,1.035,0.6095,0.295,9.598
"trend",5,"gene293",FALSE,1.829,63.73,8.71,4355
"trend",5,"gene294",FALSE,1.153,3.376,0.8067,78.93
"trend",5,"gene295",FALSE,1.196,5.641,2.43,305
"trend",5,"gene296",FALSE,0.9959,0.1937,0.57,14.23
"trend",5,"gene297",FALSE,1.05,0.9133,1.813,87.33
"trend",5,"gene298",FALSE,1.045,0.4459,0.285,7.71
"trend",5,"gene299",FALSE,1.04,0.5219,0.33,12.24
"trend",5,"gene300",FALSE,1.057,0.8515,0.2167,11.42
"trend",6,"gene1",FALSE,0.9968,0.02795,0.775,4.466
"trend",6,"gene2",TRUE,0.9375,-7.445e-07,0.1233,-4.721
"trend",6,"gene3",FALSE,1.325,14.62,1.877,337.3
"trend",6,"gene4",FALSE,1.179,5.079,1.317,192.7
"trend",6,"gene5",FALSE,0.9367,0.008653,0.1833,0.782
"trend",6,"gene6",FALSE,1.031,0.3249,0.3333,11.47
"trend",6,"gene7",FALSE,1.794,60.61,8.997,3281
"trend",6,"gene8",FALSE,1.471,25.03,2.643,924.6
"trend",6,"gene9",FALSE,1.11,2.264,2.095,118.6
"trend",6,"gene10",FALSE,1.038,0.02232,0.4533,4.084
"trend",6,"gene11",TRUE,0.9408,-0.0001032,0.2067,-4.547
"trend",6,"gene12",FALSE,1.681,46.51,4.518,2337
"trend",6,"gene13",FALSE,1.102,1.167,1.338,51.42
"trend",6,"gene14",FALSE,1.072,0.6633,0.62,28.1
"trend",6,"gene15",TRUE,0.9488,-3.592e-07,0.39,-0.8425
"trend",6,"gene16",FALSE,1.287,10.39,4.007,871.4
"trend",6,"gene17",FALSE,1.129,2.231,0.1983,11.07
"trend",6,"gene18",FALSE,1.14,2.832,0.2433,22.8
"trend",6,"gene19",TRUE,0.9639,-7.16e-07,0.4317,-3.611
"trend",6,"gene20",FALSE,1.192,5.321,1.252,219.3
"trend",6,"gene21",FALSE,0.9956,0.03293,1.135,9.994
"trend",6,"gene22",FALSE,1.435,20.18,4.642,1652
"trend",6,"gene23",FALSE,1.212,7.377,5.692,545.8
"trend",6,"gene24",FALSE,1.012,0.0003902,0.895,1.157
"trend",6,"gene25",FALSE,0.8998,0.001099,0.225,0.3284
"trend",6,"gene26",TRUE,0.9481,-2.732e-07,0.3567,-7.939
"trend",6,"gene27",FALSE,0.9782,0.003837,0.32,0.6796
"trend",6,"gene28",TRUE,0.9295,-2.247e-07,0.5567,-2.202
"trend",6,"gene29",FALSE,1.627,40.42,8.067,2265
"trend",6,"gene30",FALSE,0.9863,0.03013,0.175,2.368
"trend",6,"gene31",FALSE,1.064,0.1215,0.7317,14.84
"trend",6,"gene32",FALSE,1.381,17.61,5.282,1181
"trend",6,"gene33",FALSE,1.152,3.282,1,109
"trend",6,"gene34",FALSE,1.304,12.17,3.358,610.7
"trend",6,"gene35",FALSE,1.206,4.214,5.583,601.9
"trend",6,"gene36",FALSE,1.324,14.12,4.397,817.7
"trend",6,"gene37",FALSE,1.022,0.1842,0.1583,3.111
"trend",6,"gene38",FALSE,1.241,5.924,1.917,243.5
"trend",6,"gene39",FALSE,1.026,0.3374,0.86,26.88
"trend",6,"gene40",TRUE,0.9884,-8.617e-08,0.3533,-0.06718
"trend",6,"gene41",FALSE,1.113,1.698,0.6333,43.91
"trend",6,"gene42",FALSE,1.062,0.6849,0.3533,15.91
"trend",6,"gene43",FALSE,1.067,2.599,0.4783,44.37
"trend",6,"gene44",FALSE,1.155,3.431,1.822,179.7
"trend",6,"gene45",FALSE,1.115,1.428,0.82,44.74
"trend",6,"gene46",TRUE,1.003,-5.263e-07,0.3783,-1.235
"trend",6,"gene47",FALSE,1.452,16.66,5.243,1247
"trend",6,"gene48",FALSE,1.535,34.14,8.047,2832
"trend",6,"gene49",TRUE,0.9736,-1.812e-05,0.235,-0.7973
"trend",6,"gene50",FALSE,1.01,0.001429,0.865,1.546
"trend",6,"gene51",FALSE,1.085,1.802,0.93,70.38
"trend",6,"gene52",FALSE,0.9952,0.2259,0.37,9.8
"trend",6,"gene53",FALSE,0.995,0.4413,0.135,4.815
"trend",6,"gene54",TRUE,0.9333,-7.506e-07,0.2617,-2.972
"trend",6,"gene55",FALSE,1.292,11.22,2.225,420
"trend",6,"gene56",FALSE,1.056,0.9935,0.33,14.09
"trend",6,"gene57",FALSE,1.199,7.405,1.992,303.5
"trend",6,"gene58",FALSE,1.122,2.02,4.247,321.7
"trend",6,"gene59",TRUE,0.9573,-1.615e-07,0.2,-0.3019
"trend",6,"gene60",FALSE,1.228,7.444,2.61,376
"trend",6,"gene61",FALSE,0.9966,0.01778,0.7933,4.948
"trend",6,"gene62",TRUE,0.9554,-1.705e-06,0.48,-22.05
"trend",6,"gene63",FALSE,0.9935,0.232,0.1917,6.024
"trend",6,"gene64",FALSE,1.958,85.86,5.745,3631
"trend",6,"gene65",FALSE,1.659,45.9,6.998,2882
"trend",6,"gene66",FALSE,1.111,2.016,0.5483,42.9
"trend",6,"gene67",FALSE,1.029,0.532,0.5817,20.22
"trend",6,"gene68",FALSE,1.063,0.6302,1.697,65
"trend",6,"gene69",TRUE,0.9684,-2.658e-07,0.1917,-2.551
"trend",6,"gene70",FALSE,1.262,8.401,1.368,209.8
"trend",6,"gene71",FALSE,1.572,31.17,5.885,1900
"trend",6,"gene72",FALSE,1,0.3757,0.1433,3.791
"trend",6,"gene73",FALSE,1.056,1.402,0.92,60.14
"trend",6,"gene74",TRUE,0.977,-8.6e-07,0.285,-4.963
"trend",6,"gene75",FALSE,1.029,0.4167,0.555,17.69
"trend",6,"gene76",FALSE,1.042,0.7656,1.587,76.78
"trend",6,"gene77",FALSE,1.08,1.007,0.5167,25.8
"trend",6,"gene78",FALSE,1.542,34.39,3.653,1399
"trend",6,"gene79",FALSE,1.292,11.74,2.183,453.7
"trend",6,"gene80",FALSE,1.039,0.4383,0.1933,6.52
"trend",6,"gene81",FALSE,0.9823,0.05257,0.165,2.139
"trend",6,"gene82",FALSE,1.152,4.472,1.123,121
"trend",6,"gene83",FALSE,1.118,3.152,0.2283,19.89
"trend",6,"gene84",TRUE,0.9206,-1.144e-06,0.3617,-11.46
"trend",6,"gene85",FALSE,1.188,5.412,1.578,200.7
"trend",6,"gene86",FALSE,1.209,5.82,2.367,375.1
"trend",6,"gene87",FALSE,1.23,7.566,1.743,270.6
"trend",6,"gene88",FALSE,1.107,0.8553,1.668,75.74
"trend",6,"gene89",FALSE,1.653,46.63,6.542,2751
"trend",6,"gene90",TRUE,0.9673,-6.183e-07,0.27,-2.012
"trend",6,"gene91",FALSE,1.672,50.87,3.967,1788
"trend",6,"gene92",FALSE,1.075,1.843,0.6233,39.11
"trend",6,"gene93",FALSE,1.217,3.609,1.285,141.4
"trend",6,"gene94",FALSE,1.226,7.573,1.513,237.6
"trend",6,"gene95",FALSE,1.442,22.59,3.01,824.8
"trend",6,"gene96",FALSE,1.679,49.01,5.995,2684
"trend",6,"gene97",FALSE,1.138,3.612,1.77,160.5
"trend",6,"gene98",FALSE,1.232,8.321,4.557,656.6
"trend",6,"gene99",FALSE,0.9995,0.00471,0.9483,3.164
"trend",6,"gene100",TRUE,0.8941,-7.964e-07,0.2067,-3.878
"trend",6,"gene101",FALSE,1.181,3.54,1.323,142.1
"trend",6,"gene102",FALSE,1.276,10.85,3.257,558.4
"trend",6,"gene103",FALSE,1.036,1.06,0.17,8.215
"trend",6,"gene104",TRUE,0.9522,-1.287e-06,1.318,-16.54
"trend",6,"gene105",FALSE,1.052,0.814,0.8383,43.54
"trend",6,"gene106",FALSE,1.099,1.671,1.493,100.3
"trend",6,"gene107",FALSE,1.494,28.29,5.887,1811
"trend",6,"gene108",FALSE,1.121,2.419,1.825,149.3
"trend",6,"gene109",FALSE,1.241,8.437,1.897,295
"trend",6,"gene110",FALSE,1.188,5.64,0.9817,129.1
"trend",6,"gene111",FALSE,1.204,4.835,5.507,669.9
"trend",6,"gene112",FALSE,0.9633,0.001872,0.5767,1.196
"trend",6,"gene113",FALSE,1.173,4.785,4.427,504.9
"trend",6,"gene114",FALSE,1.189,6.25,2.175,303.5
"trend",6,"gene115",FALSE,1.049,0.5331,0.375,14.39
"trend",6,"gene116",FALSE,1.182,5.501,0.4217,56.76
"trend",6,"gene117",FALSE,1.001,0.03707,0.81,7.527
"trend",6,"gene118",TRUE,0.9088,-2.94e-07,0.25,-5.279
"trend",6,"gene119",FALSE,0.9935,0.02312,0.1667,1.477
"trend",6,"gene120",FALSE,1.109,3.42,1.662,178.2
"trend",6,"gene121",TRUE,0.9108,-1.002e-06,0.2767,-6.583
"trend",6,"gene122",FALSE,1.165,4.33,0.51,47.98
"trend",6,"gene123",FALSE,1.056,1.387,0.295,17.97
"trend",6,"gene124",TRUE,0.9241,-2.382e-06,0.7917,-27.36
"trend",6,"gene125",TRUE,0.9504,-1.278e-06,0.655,-10.03
"trend",6,"gene126",FALSE,1.329,12.49,7.973,1429
"trend",6,"gene127",FALSE,1.008,0.3046,0.24,7.117
"trend",6,"gene128",FALSE,1.249,3.843,0.48,55.5
"trend",6,"gene129",FALSE,0.9893,0.06769,0.385,4.76
"trend",6,"gene130",FALSE,1.711,51.54,4.812,2146
"trend",6,"gene131",TRUE,0.9983,-1.796e-06,0.825,-32.4
"trend",6,"gene132",FALSE,1.533,37.23,8.21,3078
"trend",6,"gene133",TRUE,0.9608,-1.026e-06,0.3983,-5.141
"trend",6,"gene134",FALSE,1.008,0.07566,0.2167,2.875
"trend",6,"gene135",FALSE,1.134,2.463,0.2633,22.48
"trend",6,"gene136",FALSE,1.062,0.8825,0.3383,15.47
"trend",6,"gene137",TRUE,0.9703,-5.817e-07,0.3033,-3.448
"trend",6,"gene138",FALSE,1.011,0.0722,0.1533,2.065
"trend",6,"gene139",FALSE,1.169,3.399,0.9217,97.17
"trend",6,"gene140",FALSE,1.578,36.01,5.808,2095
"trend",6,"gene141",FALSE,1.025,0.6262,0.2733,12.51
"trend",6,"gene142",FALSE,1.052,0.5948,0.58,22.15
"trend",6,"gene143",FALSE,1.241,8.096,3.802,525.1
"trend",6,"gene144",TRUE,0.881,-8.251e-07,0.15,-4.954
"trend",6,"gene145",FALSE,1.003,0.2178,1.042,24.51
"trend",6,"gene146",FALSE,1.534,35.08,6.975,2242
"trend",6,"gene147",FALSE,0.9946,0.00048,0.2033,0.2176
"trend",6,"gene148",FALSE,1.03,0.5463,0.2433,10.41
"trend",6,"gene149",FALSE,1.085,1.585,0.8,54.74
"trend",6,"gene150",FALSE,1.013,0.2204,0.2,3.913
"trend",6,"gene151",FALSE,1.13,2.894,1.125,101.5
"trend",6,"gene152",FALSE,1.053,1.059,0.17,6.609
"trend",6,"gene153",FALSE,1.293,8.186,4.897,647.2
"trend",6,"gene154",FALSE,1.055,0.6098,3.312,130.1
"trend",6,"gene155",FALSE,2.131,114.9,8.797,6637
"trend",6,"gene156",FALSE,1.079,0.9846,0.525,23.81
"trend",6,"gene157",FALSE,1.023,0.9681,0.1983,10.75
"trend",6,"gene158",FALSE,0.9914,0.3522,0.6433,21.43
"trend",6,"gene159",TRUE,0.9115,-6.937e-05,0.2267,-3.056
"trend",6,"gene160",FALSE,1.034,0.5156,0.26,10.4
"trend",6,"gene161",TRUE,0.8908,-2.748e-07,0.2233,-4.972
"trend",6,"gene162",FALSE,1.194,6.532,1.39,176.2
"trend",6,"gene163",FALSE,1.783,61.91,6.56,3444
"trend",6,"gene164",FALSE,0.932,0.1921,0.2433,6.218
"trend",6,"gene165",FALSE,0.9924,0.0468,0.1783,2.376
"trend",6,"gene166",TRUE,0.9865,-2.366e-07,0.1717,-0.4302
"trend",6,"gene167",TRUE,0.9204,-8.221e-07,0.1783,-3.036
"trend",6,"gene168",FALSE,1.305,11.85,3.135,616
"trend",6,"gene169",FALSE,0.9677,0.119,0.8567,16.76
"trend",6,"gene170",TRUE,0.9819,-5.5e-07,0.9733,-2.278
"trend",6,"gene171",FALSE,1.499,25.05,4.668,1255
"trend",6,"gene172",TRUE,0.9897,-3.224e-05,0.6783,-1.413
"trend",6,"gene173",FALSE,1.143,4.129,1.01,113
"trend",6,"gene174",FALSE,1.123,4.041,0.9033,119.9
"trend",6,"gene175",FALSE,1.458,22.81,3.442,950.4
"trend",6,"gene176",FALSE,1.058,0.5396,0.745,24.5
"trend",6,"gene177",FALSE,1.368,12.71,2.885,558.4
"trend",6,"gene178",FALSE,1.123,2.823,3.977,393.8
"trend",6,"gene179",FALSE,1.608,43.57,6.353,2287
"trend",6,"gene180",FALSE,1.019,0.9252,0.395,21.03
"trend",6,"gene181",FALSE,0.9658,0.1293,0.1833,2.856
"trend",6,"gene182",TRUE,0.9082,-2.255e-06,1.008,-39.52
"trend",6,"gene183",FALSE,1.364,12.05,1.777,372.3
"trend",6,"gene184",FALSE,1.794,64.04,5.657,3054
"trend",6,"gene185",FALSE,1.121,0.9793,0.2067,12.97
"trend",6,"gene186",FALSE,1.019,0.2656,0.3083,7.063
"trend",6,"gene187",FALSE,1.052,0.5026,2.635,87.71
"trend",6,"gene188",FALSE,1.155,2.639,0.9017,75.6
"trend",6,"gene189",TRUE,0.9809,-1.496e-06,0.605,-7.201
"trend",6,"gene190",FALSE,1.54,31.41,6.897,2160
"trend",6,"gene191",FALSE,1.036,0.2434,0.1233,3.099
"trend",6,"gene192",FALSE,1.995,87.67,6.692,3839
"trend",6,"gene193",FALSE,1.221,8.339,4.585,690.2
"trend",6,"gene194",TRUE,0.9286,-5.963e-07,0.3267,-12.47
"trend",6,"gene195",FALSE,1.787,57.26,6.872,3400
"trend",6,"gene196",FALSE,1.118,2.214,1.342,107.6
"trend",6,"gene197",TRUE,0.9277,-7.841e-07,0.2717,-8.095
"trend",6,"gene198",FALSE,1.049,0.8321,0.465,25.45
"trend",6,"gene199",FALSE,1.032,0.8987,0.8667,45.52
"trend",6,"gene200",FALSE,1.245,10.6,2.238,398.4
"trend",6,"gene201",TRUE,0.8968,-8.046e-07,0.17,-7.736
"trend",6,"gene202",FALSE,1.064,1.025,0.46,27.99
"trend",6,"gene203",FALSE,1.204,6.222,2.942,368.1
"trend",6,"gene204",FALSE,0.989,0.02477,0.7233,6.479
"trend",6,"gene205",FALSE,1.243,7.512,2.517,405.3
"trend",6,"gene206",FALSE,0.9535,0.01661,0.24,1.528
"trend",6,"gene207",FALSE,1.461,26.23,5.602,1521
"trend",6,"gene208",FALSE,1.001,0.3666,0.135,2.916
"trend",6,"gene209",FALSE,0.9776,0.6385,0.3117,15.13
"trend",6,"gene210",FALSE,1.318,13.46,2.913,602.6
"trend",6,"gene211",FALSE,1.366,20.86,6.718,1771
"trend",6,"gene212",FALSE,1.554,32.74,6.54,2239
"trend",6,"gene213",FALSE,1.272,10.61,4.2,719.8
"trend",6,"gene214",FALSE,1.044,0.7358,3.288,153
"trend",6,"gene215",FALSE,1.703,50.49,5.557,2531
"trend",6,"gene216",FALSE,0.9895,0.0001468,0.6033,0.3459
"trend",6,"gene217",TRUE,0.9241,-7.071e-07,0.3817,-5.487
"trend",6,"gene218",FALSE,0.9955,0.5361,0.1767,9.147
"trend",6,"gene219",FALSE,1.071,1.235,0.27,16.98
"trend",6,"gene220",FALSE,1.365,15.75,4.183,879.7
"trend",6,"gene221",FALSE,1.496,26.32,7.547,2451
"trend",6,"gene222",TRUE,0.966,-5.641e-07,0.2533,-3.709
"trend",6,"gene223",FALSE,1.247,8.738,1.998,343.7
"trend",6,"gene224",FALSE,1.157,2.564,1.09,102.5
"trend",6,"gene225",FALSE,1.339,14.25,5.355,1150
"trend",6,"gene226",FALSE,0.9779,2.951e-05,0.8617,0.209
"trend",6,"gene227",FALSE,1.478,27.46,5.553,1730
"trend",6,"gene228",FALSE,1.163,2.838,0.3333,34.88
"trend",6,"gene229",FALSE,1.178,6.198,5.892,763.1
"trend",6,"gene230",FALSE,1.058,0.8339,1.137,60.68
"trend",6,"gene231",FALSE,1.172,4.858,2.403,301.2
"trend",6,"gene232",FALSE,1.171,5.17,0.1867,25.99
"trend",6,"gene233",TRUE,0.9594,-3.829e-07,0.2467,-1.024
"trend",6,"gene234",FALSE,1.622,44.63,5.508,2307
"trend",6,"gene235",TRUE,0.958,-9.967e-05,0.295,-4.39
"trend",6,"gene236",FALSE,1.045,0.2111,0.1783,3.962
"trend",6,"gene237",FALSE,1.415,25.88,6.217,1730
"trend",6,"gene238",FALSE,1.367,15.58,3.032,734.1
"trend",6,"gene239",FALSE,2.391,156.5,7.085,6410
"trend",6,"gene240",FALSE,1.152,3.669,1.99,190.4
"trend",6,"gene241",FALSE,1.017,0.03638,0.535,5.765
"trend",6,"gene242",FALSE,1.067,1.075,0.3983,22.55
"trend",6,"gene243",TRUE,0.9103,-4.414e-07,0.1583,-6.23
"trend",6,"gene244",FALSE,1.065,0.8844,0.7567,39.52
"trend",6,"gene245",FALSE,1.13,2.428,2.75,219.7
"trend",6,"gene246",FALSE,0.9973,0.03729,0.5317,4.88
"trend",6,"gene247",FALSE,1.116,1.731,0.3683,24.34
"trend",6,"gene248",FALSE,1.265,12.04,2.36,532.9
"trend",6,"gene249",FALSE,1.017,0.01808,1.04,6.515
"trend",6,"gene250",FALSE,1.148,3.214,0.3333,39
"trend",6,"gene251",FALSE,1.093,1.731,1.1,73.11
"trend",6,"gene252",FALSE,1.214,8.037,0.91,163
"trend",6,"gene253",FALSE,1.42,21.72,2.842,744.6
"trend",6,"gene254",FALSE,0.966,0.06008,0.2017,2.815
"trend",6,"gene255",FALSE,1.759,56.86,6.235,3045
"trend",6,"gene256",FALSE,1.149,3.906,3.908,359.2
"trend",6,"gene257",FALSE,1.268,10.24,1.66,284.6
"trend",6,"gene258",TRUE,0.9335,-3.589e-07,0.185,-0.73
"trend",6,"gene259",TRUE,0.9516,-8.94e-05,0.2283,-3.938
"trend",6,"gene260",TRUE,0.9378,-5.378e-07,0.1717,-4.918
"trend",6,"gene261",FALSE,1.202,5.989,1.49,190.1
"trend",6,"gene262",FALSE,0.9736,0.03641,0.3983,3.57
"trend",6,"gene263",FALSE,0.9997,0.4134,0.1533,3.948
"trend",6,"gene264",FALSE,1.028,0.3503,0.315,10.53
"trend",6,"gene265",FALSE,1.121,1.421,2.177,129.4
"trend",6,"gene266",FALSE,0.9973,0.1006,0.3583,5.499
"trend",6,"gene267",FALSE,1.211,5.798,1.228,161.2
"trend",6,"gene268",FALSE,0.9829,0.001794,0.8717,1.771
"trend",6,"gene269",FALSE,1.102,1.853,0.77,54.13
"trend",6,"gene270",FALSE,1.456,27.29,4.993,1554
"trend",6,"gene271",FALSE,1.305,12.13,1.188,230.5
"trend",6,"gene272",FALSE,1.199,5.378,1.23,163.6
"trend",6,"gene273",TRUE,0.9701,-3.546e-07,0.3467,-3.456
"trend",6,"gene274",FALSE,1.149,3.607,1.572,134.4
"trend",6,"gene275",FALSE,1.007,0.04335,0.3983,4.153
"trend",6,"gene276",TRUE,0.9508,-6.032e-07,0.3317,-5.963
"trend",6,"gene277",FALSE,1.147,3.488,1.197,126.5
"trend",6,"gene278",FALSE,1.615,42.67,8.455,3294
"trend",6,"gene279",FALSE,1.046,0.2289,0.17,3.731
"trend",6,"gene280",FALSE,1.2,4.37,1.86,216.5
"trend",6,"gene281",FALSE,1.075,1.473,0.8733,63.41
"trend",6,"gene282",FALSE,1.062,0.9501,0.5133,27.13
"trend",6,"gene283",FALSE,1.538,36.61,6.288,2319
"trend",6,"gene284",TRUE,0.905,-9.928e-08,0.1983,-0.1149
"trend",6,"gene285",FALSE,1.103,2.093,0.345,24.64
"trend",6,"gene286",FALSE,1.507,29.81,4.577,1465
"trend",6,"gene287",FALSE,1.473,25.37,3.402,990
"trend",6,"gene288",FALSE,1.011,0.1106,0.1567,2.983
"trend",6,"gene289",FALSE,1.259,11.74,2.692,527.8
"trend",6,"gene290",TRUE,0.9177,-1.053e-06,0.335,-4.625
"trend",6,"gene291",FALSE,1.906,71.57,6.075,3104
"trend",6,"gene292",FALSE,1.135,2.386,1.092,85.71
"trend",6,"gene293",FALSE,1.062,1.076,0.2583,14.5
"trend",6,"gene294",FALSE,0.9814,0.000364,0.2833,0.2263
"trend",6,"gene295",FALSE,1.022,0.526,0.5667,21.93
"trend",6,"gene296",TRUE,0.9253,-9.783e-07,0.3017,-10.48
"trend",6,"gene297",FALSE,1.151,3.475,0.285,25.5
"trend",6,"gene298",FALSE,1.274,5.961,3.393,444.1
"trend",6,"gene299",FALSE,1.017,0.1095,0.3417,5.193
"trend",6,"gene300",FALSE,1.763,59.77,7.43,3146
"trend",7,"gene1",TRUE,0.9349,-1.674e-06,0.7383,-13.75
"trend",7,"gene2",FALSE,1.099,2.302,0.6683,71.43
"trend",7,"gene3",FALSE,1.055,0.5305,0.5417,14.11
"trend",7,"gene4",FALSE,1.087,1.464,0.9917,76.61
"trend",7,"gene5",FALSE,1.002,0.003641,0.5783,1.301
"trend",7,"gene6",FALSE,1.012,0.1246,0.2617,4.905
"trend",7,"gene7",FALSE,1.128,2.554,0.3333,23.52
"trend",7,"gene8",FALSE,1.507,23.4,2.275,775
"trend",7,"gene9",FALSE,1.121,2.493,1.103,59.65
"trend",7,"gene10",FALSE,1.175,6.58,0.7733,174.4
"trend",7,"gene11",FALSE,1.385,17.58,6.852,1194
"trend",7,"gene12",FALSE,1.518,31.94,5.278,2158
"trend",7,"gene13",FALSE,1.018,0.1163,0.4067,5.842
"trend",7,"gene14",FALSE,1.023,0.2881,0.375,11.04
"trend",7,"gene15",FALSE,1.105,1.801,2.072,121.7
"trend",7,"gene16",FALSE,1.137,2.889,1.148,118.2
"trend",7,"gene17",FALSE,1.253,10.88,8.787,1261
"trend",7,"gene18",FALSE,1.589,37.64,5.128,2587
"trend",7,"gene19",FALSE,1.054,0.7498,0.225,8.418
"trend",7,"gene20",TRUE,0.9073,-5.629e-07,0.4783,-10.87
"trend",7,"gene21",FALSE,1.284,11.06,3.37,527.6
"trend",7,"gene22",FALSE,1.609,36.37,4.273,2213
"trend",7,"gene23",TRUE,0.9677,-5.061e-07,0.5867,-4.376
"trend",7,"gene24",TRUE,0.9045,-6.738e-07,0.3217,-11.05
"trend",7,"gene25",FALSE,1.269,10.51,3.607,511.8
"trend",7,"gene26",TRUE,0.9783,-4.407e-07,0.4267,-1.602
"trend",7,"gene27",FALSE,1.034,0.4638,3.242,89.82
"trend",7,"gene28",FALSE,0.9842,0.5764,0.8283,48.36
"trend",7,"gene29",FALSE,1.127,3.201,2.31,164.2
"trend",7,"gene30",FALSE,1.061,1.091,0.745,56.05
"trend",7,"gene31",FALSE,1.22,6.749,2.573,348.3
"trend",7,"gene32",FALSE,1.202,5.155,0.8317,94.15
"trend",7,"gene33",FALSE,1.135,1.304,1.462,88.13
"trend",7,"gene34",FALSE,1.474,24.22,5.855,1772
"trend",7,"gene35",FALSE,1.097,1.011,0.6883,33.38
"trend",7,"gene36",FALSE,1.017,0.9556,0.9517,53.37
"trend",7,"gene37",FALSE,1.218,3.245,1.822,185.1
"trend",7,"gene38",FALSE,1.412,19.82,4.865,1305
"trend",7,"gene39",FALSE,1.509,28.16,6.773,2057
"trend",7,"gene40",FALSE,1.223,7.511,3.362,487.8
"trend",7,"gene41",FALSE,1.086,0.8366,2.583,118.7
"trend",7,"gene42",FALSE,1.529,31.16,4.325,1443
"trend",7,"gene43",FALSE,1.352,16.66,2.658,647.7
"trend",7,"gene44",FALSE,1.207,6.078,1.325,183.5
"trend",7,"gene45",FALSE,1.445,24.42,6.037,1798
"trend",7,"gene46",FALSE,1.462,26.52,3.832,1237
"trend",7,"gene47",FALSE,1.085,0.2096,1.412,29.97
"trend",7,"gene48",FALSE,1.141,3.792,1.29,150.4
"trend",7,"gene49",FALSE,1.303,12.85,4.515,819.7
"trend",7,"gene50",FALSE,1.241,6.596,2.24,329.4
"trend",7,"gene51",FALSE,1.187,3.659,1.425,146.5
"trend",7,"gene52",FALSE,1.557,38.16,3.142,1226
"trend",7,"gene53",FALSE,1.534,34.03,6.067,2199
"trend",7,"gene54",FALSE,1.37,15.96,2.747,650.6
"trend",7,"gene55",FALSE,1.561,35.37,7.818,2723
"trend",7,"gene56",FALSE,1.069,0.9214,1.347,66.93
"trend",7,"gene57",FALSE,1.028,0.4528,0.7117,28.5
"trend",7,"gene58",FALSE,1.122,1.986,0.64,49.66
"trend",7,"gene59",FALSE,1.088,0.9241,1.437,66.26
"trend",7,"gene60",FALSE,1.518,28.71,5.373,1625
"trend",7,"gene61",FALSE,1.117,1.273,0.17,12.01
"trend",7,"gene62",FALSE,1.305,11.95,3.94,807.3
"trend",7,"gene63",FALSE,1.057,0.4543,0.48,16.66
"trend",7,"gene64",FALSE,1.079,0.526,0.3267,11.99
"trend",7,"gene65",FALSE,1.062,0.4883,0.42,15.06
"trend",7,"gene66",FALSE,1.023,0.3642,0.3833,11.33
"trend",7,"gene67",FALSE,1.141,3.679,1.163,124.7
"trend",7,"gene68",FALSE,1.167,2.581,2.39,205.4
"trend",7,"gene69",FALSE,1.226,6.925,3.692,486
"trend",7,"gene70",TRUE,0.9636,-3.129e-07,0.2433,-5.82
"trend",7,"gene71",FALSE,1.276,9.454,3.175,553.8
"trend",7,"gene72",FALSE,1.264,7.847,2.108,355.7
"trend",7,"gene73",FALSE,1.372,15.78,2.692,626.7
"trend",7,"gene74",FALSE,1.481,28.27,3.725,1192
"trend",7,"gene75",FALSE,1.061,1.545,0.285,16.98
"trend",7,"gene76",FALSE,1.216,7.771,2.427,402.8
"trend",7,"gene77",FALSE,0.9954,0.03603,0.4683,4.436
"trend",7,"gene78",TRUE,0.9125,-3.019e-06,1.452,-72.18
"trend",7,"gene79",FALSE,1.108,0.1682,2.272,44.92
"trend",7,"gene80",FALSE,1.308,10.46,2.73,523.7
"trend",7,"gene81",FALSE,1.689,42.6,2.768,1069
"trend",7,"gene82",FALSE,1.094,0.6206,0.165,7.477
"trend",7,"gene83",FALSE,1.246,8.436,2.887,391.7
"trend",7,"gene84",FALSE,0.9774,0.0009425,0.4267,0.7965
"trend",7,"gene85",FALSE,1.383,19.82,6.395,1669
"trend",7,"gene86",TRUE,0.9523,-6.308e-07,0.225,-4.476
"trend",7,"gene87",FALSE,1.522,32.1,3.703,1340
"trend",7,"gene88",FALSE,1.779,62.59,6.993,3532
"trend",7,"gene89",FALSE,0.9661,0.01247,0.1683,0.9845
"trend",7,"gene90",TRUE,0.9786,-4.776e-07,0.3317,-4.052
"trend",7,"gene91",FALSE,1.407,19.85,2.93,836
"trend",7,"gene92",FALSE,0.9957,0.3839,0.3917,11.7
"trend",7,"gene93",FALSE,1.325,11.33,4.032,686.3
"trend",7,"gene94",TRUE,0.8741,-2.398e-07,0.1833,-6.934
"trend",7,"gene95",FALSE,1.071,1.745,0.6383,44.43
"trend",7,"gene96",FALSE,1.133,1.954,1.04,62.32
"trend",7,"gene97",FALSE,1.392,18.69,3.01,709.9
"trend",7,"gene98",FALSE,1.346,14.18,2.573,512.9
"trend",7,"gene99",FALSE,1.042,0.3288,0.115,4.051
"trend",7,"gene100",FALSE,1.096,2.438,1.973,170.4
"trend",7,"gene101",FALSE,1.198,6.242,0.8017,112.8
"trend",7,"gene102",FALSE,1.015,0.035,1.788,17.13
"trend",7,"gene103",FALSE,0.9964,0.04104,1.207,10.78
"trend",7,"gene104",FALSE,1.135,3.006,1.14,118.7
"trend",7,"gene105",FALSE,1.072,1.117,0.4,23.98
"trend",7,"gene106",FALSE,1.086,1.093,0.7683,43.56
"trend",7,"gene107",FALSE,1.076,1.447,1.805,121.3
"trend",7,"gene108",FALSE,1.154,3.489,2.553,243.8
"trend",7,"gene109",FALSE,1.172,5.013,0.5383,79.57
"trend",7,"gene110",FALSE,1.118,2.068,1.41,104.1
"trend",7,"gene111",FALSE,1.11,2.763,0.625,58.9
"trend",7,"gene112",FALSE,1.028,1.193,0.145,10.06
"trend",7,"gene113",FALSE,1.074,1.809,0.8367,59.22
"trend",7,"gene114",FALSE,1.294,11.59,3.752,663.4
"trend",7,"gene115",FALSE,1.16,5.316,0.2717,36.23
"trend",7,"gene116",FALSE,0.9955,0.3842,0.1783,5.117
"trend",7,"gene117",FALSE,1.421,18,7.228,1555
"trend",7,"gene118",FALSE,1.38,16.94,6.63,1575
"trend",7,"gene119",TRUE,0.9192,-8.992e-07,0.17,-5.195
"trend",7,"gene120",FALSE,0.9298,0.06186,0.1933,2.585
"trend",7,"gene121",FALSE,1.389,18.4,5.885,1430
"trend",7,"gene122",FALSE,1.016,0.1901,0.5683,11.95
"trend",7,"gene123",FALSE,1.276,10.02,2.363,454.6
"trend",7,"gene124",FALSE,1.104,1.792,0.4717,28.86
"trend",7,"gene125",FALSE,1.039,0.5385,0.1283,6.824
"trend",7,"gene126",FALSE,1.172,3.302,1.573,166.1
"trend",7,"gene127",TRUE,0.9522,-4.279e-05,0.44,-1.882
"trend",7,"gene128",FALSE,1.662,42.68,6.952,2561
"trend",7,"gene129",FALSE,1.46,25.11,6.787,1851
"trend",7,"gene130",FALSE,1.059,0.6212,0.3867,12.3
"trend",7,"gene131",FALSE,0.9893,0.04636,0.155,1.795
"trend",7,"gene132",FALSE,1.242,5.128,10.36,1100
"trend",7,"gene133",FALSE,1.318,12.08,2.088,430.5
"trend",7,"gene134",TRUE,0.9409,-1.29e-07,0.155,-0.2813
"trend",7,"gene135",FALSE,1.188,5.124,1.18,128.8
"trend",7,"gene136",FALSE,1.056,1.013,0.2717,14.86
"trend",7,"gene137",FALSE,1.145,4.526,1.16,133.4
"trend",7,"gene138",FALSE,1.065,1.829,0.3983,31.64
"trend",7,"gene139",FALSE,1.446,21.61,5.8,1498
"trend",7,"gene140",FALSE,1.045,0.4907,0.9233,31.38
"trend",7,"gene141",FALSE,1.008,0.3092,0.595,18.5
"trend",7,"gene142",FALSE,1.143,3.448,2.257,225.5
"trend",7,"gene143",FALSE,1.335,17.89,4.595,1167
"trend",7,"gene144",FALSE,1.187,5.859,2.675,385.2
"trend",7,"gene145",FALSE,1.179,4.766,2.028,259.7
"trend",7,"gene146",FALSE,1.03,0.2193,0.7017,17.21
"trend",7,"gene147",FALSE,1.503,27.11,2.79,809
"trend",7,"gene148",FALSE,1.043,0.3142,0.6233,14.32
"trend",7,"gene149",FALSE,1.344,16.27,5.565,1154
"trend",7,"gene150",FALSE,1.394,21.63,4.888,1240
"trend",7,"gene151",FALSE,1.367,19.33,2.648,779
"trend",7,"gene152",FALSE,1.426,20.97,5.607,1416
"trend",7,"gene153",TRUE,0.9646,-2.586e-07,0.1333,-0.3047
"trend",7,"gene154",FALSE,0.9982,0.4013,0.3617,10.84
"trend",7,"gene155",FALSE,1.165,4.83,1.673,220.1
"trend",7,"gene156",FALSE,1.102,2.769,1.442,137.9
"trend",7,"gene157",TRUE,0.9704,-2.486e-07,0.1917,-0.8625
"trend",7,"gene158",FALSE,1.043,1.052,0.1967,12.35
"trend",7,"gene159",FALSE,1.681,49.12,6.372,2879
"trend",7,"gene160",FALSE,1.349,16.69,1.947,490.7
"trend",7,"gene161",FALSE,1.646,46.52,4.63,1894
"trend",7,"gene162",FALSE,1.229,7.782,1.045,153.4
"trend",7,"gene163",FALSE,1.512,28.91,2.442,834.5
"trend",7,"gene164",TRUE,0.9487,-8.523e-07,0.1783,-3.311
"trend",7,"gene165",FALSE,1.254,8.613,3.293,551.6
"trend",7,"gene166",FALSE,1.16,3.961,0.8533,85.76
"trend",7,"gene167",FALSE,1.165,3.889,1.3,151.2
"trend",7,"gene168",FALSE,1.162,4.02,1.217,147.4
"trend",7,"gene169",FALSE,1.366,16.06,3.508,824
"trend",7,"gene170",TRUE,0.8537,-5.984e-08,0.1783,-11.7
"trend",7,"gene171",FALSE,1.174,4.146,1.988,221.6
"trend",7,"gene172",FALSE,1.089,2.107,0.2983,24.78
"trend",7,"gene173",TRUE,0.9463,-1.295e-06,0.9167,-19.59
"trend",7,"gene174",FALSE,1.262,10.91,2.082,421
"trend",7,"gene175",FALSE,1.089,0.9798,0.3583,18.67
"trend",7,"gene176",FALSE,1.215,4.756,1.705,222.1
"trend",7,"gene177",FALSE,1.067,0.9062,0.8883,43.44
"trend",7,"gene178",FALSE,1.36,18.05,5.375,1233
"trend",7,"gene179",FALSE,1.214,6.161,0.8267,123.6
"trend",7,"gene180",FALSE,1.089,0.7679,0.62,25.16
"trend",7,"gene181",FALSE,1.052,0.3228,0.19,5.738
"trend",7,"gene182",FALSE,0.9561,0.4961,0.15,5.275
"trend",7,"gene183",FALSE,1.109,1.997,1.24,90.51
"trend",7,"gene184",FALSE,1.286,12.04,2.852,541.1
"trend",7,"gene185",FALSE,1.018,0.2009,0.76,17.45
"trend",7,"gene186",FALSE,1.1,2.187,0.9583,74.49
"trend",7,"gene187",FALSE,1.09,3.152,1.265,149.7
"trend",7,"gene188",FALSE,1.058,0.723,0.5367,24.8
"trend",7,"gene189",FALSE,1.035,0.4508,0.81,29.13
"trend",7,"gene190",FALSE,1.474,25.22,5.437,1496
"trend",7,"gene191",FALSE,1.143,3.395,1.648,179.8
"trend",7,"gene192",FALSE,1.114,3.044,0.2233,21.27
"trend",7,"gene193",FALSE,1.145,2.861,1.162,103.1
"trend",7,"gene194",FALSE,1.117,2.093,1.22,90.21
"trend",7,"gene195",FALSE,1.454,24.64,8.985,2811
"trend",7,"gene196",FALSE,1.023,0.4774,0.49,20.72
"trend",7,"gene197",FALSE,1.065,0.6968,0.9833,40.51
"trend",7,"gene198",FALSE,1.09,1.475,0.595,37.1
"trend",7,"gene199",FALSE,1.471,25.57,2.982,958.4
"trend",7,"gene200",FALSE,1.199,5.001,1.928,258.8
"trend",7,"gene201",FALSE,1.072,0.7158,1.19,52.09
"trend",7,"gene202",FALSE,1.014,1.154,0.325,20.28
"trend",7,"gene203",FALSE,1.267,7.728,3.643,582.7
"trend",7,"gene204",FALSE,1.302,11.18,0.9667,191.2
"trend",7,"gene205",FALSE,1.214,5.94,0.9433,146.6
"trend",7,"gene206",TRUE,0.9804,-1.211e-07,0.1467,-0.4531
"trend",7,"gene207",FALSE,1.006,0.02974,0.4033,3.208
"trend",7,"gene208",FALSE,1.164,3.802,1.818,205.9
"trend",7,"gene209",TRUE,0.96,-5.915e-08,0.2517,-3.536
"trend",7,"gene210",FALSE,1.106,1.673,1.653,133.6
"trend",7,"gene211",TRUE,0.996,-2.111e-07,0.275,-0.5241
"trend",7,"gene212",FALSE,1.005,0.5047,0.68,27.94
"trend",7,"gene213",FALSE,1.288,12.32,3.115,605.3
"trend",7,"gene214",FALSE,1.301,8.257,7.212,1132
"trend",7,"gene215",FALSE,1.103,3.381,0.8717,93.96
"trend",7,"gene216",FALSE,1.401,20.25,4.068,1062
"trend",7,"gene217",FALSE,1.003,0.2746,0.265,7.396
"trend",7,"gene218",FALSE,1.534,33.89,5.917,2278
"trend",7,"gene219",FALSE,1.505,32.9,4.967,1642
"trend",7,"gene220",FALSE,1.157,3.839,0.925,93.64
"trend",7,"gene221",FALSE,1.589,41.48,3.03,1172
"trend",7,"gene222",FALSE,1.334,13.45,1.908,390
"trend",7,"gene223",FALSE,1.051,0.1418,0.5767,11.71
"trend",7,"gene224",FALSE,1.276,7.727,0.2533,45.11
"trend",7,"gene225",FALSE,1.135,3.13,0.76,77.09
"trend",7,"gene226",FALSE,1.279,8.037,4.632,690.7
"trend",7,"gene227",FALSE,1.32,12.92,5.982,1082
"trend",7,"gene228",FALSE,1.342,13.63,4.197,831.1
"trend",7,"gene229",FALSE,1.065,0.6978,0.3567,17.04
"trend",7,"gene230",FALSE,1.051,0.7843,0.2767,12.96
"trend",7,"gene231",FALSE,1.346,14.72,2.928,635.8
"trend",7,"gene232",FALSE,1.36,12.24,2.438,451.6
"trend",7,"gene233",FALSE,1.524,29.86,5.608,1782
"trend",7,"gene234",TRUE,1.002,-4.495e-07,0.205,-1.42
"trend",7,"gene235",TRUE,0.9203,-8.021e-07,0.29,-14.68
"trend",7,"gene236",FALSE,1.619,40,8.192,2780
"trend",7,"gene237",FALSE,1.065,0.8247,0.385,17.74
"trend",7,"gene238",TRUE,0.9996,-5.114e-07,0.7833,-9.325
"trend",7,"gene239",FALSE,1.064,0.9252,1.64,83.4
"trend",7,"gene240",FALSE,2.189,116.8,6.445,5785
"trend",7,"gene241",TRUE,0.9424,-6.129e-08,0.1817,-0.2007
"trend",7,"gene242",FALSE,1.145,4.089,0.8983,90.64
"trend",7,"gene243",FALSE,1.364,17.99,3.072,757.1
"trend",7,"gene244",FALSE,1.215,6.833,3.258,488.3
"trend",7,"gene245",FALSE,0.9998,0.1139,0.3967,5.881
"trend",7,"gene246",FALSE,1.339,13.46,2.212,485.1
"trend",7,"gene247",FALSE,1.115,2.183,1.443,112.6
"trend",7,"gene248",FALSE,1.174,4.022,0.8033,90.19
"trend",7,"gene249",FALSE,1.056,0.8564,0.2383,9.678
"trend",7,"gene250",FALSE,1.005,0.564,0.2133,9.813
"trend",7,"gene251",FALSE,1.069,1.188,1.278,81.4
"trend",7,"gene252",TRUE,0.9164,-1.575e-06,0.5133,-12.78
"trend",7,"gene253",FALSE,1.367,17.36,2.598,626.1
"trend",7,"gene254",FALSE,1.349,15.49,2.43,568.4
"trend",7,"gene255",FALSE,1.049,0.6777,0.6367,26.45
"trend",7,"gene256",FALSE,1.361,18.81,2.095,608.2
"trend",7,"gene257",FALSE,1.002,0.716,0.3733,16.21
"trend",7,"gene258",FALSE,1.138,4.437,3.953,395.2
"trend",7,"gene259",FALSE,1.075,1.239,0.4383,26.36
"trend",7,"gene260",FALSE,1.027,0.4099,0.6233,19
"trend",7,"gene261",TRUE,0.9699,-5.118e-07,0.3483,-7.83
"trend",7,"gene262",FALSE,1.084,1.45,0.8283,59.65
"trend",7,"gene263",FALSE,1.001,0.1438,0.4233,9.051
"trend",7,"gene264",FALSE,1.434,21.75,4.57,1215
"trend",7,"gene265",FALSE,1.003,0.06592,0.87,11.89
"trend",7,"gene266",FALSE,1.049,1.245,0.94,53.38
"trend",7,"gene267",FALSE,1.093,0.2318,0.4017,9.901
"trend",7,"gene268",FALSE,0.9797,0.0721,0.515,7.331
"trend",7,"gene269",FALSE,1.109,1.043,1.905,97.73
"trend",7,"gene270",FALSE,1.266,9.967,1.67,305.8
"trend",7,"gene271",FALSE,1.427,20.19,3.438,794.2
"trend",7,"gene272",FALSE,1.144,4.412,0.3683,40.75
"trend",7,"gene273",TRUE,0.859,-2.152e-06,0.5567,-34.89
"trend",7,"gene274",TRUE,1.037,-8.358e-07,0.3917,-10.74
"trend",7,"gene275",FALSE,1.037,0.1924,0.345,6.421
"trend",7,"gene276",FALSE,1.165,7.152,3.148,497.5
"trend",7,"gene277",FALSE,1.019,0.2991,0.2867,8.588
"trend",7,"gene278",FALSE,1.192,4.145,2.887,328.5
"trend",7,"gene279",FALSE,1.013,0.119,0.9317,15.35
"trend",7,"gene280",FALSE,1.144,1.663,0.505,33.29
"trend",7,"gene281",FALSE,1.373,13.82,3.437,740
"trend",7,"gene282",FALSE,0.9945,0.02685,0.3233,2.753
"trend",7,"gene283",FALSE,1.091,2.4,0.7633,68.69
"trend",7,"gene284",FALSE,1.054,0.2409,1.187,35.47
"trend",7,"gene285",FALSE,1.087,0.4583,0.4617,16.97
"trend",7,"gene286",FALSE,1.327,11.64,2.71,522.9
"trend",7,"gene287",FALSE,1.003,0.4763,0.3383,10.35
"trend",7,"gene288",FALSE,1.185,5.212,1.992,278
"trend",7,"gene289",FALSE,1.069,0.9152,0.39,17.57
"trend",7,"gene290",FALSE,1.515,27.58,5.84,1844
"trend",7,"gene291",FALSE,1.365,16.93,3.367,778.4
"trend",7,"gene292",FALSE,2.049,103.4,5.728,3904
"trend",7,"gene293",FALSE,1.152,2.81,1.078,91.66
"trend",7,"gene294",FALSE,1.429,18.28,4.553,1045
"trend",7,"gene295",FALSE,1.183,4.764,1.538,193
"trend",7,"gene296",FALSE,1.512,29.19,6.102,2030
"trend",7,"gene297",FALSE,1.049,0.3772,0.285,8.216
"trend",7,"gene298",FALSE,1.227,7.936,1.907,301.3
"trend",7,"gene299",FALSE,1.048,1.022,0.4017,23.33
"trend",7,"gene300",FALSE,1.711,55.48,8.54,3867
"trend",8,"gene1",FALSE,1.077,1.573,0.6067,30.56
"trend",8,"gene2",FALSE,1.549,34.02,3.598,1562
"trend",8,"gene3",FALSE,1.192,5.522,1.898,213.2
"trend",8,"gene4",TRUE,0.8796,-5.443e-07,0.255,-5.772
"trend",8,"gene5",FALSE,1.04,0.01756,2.027,9.165
"trend",8,"gene6",FALSE,1.549,32.05,3.567,1583
"trend",8,"gene7",FALSE,1.323,11.36,6.467,882.3
"trend",8,"gene8",TRUE,0.9347,-1.171e-06,0.2317,-9.574
"trend",8,"gene9",FALSE,1.016,0.2719,1.168,24.03
"trend",8,"gene10",FALSE,1.109,3.641,0.1217,17.36
"trend",8,"gene11",FALSE,1.076,2.61,0.2483,14.53
"trend",8,"gene12",FALSE,1.085,1.512,0.1483,12.56
"trend",8,"gene13",FALSE,2.136,113.2,7.963,4363
"trend",8,"gene14",FALSE,1.339,15.44,2.767,824.6
"trend",8,"gene15",FALSE,1.059,0.7773,1.245,42.87
"trend",8,"gene16",TRUE,0.8781,-8.774e-07,0.2183,-7.334
"trend",8,"gene17",FALSE,1.018,0.2967,0.1467,3.629
"trend",8,"gene18",TRUE,0.9565,-7.987e-07,0.29,-6.762
"trend",8,"gene19",FALSE,1.32,15.17,3.672,624.8
"trend",8,"gene20",FALSE,1.082,2.13,1.102,109.2
"trend",8,"gene21",FALSE,1.162,2.71,3.037,207.9
"trend",8,"gene22",FALSE,1.281,11.68,1.472,344.1
"trend",8,"gene23",FALSE,1.017,0.008956,1.313,4.153
"trend",8,"gene24",FALSE,1.342,16.71,1.77,516.5
"trend",8,"gene25",FALSE,1.082,1.124,0.4533,22.42
"trend",8,"gene26",FALSE,1.412,22.86,4.39,1490
"trend",8,"gene27",TRUE,1.014,-6.292e-07,1.082,-2.549
"trend",8,"gene28",FALSE,1.137,3.254,1.077,117.4
"trend",8,"gene29",FALSE,1.281,8.586,3.403,407.4
"trend",8,"gene30",FALSE,1.214,5.989,0.96,178.1
"trend",8,"gene31",FALSE,1.045,0.8171,0.5283,23.8
"trend",8,"gene32",FALSE,0.9944,0.2068,0.475,12.57
"trend",8,"gene33",FALSE,1.062,0.5821,0.505,21.02
"trend",8,"gene34",FALSE,1.026,0.2306,1.782,45.07
"trend",8,"gene35",FALSE,1.151,3.833,1.168,112.5
"trend",8,"gene36",FALSE,0.9476,0.01742,0.2833,1.759
"trend",8,"gene37",FALSE,1.165,4.334,1.272,150.3
"trend",8,"gene38",TRUE,0.9962,-2.411e-05,1.57,-1.028
"trend",8,"gene39",FALSE,1.178,5.089,1.278,178.5
"trend",8,"gene40",FALSE,1.098,1.063,0.9817,55.99
"trend",8,"gene41",FALSE,1.376,16.7,2.872,611.4
"trend",8,"gene42",TRUE,0.8618,-1.003e-06,0.225,-9.848
"trend",8,"gene43",FALSE,1.081,1.911,1.39,103.9
"trend",8,"gene44",FALSE,1.129,3.147,0.21,19.62
"trend",8,"gene45",FALSE,1.069,0.6019,0.3717,18.61
"trend",8,"gene46",FALSE,1.001,0.1072,0.4383,6.17
"trend",8,"gene47",FALSE,1.039,0.4327,0.7767,26.39
"trend",8,"gene48",FALSE,1.071,1.653,0.4667,36.09
"trend",8,"gene49",FALSE,1.156,3.915,3.36,371.5
"trend",8,"gene50",FALSE,1.021,0.7679,0.3533,18.47
"trend",8,"gene51",FALSE,0.9648,0.1599,0.1567,2.93
"trend",8,"gene52",TRUE,0.9257,-4.492e-07,0.16,-0.9693
"trend",8,"gene53",FALSE,1.265,10,2.328,413.1
"trend",8,"gene54",FALSE,1.106,2.169,1.123,93.74
"trend",8,"gene55",FALSE,1.025,0.03115,0.4167,3.488
"trend",8,"gene56",FALSE,1.002,0.3156,0.6567,21.58
"trend",8,"gene57",FALSE,1.04,0.05391,0.225,2.678
"trend",8,"gene58",FALSE,1.025,0.2404,0.2167,4.248
"trend",8,"gene59",FALSE,1.084,1.4,1.772,109
"trend",8,"gene60",FALSE,1.365,16.78,6.618,1457
"trend",8,"gene61",FALSE,1.209,9.381,0.7367,104.8
"trend",8,"gene62",FALSE,1.517,30.72,6.145,2091
"trend",8,"gene63",FALSE,0.9618,0.01993,0.3483,2.326
"trend",8,"gene64",FALSE,1.084,1.638,0.6217,43.62
"trend",8,"gene65",FALSE,1.401,19.5,4.693,1280
"trend",8,"gene66",FALSE,1.137,2.028,0.815,61.35
"trend",8,"gene67",FALSE,1.238,6.756,1.528,212.1
"trend",8,"gene68",FALSE,1.127,3.032,0.4717,47.66
"trend",8,"gene69",FALSE,1.67,49.18,7.317,3514
"trend",8,"gene70",FALSE,1.089,0.8056,0.265,12.17
"trend",8,"gene71",FALSE,1.126,2.658,0.5483,47.34
"trend",8,"gene72",FALSE,0.9839,0.1099,0.2417,3.592
"trend",8,"gene73",FALSE,1.065,1.407,1.42,75.7
"trend",8,"gene74",FALSE,1.684,48.49,6.86,2793
"trend",8,"gene75",FALSE,1.148,2.926,0.54,44.22
"trend",8,"gene76",TRUE,0.9025,-8.163e-07,0.1767,-7.532
"trend",8,"gene77",FALSE,1.154,3.517,1.618,163.7
"trend",8,"gene78",FALSE,1.075,2.117,0.2517,20.22
"trend",8,"gene79",TRUE,1.011,-5.092e-07,2.478,-1.309
"trend",8,"gene80",FALSE,1.015,0.07491,0.5433,8.167
"trend",8,"gene81",FALSE,1.013,0.03604,0.14,1.396
"trend",8,"gene82",FALSE,1.064,1.441,0.56,29.44
"trend",8,"gene83",FALSE,1.891,77.13,7.812,4682
"trend",8,"gene84",FALSE,1.135,2.415,1.102,100.5
"trend",8,"gene85",FALSE,1.371,18.24,2.892,744.2
"trend",8,"gene86",FALSE,1.157,4.829,3.567,436.1
"trend",8,"gene87",FALSE,1.032,0.3486,0.965,30.02
"trend",8,"gene88",FALSE,0.9726,0.4401,0.1633,5.014
"trend",8,"gene89",FALSE,1.215,5.048,1.713,214.2
"trend",8,"gene90",FALSE,1.532,30.1,4.572,1596
"trend",8,"gene91",FALSE,1.114,2.717,0.4367,34.3
"trend",8,"gene92",FALSE,1.151,1.597,0.3817,28.04
"trend",8,"gene93",FALSE,1.029,0.3504,0.425,13.32
"trend",8,"gene94",FALSE,1.662,46.17,5.662,2143
"trend",8,"gene95",FALSE,1.04,0.2095,0.3817,7.674
"trend",8,"gene96",FALSE,1.051,0.9339,6.127,252.8
"trend",8,"gene97",FALSE,1.216,7.782,2.263,392.2
"trend",8,"gene98",FALSE,1.445,21.42,3.878,977
"trend",8,"gene99",FALSE,1.426,21.73,4.573,1123
"trend",8,"gene100",FALSE,1.493,28.05,5.008,1573
"trend",8,"gene101",FALSE,1.087,1.757,0.16,14.88
"trend",8,"gene102",FALSE,1.32,12.24,3.285,652
"trend",8,"gene103",FALSE,1.372,19.46,4.832,1229
"trend",8,"gene104",FALSE,1.159,1.267,0.2617,16.87
"trend",8,"gene105",FALSE,1.49,27.41,7.44,2301
"trend",8,"gene106",FALSE,1.559,32.89,3.917,1326
"trend",8,"gene107",TRUE,0.9609,-4.205e-07,0.395,-4.834
"trend",8,"gene108",FALSE,1.089,0.6677,1.112,42.36
"trend",8,"gene109",FALSE,1.686,48.59,4.902,2282
"trend",8,"gene110",FALSE,1.069,0.9315,3.76,180.6
"trend",8,"gene111",FALSE,1.045,0.468,0.6833,23.2
"trend",8,"gene112",FALSE,1.357,13.69,2.882,683.3
"trend",8,"gene113",FALSE,1.191,3.001,1.967,185.3
"trend",8,"gene114",FALSE,1.036,0.9426,0.4383,22.11
"trend",8,"gene115",TRUE,0.9896,-1.358e-07,0.605,-0.13
"trend",8,"gene116",TRUE,0.9526,-2.374e-07,0.31,-0.6211
"trend",8,"gene117",FALSE,1.295,9.715,1.472,280.5
"trend",8,"gene118",FALSE,1.003,0.349,0.455,12.26
"trend",8,"gene119",FALSE,1.608,33.92,4.783,1644
"trend",8,"gene120",FALSE,1.809,65.22,6.933,3480
"trend",8,"gene121",FALSE,0.9784,0.09634,0.2933,5.204
"trend",8,"gene122",FALSE,1.044,0.8966,1.11,59.55
"trend",8,"gene123",FALSE,1.198,6.573,2.758,411.7
"trend",8,"gene124",FALSE,1.016,0.3948,0.51,14.54
"trend",8,"gene125",FALSE,1.919,77.05,6,3622
"trend",8,"gene126",FALSE,0.9981,0.01702,0.805,4.462
"trend",8,"gene127",FALSE,1.002,0.2133,0.9717,22.95
"trend",8,"gene128",FALSE,0.9851,0.00609,0.3683,1.497
"trend",8,"gene129",FALSE,1.083,1.572,0.5833,33.58
"trend",8,"gene130",FALSE,1.518,33.53,6.685,2809
"trend",8,"gene131",FALSE,1.082,1.063,0.775,39.76
"trend",8,"gene132",FALSE,1.159,2.893,1.277,129.4
"trend",8,"gene133",FALSE,1.412,21.71,4.097,1036
"trend",8,"gene134",FALSE,1.105,2.064,1.497,118.8
"trend",8,"gene135",FALSE,1.743,39.35,8.213,2697
"trend",8,"gene136",FALSE,1.187,4.059,1.41,154.5
"trend",8,"gene137",FALSE,1.147,3.331,0.4283,42.63
"trend",8,"gene138",FALSE,1.108,1.614,0.1717,14.43
"trend",8,"gene139",FALSE,1.305,13.47,5.963,1198
"trend",8,"gene140",FALSE,1.367,18.9,5.53,1476
"trend",8,"gene141",FALSE,1.289,11.46,3.005,528.8
"trend",8,"gene142",FALSE,1.222,6.398,5.593,748.5
"trend",8,"gene143",FALSE,1.209,8.948,1.163,199.2
"trend",8,"gene144",TRUE,0.977,-4.245e-07,0.3133,-3.448
"trend",8,"gene145",FALSE,1.292,11.89,2.743,505.9
"trend",8,"gene146",FALSE,0.9364,0.3326,0.1883,5.04
"trend",8,"gene147",FALSE,1.719,52.62,6.743,3074
"trend",8,"gene148",FALSE,1.53,32.8,7.542,2476
"trend",8,"gene149",FALSE,1.053,0.8155,1.042,45.4
"trend",8,"gene150",FALSE,1.323,11.41,4.807,923
"trend",8,"gene151",FALSE,1.035,0.01583,0.3083,2.137
"trend",8,"gene152",FALSE,1.177,5.455,2.102,254.3
"trend",8,"gene153",FALSE,0.9864,0.01991,1.158,7.326
"trend",8,"gene154",FALSE,1.212,5.337,4.048,443
"trend",8,"gene155",FALSE,1.003,0.0215,0.5133,4.12
"trend",8,"gene156",FALSE,1.099,0.9359,0.7933,43.46
"trend",8,"gene157",FALSE,0.9729,0.1396,0.8167,16.49
"trend",8,"gene158",FALSE,1.202,3.833,3.368,374.5
"trend",8,"gene159",FALSE,1.17,4.494,0.7917,91.62
"trend",8,"gene160",FALSE,1.016,0.1429,0.4067,7.113
"trend",8,"gene161",FALSE,1.043,0.5061,0.9633,36.68
"trend",8,"gene162",FALSE,1.596,40.58,4.878,1853
"trend",8,"gene163",FALSE,1.368,19.02,3.008,729.2
"trend",8,"gene164",FALSE,1.195,5.612,1.745,224.3
"trend",8,"gene165",FALSE,1.082,1.055,1.623,95.32
"trend",8,"gene166",FALSE,1.041,0.1023,0.135,2.928
"trend",8,"gene167",FALSE,1.042,0.6541,1.42,56.81
"trend",8,"gene168",TRUE,0.9572,-8.309e-07,0.7317,-10.83
"trend",8,"gene169",FALSE,1.104,1.957,0.625,49.71
"trend",8,"gene170",TRUE,0.9658,-3.057e-05,0.4217,-1.345
"trend",8,"gene171",TRUE,0.9501,-3.84e-07,0.2517,-5.362
"trend",8,"gene172",FALSE,1.046,1.019,0.895,40.81
"trend",8,"gene173",FALSE,1.034,0.2852,0.6133,16.16
"trend",8,"gene174",FALSE,1.636,41.19,6.043,2283
"trend",8,"gene175",FALSE,1.088,1.882,0.225,17.4
"trend",8,"gene176",FALSE,1.016,0.06997,0.6567,8.445
"trend",8,"gene177",FALSE,1.691,50.58,6.91,3100
"trend",8,"gene178",TRUE,0.9244,-8.013e-07,0.165,-4.593
"trend",8,"gene179",FALSE,1.091,2.116,0.8817,81.37
"trend",8,"gene180",FALSE,1.087,2.526,1.407,131.2
"trend",8,"gene181",FALSE,1.054,0.5351,0.1467,7.341
"trend",8,"gene182",FALSE,1.166,2.706,0.6667,52.82
"trend",8,"gene183",FALSE,1.078,1.259,0.6867,36.08
"trend",8,"gene184",FALSE,1.619,40.17,5.448,2169
"trend",8,"gene185",FALSE,1.027,0.1389,0.94,20.61
"trend",8,"gene186",FALSE,1.27,7.669,3.437,530.5
"trend",8,"gene187",FALSE,1.774,60.09,6.138,3173
"trend",8,"gene188",FALSE,1.035,0.4762,0.895,27.7
"trend",8,"gene189",FALSE,1.032,0.6687,0.3467,17.13
"trend",8,"gene190",FALSE,1.757,59.15,7.3,3701
"trend",8,"gene191",FALSE,1.127,2.203,1.832,139.6
"trend",8,"gene192",FALSE,0.9854,0.03437,0.1917,1.451
"trend",8,"gene193",FALSE,1.057,1.991,0.29,21.64
"trend",8,"gene194",FALSE,1.042,0.2515,0.93,27.39
"trend",8,"gene195",FALSE,1.593,37.29,3.15,1234
"trend",8,"gene196",FALSE,1.748,54.93,5.578,2781
"trend",8,"gene197",FALSE,1.696,53.91,7.635,3452
"trend",8,"gene198",TRUE,0.997,-1.315e-06,1.097,-13.25
"trend",8,"gene199",FALSE,1.313,12.31,1.64,329.5
"trend",8,"gene200",FALSE,1.303,14.11,3.862,814.1
"trend",8,"gene201",FALSE,1.168,2.765,1.587,140.7
"trend",8,"gene202",FALSE,1.219,7.84,3.342,501.5
"trend",8,"gene203",TRUE,0.9066,-2.084e-07,0.1617,-6.46
"trend",8,"gene204",FALSE,1.817,59.94,7.973,3915
"trend",8,"gene205",FALSE,1.14,3.841,1.51,164.6
"trend",8,"gene206",FALSE,1.463,23.7,4.652,1234
"trend",8,"gene207",FALSE,1.016,0.0481,0.1733,1.292
"trend",8,"gene208",FALSE,1.43,22.96,4.8,1584
"trend",8,"gene209",FALSE,1.05,1.668,0.3067,20.64
"trend",8,"gene210",FALSE,1.551,33.44,5.863,2100
"trend",8,"gene211",FALSE,1.247,7.906,0.7733,131.9
"trend",8,"gene212",FALSE,1.091,1.386,0.6617,36.7
"trend",8,"gene213",FALSE,1.474,23.58,5.605,1676
"trend",8,"gene214",FALSE,1.263,8.215,2.265,350
"trend",8,"gene215",FALSE,1.393,17.1,2.27,543.7
"trend",8,"gene216",FALSE,1.638,37.91,5.562,2207
"trend",8,"gene217",FALSE,1.196,3.396,1.833,177.8
"trend",8,"gene218",TRUE,0.9913,-4.286e-07,0.3833,-5.464
"trend",8,"gene219",FALSE,1.027,0.2952,1.132,29.85
"trend",8,"gene220",FALSE,1.215,4.392,2.365,260.8
"trend",8,"gene221",FALSE,0.9718,0.01042,0.1683,0.7751
"trend",8,"gene222",FALSE,1.207,6.69,0.4283,70.67
"trend",8,"gene223",FALSE,1.112,2.211,1.06,85.28
"trend",8,"gene224",FALSE,1.247,9.466,0.87,149.6
"trend",8,"gene225",FALSE,1.339,13.99,9.968,2203
"trend",8,"gene226",TRUE,0.9625,-9.614e-07,0.34,-5.396
"trend",8,"gene227",FALSE,1.23,7.506,1.223,200.1
"trend",8,"gene228",TRUE,0.8709,-7.092e-07,0.1083,-3.057
"trend",8,"gene229",TRUE,0.9711,-1.427e-07,0.145,-1.046
"trend",8,"gene230",FALSE,1.103,2.089,0.79,72.76
"trend",8,"gene231",FALSE,1.036,0.4388,0.2083,7.271
"trend",8,"gene232",FALSE,1.003,0.3382,0.1833,4.033
"trend",8,"gene233",FALSE,1.327,13.79,5.712,1180
"trend",8,"gene234",FALSE,1.295,10.68,1.905,372.9
"trend",8,"gene235",FALSE,1.45,23,6.39,1796
"trend",8,"gene236",FALSE,1.325,14.58,3.408,762.9
"trend",8,"gene237",FALSE,1.081,0.8947,3.485,168.6
"trend",8,"gene238",FALSE,0.9862,0.1676,0.14,1.915
"trend",8,"gene239",TRUE,0.9391,-1.178e-06,0.66,-27.14
"trend",8,"gene240",FALSE,1.261,12.53,4.028,799.7
"trend",8,"gene241",FALSE,1.074,0.5979,0.4967,18.82
"trend",8,"gene242",FALSE,0.994,0.05554,0.29,2.61
"trend",8,"gene243",FALSE,1.052,0.7611,1.613,74.04
"trend",8,"gene244",FALSE,1.104,1.716,1.057,71.4
"trend",8,"gene245",FALSE,1.11,3.004,0.8217,79.33
"trend",8,"gene246",FALSE,1.375,15.21,5.147,1231
"trend",8,"gene247",FALSE,1.694,39.29,3.407,1271
"trend",8,"gene248",FALSE,1.219,7.231,1.972,331.3
"trend",8,"gene249",FALSE,1.045,0.4336,0.1817,5.434
"trend",8,"gene250",FALSE,1.064,0.7452,1.487,61.95
"trend",8,"gene251",FALSE,1.483,30.18,4.295,1479
"trend",8,"gene252",FALSE,0.979,0.00834,0.2217,0.9741
"trend",8,"gene253",FALSE,1.305,13.18,3.308,656.2
"trend",8,"gene254",TRUE,0.9628,-6.862e-07,0.3117,-4.534
"trend",8,"gene255",FALSE,1.443,19.03,10.25,2672
"trend",8,"gene256",FALSE,1.044,1.141,1.873,116.9
"trend",8,"gene257",FALSE,1.321,13.86,2.23,557.7
"trend",8,"gene258",FALSE,1.101,1.696,3.207,214.1
"trend",8,"gene259",FALSE,1.191,4.909,3.077,362.6
"trend",8,"gene260",FALSE,1.632,46.67,5.24,2239
"trend",8,"gene261",FALSE,1.017,0.2774,0.7267,20.53
"trend",8,"gene262",FALSE,0.9783,0.007173,0.31,1.386
"trend",8,"gene263",FALSE,1.306,11.68,7.98,1451
"trend",8,"gene264",TRUE,0.9491,-5.759e-07,0.4817,-6.912
"trend",8,"gene265",FALSE,1.146,3.421,0.7133,61.59
"trend",8,"gene266",FALSE,1.068,0.8672,0.91,40.98
"trend",8,"gene267",FALSE,1.44,21.03,5.297,1540
"trend",8,"gene268",FALSE,1.096,1.252,2.548,152
"trend",8,"gene269",FALSE,1.862,73.89,5.15,2796
"trend",8,"gene270",FALSE,1.113,2.227,0.8467,68.49
"trend",8,"gene271",FALSE,1.283,10.27,2.062,393.3
"trend",8,"gene272",FALSE,1.163,3.554,0.7033,77.28
"trend",8,"gene273",FALSE,1.575,31.94,1.768,586.3
"trend",8,"gene274",FALSE,1.117,1.768,0.2567,19.13
"trend",8,"gene275",TRUE,0.9224,-3.949e-07,0.1617,-1.214
"trend",8,"gene276",FALSE,1.112,2.194,1.062,98.44
"trend",8,"gene277",FALSE,1.172,4.7,1.622,203.7
"trend",8,"gene278",FALSE,1.017,0.1934,0.2783,5.571
"trend",8,"gene279",FALSE,1.653,45.21,4.755,1873
"trend",8,"gene280",FALSE,1.212,6.843,2.727,385.4
"trend",8,"gene281",FALSE,1.049,1.549,1.378,93.28
"trend",8,"gene282",FALSE,1.236,8.226,2.143,345.5
"trend",8,"gene283",FALSE,1.16,1.914,1.125,88.87
"trend",8,"gene284",FALSE,1.056,1.704,0.6133,41.91
"trend",8,"gene285",FALSE,1.039,1.365,0.2333,14.38
"trend",8,"gene286",FALSE,1.783,59.17,6.373,2988
"trend",8,"gene287",FALSE,1.546,37.13,5.585,2283
"trend",8,"gene288",FALSE,1.124,2.069,0.645,53.17
"trend",8,"gene289",FALSE,1.604,40.86,3.805,1629
"trend",8,"gene290",FALSE,1.022,0.09093,0.1917,3.505
"trend",8,"gene291",FALSE,2.335,147.5,8.16,7314
"trend",8,"gene292",TRUE,0.9626,-6.26e-07,0.2267,-2.391
"trend",8,"gene293",FALSE,1.06,1.236,1.052,66.4
"trend",8,"gene294",FALSE,1.208,6.516,1.013,143.1
"trend",8,"gene295",FALSE,1.194,5.225,1.03,109.1
"trend",8,"gene296",FALSE,1.361,18.63,3.815,945.8
"trend",8,"gene297",FALSE,1.103,1.534,0.5283,32.34
"trend",8,"gene298",FALSE,1.071,1.085,1.305,69.43
"trend",8,"gene299",FALSE,1.109,0.7505,0.5817,20.79
"trend",8,"gene300",FALSE,0.9967,0.003703,0.29,0.9363
"trend",9,"gene1",FALSE,1.544,34.97,6.972,2063
"trend",9,"gene2",FALSE,1.192,4.343,1.287,171.1
"trend",9,"gene3",FALSE,1.13,3.143,2.623,182.8
"trend",9,"gene4",FALSE,1.658,41.05,4.318,2281
"trend",9,"gene5",TRUE,0.9546,-9.337e-05,0.2833,-4.113
"trend",9,"gene6",FALSE,1.106,3.495,1.222,179.6
"trend",9,"gene7",FALSE,1.322,11.21,5.033,661.3
"trend",9,"gene8",FALSE,1.07,0.5378,0.165,5.935
"trend",9,"gene9",FALSE,1.156,2.839,1.627,111.8
"trend",9,"gene10",FALSE,1.265,7.003,2.03,390.5
"trend",9,"gene11",FALSE,1.037,0.3547,0.4683,10.51
"trend",9,"gene12",FALSE,1.107,1.768,0.6133,57.86
"trend",9,"gene13",FALSE,1.287,10.97,2.203,311.5
"trend",9,"gene14",FALSE,0.9905,0.5619,0.195,11.14
"trend",9,"gene15",FALSE,1.019,0.002549,0.4433,0.9518
"trend",9,"gene16",FALSE,1.307,11.73,1.732,384.5
"trend",9,"gene17",FALSE,1.014,0.8408,0.5367,24.07
"trend",9,"gene18",FALSE,1.276,7.921,1.22,223.9
"trend",9,"gene19",FALSE,1.106,1.662,1.117,56.54
"trend",9,"gene20",FALSE,1.1,2.435,2.578,259.6
"trend",9,"gene21",TRUE,0.8416,-0.0001957,0.1667,-8.622
"trend",9,"gene22",FALSE,1.052,1.309,0.315,24.59
"trend",9,"gene23",FALSE,1.12,2.124,2.122,136.4
"trend",9,"gene24",TRUE,0.9769,-3.289e-07,0.12,-0.8322
"trend",9,"gene25",FALSE,1.168,4.143,3.062,256.7
"trend",9,"gene26",FALSE,1.499,27.03,4.505,1816
"trend",9,"gene27",TRUE,0.9203,-1.098e-06,0.8983,-17.13
"trend",9,"gene28",FALSE,1.049,0.03349,0.3183,3.461
"trend",9,"gene29",FALSE,1.587,36.84,5.222,1291
"trend",9,"gene30",FALSE,1.037,0.01534,0.17,1.267
"trend",9,"gene31",FALSE,1.02,1.715,0.1333,11.57
"trend",9,"gene32",FALSE,1.708,51.99,5.873,2774
"trend",9,"gene33",FALSE,1.141,2.918,0.3283,28.35
"trend",9,"gene34",FALSE,1.331,14.63,2.43,533.9
"trend",9,"gene35",FALSE,1.618,38.29,4.837,1854
"trend",9,"gene36",FALSE,1.049,2.031,0.4767,38.63
"trend",9,"gene37",FALSE,1.064,1.197,1.345,76.16
"trend",9,"gene38",TRUE,0.9161,-1.491e-06,0.4483,-12.9
"trend",9,"gene39",FALSE,1.42,20.91,6.857,1763
"trend",9,"gene40",FALSE,0.9897,0.5687,0.2517,10.51
"trend",9,"gene41",FALSE,1.134,3.768,0.5883,80.92
"trend",9,"gene42",FALSE,1.181,6.475,2.583,398.7
"trend",9,"gene43",FALSE,0.9359,0.004559,0.31,0.9761
"trend",9,"gene44",FALSE,1.115,1.329,1.553,82.25
"trend",9,"gene45",FALSE,1.306,11.07,3.957,729.7
"trend",9,"gene46",FALSE,1.358,15.88,4.128,978.2
"trend",9,"gene47",FALSE,1.096,2.109,0.3133,27.57
"trend",9,"gene48",FALSE,1.033,1.248,0.255,14.35
"trend",9,"gene49",FALSE,1.063,0.7611,0.6917,32.42
"trend",9,"gene50",FALSE,1.022,0.2767,1.788,52.36
"trend",9,"gene51",FALSE,1.169,2.966,2.535,245.6
"trend",9,"gene52",FALSE,1.072,2.615,1.57,140.6
"trend",9,"gene53",FALSE,2.03,91.02,6.398,4368
"trend",9,"gene54",FALSE,1.213,7.645,3.415,529.6
"trend",9,"gene55",FALSE,1.036,0.2626,0.4683,12.95
"trend",9,"gene56",TRUE,0.9093,-0.0001814,0.2733,-7.989
"trend",9,"gene57",FALSE,1.148,3.691,1.448,155.8
"trend",9,"gene58",FALSE,1.933,74.27,7.702,4458
"trend",9,"gene59",FALSE,1.48,26.98,3.662,1168
"trend",9,"gene60",FALSE,1.66,48.88,3.998,1625
"trend",9,"gene61",TRUE,0.9907,3.648e-08,0.2667,-0.9918
"trend",9,"gene62",FALSE,1.196,5.256,5.028,566.6
"trend",9,"gene63",FALSE,1.059,0.891,0.4783,25.85
"trend",9,"gene64",FALSE,1.235,7.647,2.51,398.9
"trend",9,"gene65",FALSE,1.345,15.38,3.08,723.2
"trend",9,"gene66",FALSE,0.9976,0.1028,0.2517,4.202
"trend",9,"gene67",FALSE,1.286,10.31,2.498,398.6
"trend",9,"gene68",FALSE,1.092,2.175,0.6217,56.36
"trend",9,"gene69",FALSE,1.445,25.39,2.905,896.7
"trend",9,"gene70",FALSE,1.383,16.86,6.915,1643
"trend",9,"gene71",FALSE,1.21,6.634,1.055,168.2
"trend",9,"gene72",FALSE,1.117,1.955,0.18,15.8
"trend",9,"gene73",FALSE,1.032,0.3744,0.3183,9.644
"trend",9,"gene74",FALSE,1.587,39.63,5.635,2143
"trend",9,"gene75",FALSE,1.379,18.06,2.87,721.7
"trend",9,"gene76",TRUE,0.9324,-8.986e-07,0.59,-4.752
"trend",9,"gene77",TRUE,0.9517,-2.685e-07,0.1767,-5.327
"trend",9,"gene78",FALSE,1.075,0.4194,0.2483,9.992
"trend",9,"gene79",FALSE,1.305,12.78,3.208,679.6
"trend",9,"gene80",FALSE,1.073,2.403,0.1933,18.96
"trend",9,"gene81",FALSE,1.03,0.2065,0.45,9.517
"trend",9,"gene82",FALSE,1.104,1.395,2.853,183.5
"trend",9,"gene83",FALSE,1.34,16.55,2.935,729.5
"trend",9,"gene84",FALSE,0.9917,0.02033,1.027,7.252
"trend",9,"gene85",FALSE,1.369,17.23,4.282,1021
"trend",9,"gene86",FALSE,1.097,1.536,0.9467,55.46
"trend",9,"gene87",FALSE,1.009,0.5213,0.7267,26.6
"trend",9,"gene88",FALSE,1.144,2.951,1.518,134.3
"trend",9,"gene89",FALSE,1.044,0.543,0.2033,8.947
"trend",9,"gene90",FALSE,1.728,54.91,4.835,2392
"trend",9,"gene91",FALSE,0.9887,5.096e-05,1.097,0.3663
"trend",9,"gene92",FALSE,1.079,1.614,0.2267,14.01
"trend",9,"gene93",FALSE,1.418,23.16,7.743,2121
"trend",9,"gene94",FALSE,0.9973,0.3651,0.1517,4.944
"trend",9,"gene95",FALSE,1.316,12.38,1.457,276.6
"trend",9,"gene96",FALSE,1.427,24.01,7.067,1862
"trend",9,"gene97",FALSE,1.306,12.15,4.765,985.7
"trend",9,"gene98",FALSE,1.237,7.967,2.263,327.9
"trend",9,"gene99",FALSE,1.179,3.956,0.44,54.27
"trend",9,"gene100",FALSE,1.212,4.347,1.728,197.1
"trend",9,"gene101",FALSE,1.04,0.838,1.832,83.95
"trend",9,"gene102",FALSE,1.061,2.897,0.3617,37.6
"trend",9,"gene103",FALSE,1.084,1.187,2.32,110.5
"trend",9,"gene104",TRUE,0.9185,-1.187e-06,0.2583,-12
"trend",9,"gene105",FALSE,1.572,38.73,5.045,1878
"trend",9,"gene106",FALSE,1.032,1.105,1.063,68.63
"trend",9,"gene107",FALSE,1.068,0.5644,0.695,23.81
"trend",9,"gene108",FALSE,1.508,29.83,7.613,2152
"trend",9,"gene109",FALSE,1.212,5.361,1.097,175.3
"trend",9,"gene110",FALSE,1.025,0.2766,1.138,27.77
"trend",9,"gene111",FALSE,1.137,2.051,1.493,108.2
"trend",9,"gene112",FALSE,1.068,0.5771,0.205,8.63
"trend",9,"gene113",FALSE,1.013,0.3064,0.67,18.92
"trend",9,"gene114",FALSE,1.043,0.5641,1.105,40.62
"trend",9,"gene115",FALSE,1.342,10.09,5.502,978.2
"trend",9,"gene116",FALSE,0.973,0.02036,0.175,1.358
"trend",9,"gene117",FALSE,1.775,57.56,5.53,2718
"trend",9,"gene118",FALSE,1.17,3.708,1.658,144
"trend",9,"gene119",FALSE,1.049,1.794,1.11,74.06
"trend",9,"gene120",FALSE,1.041,0.4447,0.4067,12.83
"trend",9,"gene121",FALSE,1.03,0.2838,0.3467,9.352
"trend",9,"gene122",TRUE,0.9485,-5.925e-07,0.1867,-4.855
"trend",9,"gene123",FALSE,1.043,0.7605,0.71,29.49
"trend",9,"gene124",FALSE,2.08,99.31,6.4,3943
"trend",9,"gene125",FALSE,1.202,2.493,1.132,93.5
"trend",9,"gene126",FALSE,1.491,24.93,2.732,831
"trend",9,"gene127",FALSE,1.56,34.82,7.092,2574
"trend",9,"gene128",FALSE,1.054,0.4558,0.465,18.24
"trend",9,"gene129",FALSE,1.156,3.49,1.86,181.5
"trend",9,"gene130",FALSE,2.23,121.4,6.473,5056
"trend",9,"gene131",FALSE,1.16,3.143,4.407,416
"trend",9,"gene132",TRUE,0.9799,-5.641e-06,0.4917,-0.2447
"trend",9,"gene133",FALSE,1.12,1.259,1.018,56.61
"trend",9,"gene134",FALSE,1.058,0.093,1.913,31.89
"trend",9,"gene135",FALSE,1.048,0.8571,0.8817,43.49
"trend",9,"gene136",FALSE,1.088,1.523,0.5917,39.14
"trend",9,"gene137",FALSE,1.201,5.325,2.092,290
"trend",9,"gene138",TRUE,0.9042,-9.232e-07,0.4183,-25.13
"trend",9,"gene139",TRUE,0.9212,-7.927e-07,0.5733,-22.38
"trend",9,"gene140",FALSE,1.015,0.05765,1.117,13.94
"trend",9,"gene141",FALSE,1.08,0.6264,1.027,40.92
"trend",9,"gene142",FALSE,1.325,12.93,2.18,485
"trend",9,"gene143",FALSE,1.299,11.83,2.048,373.3
"trend",9,"gene144",FALSE,1.15,3.073,1.71,157.9
"trend",9,"gene145",FALSE,1.238,7.355,2.017,329.4
"trend",9,"gene146",FALSE,1.376,12.92,4.342,1042
"trend",9,"gene147",FALSE,1.002,0.2681,0.44,12.34
"trend",9,"gene148",FALSE,0.9751,0.1403,0.335,6.024
"trend",9,"gene149",FALSE,1.124,1.539,0.21,12.81
"trend",9,"gene150",FALSE,1.577,41.87,6.588,2704
"trend",9,"gene151",FALSE,1.051,2.38,0.16,11.81
"trend",9,"gene152",TRUE,0.9282,-1.13e-06,0.2667,-7.361
"trend",9,"gene153",FALSE,1.403,20.15,3.24,906.8
"trend",9,"gene154",FALSE,1.009,0.5985,0.385,15.7
"trend",9,"gene155",FALSE,1.19,3.504,3.373,370.5
"trend",9,"gene156",FALSE,1.212,9.836,1.638,295.6
"trend",9,"gene157",FALSE,1.231,6.716,2.528,384.5
"trend",9,"gene158",FALSE,1.079,0.5127,1.012,40.87
"trend",9,"gene159",FALSE,1.183,6.224,2.237,309.2
"trend",9,"gene160",FALSE,1.617,40.68,4.37,1797
"trend",9,"gene161",FALSE,1.137,2.606,0.1683,14
"trend",9,"gene162",FALSE,1.08,1.858,1.455,115.2
"trend",9,"gene163",FALSE,1.089,1.45,0.7917,43.44
"trend",9,"gene164",FALSE,1.094,2.3,0.1633,16.24
"trend",9,"gene165",FALSE,1.023,0.1654,0.7067,14.26
"trend",9,"gene166",FALSE,1.005,0.02704,0.2017,1.291
"trend",9,"gene167",FALSE,1.082,2.471,1.187,98.82
"trend",9,"gene168",TRUE,1.019,-8.818e-07,3.86,-3.275
"trend",9,"gene169",FALSE,1.139,4.257,2.298,270.6
"trend",9,"gene170",FALSE,1.021,0.4868,0.3467,12.93
"trend",9,"gene171",FALSE,0.9999,0.02367,0.4767,3.702
"trend",9,"gene172",FALSE,1.044,0.3073,0.6317,16.46
"trend",9,"gene173",FALSE,1.17,2.903,2.14,198.1
"trend",9,"gene174",FALSE,1.607,41.84,3.545,1386
"trend",9,"gene175",FALSE,1.096,1.705,1.428,96.08
"trend",9,"gene176",TRUE,0.9711,-2.798e-07,1.765,-0.461
"trend",9,"gene177",FALSE,1.84,69.22,6.583,3363
"trend",9,"gene178",FALSE,1.051,0.7967,0.3817,18.55
"trend",9,"gene179",FALSE,1.614,41.23,5.178,2170
"trend",9,"gene180",FALSE,1.298,12.65,3.077,598.2
"trend",9,"gene181",TRUE,0.903,-3.113e-07,0.355,-4.769
"trend",9,"gene182",FALSE,1.072,1.896,0.755,59.86
"trend",9,"gene183",TRUE,0.9444,-5.859e-07,0.195,-2.772
"trend",9,"gene184",FALSE,1.627,45.15,7.4,2806
"trend",9,"gene185",FALSE,1.161,4.663,2.337,284.5
"trend",9,"gene186",FALSE,0.9814,0.2923,0.1633,3.596
"trend",9,"gene187",FALSE,1.051,0.007932,0.3267,1.759
"trend",9,"gene188",TRUE,0.9636,-8.019e-07,0.4567,-7.615
"trend",9,"gene189",FALSE,1.004,0.3545,0.3017,9.678
"trend",9,"gene190",FALSE,1.392,19.08,3.27,798.1
"trend",9,"gene191",FALSE,0.9574,0.2221,0.26,6.488
"trend",9,"gene192",FALSE,0.9806,0.2183,0.33,7.218
"trend",9,"gene193",FALSE,1.195,4.718,1.257,150.4
"trend",9,"gene194",FALSE,1,0.3794,0.21,7.364
"trend",9,"gene195",FALSE,1.149,4.142,0.7133,87.83
"trend",9,"gene196",TRUE,0.9341,-1.254e-06,0.4367,-11.6
"trend",9,"gene197",TRUE,0.9442,-0.0001156,0.235,-5.094
"trend",9,"gene198",FALSE,0.9906,0.4027,0.6817,23.35
"trend",9,"gene199",FALSE,1.364,17.33,6.535,1596
"trend",9,"gene200",FALSE,1.304,14.09,3.432,674.2
"trend",9,"gene201",FALSE,1.252,6.888,2.023,286.4
"trend",9,"gene202",FALSE,1.081,1.44,0.6817,45.69
"trend",9,"gene203",FALSE,1.157,5.568,2.027,274.4
"trend",9,"gene204",FALSE,1.203,4.436,1.305,164.7
"trend",9,"gene205",FALSE,1.144,3.553,1.343,133.4
"trend",9,"gene206",FALSE,1.089,0.8206,0.7567,37.64
"trend",9,"gene207",FALSE,0.9148,0.00101,0.2033,0.3899
"trend",9,"gene208",FALSE,1.126,1.821,2.152,152.3
"trend",9,"gene209",FALSE,1.107,2.468,5.49,406.4
"trend",9,"gene210",FALSE,1.111,2.352,0.6433,53.15
"trend",9,"gene211",FALSE,1.014,0.1423,0.2033,3.644
"trend",9,"gene212",FALSE,1.071,1.676,1.422,103.7
"trend",9,"gene213",TRUE,0.9586,-6.521e-07,0.15,-1.972
"trend",9,"gene214",FALSE,1.585,33.77,4.507,1420
"trend",9,"gene215",FALSE,1.063,0.09533,1.183,16.49
"trend",9,"gene216",FALSE,1.351,16.49,2.507,554.1
"trend",9,"gene217",FALSE,0.9603,0.0002602,0.2883,0.2367
"trend",9,"gene218",FALSE,1.548,34.99,6.28,2387
"trend",9,"gene219",FALSE,1.012,0.1016,0.4167,8.539
"trend",9,"gene220",FALSE,1.162,4.433,0.8,98.52
"trend",9,"gene221",FALSE,0.9925,0.3734,0.3017,11.48
"trend",9,"gene222",FALSE,1.798,61.19,5.622,2766
"trend",9,"gene223",FALSE,1.082,2.553,1.17,116.4
"trend",9,"gene224",FALSE,1.024,0.3259,1.562,45.18
"trend",9,"gene225",FALSE,1.518,29.72,3.38,1202
"trend",9,"gene226",FALSE,1.475,26.29,5.968,1710
"trend",9,"gene227",FALSE,1.24,9.429,4.692,790.1
"trend",9,"gene228",FALSE,1.164,1.873,1.613,125.8
"trend",9,"gene229",FALSE,1.056,0.5496,0.5683,20.67
"trend",9,"gene230",FALSE,1.04,0.2392,0.5333,12.85
"trend",9,"gene231",FALSE,1.171,5.394,1.972,245.7
"trend",9,"gene232",FALSE,1.132,3.356,1.092,99.71
"trend",9,"gene233",FALSE,1.189,6.478,1.533,235.1
"trend",9,"gene234",TRUE,0.9269,-2.423e-07,0.1933,-4.258
"trend",9,"gene235",FALSE,1.049,0.3868,0.7583,21.89
"trend",9,"gene236",TRUE,0.9538,2.23e-08,0.2017,-6.845
"trend",9,"gene237",TRUE,0.941,-7.921e-07,0.8083,-9.124
"trend",9,"gene238",FALSE,1.503,31.46,4.535,1378
"trend",9,"gene239",FALSE,1.022,0.6513,0.5917,23.24
"trend",9,"gene240",FALSE,1.447,26,6.097,1655
"trend",9,"gene241",TRUE,0.9504,-1.303e-06,1,-32.08
"trend",9,"gene242",TRUE,0.9498,-1.031e-06,0.2383,-7.005
"trend",9,"gene243",FALSE,1.104,2.21,2.002,156.8
"trend",9,"gene244",FALSE,1.225,6.993,2.802,387
"trend",9,"gene245",FALSE,1.001,0.00797,0.2717,1.254
"trend",9,"gene246",TRUE,0.9714,-4.76e-07,0.4217,-6.167
"trend",9,"gene247",FALSE,1.007,0.6787,0.5183,22.94
"trend",9,"gene248",FALSE,1.062,1.228,0.4383,22.52
"trend",9,"gene249",FALSE,1.332,17.33,1.415,364.2
"trend",9,"gene250",FALSE,0.9916,0.1528,0.2033,3.55
"trend",9,"gene251",FALSE,1.424,18.73,3.42,850.4
"trend",9,"gene252",FALSE,1.249,9.505,0.61,109.9
"trend",9,"gene253",FALSE,1.04,0.5681,1.042,44.15
"trend",9,"gene254",FALSE,1.216,5.896,1.638,220.9
"trend",9,"gene255",FALSE,1.929,82.55,5.767,3450
"trend",9,"gene256",FALSE,1.095,0.7672,1.835,83.29
"trend",9,"gene257",FALSE,1.028,0.1264,0.645,11.94
"trend",9,"gene258",FALSE,0.9817,0.0005377,0.6883,0.8379
"trend",9,"gene259",FALSE,1.187,6.813,0.6033,98.85
"trend",9,"gene260",FALSE,0.9605,0.03638,0.15,1.499
"trend",9,"gene261",FALSE,1.05,0.6375,0.2067,9.556
"trend",9,"gene262",FALSE,1.714,53.79,6.648,3083
"trend",9,"gene263",TRUE,0.9384,-3.729e-07,0.3083,-6.604
"trend",9,"gene264",FALSE,1.072,1.378,2.402,145
"trend",9,"gene265",FALSE,1.113,1.759,1.977,151.6
"trend",9,"gene266",FALSE,1.155,3.895,0.69,77.24
"trend",9,"gene267",FALSE,1.089,1.006,5.685,236.8
"trend",9,"gene268",FALSE,1.11,2.64,0.3417,32.08
"trend",9,"gene269",FALSE,1.135,2.093,2.208,157.7
"trend",9,"gene270",TRUE,0.933,-6.058e-07,0.1533,-5.475
"trend",9,"gene271",FALSE,1.173,5.257,0.54,70.45
"trend",9,"gene272",FALSE,1.083,1.163,0.82,55.22
"trend",9,"gene273",FALSE,0.986,0.01301,0.565,3.334
"trend",9,"gene274",TRUE,0.9708,-2.672e-07,0.3867,-2.32
"trend",9,"gene275",FALSE,1.009,0.4847,0.3183,10.48
"trend",9,"gene276",FALSE,1.634,43.27,3.47,1516
"trend",9,"gene277",FALSE,1.055,0.6544,0.5217,20.73
"trend",9,"gene278",FALSE,1.042,0.4713,0.405,13.55
"trend",9,"gene279",FALSE,1.129,2.851,3.405,329.8
"trend",9,"gene280",TRUE,0.9747,-1.312e-07,0.1833,-1.702
"trend",9,"gene281",FALSE,1.314,9.918,1.007,198.8
"trend",9,"gene282",FALSE,1.291,13.33,1.877,399.2
"trend",9,"gene283",FALSE,0.9933,0.09469,0.2467,3.306
"trend",9,"gene284",FALSE,1.027,1.411,1.18,88.04
"trend",9,"gene285",FALSE,0.9861,0.04901,0.465,5.481
"trend",9,"gene286",FALSE,1.289,10.86,3.797,677.4
"trend",9,"gene287",TRUE,0.9697,-2.078e-07,0.17,-2.838
"trend",9,"gene288",FALSE,1.136,3.213,0.945,88.5
"trend",9,"gene289",FALSE,1.255,10.2,1.237,223.6
"trend",9,"gene290",FALSE,1.028,1.146,0.5417,34.77
"trend",9,"gene291",TRUE,1.017,1.491e-08,0.8617,-10.24
"trend",9,"gene292",FALSE,1.18,2.765,1.998,185.8
"trend",9,"gene293",FALSE,1.186,4.851,1.478,170.1
"trend",9,"gene294",FALSE,1.251,8.294,2.012,285
"trend",9,"gene295",FALSE,1.328,14.42,0.72,166.9
"trend",9,"gene296",FALSE,1.027,0.1066,0.735,13.91
"trend",9,"gene297",FALSE,1.246,9.942,0.6017,114.2
"trend",9,"gene298",FALSE,1.735,44.64,8.083,3476
"trend",9,"gene299",FALSE,1.235,7.074,2.582,385.8
"trend",9,"gene300",FALSE,1.223,5.036,2.603,350
"trend",10,"gene1",TRUE,0.9572,-7.506e-07,0.425,-4.492
"trend",10,"gene2",TRUE,0.9718,-4.53e-05,0.135,-1.995
"trend",10,"gene3",TRUE,0.9651,-6.951e-07,0.375,-1.972
"trend",10,"gene4",FALSE,1.101,1.908,1.053,100.2
"trend",10,"gene5",FALSE,1.046,0.5455,0.7367,19.33
"trend",10,"gene6",FALSE,1.447,19.89,6.182,1828
"trend",10,"gene7",FALSE,1.154,4.932,2.173,187.8
"trend",10,"gene8",FALSE,1.082,0.6194,1.165,71.58
"trend",10,"gene9",FALSE,1.276,12.75,3.343,506.2
"trend",10,"gene10",TRUE,0.9826,-6.451e-07,0.2533,-5.325
"trend",10,"gene11",TRUE,0.9551,-1.042e-06,0.4817,-4.409
"trend",10,"gene12",FALSE,1.23,7.049,0.92,218.2
"trend",10,"gene13",FALSE,1.393,20.12,1.855,341
"trend",10,"gene14",FALSE,1.043,0.2544,0.6067,18.9
"trend",10,"gene15",FALSE,1.181,3.595,1.398,112.7
"trend",10,"gene16",FALSE,1.253,10.32,2.008,457.6
"trend",10,"gene17",FALSE,1.069,1.568,0.8667,48.81
"trend",10,"gene18",FALSE,1.199,8.01,2.597,521.3
"trend",10,"gene19",TRUE,0.889,-0.0002533,0.4367,-11.16
"trend",10,"gene20",FALSE,1.078,0.3292,0.98,37.81
"trend",10,"gene21",FALSE,1.327,17.09,4.238,629.6
"trend",10,"gene22",FALSE,0.9604,0.07708,0.3883,6.34
"trend",10,"gene23",FALSE,1.041,0.3865,1.76,43.52
"trend",10,"gene24",FALSE,1.142,2.515,0.8567,94.96
"trend",10,"gene25",FALSE,1.391,18.27,3.315,546.5
"trend",10,"gene26",FALSE,1.079,1.491,2.755,206.8
"trend",10,"gene27",FALSE,1.137,4.665,1.017,66.17
"trend",10,"gene28",FALSE,1.215,8.445,1.587,306
"trend",10,"gene29",FALSE,1.035,0.3268,0.7433,17.52
"trend",10,"gene30",FALSE,1.101,2.422,1.533,157
"trend",10,"gene31",FALSE,1.025,1.297,4.512,292.6
"trend",10,"gene32",FALSE,1.649,45.56,7.002,3053
"trend",10,"gene33",FALSE,1.084,1.227,0.47,27.8
"trend",10,"gene34",FALSE,1.034,0.4563,0.2367,7.589
"trend",10,"gene35",FALSE,1.008,0.2604,0.6533,15.72
"trend",10,"gene36",FALSE,1.3,11.77,2.973,583.4
"trend",10,"gene37",FALSE,1.264,10.69,2.45,438.3
"trend",10,"gene38",FALSE,1.031,0.2166,0.1717,5.197
"trend",10,"gene39",FALSE,1.422,19.18,4.212,1121
"trend",10,"gene40",FALSE,1.387,16.43,3.605,796.9
"trend",10,"gene41",FALSE,1.064,0.6039,0.475,23.49
"trend",10,"gene42",FALSE,1.359,16.5,4.597,1041
"trend",10,"gene43",FALSE,1.037,0.6618,1.117,49.75
"trend",10,"gene44",FALSE,0.9839,0.0001385,0.7483,0.4453
"trend",10,"gene45",FALSE,1.043,0.7068,0.4917,21.34
"trend",10,"gene46",FALSE,1.199,5.107,1.368,176.5
"trend",10,"gene47",FALSE,1.02,0.03037,0.315,3.009
"trend",10,"gene48",FALSE,1.289,11.4,5.68,1066
"trend",10,"gene49",FALSE,0.9513,0.1278,0.1867,3.672
"trend",10,"gene50",FALSE,1.14,3.218,1.32,120.3
"trend",10,"gene51",FALSE,1.912,78.76,6.405,3871
"trend",10,"gene52",FALSE,1.144,3.725,2.738,245.9
"trend",10,"gene53",FALSE,1.736,58.54,7.238,3534
"trend",10,"gene54",FALSE,1.447,24.91,4.718,1525
"trend",10,"gene55",FALSE,1.332,11.53,3.392,618.8
"trend",10,"gene56",TRUE,0.9449,-6.791e-07,0.16,-3.546
"trend",10,"gene57",FALSE,0.989,0.266,0.1733,4.286
"trend",10,"gene58",FALSE,0.9666,0.05428,0.3717,4.356
"trend",10,"gene59",FALSE,2.32,148,5.462,4600
"trend",10,"gene60",FALSE,1.079,1.093,1.505,88.65
"trend",10,"gene61",FALSE,1.139,3.225,1.547,158
"trend",10,"gene62",FALSE,1.082,1.413,1.338,87.9
"trend",10,"gene63",FALSE,1.09,1.986,0.3883,28.55
"trend",10,"gene64",FALSE,1.08,1.788,0.235,17.12
"trend",10,"gene65",FALSE,1.114,2.651,1.065,83.95
"trend",10,"gene66",FALSE,1.06,0.8506,0.6717,27.57
"trend",10,"gene67",FALSE,1.033,0.6435,0.1417,5.92
"trend",10,"gene68",FALSE,0.9813,0.1547,0.2117,4.081
"trend",10,"gene69",FALSE,1.174,4.236,0.2933,31.65
"trend",10,"gene70",FALSE,1.105,1.514,0.6117,36.34
"trend",10,"gene71",FALSE,1.28,12.37,0.9683,211.3
"trend",10,"gene72",FALSE,1.059,0.5716,0.555,22.12
"trend",10,"gene73",FALSE,1.088,1.901,1.28,89.07
"trend",10,"gene74",TRUE,0.9603,-5.854e-07,0.1533,-2.846
"trend",10,"gene75",FALSE,1.128,3.155,0.68,71.7
"trend",10,"gene76",TRUE,0.9386,-2.882e-07,0.1483,-2.85
"trend",10,"gene77",FALSE,1.054,1.099,0.1367,7.352
"trend",10,"gene78",FALSE,1.925,81.34,6.702,4027
"trend",10,"gene79",FALSE,1.132,2.353,1.595,124.1
"trend",10,"gene80",FALSE,1.064,0.8001,0.5283,23.66
"trend",10,"gene81",FALSE,1.08,0.5576,0.865,38.4
"trend",10,"gene82",FALSE,1.099,1.635,0.7583,44.11
"trend",10,"gene83",FALSE,1.507,33.63,6.54,2619
"trend",10,"gene84",FALSE,1.044,0.5007,1.743,68
"trend",10,"gene85",FALSE,1.041,0.4091,0.6933,22.27
"trend",10,"gene86",FALSE,1.214,6.08,0.8483,102.2
"trend",10,"gene87",FALSE,1.807,75.89,7.363,4342
"trend",10,"gene88",TRUE,0.9667,-1.353e-06,0.485,-10.32
"trend",10,"gene89",FALSE,1.051,0.2318,0.4567,11.63
"trend",10,"gene90",FALSE,1.131,4.082,0.645,70.39
"trend",10,"gene91",FALSE,1.124,2.916,0.9783,76.66
"trend",10,"gene92",TRUE,0.9402,-4.57e-07,0.5783,-3.273
"trend",10,"gene93",FALSE,1.082,2.535,0.7783,81.19
"trend",10,"gene94",FALSE,1.901,75.14,5.87,3075
"trend",10,"gene95",FALSE,1.157,4.304,0.7583,83.48
"trend",10,"gene96",TRUE,0.8714,1.478e-08,0.6417,-37.08
"trend",10,"gene97",FALSE,1.133,3.248,0.2533,26.08
"trend",10,"gene98",FALSE,1.336,15.76,3.527,759.1
"trend",10,"gene99",FALSE,1.137,0.2627,0.55,14.08
"trend",10,"gene100",FALSE,1.085,0.8071,1.28,62.47
"trend",10,"gene101",FALSE,1.008,0.3231,0.4633,16.75
"trend",10,"gene102",FALSE,1.118,2.492,1.692,117.4
"trend",10,"gene103",FALSE,1.08,1.228,0.7867,44.39
"trend",10,"gene104",FALSE,0.9727,0.6235,0.2067,8.516
"trend",10,"gene105",FALSE,1.032,0.7901,0.5083,29.5
"trend",10,"gene106",FALSE,1.107,1.331,0.635,46.53
"trend",10,"gene107",FALSE,1.187,4.383,0.7267,81.69
"trend",10,"gene108",FALSE,1.108,2.373,1.105,94.18
"trend",10,"gene109",FALSE,1.491,24.53,5.143,1547
"trend",10,"gene110",FALSE,0.9756,0.01652,0.145,0.8948
"trend",10,"gene111",FALSE,1.102,1.71,2.308,150.8
"trend",10,"gene112",FALSE,1.522,28.47,5.283,1693
"trend",10,"gene113",FALSE,1.428,24.94,3.188,855.4
"trend",10,"gene114",FALSE,1.096,1.23,1.18,64.58
"trend",10,"gene115",FALSE,1.606,39.93,3.543,1266
"trend",10,"gene116",FALSE,1.167,4.003,2.075,228.7
"trend",10,"gene117",FALSE,0.9885,0.00636,0.2367,0.8607
"trend",10,"gene118",FALSE,0.9858,0.0066,0.225,0.9441
"trend",10,"gene119",FALSE,1.102,2.017,0.95,74.3
"trend",10,"gene120",FALSE,1.077,2.404,0.195,21.66
"trend",10,"gene121",FALSE,1.072,0.6796,1.072,56.22
"trend",10,"gene122",FALSE,1.802,66.64,8.59,4646
"trend",10,"gene123",FALSE,1.715,55.72,7.118,3355
"trend",10,"gene124",FALSE,1.047,0.214,0.9617,20.75
"trend",10,"gene125",FALSE,1.43,26.19,4.423,1314
"trend",10,"gene126",FALSE,0.9693,0.00103,0.4033,0.6535
"trend",10,"gene127",FALSE,1.012,0.1502,0.715,13.65
"trend",10,"gene128",FALSE,1.014,0.004097,0.6067,1.835
"trend",10,"gene129",FALSE,1.016,0.2973,1.008,31.04
"trend",10,"gene130",FALSE,1.092,1.373,0.9683,63.56
"trend",10,"gene131",FALSE,1.066,0.9189,0.4317,20.71
"trend",10,"gene132",FALSE,1.141,4.903,0.2783,38.66
"trend",10,"gene133",TRUE,0.9403,-3.993e-07,0.2033,-2.052
"trend",10,"gene134",FALSE,1.227,7.997,4.84,723.3
"trend",10,"gene135",FALSE,1.118,2.856,1.675,149.3
"trend",10,"gene136",FALSE,1.235,6.509,1.287,185.2
"trend",10,"gene137",FALSE,1.341,15.57,0.9717,218.5
"trend",10,"gene138",FALSE,1.446,19.89,1.608,414
"trend",10,"gene139",FALSE,1.033,0.1724,0.5333,12.37
"trend",10,"gene140",FALSE,1.015,0.1902,0.3633,6.777
"trend",10,"gene141",FALSE,0.9929,0.04221,0.1533,1.617
"trend",10,"gene142",FALSE,1.025,0.1878,0.425,9.009
"trend",10,"gene143",TRUE,0.951,-1.083e-07,0.185,-0.1406
"trend",10,"gene144",FALSE,1.451,25.6,6.283,1649
"trend",10,"gene145",FALSE,1.144,3.075,1.302,125.2
"trend",10,"gene146",FALSE,1.042,0.4421,0.2317,7.602
"trend",10,"gene147",TRUE,0.9923,-1.036e-06,0.7483,-6.629
"trend",10,"gene148",FALSE,0.9902,0.2216,0.6683,18.03
"trend",10,"gene149",FALSE,1.075,0.8003,0.2083,13.56
"trend",10,"gene150",FALSE,1.379,15.65,3.078,695.9
"trend",10,"gene151",TRUE,0.9573,-3.321e-07,0.3767,-0.9164
"trend",10,"gene152",FALSE,1.116,0.9989,0.4683,24.91
"trend",10,"gene153",TRUE,0.9709,-5.521e-07,0.5933,-4.525
"trend",10,"gene154",FALSE,1.459,23.68,7.197,2052
"trend",10,"gene155",FALSE,1.044,0.7419,0.65,28.21
"trend",10,"gene156",FALSE,1.485,31.91,5.587,1914
"trend",10,"gene157",FALSE,1.048,0.1103,1.653,26.61
"trend",10,"gene158",FALSE,0.997,0.4816,1.023,38.88
"trend",10,"gene159",FALSE,1.591,37.18,6.965,2329
"trend",10,"gene160",FALSE,1.031,0.1654,0.4183,8.554
"trend",10,"gene161",FALSE,1.294,10.88,1.987,369.7
"trend",10,"gene162",FALSE,1.146,4.187,1.498,172.2
"trend",10,"gene163",FALSE,1.103,1.186,0.8833,57.02
"trend",10,"gene164",FALSE,1.631,40.12,5.825,2281
"trend",10,"gene165",FALSE,1.211,5.025,3.735,471.9
"trend",10,"gene166",FALSE,1.061,1.002,0.3783,25.51
"trend",10,"gene167",TRUE,0.9137,-2.111e-06,0.71,-28.79
"trend",10,"gene168",FALSE,1.004,0.3217,0.205,5.006
"trend",10,"gene169",FALSE,1.039,0.3791,0.9383,31.63
"trend",10,"gene170",FALSE,1.055,0.3449,0.5333,14.75
"trend",10,"gene171",FALSE,1.222,6.499,0.5183,89.76
"trend",10,"gene172",FALSE,1.513,31.43,3.93,1342
"trend",10,"gene173",FALSE,1.646,37.73,3.81,1407
"trend",10,"gene174",FALSE,1.094,1.028,1.31,63.97
"trend",10,"gene175",FALSE,1.052,0.6964,1.183,47.64
"trend",10,"gene176",FALSE,0.9864,0.03045,0.2633,2.207
"trend",10,"gene177",FALSE,1.046,0.5199,0.1683,5.761
"trend",10,"gene178",FALSE,1.044,0.8147,0.29,16.17
"trend",10,"gene179",TRUE,0.9668,-4.693e-07,0.4083,-3.097
"trend",10,"gene180",TRUE,0.9677,-5.856e-07,0.5367,-1.395
"trend",10,"gene181",FALSE,1.066,0.8602,1.202,57.54
"trend",10,"gene182",FALSE,1.072,0.9022,1.213,64.23
"trend",10,"gene183",FALSE,0.9869,0.0003699,0.2783,0.2331
"trend",10,"gene184",FALSE,1.069,1.225,1.422,88.17
"trend",10,"gene185",FALSE,1.173,5.56,0.6217,82.4
"trend",10,"gene186",FALSE,1.153,6.209,1.163,151.1
"trend",10,"gene187",FALSE,1.022,0.8134,0.355,18.08
"trend",10,"gene188",FALSE,1.281,8.839,4.088,702.5
"trend",10,"gene189",FALSE,1.085,1.164,0.51,29.06
"trend",10,"gene190",FALSE,1.387,20.23,5.177,1125
"trend",10,"gene191",FALSE,1.094,2.438,1.615,131.9
"trend",10,"gene192",FALSE,1.104,2.145,0.7767,48.49
"trend",10,"gene193",FALSE,0.9688,0.0932,0.4167,6.304
"trend",10,"gene194",FALSE,1.042,0.5735,0.2467,8.136
"trend",10,"gene195",FALSE,1.322,11.34,4.135,701.9
"trend",10,"gene196",FALSE,1.007,0.1241,0.525,8.977
"trend",10,"gene197",FALSE,1.32,11.52,7.31,1371
"trend",10,"gene198",FALSE,1.171,3.014,0.495,43.43
"trend",10,"gene199",TRUE,0.94,-7.124e-07,0.2067,-2.728
"trend",10,"gene200",FALSE,1.229,6.714,4.17,523.3
"trend",10,"gene201",FALSE,1.241,8.067,1.278,203.1
"trend",10,"gene202",FALSE,0.9818,0.09492,0.2583,4.475
"trend",10,"gene203",FALSE,1.696,48.94,4.813,2053
"trend",10,"gene204",TRUE,0.9382,-4.852e-07,0.16,-2.292
"trend",10,"gene205",FALSE,1.093,1.294,2.335,135.9
"trend",10,"gene206",FALSE,1.055,0.6148,2.062,70.03
"trend",10,"gene207",FALSE,1.05,0.4333,0.15,5.499
"trend",10,"gene208",FALSE,1.782,63.15,6.678,3476
"trend",10,"gene209",FALSE,0.9678,0.0764,0.2783,4.373
"trend",10,"gene210",TRUE,0.969,-1.283e-06,0.4667,-20.75
"trend",10,"gene211",FALSE,1.441,27.91,6.425,2117
"trend",10,"gene212",FALSE,1.894,79.5,8.732,4922
"trend",10,"gene213",FALSE,0.9984,0.07451,0.215,2.978
"trend",10,"gene214",FALSE,1.619,38.05,4.557,1828
"trend",10,"gene215",FALSE,1.047,0.3212,0.4967,14.79
"trend",10,"gene216",FALSE,0.9676,0.042,0.1567,1.952
"trend",10,"gene217",FALSE,0.9793,0.2805,0.2317,5.108
"trend",10,"gene218",FALSE,1.699,49.62,3.928,1684
"trend",10,"gene219",FALSE,0.978,0.2106,0.2267,5.001
"trend",10,"gene220",FALSE,1.151,4.827,1.665,223.1
"trend",10,"gene221",FALSE,1.493,31.25,4.332,1351
"trend",10,"gene222",TRUE,0.9672,-3.577e-07,0.17,-2.062
"trend",10,"gene223",TRUE,0.8771,-1.011e-06,0.605,-32.67
"trend",10,"gene224",FALSE,1.022,0.2567,1.992,56.05
"trend",10,"gene225",FALSE,1.145,1.216,2.217,149.6
"trend",10,"gene226",TRUE,0.9516,-6.123e-07,0.1833,-4.018
"trend",10,"gene227",FALSE,1.489,30.01,5.977,2102
"trend",10,"gene228",FALSE,1.067,1.184,0.1983,11.51
"trend",10,"gene229",FALSE,1.01,0.1247,0.5133,8.974
"trend",10,"gene230",FALSE,1.272,10.57,6.33,1291
"trend",10,"gene231",FALSE,1.239,8.759,2.43,406.5
"trend",10,"gene232",FALSE,1.396,14.65,4.032,896
"trend",10,"gene233",FALSE,0.9754,0.221,0.18,4.458
"trend",10,"gene234",FALSE,1.431,23.04,4.04,1079
"trend",10,"gene235",FALSE,1.19,6.086,1.195,163.8
"trend",10,"gene236",FALSE,1.426,23.37,7.873,2207
"trend",10,"gene237",FALSE,1.076,1.063,1.81,89.97
"trend",10,"gene238",FALSE,1.625,41.33,7.502,2828
"trend",10,"gene239",TRUE,0.9565,-0.0002604,0.315,-11.47
"trend",10,"gene240",FALSE,1.091,2.261,1.035,86.29
"trend",10,"gene241",FALSE,1.196,5.878,1.848,241.8
"trend",10,"gene242",FALSE,1.404,21.33,5.262,1557
"trend",10,"gene243",FALSE,1.122,2.091,1.118,93.84
"trend",10,"gene244",TRUE,0.9766,-7.815e-07,0.5183,-7.465
"trend",10,"gene245",FALSE,1.04,0.2117,2.1,47.98
"trend",10,"gene246",FALSE,1.042,0.215,0.385,9.113
"trend",10,"gene247",TRUE,0.9589,-4.1e-07,0.2283,-2.16
"trend",10,"gene248",FALSE,1.221,5.035,1.888,216
"trend",10,"gene249",TRUE,0.9758,-1.776e-07,0.1583,-0.2336
"trend",10,"gene250",TRUE,0.9375,-0.0001138,0.2217,-5.012
"trend",10,"gene251",TRUE,0.8962,-1.798e-06,0.24,-15.55
"trend",10,"gene252",FALSE,1.119,1.385,1.542,95.87
"trend",10,"gene253",FALSE,1.197,5.662,2.507,347.3
"trend",10,"gene254",FALSE,1.012,0.06516,0.4667,5.913
"trend",10,"gene255",FALSE,1.146,2.761,2.613,253.9
"trend",10,"gene256",FALSE,1.147,2.92,0.5867,52.02
"trend",10,"gene257",FALSE,1.041,1.463,0.3083,19.73
"trend",10,"gene258",TRUE,0.9495,-8.658e-07,0.715,-8.81
"trend",10,"gene259",FALSE,1.011,1.432,0.2217,12.33
"trend",10,"gene260",FALSE,0.951,0.001595,0.1767,0.4269
"trend",10,"gene261",FALSE,1.042,0.1055,0.5133,6.457
"trend",10,"gene262",FALSE,1.614,43.58,4.368,1895
"trend",10,"gene263",FALSE,1.093,1.598,0.77,55.85
"trend",10,"gene264",FALSE,0.9768,0.04228,0.1167,1.406
"trend",10,"gene265",FALSE,1.059,0.884,0.2367,10.01
"trend",10,"gene266",FALSE,1.115,0.9671,3.018,157.6
"trend",10,"gene267",FALSE,1.284,9.511,4.428,762.3
"trend",10,"gene268",FALSE,0.9832,0.01796,0.51,3.299
"trend",10,"gene269",FALSE,1.033,0.1686,0.5483,11.73
"trend",10,"gene270",TRUE,0.9441,-4.931e-05,0.2383,-2.171
"trend",10,"gene271",FALSE,1.04,0.179,1.82,42.16
"trend",10,"gene272",FALSE,1.099,3.102,0.9217,72.84
"trend",10,"gene273",TRUE,0.975,-4.771e-07,0.3367,-2.767
"trend",10,"gene274",FALSE,1.041,0.4385,0.2633,8.664
"trend",10,"gene275",FALSE,1.067,1.353,0.3533,20.73
"trend",10,"gene276",FALSE,1.002,0.2429,0.8733,23.48
"trend",10,"gene277",FALSE,1.04,1.129,0.35,19.45
"trend",10,"gene278",FALSE,1.327,13.01,1.303,265.4
"trend",10,"gene279",FALSE,1.416,19.19,5.7,1487
"trend",10,"gene280",FALSE,1.184,4.716,0.9333,119.2
"trend",10,"gene281",FALSE,1.379,15.14,2.183,515.5
"trend",10,"gene282",FALSE,1.071,2.113,0.5733,50.61
"trend",10,"gene283",FALSE,1.031,0.09477,0.9367,13.98
"trend",10,"gene284",FALSE,1.054,0.5671,0.3617,15.87
"trend",10,"gene285",FALSE,1.715,55.79,6.465,3278
"trend",10,"gene286",FALSE,1.191,4.433,1.51,155.4
"trend",10,"gene287",FALSE,1.236,7.346,1.698,245.8
"trend",10,"gene288",TRUE,1.012,-5.335e-07,0.3683,-2.223
"trend",10,"gene289",FALSE,1.036,0.3817,0.6217,17.49
"trend",10,"gene290",FALSE,1.411,20.71,4.92,1230
"trend",10,"gene291",FALSE,1.431,20.94,3.617,948.3
"trend",10,"gene292",FALSE,1.01,0.1634,0.145,2.994
"trend",10,"gene293",FALSE,1.008,0.2149,0.4317,9.979
"trend",10,"gene294",FALSE,1.16,4.816,1.382,154.7
"trend",10,"gene295",TRUE,0.9896,-3.334e-07,0.375,-2.155
"trend",10,"gene296",FALSE,1.326,16.97,3.667,812.8
"trend",10,"gene297",TRUE,0.8595,-1.427e-06,0.145,-8.728
"trend",10,"gene298",FALSE,1.189,5.6,2.462,338
"trend",10,"gene299",FALSE,1.267,7.22,2.792,426.9
"trend",10,"gene300",FALSE,1.463,21.41,4.158,1167
