"candidate","regime","rep","gene","bool_boundary","mean_count","nuisance","nuisance_true","rate_unit_free","s_median"
"mle","baseline",1,"gene1",FALSE,4.247,17.3,6.198,6.343,2.727
"cap_10s","baseline",1,"gene1",FALSE,4.247,17.3,6.198,6.343,2.727
"master","baseline",1,"gene1",FALSE,4.247,5.278,6.198,1.935,2.727
"cap_10s","baseline",1,"gene10",FALSE,4.36,6.302,2.183,2.381,2.646
"master","baseline",1,"gene10",FALSE,4.36,6.302,2.183,2.381,2.646
"mle","baseline",1,"gene10",FALSE,4.36,6.302,2.183,2.381,2.646
"mle","baseline",1,"gene100",FALSE,2.935,14.45,5.673,4.889,2.957
"cap_10s","baseline",1,"gene100",FALSE,2.935,14.45,5.673,4.889,2.957
"master","baseline",1,"gene100",FALSE,2.935,6.613,5.673,2.237,2.957
"cap_10s","baseline",1,"gene101",FALSE,4.003,20.64,3.576,5.37,3.843
"master","baseline",1,"gene101",FALSE,4.003,8.461,3.576,2.202,3.843
"mle","baseline",1,"gene101",FALSE,4.003,20.64,3.576,5.37,3.843
"master","baseline",1,"gene102",FALSE,4.423,9.658,5.899,2.292,4.214
"cap_10s","baseline",1,"gene102",FALSE,4.423,35.63,5.899,8.454,4.214
"mle","baseline",1,"gene102",FALSE,4.423,35.63,5.899,8.454,4.214
"cap_10s","baseline",1,"gene103",FALSE,2.68,11.76,2.302,4.249,2.769
"master","baseline",1,"gene103",FALSE,2.68,5.612,2.302,2.027,2.769
"mle","baseline",1,"gene103",FALSE,2.68,11.76,2.302,4.249,2.769
"cap_10s","baseline",1,"gene104",FALSE,3.473,8.625,2.067,2.4,3.593
"master","baseline",1,"gene104",FALSE,3.473,7.708,2.067,2.145,3.593
"mle","baseline",1,"gene104",FALSE,3.473,8.625,2.067,2.4,3.593
"cap_10s","baseline",1,"gene105",FALSE,1.442,2.62,2.266,2.037,1.286
"master","baseline",1,"gene105",FALSE,1.442,2.62,2.266,2.037,1.286
"mle","baseline",1,"gene105",FALSE,1.442,2.62,2.266,2.037,1.286
"cap_10s","baseline",1,"gene106",FALSE,3.798,21.66,5.007,6.021,3.597
"master","baseline",1,"gene106",FALSE,3.798,6.751,5.007,1.877,3.597
"mle","baseline",1,"gene106",FALSE,3.798,21.66,5.007,6.021,3.597
"cap_10s","baseline",1,"gene107",FALSE,1.83,11.53,5.348,6.558,1.758
"master","baseline",1,"gene107",FALSE,1.83,4.551,5.348,2.588,1.758
"mle","baseline",1,"gene107",FALSE,1.83,11.53,5.348,6.558,1.758
"cap_10s","baseline",1,"gene108",FALSE,2.762,6.518,2.148,2.652,2.458
"master","baseline",1,"gene108",FALSE,2.762,4.587,2.148,1.866,2.458
"mle","baseline",1,"gene108",FALSE,2.762,6.518,2.148,2.652,2.458
"cap_10s","baseline",1,"gene109",FALSE,1.585,14.67,6.623,10,1.467
"master","baseline",1,"gene109",FALSE,1.585,3.184,6.623,2.17,1.467
"mle","baseline",1,"gene109",FALSE,1.585,32.97,6.623,22.47,1.467
"cap_10s","baseline",1,"gene11",FALSE,2.798,3.997,2.113,2.567,1.557
"master","baseline",1,"gene11",FALSE,2.798,2.791,2.113,1.792,1.557
"mle","baseline",1,"gene11",FALSE,2.798,3.997,2.113,2.567,1.557
"mle","baseline",1,"gene110",FALSE,2.088,9.705,7.734,5.055,1.92
"cap_10s","baseline",1,"gene110",FALSE,2.088,9.705,7.734,5.055,1.92
"master","baseline",1,"gene110",FALSE,2.088,3.476,7.734,1.811,1.92
"master","baseline",1,"gene111",FALSE,3.238,6.165,2.031,2.153,2.863
"mle","baseline",1,"gene111",FALSE,3.238,6.165,2.031,2.153,2.863
"cap_10s","baseline",1,"gene111",FALSE,3.238,6.165,2.031,2.153,2.863
"master","baseline",1,"gene112",FALSE,2.668,5.903,6.957,2.162,2.73
"mle","baseline",1,"gene112",FALSE,2.668,11.99,6.957,4.392,2.73
"cap_10s","baseline",1,"gene112",FALSE,2.668,11.99,6.957,4.392,2.73
"master","baseline",1,"gene113",FALSE,2.867,7.266,2.964,2.984,2.435
"mle","baseline",1,"gene113",FALSE,2.867,9.794,2.964,4.022,2.435
"cap_10s","baseline",1,"gene113",FALSE,2.867,9.794,2.964,4.022,2.435
"master","baseline",1,"gene114",FALSE,4.173,8.697,3.285,2.184,3.982
"mle","baseline",1,"gene114",FALSE,4.173,21.59,3.285,5.423,3.982
"cap_10s","baseline",1,"gene114",FALSE,4.173,21.59,3.285,5.423,3.982
"master","baseline",1,"gene115",FALSE,2.732,4.931,3.54,1.879,2.624
"mle","baseline",1,"gene115",FALSE,2.732,9.974,3.54,3.801,2.624
"cap_10s","baseline",1,"gene115",FALSE,2.732,9.974,3.54,3.801,2.624
"master","baseline",1,"gene116",FALSE,1.083,1.691,3.243,1.704,0.9926
"cap_10s","baseline",1,"gene116",FALSE,1.083,2.275,3.243,2.292,0.9926
"mle","baseline",1,"gene116",FALSE,1.083,2.275,3.243,2.292,0.9926
"master","baseline",1,"gene117",FALSE,1.34,2.565,4.15,1.839,1.395
"cap_10s","baseline",1,"gene117",FALSE,1.34,6.464,4.15,4.635,1.395
"mle","baseline",1,"gene117",FALSE,1.34,6.464,4.15,4.635,1.395
"mle","baseline",1,"gene118",FALSE,2.435,6.18,2.159,2.774,2.228
"cap_10s","baseline",1,"gene118",FALSE,2.435,6.18,2.159,2.774,2.228
"master","baseline",1,"gene118",FALSE,2.435,4.286,2.159,1.924,2.228
"mle","baseline",1,"gene119",FALSE,1.65,12.46,5.449,7.059,1.765
"master","baseline",1,"gene119",FALSE,1.65,4.017,5.449,2.275,1.765
"cap_10s","baseline",1,"gene119",FALSE,1.65,12.46,5.449,7.059,1.765
"cap_10s","baseline",1,"gene12",FALSE,4.987,13,5.07,4.184,3.107
"master","baseline",1,"gene12",FALSE,4.987,5.2,5.07,1.674,3.107
"mle","baseline",1,"gene12",FALSE,4.987,13,5.07,4.184,3.107
"master","baseline",1,"gene120",FALSE,2.222,4.555,6.559,2.207,2.064
"mle","baseline",1,"gene120",FALSE,2.222,26.27,6.559,12.73,2.064
"cap_10s","baseline",1,"gene120",FALSE,2.222,20.64,6.559,10,2.064
"cap_10s","baseline",1,"gene121",FALSE,2.197,19.45,5.674,10,1.945
"mle","baseline",1,"gene121",FALSE,2.197,26.65,5.674,13.7,1.945
"master","baseline",1,"gene121",FALSE,2.197,6.895,5.674,3.545,1.945
"cap_10s","baseline",1,"gene122",FALSE,3.98,8.967,2.651,2.222,4.035
"mle","baseline",1,"gene122",FALSE,3.98,8.967,2.651,2.222,4.035
"master","baseline",1,"gene122",FALSE,3.98,7.23,2.651,1.792,4.035
"master","baseline",1,"gene123",FALSE,2.075,4.146,2.812,2.125,1.951
"mle","baseline",1,"gene123",FALSE,2.075,7.376,2.812,3.78,1.951
"cap_10s","baseline",1,"gene123",FALSE,2.075,7.376,2.812,3.78,1.951
"master","baseline",1,"gene124",FALSE,3.14,6.028,3.172,1.936,3.114
"cap_10s","baseline",1,"gene124",FALSE,3.14,7.552,3.172,2.425,3.114
"mle","baseline",1,"gene124",FALSE,3.14,7.552,3.172,2.425,3.114
"cap_10s","baseline",1,"gene125",FALSE,4.605,11.87,2.736,2.745,4.324
"master","baseline",1,"gene125",FALSE,4.605,11.79,2.736,2.728,4.324
"mle","baseline",1,"gene125",FALSE,4.605,11.87,2.736,2.745,4.324
"mle","baseline",1,"gene126",FALSE,2.683,20.43,5.185,9.415,2.17
"master","baseline",1,"gene126",FALSE,2.683,8.601,5.185,3.964,2.17
"cap_10s","baseline",1,"gene126",FALSE,2.683,20.43,5.185,9.415,2.17
"mle","baseline",1,"gene127",FALSE,2.932,21.78,6.941,8.302,2.623
"master","baseline",1,"gene127",FALSE,2.932,4.676,6.941,1.782,2.623
"cap_10s","baseline",1,"gene127",FALSE,2.932,21.78,6.941,8.302,2.623
"master","baseline",1,"gene128",FALSE,1.198,3.05,5.666,2.626,1.161
"cap_10s","baseline",1,"gene128",FALSE,1.198,5.778,5.666,4.975,1.161
"mle","baseline",1,"gene128",FALSE,1.198,5.778,5.666,4.975,1.161
"master","baseline",1,"gene129",FALSE,1.795,5.429,2.427,3.727,1.457
"cap_10s","baseline",1,"gene129",FALSE,1.795,5.429,2.427,3.727,1.457
"mle","baseline",1,"gene129",FALSE,1.795,5.429,2.427,3.727,1.457
"cap_10s","baseline",1,"gene13",FALSE,2.375,5.701,3.085,3.674,1.552
"master","baseline",1,"gene13",FALSE,2.375,4.01,3.085,2.585,1.552
"mle","baseline",1,"gene13",FALSE,2.375,5.701,3.085,3.674,1.552
"master","baseline",1,"gene130",FALSE,1.32,3.435,4.989,2.913,1.179
"mle","baseline",1,"gene130",FALSE,1.32,8.325,4.989,7.059,1.179
"cap_10s","baseline",1,"gene130",FALSE,1.32,8.325,4.989,7.059,1.179
"cap_10s","baseline",1,"gene131",FALSE,1.64,4.81,4.282,3.093,1.555
"master","baseline",1,"gene131",FALSE,1.64,2.768,4.282,1.78,1.555
"mle","baseline",1,"gene131",FALSE,1.64,4.81,4.282,3.093,1.555
"master","baseline",1,"gene132",FALSE,2.5,5.709,4.322,2.562,2.228
"cap_10s","baseline",1,"gene132",FALSE,2.5,8.565,4.322,3.844,2.228
"mle","baseline",1,"gene132",FALSE,2.5,8.565,4.322,3.844,2.228
"master","baseline",1,"gene133",FALSE,3.707,10.36,5.227,2.952,3.509
"cap_10s","baseline",1,"gene133",FALSE,3.707,13.91,5.227,3.964,3.509
"mle","baseline",1,"gene133",FALSE,3.707,13.91,5.227,3.964,3.509
"cap_10s","baseline",1,"gene134",FALSE,1.525,7.754,2.868,4.817,1.61
"mle","baseline",1,"gene134",FALSE,1.525,7.754,2.868,4.817,1.61
"master","baseline",1,"gene134",FALSE,1.525,4.759,2.868,2.957,1.61
"cap_10s","baseline",1,"gene135",FALSE,2.44,11.07,3.304,4.698,2.357
"mle","baseline",1,"gene135",FALSE,2.44,11.07,3.304,4.698,2.357
"master","baseline",1,"gene135",FALSE,2.44,7.583,3.304,3.217,2.357
"master","baseline",1,"gene136",FALSE,3.273,5.441,4.066,1.98,2.749
"mle","baseline",1,"gene136",FALSE,3.273,23.83,4.066,8.668,2.749
"cap_10s","baseline",1,"gene136",FALSE,3.273,23.83,4.066,8.668,2.749
"master","baseline",1,"gene137",FALSE,1.113,2.115,4.599,1.936,1.092
"cap_10s","baseline",1,"gene137",FALSE,1.113,7.459,4.599,6.83,1.092
"mle","baseline",1,"gene137",FALSE,1.113,7.459,4.599,6.83,1.092
"cap_10s","baseline",1,"gene138",FALSE,2.972,9.991,3.337,3.57,2.798
"master","baseline",1,"gene138",FALSE,2.972,7.147,3.337,2.554,2.798
"mle","baseline",1,"gene138",FALSE,2.972,9.991,3.337,3.57,2.798
"mle","baseline",1,"gene139",FALSE,1.472,7.433,4.835,5.469,1.359
"master","baseline",1,"gene139",FALSE,1.472,3.208,4.835,2.361,1.359
"cap_10s","baseline",1,"gene139",FALSE,1.472,7.433,4.835,5.469,1.359
"mle","baseline",1,"gene14",FALSE,4.4,10.98,3.054,4.453,2.466
"cap_10s","baseline",1,"gene14",FALSE,4.4,10.98,3.054,4.453,2.466
"master","baseline",1,"gene14",FALSE,4.4,9.126,3.054,3.701,2.466
"mle","baseline",1,"gene140",FALSE,4.682,36.62,6.256,7.828,4.678
"cap_10s","baseline",1,"gene140",FALSE,4.682,36.62,6.256,7.828,4.678
"master","baseline",1,"gene140",FALSE,4.682,9.39,6.256,2.007,4.678
"cap_10s","baseline",1,"gene141",FALSE,1.77,4.85,2.752,2.931,1.655
"master","baseline",1,"gene141",FALSE,1.77,4.85,2.752,2.931,1.655
"mle","baseline",1,"gene141",FALSE,1.77,4.85,2.752,2.931,1.655
"cap_10s","baseline",1,"gene142",FALSE,1.93,5.838,2.692,3.283,1.778
"master","baseline",1,"gene142",FALSE,1.93,4.539,2.692,2.552,1.778
"mle","baseline",1,"gene142",FALSE,1.93,5.838,2.692,3.283,1.778
"master","baseline",1,"gene143",FALSE,2.048,5.015,2.847,2.699,1.858
"cap_10s","baseline",1,"gene143",FALSE,2.048,8.603,2.847,4.63,1.858
"mle","baseline",1,"gene143",FALSE,2.048,8.603,2.847,4.63,1.858
"master","baseline",1,"gene144",FALSE,1.593,3.224,2.402,2.27,1.421
"cap_10s","baseline",1,"gene144",FALSE,1.593,4.592,2.402,3.233,1.421
"mle","baseline",1,"gene144",FALSE,1.593,4.592,2.402,3.233,1.421
"cap_10s","baseline",1,"gene145",FALSE,3.735,19.84,5.705,5.51,3.6
"master","baseline",1,"gene145",FALSE,3.735,6.557,5.705,1.822,3.6
"mle","baseline",1,"gene145",FALSE,3.735,19.84,5.705,5.51,3.6
"master","baseline",1,"gene146",FALSE,1.102,1.752,2.658,1.634,1.072
"cap_10s","baseline",1,"gene146",FALSE,1.102,3.397,2.658,3.169,1.072
"mle","baseline",1,"gene146",FALSE,1.102,3.397,2.658,3.169,1.072
"cap_10s","baseline",1,"gene147",FALSE,2.258,7.134,2.461,3.265,2.185
"master","baseline",1,"gene147",FALSE,2.258,4.077,2.461,1.866,2.185
"mle","baseline",1,"gene147",FALSE,2.258,7.134,2.461,3.265,2.185
"cap_10s","baseline",1,"gene148",FALSE,1.648,7.126,3.621,4.702,1.516
"mle","baseline",1,"gene148",FALSE,1.648,7.126,3.621,4.702,1.516
"master","baseline",1,"gene148",FALSE,1.648,4.694,3.621,3.097,1.516
"cap_10s","baseline",1,"gene149",FALSE,2.435,9.137,4.684,3.67,2.489
"master","baseline",1,"gene149",FALSE,2.435,4.764,4.684,1.913,2.489
"mle","baseline",1,"gene149",FALSE,2.435,9.137,4.684,3.67,2.489
"cap_10s","baseline",1,"gene15",FALSE,6.333,6.725,2.247,1.716,3.918
"master","baseline",1,"gene15",FALSE,6.333,6.725,2.247,1.716,3.918
"mle","baseline",1,"gene15",FALSE,6.333,6.725,2.247,1.716,3.918
"master","baseline",1,"gene150",FALSE,1.66,3.455,5.88,1.982,1.743
"mle","baseline",1,"gene150",FALSE,1.66,9.471,5.88,5.433,1.743
"cap_10s","baseline",1,"gene150",FALSE,1.66,9.471,5.88,5.433,1.743
"cap_10s","baseline",1,"gene151",FALSE,4.863,11.38,2.412,2.794,4.073
"master","baseline",1,"gene151",FALSE,4.863,9.926,2.412,2.437,4.073
"mle","baseline",1,"gene151",FALSE,4.863,11.38,2.412,2.794,4.073
"master","baseline",1,"gene152",FALSE,1.717,2.865,3.135,1.784,1.606
"mle","baseline",1,"gene152",FALSE,1.717,6.956,3.135,4.33,1.606
"cap_10s","baseline",1,"gene152",FALSE,1.717,6.956,3.135,4.33,1.606
"mle","baseline",1,"gene153",FALSE,3.412,23.63,6.604,7.414,3.187
"master","baseline",1,"gene153",FALSE,3.412,8.119,6.604,2.548,3.187
"cap_10s","baseline",1,"gene153",FALSE,3.412,23.63,6.604,7.414,3.187
"master","baseline",1,"gene154",FALSE,1.547,3.234,7.658,1.96,1.65
"mle","baseline",1,"gene154",FALSE,1.547,15.87,7.658,9.616,1.65
"cap_10s","baseline",1,"gene154",FALSE,1.547,15.87,7.658,9.616,1.65
"master","baseline",1,"gene155",FALSE,1.79,3.869,3.553,2.24,1.728
"cap_10s","baseline",1,"gene155",FALSE,1.79,10.42,3.553,6.03,1.728
"mle","baseline",1,"gene155",FALSE,1.79,10.42,3.553,6.03,1.728
"master","baseline",1,"gene156",FALSE,3.35,6.981,3.622,2.058,3.392
"mle","baseline",1,"gene156",FALSE,3.35,20.49,3.622,6.04,3.392
"cap_10s","baseline",1,"gene156",FALSE,3.35,20.49,3.622,6.04,3.392
"master","baseline",1,"gene157",FALSE,1.815,3.644,3.515,2.179,1.673
"cap_10s","baseline",1,"gene157",FALSE,1.815,6.667,3.515,3.986,1.673
"mle","baseline",1,"gene157",FALSE,1.815,6.667,3.515,3.986,1.673
"master","baseline",1,"gene158",FALSE,1.222,2.144,2.944,1.842,1.164
"cap_10s","baseline",1,"gene158",FALSE,1.222,2.943,2.944,2.529,1.164
"mle","baseline",1,"gene158",FALSE,1.222,2.943,2.944,2.529,1.164
"master","baseline",1,"gene159",FALSE,3.083,8.498,3.379,3.211,2.647
"mle","baseline",1,"gene159",FALSE,3.083,16.95,3.379,6.403,2.647
"cap_10s","baseline",1,"gene159",FALSE,3.083,16.95,3.379,6.403,2.647
"cap_10s","baseline",1,"gene16",FALSE,2.08,8.019,2.44,4.501,1.782
"master","baseline",1,"gene16",FALSE,2.08,6.435,2.44,3.611,1.782
"mle","baseline",1,"gene16",FALSE,2.08,8.019,2.44,4.501,1.782
"master","baseline",1,"gene160",FALSE,3.703,8.044,5.784,2.19,3.673
"mle","baseline",1,"gene160",FALSE,3.703,22.12,5.784,6.024,3.673
"cap_10s","baseline",1,"gene160",FALSE,3.703,22.12,5.784,6.024,3.673
"mle","baseline",1,"gene161",FALSE,1.712,6.759,3.242,4.383,1.542
"cap_10s","baseline",1,"gene161",FALSE,1.712,6.759,3.242,4.383,1.542
"master","baseline",1,"gene161",FALSE,1.712,3.075,3.242,1.994,1.542
"cap_10s","baseline",1,"gene162",FALSE,1.443,11.23,5.643,7.958,1.411
"mle","baseline",1,"gene162",FALSE,1.443,11.23,5.643,7.958,1.411
"master","baseline",1,"gene162",FALSE,1.443,2.765,5.643,1.959,1.411
"master","baseline",1,"gene163",FALSE,4.323,7.39,5.644,1.835,4.027
"mle","baseline",1,"gene163",FALSE,4.323,19.97,5.644,4.958,4.027
"cap_10s","baseline",1,"gene163",FALSE,4.323,19.97,5.644,4.958,4.027
"master","baseline",1,"gene164",FALSE,3.317,7.681,4.324,2.682,2.864
"cap_10s","baseline",1,"gene164",FALSE,3.317,9.835,4.324,3.434,2.864
"mle","baseline",1,"gene164",FALSE,3.317,9.835,4.324,3.434,2.864
"cap_10s","baseline",1,"gene165",FALSE,1.503,6.753,3.114,4.728,1.428
"master","baseline",1,"gene165",FALSE,1.503,2.94,3.114,2.058,1.428
"mle","baseline",1,"gene165",FALSE,1.503,6.753,3.114,4.728,1.428
"mle","baseline",1,"gene166",FALSE,1.08,3.776,2.178,4.319,0.8741
"master","baseline",1,"gene166",FALSE,1.08,3.776,2.178,4.319,0.8741
"cap_10s","baseline",1,"gene166",FALSE,1.08,3.776,2.178,4.319,0.8741
"mle","baseline",1,"gene167",FALSE,4.07,16.14,2.857,4.606,3.504
"master","baseline",1,"gene167",FALSE,4.07,9.937,2.857,2.836,3.504
"cap_10s","baseline",1,"gene167",FALSE,4.07,16.14,2.857,4.606,3.504
"master","baseline",1,"gene168",FALSE,1.8,3.576,3.609,1.94,1.843
"cap_10s","baseline",1,"gene168",FALSE,1.8,8.277,3.609,4.49,1.843
"mle","baseline",1,"gene168",FALSE,1.8,8.277,3.609,4.49,1.843
"master","baseline",1,"gene169",FALSE,3.905,7.503,5.56,1.896,3.957
"cap_10s","baseline",1,"gene169",FALSE,3.905,22.5,5.56,5.687,3.957
"mle","baseline",1,"gene169",FALSE,3.905,22.5,5.56,5.687,3.957
"cap_10s","baseline",1,"gene17",FALSE,3.322,16.28,5.079,5.076,3.206
"master","baseline",1,"gene17",FALSE,3.322,7.246,5.079,2.26,3.206
"mle","baseline",1,"gene17",FALSE,3.322,16.28,5.079,5.076,3.206
"master","baseline",1,"gene170",FALSE,3.335,8.077,4.783,2.45,3.297
"mle","baseline",1,"gene170",FALSE,3.335,22.13,4.783,6.711,3.297
"cap_10s","baseline",1,"gene170",FALSE,3.335,22.13,4.783,6.711,3.297
"cap_10s","baseline",1,"gene171",FALSE,1.835,9.828,7.797,5.765,1.705
"master","baseline",1,"gene171",FALSE,1.835,3.896,7.797,2.286,1.705
"mle","baseline",1,"gene171",FALSE,1.835,9.828,7.797,5.765,1.705
"master","baseline",1,"gene172",FALSE,1.187,2.229,2.003,1.887,1.181
"cap_10s","baseline",1,"gene172",FALSE,1.187,2.957,2.003,2.503,1.181
"mle","baseline",1,"gene172",FALSE,1.187,2.957,2.003,2.503,1.181
"master","baseline",1,"gene173",FALSE,3.293,8.37,4.769,2.942,2.845
"cap_10s","baseline",1,"gene173",FALSE,3.293,28.45,4.769,10,2.845
"mle","baseline",1,"gene173",FALSE,3.293,48.08,4.769,16.9,2.845
"cap_10s","baseline",1,"gene174",FALSE,4.127,35.69,7.81,9.216,3.872
"mle","baseline",1,"gene174",FALSE,4.127,35.69,7.81,9.216,3.872
"master","baseline",1,"gene174",FALSE,4.127,14.88,7.81,3.843,3.872
"cap_10s","baseline",1,"gene175",FALSE,1.487,10.85,3.842,8.775,1.236
"mle","baseline",1,"gene175",FALSE,1.487,10.85,3.842,8.775,1.236
"master","baseline",1,"gene175",FALSE,1.487,6.422,3.842,5.195,1.236
"master","baseline",1,"gene176",FALSE,3.765,8.971,4.204,2.728,3.288
"mle","baseline",1,"gene176",FALSE,3.765,13.08,4.204,3.976,3.288
"cap_10s","baseline",1,"gene176",FALSE,3.765,13.08,4.204,3.976,3.288
"master","baseline",1,"gene177",FALSE,5.292,9.113,5.311,1.898,4.802
"cap_10s","baseline",1,"gene177",FALSE,5.292,17.62,5.311,3.669,4.802
"mle","baseline",1,"gene177",FALSE,5.292,17.62,5.311,3.669,4.802
"cap_10s","baseline",1,"gene178",FALSE,1.462,3.089,2.101,2.042,1.513
"master","baseline",1,"gene178",FALSE,1.462,2.897,2.101,1.915,1.513
"mle","baseline",1,"gene178",FALSE,1.462,3.089,2.101,2.042,1.513
"mle","baseline",1,"gene179",FALSE,2.03,3.28,2.035,1.777,1.846
"master","baseline",1,"gene179",FALSE,2.03,3.28,2.035,1.777,1.846
"cap_10s","baseline",1,"gene179",FALSE,2.03,3.28,2.035,1.777,1.846
"mle","baseline",1,"gene18",FALSE,2.602,8.576,3.799,3.715,2.308
"master","baseline",1,"gene18",FALSE,2.602,4.948,3.799,2.144,2.308
"cap_10s","baseline",1,"gene18",FALSE,2.602,8.576,3.799,3.715,2.308
"mle","baseline",1,"gene180",FALSE,1.958,7.021,3.902,4.096,1.714
"master","baseline",1,"gene180",FALSE,1.958,3.357,3.902,1.958,1.714
"cap_10s","baseline",1,"gene180",FALSE,1.958,7.021,3.902,4.096,1.714
"cap_10s","baseline",1,"gene181",FALSE,3.383,11.13,4.027,3.315,3.358
"master","baseline",1,"gene181",FALSE,3.383,7.427,4.027,2.212,3.358
"mle","baseline",1,"gene181",FALSE,3.383,11.13,4.027,3.315,3.358
"cap_10s","baseline",1,"gene182",FALSE,1.42,3.854,2.822,3.146,1.225
"mle","baseline",1,"gene182",FALSE,1.42,3.854,2.822,3.146,1.225
"master","baseline",1,"gene182",FALSE,1.42,3.854,2.822,3.146,1.225
"mle","baseline",1,"gene183",FALSE,4.523,16.22,3.271,4.257,3.81
"cap_10s","baseline",1,"gene183",FALSE,4.523,16.22,3.271,4.257,3.81
"master","baseline",1,"gene183",FALSE,4.523,16.22,3.271,4.257,3.81
"master","baseline",1,"gene184",FALSE,3.182,5.822,7.673,1.961,2.968
"cap_10s","baseline",1,"gene184",FALSE,3.182,17.52,7.673,5.9,2.968
"mle","baseline",1,"gene184",FALSE,3.182,17.52,7.673,5.9,2.968
"master","baseline",1,"gene185",FALSE,1.14,2.373,7.744,1.983,1.197
"cap_10s","baseline",1,"gene185",FALSE,1.14,11.97,7.744,10,1.197
"mle","baseline",1,"gene185",FALSE,1.14,12.4,7.744,10.36,1.197
"cap_10s","baseline",1,"gene186",FALSE,2.248,4.716,2.177,2.347,2.01
"master","baseline",1,"gene186",FALSE,2.248,4.716,2.177,2.347,2.01
"mle","baseline",1,"gene186",FALSE,2.248,4.716,2.177,2.347,2.01
"cap_10s","baseline",1,"gene187",FALSE,1.277,11.68,7.412,10,1.168
"master","baseline",1,"gene187",FALSE,1.277,2.319,7.412,1.986,1.168
"mle","baseline",1,"gene187",FALSE,1.277,16.33,7.412,13.98,1.168
"cap_10s","baseline",1,"gene188",FALSE,1.813,5.359,2.447,3.131,1.711
"master","baseline",1,"gene188",FALSE,1.813,2.791,2.447,1.631,1.711
"mle","baseline",1,"gene188",FALSE,1.813,5.359,2.447,3.131,1.711
"cap_10s","baseline",1,"gene189",FALSE,1.143,2.946,2.02,2.718,1.084
"master","baseline",1,"gene189",FALSE,1.143,2.946,2.02,2.718,1.084
"mle","baseline",1,"gene189",FALSE,1.143,2.946,2.02,2.718,1.084
"master","baseline",1,"gene19",FALSE,2.597,4.817,2.29,1.997,2.411
"cap_10s","baseline",1,"gene19",FALSE,2.597,4.817,2.29,1.997,2.411
"mle","baseline",1,"gene19",FALSE,2.597,4.817,2.29,1.997,2.411
"cap_10s","baseline",1,"gene190",FALSE,1.993,11.59,5.24,6.972,1.662
"master","baseline",1,"gene190",FALSE,1.993,6.239,5.24,3.754,1.662
"mle","baseline",1,"gene190",FALSE,1.993,11.59,5.24,6.972,1.662
"mle","baseline",1,"gene191",FALSE,3.072,29.93,5.535,10.72,2.793
"cap_10s","baseline",1,"gene191",FALSE,3.072,27.93,5.535,10,2.793
"master","baseline",1,"gene191",FALSE,3.072,5.131,5.535,1.837,2.793
"master","baseline",1,"gene192",FALSE,1.605,3.096,5.749,1.816,1.705
"mle","baseline",1,"gene192",FALSE,1.605,8.094,5.749,4.747,1.705
"cap_10s","baseline",1,"gene192",FALSE,1.605,8.094,5.749,4.747,1.705
"master","baseline",1,"gene193",FALSE,1.542,2.166,4.307,1.408,1.538
"mle","baseline",1,"gene193",FALSE,1.542,10.3,4.307,6.696,1.538
"cap_10s","baseline",1,"gene193",FALSE,1.542,10.3,4.307,6.696,1.538
"master","baseline",1,"gene194",FALSE,1.09,2.312,6.821,2.316,0.9983
"mle","baseline",1,"gene194",FALSE,1.09,24.96,6.821,25.01,0.9983
"cap_10s","baseline",1,"gene194",FALSE,1.09,9.983,6.821,10,0.9983
"master","baseline",1,"gene195",FALSE,1.303,2.59,6.199,2.119,1.222
"mle","baseline",1,"gene195",FALSE,1.303,11.28,6.199,9.231,1.222
"cap_10s","baseline",1,"gene195",FALSE,1.303,11.28,6.199,9.231,1.222
"master","baseline",1,"gene196",FALSE,1.123,2.109,3.272,1.728,1.22
"mle","baseline",1,"gene196",FALSE,1.123,4.729,3.272,3.875,1.22
"cap_10s","baseline",1,"gene196",FALSE,1.123,4.729,3.272,3.875,1.22
"master","baseline",1,"gene197",FALSE,1.793,4.926,5.31,2.676,1.84
"mle","baseline",1,"gene197",FALSE,1.793,24.27,5.31,13.19,1.84
"cap_10s","baseline",1,"gene197",FALSE,1.793,18.4,5.31,10,1.84
"master","baseline",1,"gene198",FALSE,2.048,5.047,4.529,2.747,1.837
"mle","baseline",1,"gene198",FALSE,2.048,9.55,4.529,5.198,1.837
"cap_10s","baseline",1,"gene198",FALSE,2.048,9.55,4.529,5.198,1.837
"master","baseline",1,"gene199",FALSE,3.712,9.747,5.764,2.663,3.66
"cap_10s","baseline",1,"gene199",FALSE,3.712,17.6,5.764,4.809,3.66
"mle","baseline",1,"gene199",FALSE,3.712,17.6,5.764,4.809,3.66
"cap_10s","baseline",1,"gene2",FALSE,2.285,13.23,7.266,10,1.323
"master","baseline",1,"gene2",FALSE,2.285,2.735,7.266,2.067,1.323
"mle","baseline",1,"gene2",FALSE,2.285,15.5,7.266,11.72,1.323
"cap_10s","baseline",1,"gene20",FALSE,3.115,12.42,2.358,4.291,2.895
"mle","baseline",1,"gene20",FALSE,3.115,12.42,2.358,4.291,2.895
"master","baseline",1,"gene20",FALSE,3.115,8.615,2.358,2.976,2.895
"master","baseline",1,"gene200",FALSE,1.708,4.747,5.707,3.042,1.561
"mle","baseline",1,"gene200",FALSE,1.708,9.221,5.707,5.908,1.561
"cap_10s","baseline",1,"gene200",FALSE,1.708,9.221,5.707,5.908,1.561
"mle","baseline",1,"gene201",FALSE,3.285,21.42,4.721,7.415,2.889
"cap_10s","baseline",1,"gene201",FALSE,3.285,21.42,4.721,7.415,2.889
"master","baseline",1,"gene201",FALSE,3.285,10.5,4.721,3.636,2.889
"mle","baseline",1,"gene202",FALSE,1.615,11.93,7.606,6.766,1.764
"cap_10s","baseline",1,"gene202",FALSE,1.615,11.93,7.606,6.766,1.764
"master","baseline",1,"gene202",FALSE,1.615,3.251,7.606,1.843,1.764
"cap_10s","baseline",1,"gene203",FALSE,1.91,11.92,4.576,6.065,1.965
"master","baseline",1,"gene203",FALSE,1.91,3.576,4.576,1.82,1.965
"mle","baseline",1,"gene203",FALSE,1.91,11.92,4.576,6.065,1.965
"master","baseline",1,"gene204",FALSE,4.628,9.391,5.338,2.135,4.399
"mle","baseline",1,"gene204",FALSE,4.628,25.5,5.338,5.796,4.399
"cap_10s","baseline",1,"gene204",FALSE,4.628,25.5,5.338,5.796,4.399
"cap_10s","baseline",1,"gene205",FALSE,1.43,12.95,6.695,9.139,1.417
"master","baseline",1,"gene205",FALSE,1.43,2.439,6.695,1.722,1.417
"mle","baseline",1,"gene205",FALSE,1.43,12.95,6.695,9.139,1.417
"master","baseline",1,"gene206",FALSE,2.865,6.609,3.486,2.328,2.838
"mle","baseline",1,"gene206",FALSE,2.865,12.48,3.486,4.395,2.838
"cap_10s","baseline",1,"gene206",FALSE,2.865,12.48,3.486,4.395,2.838
"mle","baseline",1,"gene207",FALSE,2.12,5.806,2.478,2.506,2.317
"master","baseline",1,"gene207",FALSE,2.12,4.49,2.478,1.938,2.317
"cap_10s","baseline",1,"gene207",FALSE,2.12,5.806,2.478,2.506,2.317
"master","baseline",1,"gene208",FALSE,0.8583,2.369,3.803,2.947,0.804
"mle","baseline",1,"gene208",FALSE,0.8583,3.18,3.803,3.955,0.804
"cap_10s","baseline",1,"gene208",FALSE,0.8583,3.18,3.803,3.955,0.804
"master","baseline",1,"gene209",FALSE,1.663,4.326,3.582,2.767,1.564
"cap_10s","baseline",1,"gene209",FALSE,1.663,11.02,3.582,7.045,1.564
"mle","baseline",1,"gene209",FALSE,1.663,11.02,3.582,7.045,1.564
"cap_10s","baseline",1,"gene21",FALSE,2.623,14.42,5.803,6.154,2.343
"mle","baseline",1,"gene21",FALSE,2.623,14.42,5.803,6.154,2.343
"master","baseline",1,"gene21",FALSE,2.623,6.323,5.803,2.698,2.343
"master","baseline",1,"gene210",FALSE,3.277,11.23,3.693,4.055,2.769
"mle","baseline",1,"gene210",FALSE,3.277,13.18,3.693,4.76,2.769
"cap_10s","baseline",1,"gene210",FALSE,3.277,13.18,3.693,4.76,2.769
"master","baseline",1,"gene211",FALSE,1.71,3.445,2.467,2.013,1.711
"cap_10s","baseline",1,"gene211",FALSE,1.71,6.307,2.467,3.686,1.711
"mle","baseline",1,"gene211",FALSE,1.71,6.307,2.467,3.686,1.711
"cap_10s","baseline",1,"gene212",FALSE,2.892,6.92,2.272,2.512,2.755
"master","baseline",1,"gene212",FALSE,2.892,4.842,2.272,1.758,2.755
"mle","baseline",1,"gene212",FALSE,2.892,6.92,2.272,2.512,2.755
"master","baseline",1,"gene213",TRUE,1.792,3.188,6.995,1.839,1.733
"cap_10s","baseline",1,"gene213",TRUE,1.792,17.33,6.995,10,1.733
"mle","baseline",1,"gene213",TRUE,1.792,8206000,6.995,4734000,1.733
"cap_10s","baseline",1,"gene214",FALSE,1.137,4.325,3.837,3.815,1.134
"master","baseline",1,"gene214",FALSE,1.137,2.119,3.837,1.869,1.134
"mle","baseline",1,"gene214",FALSE,1.137,4.325,3.837,3.815,1.134
"cap_10s","baseline",1,"gene215",FALSE,3.13,10.69,2.284,4.228,2.529
"mle","baseline",1,"gene215",FALSE,3.13,10.69,2.284,4.228,2.529
"master","baseline",1,"gene215",FALSE,3.13,5.481,2.284,2.167,2.529
"cap_10s","baseline",1,"gene216",FALSE,4.898,19.05,4.464,4.227,4.506
"master","baseline",1,"gene216",FALSE,4.898,12.93,4.464,2.871,4.506
"mle","baseline",1,"gene216",FALSE,4.898,19.05,4.464,4.227,4.506
"master","baseline",1,"gene217",FALSE,1.617,2.4,2.467,1.615,1.486
"mle","baseline",1,"gene217",FALSE,1.617,2.4,2.467,1.615,1.486
"cap_10s","baseline",1,"gene217",FALSE,1.617,2.4,2.467,1.615,1.486
"cap_10s","baseline",1,"gene218",FALSE,1.708,16.84,7.756,9.164,1.838
"master","baseline",1,"gene218",FALSE,1.708,4.513,7.756,2.456,1.838
"mle","baseline",1,"gene218",FALSE,1.708,16.84,7.756,9.164,1.838
"master","baseline",1,"gene219",FALSE,1.17,3.598,3.337,3.025,1.189
"mle","baseline",1,"gene219",FALSE,1.17,10.71,3.337,9.002,1.189
"cap_10s","baseline",1,"gene219",FALSE,1.17,10.71,3.337,9.002,1.189
"mle","baseline",1,"gene22",FALSE,2.878,12.75,4.545,4.712,2.705
"master","baseline",1,"gene22",FALSE,2.878,6.02,4.545,2.226,2.705
"cap_10s","baseline",1,"gene22",FALSE,2.878,12.75,4.545,4.712,2.705
"mle","baseline",1,"gene220",FALSE,4.127,33.28,6.836,8.055,4.131
"cap_10s","baseline",1,"gene220",FALSE,4.127,33.28,6.836,8.055,4.131
"master","baseline",1,"gene220",FALSE,4.127,8.553,6.836,2.07,4.131
"mle","baseline",1,"gene221",FALSE,3.84,15.48,6.768,4.367,3.544
"cap_10s","baseline",1,"gene221",FALSE,3.84,15.48,6.768,4.367,3.544
"master","baseline",1,"gene221",FALSE,3.84,7.986,6.768,2.253,3.544
"cap_10s","baseline",1,"gene222",FALSE,3.175,9.917,4.039,3.626,2.735
"master","baseline",1,"gene222",FALSE,3.175,9.917,4.039,3.626,2.735
"mle","baseline",1,"gene222",FALSE,3.175,9.917,4.039,3.626,2.735
"master","baseline",1,"gene223",FALSE,2.422,4.647,4.983,1.79,2.596
"cap_10s","baseline",1,"gene223",FALSE,2.422,25.96,4.983,10,2.596
"mle","baseline",1,"gene223",FALSE,2.422,31.89,4.983,12.28,2.596
"cap_10s","baseline",1,"gene224",FALSE,2.81,17.47,7.758,6.501,2.687
"master","baseline",1,"gene224",FALSE,2.81,6.142,7.758,2.286,2.687
"mle","baseline",1,"gene224",FALSE,2.81,17.47,7.758,6.501,2.687
"cap_10s","baseline",1,"gene225",FALSE,1.283,2.681,2.184,2.115,1.268
"master","baseline",1,"gene225",FALSE,1.283,2.443,2.184,1.927,1.268
"mle","baseline",1,"gene225",FALSE,1.283,2.681,2.184,2.115,1.268
"cap_10s","baseline",1,"gene226",FALSE,1.753,4.452,2.409,2.579,1.726
"master","baseline",1,"gene226",FALSE,1.753,2.997,2.409,1.736,1.726
"mle","baseline",1,"gene226",FALSE,1.753,4.452,2.409,2.579,1.726
"cap_10s","baseline",1,"gene227",FALSE,1.228,3.439,2.455,2.84,1.211
"master","baseline",1,"gene227",FALSE,1.228,2.96,2.455,2.444,1.211
"mle","baseline",1,"gene227",FALSE,1.228,3.439,2.455,2.84,1.211
"cap_10s","baseline",1,"gene228",FALSE,3.233,14.44,5.774,4.498,3.21
"master","baseline",1,"gene228",FALSE,3.233,6.362,5.774,1.982,3.21
"mle","baseline",1,"gene228",FALSE,3.233,14.44,5.774,4.498,3.21
"cap_10s","baseline",1,"gene229",FALSE,1.147,3.018,2.859,2.809,1.074
"master","baseline",1,"gene229",FALSE,1.147,2.176,2.859,2.025,1.074
"mle","baseline",1,"gene229",FALSE,1.147,3.018,2.859,2.809,1.074
"master","baseline",1,"gene23",FALSE,3.183,7.597,6.738,2.528,3.005
"cap_10s","baseline",1,"gene23",FALSE,3.183,25.06,6.738,8.339,3.005
"mle","baseline",1,"gene23",FALSE,3.183,25.06,6.738,8.339,3.005
"cap_10s","baseline",1,"gene230",FALSE,3.865,28.85,7.975,7.295,3.955
"master","baseline",1,"gene230",FALSE,3.865,7.859,7.975,1.987,3.955
"mle","baseline",1,"gene230",FALSE,3.865,28.85,7.975,7.295,3.955
"mle","baseline",1,"gene231",FALSE,3.853,20.64,5.143,5.452,3.785
"cap_10s","baseline",1,"gene231",FALSE,3.853,20.64,5.143,5.452,3.785
"master","baseline",1,"gene231",FALSE,3.853,9.208,5.143,2.432,3.785
"master","baseline",1,"gene232",FALSE,1.33,3.973,3.601,3.153,1.26
"mle","baseline",1,"gene232",FALSE,1.33,4.423,3.601,3.51,1.26
"cap_10s","baseline",1,"gene232",FALSE,1.33,4.423,3.601,3.51,1.26
"master","baseline",1,"gene233",FALSE,4.378,10.39,3.782,2.37,4.382
"mle","baseline",1,"gene233",FALSE,4.378,17.77,3.782,4.055,4.382
"cap_10s","baseline",1,"gene233",FALSE,4.378,17.77,3.782,4.055,4.382
"master","baseline",1,"gene234",FALSE,3.565,7.092,6.068,2.122,3.342
"mle","baseline",1,"gene234",FALSE,3.565,27.42,6.068,8.204,3.342
"cap_10s","baseline",1,"gene234",FALSE,3.565,27.42,6.068,8.204,3.342
"master","baseline",1,"gene235",FALSE,1.728,4.36,2.846,2.804,1.555
"mle","baseline",1,"gene235",FALSE,1.728,4.36,2.846,2.804,1.555
"cap_10s","baseline",1,"gene235",FALSE,1.728,4.36,2.846,2.804,1.555
"master","baseline",1,"gene236",FALSE,1.345,2.658,3.155,1.912,1.39
"mle","baseline",1,"gene236",FALSE,1.345,7.62,3.155,5.483,1.39
"cap_10s","baseline",1,"gene236",FALSE,1.345,7.62,3.155,5.483,1.39
"master","baseline",1,"gene237",FALSE,4.118,10.32,2.174,2.785,3.707
"cap_10s","baseline",1,"gene237",FALSE,4.118,10.32,2.174,2.785,3.707
"mle","baseline",1,"gene237",FALSE,4.118,10.32,2.174,2.785,3.707
"master","baseline",1,"gene238",FALSE,1.315,4.796,3.404,3.931,1.22
"cap_10s","baseline",1,"gene238",FALSE,1.315,5.926,3.404,4.857,1.22
"mle","baseline",1,"gene238",FALSE,1.315,5.926,3.404,4.857,1.22
"cap_10s","baseline",1,"gene239",FALSE,0.9783,2.928,3.367,2.879,1.017
"mle","baseline",1,"gene239",FALSE,0.9783,2.928,3.367,2.879,1.017
"master","baseline",1,"gene239",FALSE,0.9783,1.649,3.367,1.622,1.017
"cap_10s","baseline",1,"gene24",FALSE,1.937,5.464,2.343,3.12,1.751
"master","baseline",1,"gene24",FALSE,1.937,4.189,2.343,2.392,1.751
"mle","baseline",1,"gene24",FALSE,1.937,5.464,2.343,3.12,1.751
"mle","baseline",1,"gene240",FALSE,4.05,30.06,7.971,7.93,3.791
"master","baseline",1,"gene240",FALSE,4.05,9.28,7.971,2.448,3.791
"cap_10s","baseline",1,"gene240",FALSE,4.05,30.06,7.971,7.93,3.791
"master","baseline",1,"gene241",FALSE,2.043,4.52,2.586,2.363,1.913
"cap_10s","baseline",1,"gene241",FALSE,2.043,4.52,2.586,2.363,1.913
"mle","baseline",1,"gene241",FALSE,2.043,4.52,2.586,2.363,1.913
"master","baseline",1,"gene242",FALSE,2.285,5.118,2.775,2.486,2.058
"cap_10s","baseline",1,"gene242",FALSE,2.285,6.181,2.775,3.003,2.058
"mle","baseline",1,"gene242",FALSE,2.285,6.181,2.775,3.003,2.058
"cap_10s","baseline",1,"gene243",FALSE,2.177,5.247,2.792,2.858,1.836
"mle","baseline",1,"gene243",FALSE,2.177,5.247,2.792,2.858,1.836
"master","baseline",1,"gene243",FALSE,2.177,4.868,2.792,2.652,1.836
"master","baseline",1,"gene244",FALSE,2.817,6.281,3.463,2.594,2.421
"mle","baseline",1,"gene244",FALSE,2.817,9.793,3.463,4.044,2.421
"cap_10s","baseline",1,"gene244",FALSE,2.817,9.793,3.463,4.044,2.421
"master","baseline",1,"gene245",FALSE,4.91,10.7,3.644,2.202,4.858
"mle","baseline",1,"gene245",FALSE,4.91,15.66,3.644,3.223,4.858
"cap_10s","baseline",1,"gene245",FALSE,4.91,15.66,3.644,3.223,4.858
"master","baseline",1,"gene246",FALSE,1.347,2.893,4.252,2.476,1.168
"mle","baseline",1,"gene246",FALSE,1.347,4.385,4.252,3.753,1.168
"cap_10s","baseline",1,"gene246",FALSE,1.347,4.385,4.252,3.753,1.168
"mle","baseline",1,"gene247",FALSE,1.108,3.558,2.987,3.106,1.145
"cap_10s","baseline",1,"gene247",FALSE,1.108,3.558,2.987,3.106,1.145
"master","baseline",1,"gene247",FALSE,1.108,2.379,2.987,2.077,1.145
"master","baseline",1,"gene248",FALSE,1.535,2.965,3.525,2.392,1.239
"mle","baseline",1,"gene248",FALSE,1.535,7.713,3.525,6.223,1.239
"cap_10s","baseline",1,"gene248",FALSE,1.535,7.713,3.525,6.223,1.239
"master","baseline",1,"gene249",FALSE,2.695,4.782,6.448,1.795,2.664
"mle","baseline",1,"gene249",FALSE,2.695,11.83,6.448,4.44,2.664
"cap_10s","baseline",1,"gene249",FALSE,2.695,11.83,6.448,4.44,2.664
"cap_10s","baseline",1,"gene25",FALSE,3.262,8.518,2.142,2.524,3.374
"master","baseline",1,"gene25",FALSE,3.262,6.736,2.142,1.996,3.374
"mle","baseline",1,"gene25",FALSE,3.262,8.518,2.142,2.524,3.374
"master","baseline",1,"gene250",FALSE,1.952,3.524,3.99,1.792,1.967
"mle","baseline",1,"gene250",FALSE,1.952,6.146,3.99,3.124,1.967
"cap_10s","baseline",1,"gene250",FALSE,1.952,6.146,3.99,3.124,1.967
"master","baseline",1,"gene251",TRUE,2.458,4.593,6.538,1.901,2.417
"mle","baseline",1,"gene251",TRUE,2.458,9019000,6.538,3732000,2.417
"cap_10s","baseline",1,"gene251",TRUE,2.458,24.17,6.538,10,2.417
"cap_10s","baseline",1,"gene252",FALSE,3.04,16.67,3.742,6.224,2.677
"master","baseline",1,"gene252",FALSE,3.04,5.921,3.742,2.212,2.677
"mle","baseline",1,"gene252",FALSE,3.04,16.67,3.742,6.224,2.677
"master","baseline",1,"gene253",FALSE,3.943,8.887,6.272,2.266,3.922
"mle","baseline",1,"gene253",FALSE,3.943,22.22,6.272,5.666,3.922
"cap_10s","baseline",1,"gene253",FALSE,3.943,22.22,6.272,5.666,3.922
"master","baseline",1,"gene254",FALSE,3.58,8.213,3.575,2.356,3.486
"mle","baseline",1,"gene254",FALSE,3.58,27.24,3.575,7.813,3.486
"cap_10s","baseline",1,"gene254",FALSE,3.58,27.24,3.575,7.813,3.486
"master","baseline",1,"gene255",FALSE,1.488,3.597,6.781,2.824,1.274
"mle","baseline",1,"gene255",FALSE,1.488,10.49,6.781,8.24,1.274
"cap_10s","baseline",1,"gene255",FALSE,1.488,10.49,6.781,8.24,1.274
"cap_10s","baseline",1,"gene256",FALSE,2.092,6.393,3.034,3.247,1.969
"mle","baseline",1,"gene256",FALSE,2.092,6.393,3.034,3.247,1.969
"master","baseline",1,"gene256",FALSE,2.092,6.054,3.034,3.075,1.969
"master","baseline",1,"gene257",FALSE,4.327,8.188,5.233,2.193,3.733
"mle","baseline",1,"gene257",FALSE,4.327,22.05,5.233,5.907,3.733
"cap_10s","baseline",1,"gene257",FALSE,4.327,22.05,5.233,5.907,3.733
"master","baseline",1,"gene258",FALSE,1.02,1.867,5.456,1.774,1.053
"mle","baseline",1,"gene258",FALSE,1.02,6.573,5.456,6.245,1.053
"cap_10s","baseline",1,"gene258",FALSE,1.02,6.573,5.456,6.245,1.053
"master","baseline",1,"gene259",FALSE,2.75,5.309,4.453,2.034,2.611
"mle","baseline",1,"gene259",FALSE,2.75,14.41,4.453,5.52,2.611
"cap_10s","baseline",1,"gene259",FALSE,2.75,14.41,4.453,5.52,2.611
"cap_10s","baseline",1,"gene26",FALSE,1.833,15.78,7.583,9.053,1.744
"master","baseline",1,"gene26",FALSE,1.833,3.765,7.583,2.159,1.744
"mle","baseline",1,"gene26",FALSE,1.833,15.78,7.583,9.053,1.744
"mle","baseline",1,"gene260",FALSE,2.688,5.417,2.021,1.935,2.799
"cap_10s","baseline",1,"gene260",FALSE,2.688,5.417,2.021,1.935,2.799
"master","baseline",1,"gene260",FALSE,2.688,5.417,2.021,1.935,2.799
"master","baseline",1,"gene261",FALSE,4.34,6.514,3.527,1.625,4.008
"mle","baseline",1,"gene261",FALSE,4.34,16.1,3.527,4.017,4.008
"cap_10s","baseline",1,"gene261",FALSE,4.34,16.1,3.527,4.017,4.008
"mle","baseline",1,"gene262",FALSE,1.38,4.336,4.125,3.176,1.365
"cap_10s","baseline",1,"gene262",FALSE,1.38,4.336,4.125,3.176,1.365
"master","baseline",1,"gene262",FALSE,1.38,2.508,4.125,1.837,1.365
"mle","baseline",1,"gene263",FALSE,1.693,4.083,2.294,2.471,1.653
"cap_10s","baseline",1,"gene263",FALSE,1.693,4.083,2.294,2.471,1.653
"master","baseline",1,"gene263",FALSE,1.693,3.614,2.294,2.187,1.653
"mle","baseline",1,"gene264",FALSE,1.345,3.996,2.889,3.406,1.173
"cap_10s","baseline",1,"gene264",FALSE,1.345,3.996,2.889,3.406,1.173
"master","baseline",1,"gene264",FALSE,1.345,3.552,2.889,3.028,1.173
"master","baseline",1,"gene265",FALSE,4.337,7.462,2.293,1.657,4.502
"cap_10s","baseline",1,"gene265",FALSE,4.337,7.462,2.293,1.657,4.502
"mle","baseline",1,"gene265",FALSE,4.337,7.462,2.293,1.657,4.502
"master","baseline",1,"gene266",FALSE,1.588,2.629,3.015,1.815,1.449
"cap_10s","baseline",1,"gene266",FALSE,1.588,3.072,3.015,2.121,1.449
"mle","baseline",1,"gene266",FALSE,1.588,3.072,3.015,2.121,1.449
"master","baseline",1,"gene267",FALSE,2.742,6.291,2.832,2.54,2.476
"mle","baseline",1,"gene267",FALSE,2.742,6.311,2.832,2.548,2.476
"cap_10s","baseline",1,"gene267",FALSE,2.742,6.311,2.832,2.548,2.476
"master","baseline",1,"gene268",FALSE,3.19,5.906,2.12,1.824,3.238
"mle","baseline",1,"gene268",FALSE,3.19,5.906,2.12,1.824,3.238
"cap_10s","baseline",1,"gene268",FALSE,3.19,5.906,2.12,1.824,3.238
"mle","baseline",1,"gene269",FALSE,2.55,16.64,6.612,7.406,2.247
"cap_10s","baseline",1,"gene269",FALSE,2.55,16.64,6.612,7.406,2.247
"master","baseline",1,"gene269",FALSE,2.55,7.349,6.612,3.271,2.247
"cap_10s","baseline",1,"gene27",FALSE,2.208,11.22,3.737,5.68,1.975
"mle","baseline",1,"gene27",FALSE,2.208,11.22,3.737,5.68,1.975
"master","baseline",1,"gene27",FALSE,2.208,8.002,3.737,4.051,1.975
"cap_10s","baseline",1,"gene270",FALSE,3.617,10.22,2.802,3.398,3.008
"master","baseline",1,"gene270",FALSE,3.617,9.143,2.802,3.039,3.008
"mle","baseline",1,"gene270",FALSE,3.617,10.22,2.802,3.398,3.008
"master","baseline",1,"gene271",FALSE,2.073,4.526,4.188,2.47,1.832
"mle","baseline",1,"gene271",FALSE,2.073,9.627,4.188,5.254,1.832
"cap_10s","baseline",1,"gene271",FALSE,2.073,9.627,4.188,5.254,1.832
"master","baseline",1,"gene272",FALSE,3.952,6.844,6.529,1.923,3.56
"mle","baseline",1,"gene272",FALSE,3.952,27.75,6.529,7.795,3.56
"cap_10s","baseline",1,"gene272",FALSE,3.952,27.75,6.529,7.795,3.56
"mle","baseline",1,"gene273",FALSE,3.648,37.62,6.051,11.39,3.304
"master","baseline",1,"gene273",FALSE,3.648,8.374,6.051,2.535,3.304
"cap_10s","baseline",1,"gene273",FALSE,3.648,33.04,6.051,10,3.304
"mle","baseline",1,"gene274",FALSE,1.943,7.343,4.147,3.933,1.867
"master","baseline",1,"gene274",FALSE,1.943,4.22,4.147,2.26,1.867
"cap_10s","baseline",1,"gene274",FALSE,1.943,7.343,4.147,3.933,1.867
"master","baseline",1,"gene275",FALSE,4.023,9.242,3.045,2.3,4.019
"mle","baseline",1,"gene275",FALSE,4.023,18.37,3.045,4.572,4.019
"cap_10s","baseline",1,"gene275",FALSE,4.023,18.37,3.045,4.572,4.019
"master","baseline",1,"gene276",FALSE,1.802,4.417,2.619,2.569,1.719
"mle","baseline",1,"gene276",FALSE,1.802,7.126,2.619,4.145,1.719
"cap_10s","baseline",1,"gene276",FALSE,1.802,7.126,2.619,4.145,1.719
"master","baseline",1,"gene277",FALSE,3.432,8.557,2.753,2.563,3.339
"mle","baseline",1,"gene277",FALSE,3.432,12.37,2.753,3.704,3.339
"cap_10s","baseline",1,"gene277",FALSE,3.432,12.37,2.753,3.704,3.339
"master","baseline",1,"gene278",FALSE,2.833,7.511,3.964,3.39,2.216
"cap_10s","baseline",1,"gene278",FALSE,2.833,21.46,3.964,9.683,2.216
"mle","baseline",1,"gene278",FALSE,2.833,21.46,3.964,9.683,2.216
"cap_10s","baseline",1,"gene279",FALSE,2.077,10.35,5.498,5.245,1.973
"mle","baseline",1,"gene279",FALSE,2.077,10.35,5.498,5.245,1.973
"master","baseline",1,"gene279",FALSE,2.077,4.606,5.498,2.335,1.973
"cap_10s","baseline",1,"gene28",FALSE,3.992,31.76,7.532,8.111,3.916
"mle","baseline",1,"gene28",FALSE,3.992,31.76,7.532,8.111,3.916
"master","baseline",1,"gene28",FALSE,3.992,7.809,7.532,1.994,3.916
"mle","baseline",1,"gene280",FALSE,1.502,3.484,2.589,2.628,1.326
"master","baseline",1,"gene280",FALSE,1.502,3.211,2.589,2.422,1.326
"cap_10s","baseline",1,"gene280",FALSE,1.502,3.484,2.589,2.628,1.326
"mle","baseline",1,"gene281",FALSE,5.107,39.03,6.944,7.554,5.166
"master","baseline",1,"gene281",FALSE,5.107,10.81,6.944,2.092,5.166
"cap_10s","baseline",1,"gene281",FALSE,5.107,39.03,6.944,7.554,5.166
"master","baseline",1,"gene282",FALSE,3.052,6.559,6.659,2.127,3.084
"cap_10s","baseline",1,"gene282",FALSE,3.052,30.84,6.659,10,3.084
"mle","baseline",1,"gene282",FALSE,3.052,46.03,6.659,14.93,3.084
"cap_10s","baseline",1,"gene283",FALSE,2.203,12.42,6.69,5.821,2.134
"mle","baseline",1,"gene283",FALSE,2.203,12.42,6.69,5.821,2.134
"master","baseline",1,"gene283",FALSE,2.203,8.172,6.69,3.83,2.134
"master","baseline",1,"gene284",FALSE,3.77,8.073,5.529,2.182,3.699
"mle","baseline",1,"gene284",FALSE,3.77,17.28,5.529,4.673,3.699
"cap_10s","baseline",1,"gene284",FALSE,3.77,17.28,5.529,4.673,3.699
"master","baseline",1,"gene285",FALSE,3.95,9.68,4.862,2.625,3.688
"mle","baseline",1,"gene285",FALSE,3.95,17.36,4.862,4.708,3.688
"cap_10s","baseline",1,"gene285",FALSE,3.95,17.36,4.862,4.708,3.688
"master","baseline",1,"gene286",FALSE,2.438,5.485,3.458,2.5,2.194
"mle","baseline",1,"gene286",FALSE,2.438,12.32,3.458,5.618,2.194
"cap_10s","baseline",1,"gene286",FALSE,2.438,12.32,3.458,5.618,2.194
"mle","baseline",1,"gene287",FALSE,1.18,4.421,2.3,3.937,1.123
"cap_10s","baseline",1,"gene287",FALSE,1.18,4.421,2.3,3.937,1.123
"master","baseline",1,"gene287",FALSE,1.18,2.371,2.3,2.111,1.123
"master","baseline",1,"gene288",FALSE,2.828,5.038,7.677,1.823,2.764
"mle","baseline",1,"gene288",FALSE,2.828,31.46,7.677,11.38,2.764
"cap_10s","baseline",1,"gene288",FALSE,2.828,27.64,7.677,10,2.764
"master","baseline",1,"gene289",FALSE,2.712,5.92,3.689,2.288,2.587
"mle","baseline",1,"gene289",FALSE,2.712,12.88,3.689,4.979,2.587
"cap_10s","baseline",1,"gene289",FALSE,2.712,12.88,3.689,4.979,2.587
"cap_10s","baseline",1,"gene29",FALSE,3.182,15.41,6,5.217,2.954
"master","baseline",1,"gene29",FALSE,3.182,5.324,6,1.802,2.954
"mle","baseline",1,"gene29",FALSE,3.182,15.41,6,5.217,2.954
"master","baseline",1,"gene290",FALSE,1.697,5.224,2.773,3.298,1.584
"mle","baseline",1,"gene290",FALSE,1.697,7.519,2.773,4.746,1.584
"cap_10s","baseline",1,"gene290",FALSE,1.697,7.519,2.773,4.746,1.584
"master","baseline",1,"gene291",FALSE,2.148,4.722,3.143,2.262,2.087
"mle","baseline",1,"gene291",FALSE,2.148,4.722,3.143,2.262,2.087
"cap_10s","baseline",1,"gene291",FALSE,2.148,4.722,3.143,2.262,2.087
"cap_10s","baseline",1,"gene292",FALSE,2.152,5.961,3.089,2.908,2.05
"master","baseline",1,"gene292",FALSE,2.152,3.585,3.089,1.749,2.05
"mle","baseline",1,"gene292",FALSE,2.152,5.961,3.089,2.908,2.05
"master","baseline",1,"gene293",FALSE,4.088,8.592,4.276,2.231,3.851
"mle","baseline",1,"gene293",FALSE,4.088,35.61,4.276,9.246,3.851
"cap_10s","baseline",1,"gene293",FALSE,4.088,35.61,4.276,9.246,3.851
"master","baseline",1,"gene294",FALSE,1.302,3.488,7.522,2.852,1.223
"mle","baseline",1,"gene294",FALSE,1.302,12.07,7.522,9.868,1.223
"cap_10s","baseline",1,"gene294",FALSE,1.302,12.07,7.522,9.868,1.223
"master","baseline",1,"gene295",FALSE,1.213,2.163,3.994,1.814,1.192
"mle","baseline",1,"gene295",FALSE,1.213,3.438,3.994,2.883,1.192
"cap_10s","baseline",1,"gene295",FALSE,1.213,3.438,3.994,2.883,1.192
"cap_10s","baseline",1,"gene296",FALSE,3.91,32.73,4.605,8.775,3.73
"mle","baseline",1,"gene296",FALSE,3.91,32.73,4.605,8.775,3.73
"master","baseline",1,"gene296",FALSE,3.91,13.14,4.605,3.524,3.73
"master","baseline",1,"gene297",FALSE,1.325,2.124,2.574,1.554,1.367
"mle","baseline",1,"gene297",FALSE,1.325,2.124,2.574,1.554,1.367
"cap_10s","baseline",1,"gene297",FALSE,1.325,2.124,2.574,1.554,1.367
"master","baseline",1,"gene298",FALSE,2.413,6.825,5.688,3.281,2.08
"mle","baseline",1,"gene298",FALSE,2.413,10.54,5.688,5.066,2.08
"cap_10s","baseline",1,"gene298",FALSE,2.413,10.54,5.688,5.066,2.08
"master","baseline",1,"gene299",FALSE,1.862,6.209,6.154,3.703,1.677
"mle","baseline",1,"gene299",FALSE,1.862,9.794,6.154,5.842,1.677
"cap_10s","baseline",1,"gene299",FALSE,1.862,9.794,6.154,5.842,1.677
"cap_10s","baseline",1,"gene3",FALSE,6.215,19.3,3.786,5.024,3.842
"master","baseline",1,"gene3",FALSE,6.215,7.632,3.786,1.987,3.842
"mle","baseline",1,"gene3",FALSE,6.215,19.3,3.786,5.024,3.842
"cap_10s","baseline",1,"gene30",FALSE,1.655,10.81,5.719,7.096,1.524
"master","baseline",1,"gene30",FALSE,1.655,3.447,5.719,2.262,1.524
"mle","baseline",1,"gene30",FALSE,1.655,10.81,5.719,7.096,1.524
"mle","baseline",1,"gene300",FALSE,1.418,5.118,4.082,3.7,1.383
"cap_10s","baseline",1,"gene300",FALSE,1.418,5.118,4.082,3.7,1.383
"master","baseline",1,"gene300",FALSE,1.418,3.136,4.082,2.267,1.383
"master","baseline",1,"gene31",FALSE,1.672,5.299,4.49,3.468,1.528
"mle","baseline",1,"gene31",FALSE,1.672,9.167,4.49,6,1.528
"cap_10s","baseline",1,"gene31",FALSE,1.672,9.167,4.49,6,1.528
"mle","baseline",1,"gene32",FALSE,2.132,6.035,2.71,3.309,1.824
"cap_10s","baseline",1,"gene32",FALSE,2.132,6.035,2.71,3.309,1.824
"master","baseline",1,"gene32",FALSE,2.132,5.784,2.71,3.171,1.824
"cap_10s","baseline",1,"gene33",FALSE,1.18,4.34,3.298,3.972,1.093
"master","baseline",1,"gene33",FALSE,1.18,1.776,3.298,1.626,1.093
"mle","baseline",1,"gene33",FALSE,1.18,4.34,3.298,3.972,1.093
"cap_10s","baseline",1,"gene34",FALSE,3.687,17.94,7.371,4.875,3.679
"master","baseline",1,"gene34",FALSE,3.687,7.536,7.371,2.049,3.679
"mle","baseline",1,"gene34",FALSE,3.687,17.94,7.371,4.875,3.679
"master","baseline",1,"gene35",FALSE,3.302,6.569,6.842,1.965,3.343
"cap_10s","baseline",1,"gene35",FALSE,3.302,33.43,6.842,10,3.343
"mle","baseline",1,"gene35",FALSE,3.302,78.14,6.842,23.37,3.343
"master","baseline",1,"gene36",FALSE,0.9583,1.449,3.836,1.534,0.9446
"cap_10s","baseline",1,"gene36",FALSE,0.9583,4.034,3.836,4.271,0.9446
"mle","baseline",1,"gene36",FALSE,0.9583,4.034,3.836,4.271,0.9446
"mle","baseline",1,"gene37",FALSE,2.395,8.204,4.075,3.978,2.063
"cap_10s","baseline",1,"gene37",FALSE,2.395,8.204,4.075,3.978,2.063
"master","baseline",1,"gene37",FALSE,2.395,7.087,4.075,3.436,2.063
"mle","baseline",1,"gene38",FALSE,3.177,7.598,2.535,2.558,2.97
"cap_10s","baseline",1,"gene38",FALSE,3.177,7.598,2.535,2.558,2.97
"master","baseline",1,"gene38",FALSE,3.177,4.993,2.535,1.681,2.97
"mle","baseline",1,"gene39",FALSE,3,23.23,7.954,7.546,3.079
"cap_10s","baseline",1,"gene39",FALSE,3,23.23,7.954,7.546,3.079
"master","baseline",1,"gene39",FALSE,3,5.538,7.954,1.799,3.079
"cap_10s","baseline",1,"gene4",FALSE,4.43,11.23,3.538,4.101,2.738
"master","baseline",1,"gene4",FALSE,4.43,4.616,3.538,1.686,2.738
"mle","baseline",1,"gene4",FALSE,4.43,11.23,3.538,4.101,2.738
"cap_10s","baseline",1,"gene40",FALSE,2.488,7.326,2.64,3.09,2.371
"master","baseline",1,"gene40",FALSE,2.488,5.149,2.64,2.172,2.371
"mle","baseline",1,"gene40",FALSE,2.488,7.326,2.64,3.09,2.371
"mle","baseline",1,"gene41",FALSE,0.965,1.812,2.457,2.093,0.8655
"cap_10s","baseline",1,"gene41",FALSE,0.965,1.812,2.457,2.093,0.8655
"master","baseline",1,"gene41",FALSE,0.965,1.812,2.457,2.093,0.8655
"cap_10s","baseline",1,"gene42",FALSE,1.155,2.027,2.151,1.61,1.259
"master","baseline",1,"gene42",FALSE,1.155,2.027,2.151,1.61,1.259
"mle","baseline",1,"gene42",FALSE,1.155,2.027,2.151,1.61,1.259
"cap_10s","baseline",1,"gene43",FALSE,1.66,7.299,4.531,4.808,1.518
"master","baseline",1,"gene43",FALSE,1.66,2.71,4.531,1.785,1.518
"mle","baseline",1,"gene43",FALSE,1.66,7.299,4.531,4.808,1.518
"cap_10s","baseline",1,"gene44",FALSE,4.838,14.07,2.242,2.947,4.773
"master","baseline",1,"gene44",FALSE,4.838,13.22,2.242,2.77,4.773
"mle","baseline",1,"gene44",FALSE,4.838,14.07,2.242,2.947,4.773
"mle","baseline",1,"gene45",FALSE,4.297,27.17,5.172,7.049,3.855
"master","baseline",1,"gene45",FALSE,4.297,9.42,5.172,2.444,3.855
"cap_10s","baseline",1,"gene45",FALSE,4.297,27.17,5.172,7.049,3.855
"cap_10s","baseline",1,"gene46",FALSE,1.348,4.403,4.53,3.351,1.314
"master","baseline",1,"gene46",FALSE,1.348,2.677,4.53,2.037,1.314
"mle","baseline",1,"gene46",FALSE,1.348,4.403,4.53,3.351,1.314
"cap_10s","baseline",1,"gene47",FALSE,2.177,5.484,3.044,2.596,2.113
"master","baseline",1,"gene47",FALSE,2.177,4.833,3.044,2.288,2.113
"mle","baseline",1,"gene47",FALSE,2.177,5.484,3.044,2.596,2.113
"cap_10s","baseline",1,"gene48",FALSE,4.508,37.71,7.624,8.799,4.286
"master","baseline",1,"gene48",FALSE,4.508,10.94,7.624,2.553,4.286
"mle","baseline",1,"gene48",FALSE,4.508,37.71,7.624,8.799,4.286
"master","baseline",1,"gene49",FALSE,1.293,3.707,3.894,3.038,1.22
"mle","baseline",1,"gene49",FALSE,1.293,5.776,3.894,4.734,1.22
"cap_10s","baseline",1,"gene49",FALSE,1.293,5.776,3.894,4.734,1.22
"mle","baseline",1,"gene5",FALSE,3.218,10.73,5.338,5.548,1.933
"master","baseline",1,"gene5",FALSE,3.218,4.951,5.338,2.561,1.933
"cap_10s","baseline",1,"gene5",FALSE,3.218,10.73,5.338,5.548,1.933
"cap_10s","baseline",1,"gene50",FALSE,2.433,13.17,2.929,6.625,1.987
"master","baseline",1,"gene50",FALSE,2.433,5.135,2.929,2.584,1.987
"mle","baseline",1,"gene50",FALSE,2.433,13.17,2.929,6.625,1.987
"cap_10s","baseline",1,"gene51",FALSE,1.842,16.3,6.474,10,1.63
"master","baseline",1,"gene51",FALSE,1.842,3.998,6.474,2.453,1.63
"mle","baseline",1,"gene51",FALSE,1.842,26.21,6.474,16.08,1.63
"cap_10s","baseline",1,"gene52",FALSE,2.28,4.704,2.319,2.226,2.113
"master","baseline",1,"gene52",FALSE,2.28,4.704,2.319,2.226,2.113
"mle","baseline",1,"gene52",FALSE,2.28,4.704,2.319,2.226,2.113
"cap_10s","baseline",1,"gene53",FALSE,1.44,9.456,4.381,8.103,1.167
"master","baseline",1,"gene53",FALSE,1.44,4.572,4.381,3.917,1.167
"mle","baseline",1,"gene53",FALSE,1.44,9.456,4.381,8.103,1.167
"mle","baseline",1,"gene54",FALSE,1.227,8.11,3.355,6.856,1.183
"cap_10s","baseline",1,"gene54",FALSE,1.227,8.11,3.355,6.856,1.183
"master","baseline",1,"gene54",FALSE,1.227,1.93,3.355,1.631,1.183
"cap_10s","baseline",1,"gene55",FALSE,4.417,12.02,2.326,2.771,4.338
"master","baseline",1,"gene55",FALSE,4.417,8.913,2.326,2.055,4.338
"mle","baseline",1,"gene55",FALSE,4.417,12.02,2.326,2.771,4.338
"cap_10s","baseline",1,"gene56",FALSE,4.78,30.64,6.968,6.411,4.78
"master","baseline",1,"gene56",FALSE,4.78,12.33,6.968,2.579,4.78
"mle","baseline",1,"gene56",FALSE,4.78,30.64,6.968,6.411,4.78
"cap_10s","baseline",1,"gene57",FALSE,4.05,39.06,5.558,10,3.906
"master","baseline",1,"gene57",FALSE,4.05,11.67,5.558,2.987,3.906
"mle","baseline",1,"gene57",FALSE,4.05,52.91,5.558,13.55,3.906
"mle","baseline",1,"gene58",FALSE,3.307,11.01,2.636,3.779,2.914
"master","baseline",1,"gene58",FALSE,3.307,11.01,2.636,3.779,2.914
"cap_10s","baseline",1,"gene58",FALSE,3.307,11.01,2.636,3.779,2.914
"master","baseline",1,"gene59",FALSE,1.415,2.706,3.548,2.022,1.338
"cap_10s","baseline",1,"gene59",FALSE,1.415,3.625,3.548,2.709,1.338
"mle","baseline",1,"gene59",FALSE,1.415,3.625,3.548,2.709,1.338
"cap_10s","baseline",1,"gene6",FALSE,5.112,7.298,2.12,2.167,3.368
"master","baseline",1,"gene6",FALSE,5.112,6.652,2.12,1.975,3.368
"mle","baseline",1,"gene6",FALSE,5.112,7.298,2.12,2.167,3.368
"master","baseline",1,"gene60",FALSE,2.247,4.861,5.49,2.078,2.34
"cap_10s","baseline",1,"gene60",FALSE,2.247,11.4,5.49,4.874,2.34
"mle","baseline",1,"gene60",FALSE,2.247,11.4,5.49,4.874,2.34
"cap_10s","baseline",1,"gene61",FALSE,1.975,5.421,3.439,2.788,1.944
"mle","baseline",1,"gene61",FALSE,1.975,5.421,3.439,2.788,1.944
"master","baseline",1,"gene61",FALSE,1.975,3.866,3.439,1.988,1.944
"mle","baseline",1,"gene62",FALSE,3.887,13.58,2.91,3.996,3.398
"master","baseline",1,"gene62",FALSE,3.887,8.357,2.91,2.459,3.398
"cap_10s","baseline",1,"gene62",FALSE,3.887,13.58,2.91,3.996,3.398
"master","baseline",1,"gene63",FALSE,1.955,3.829,2.374,2.031,1.885
"cap_10s","baseline",1,"gene63",FALSE,1.955,5.22,2.374,2.769,1.885
"mle","baseline",1,"gene63",FALSE,1.955,5.22,2.374,2.769,1.885
"master","baseline",1,"gene64",FALSE,1.413,3.11,3.539,2.401,1.295
"cap_10s","baseline",1,"gene64",FALSE,1.413,4.54,3.539,3.505,1.295
"mle","baseline",1,"gene64",FALSE,1.413,4.54,3.539,3.505,1.295
"cap_10s","baseline",1,"gene65",FALSE,4.793,25.11,5.04,5.61,4.476
"master","baseline",1,"gene65",FALSE,4.793,12.52,5.04,2.796,4.476
"mle","baseline",1,"gene65",FALSE,4.793,25.11,5.04,5.61,4.476
"cap_10s","baseline",1,"gene66",FALSE,3.205,12.7,2.763,4.084,3.109
"master","baseline",1,"gene66",FALSE,3.205,5.35,2.763,1.721,3.109
"mle","baseline",1,"gene66",FALSE,3.205,12.7,2.763,4.084,3.109
"cap_10s","baseline",1,"gene67",FALSE,1.13,3.49,3.39,3.32,1.051
"master","baseline",1,"gene67",FALSE,1.13,1.777,3.39,1.69,1.051
"mle","baseline",1,"gene67",FALSE,1.13,3.49,3.39,3.32,1.051
"cap_10s","baseline",1,"gene68",FALSE,1.945,8.438,6.17,4.645,1.817
"master","baseline",1,"gene68",FALSE,1.945,3.709,6.17,2.041,1.817
"mle","baseline",1,"gene68",FALSE,1.945,8.438,6.17,4.645,1.817
"cap_10s","baseline",1,"gene69",FALSE,2.148,8.748,2.885,4.617,1.895
"master","baseline",1,"gene69",FALSE,2.148,3.38,2.885,1.784,1.895
"mle","baseline",1,"gene69",FALSE,2.148,8.748,2.885,4.617,1.895
"cap_10s","baseline",1,"gene7",FALSE,4.603,16.24,3.843,6.36,2.553
"master","baseline",1,"gene7",FALSE,4.603,5.966,3.843,2.337,2.553
"mle","baseline",1,"gene7",FALSE,4.603,16.24,3.843,6.36,2.553
"mle","baseline",1,"gene70",FALSE,1.585,7.837,5.974,5.15,1.522
"cap_10s","baseline",1,"gene70",FALSE,1.585,7.837,5.974,5.15,1.522
"master","baseline",1,"gene70",FALSE,1.585,3.085,5.974,2.027,1.522
"master","baseline",1,"gene71",FALSE,4.213,9.314,2.757,2.327,4.002
"mle","baseline",1,"gene71",FALSE,4.213,10.28,2.757,2.569,4.002
"cap_10s","baseline",1,"gene71",FALSE,4.213,10.28,2.757,2.569,4.002
"master","baseline",1,"gene72",FALSE,1.693,3.076,7.575,1.956,1.572
"mle","baseline",1,"gene72",FALSE,1.693,9.026,7.575,5.74,1.572
"cap_10s","baseline",1,"gene72",FALSE,1.693,9.026,7.575,5.74,1.572
"master","baseline",1,"gene73",FALSE,1.925,4.719,2.974,2.55,1.85
"mle","baseline",1,"gene73",FALSE,1.925,5.938,2.974,3.209,1.85
"cap_10s","baseline",1,"gene73",FALSE,1.925,5.938,2.974,3.209,1.85
"master","baseline",1,"gene74",FALSE,2.46,6.026,7.457,2.457,2.452
"mle","baseline",1,"gene74",FALSE,2.46,29.14,7.457,11.88,2.452
"cap_10s","baseline",1,"gene74",FALSE,2.46,24.52,7.457,10,2.452
"master","baseline",1,"gene75",FALSE,1.937,4,3.314,2.178,1.836
"mle","baseline",1,"gene75",FALSE,1.937,4,3.314,2.178,1.836
"cap_10s","baseline",1,"gene75",FALSE,1.937,4,3.314,2.178,1.836
"master","baseline",1,"gene76",FALSE,2.01,3.249,7.292,1.711,1.899
"mle","baseline",1,"gene76",FALSE,2.01,13.9,7.292,7.321,1.899
"cap_10s","baseline",1,"gene76",FALSE,2.01,13.9,7.292,7.321,1.899
"master","baseline",1,"gene77",FALSE,2.91,5.513,7.303,1.834,3.006
"mle","baseline",1,"gene77",FALSE,2.91,18,7.303,5.989,3.006
"cap_10s","baseline",1,"gene77",FALSE,2.91,18,7.303,5.989,3.006
"master","baseline",1,"gene78",FALSE,3.617,7.957,3.137,2.426,3.28
"cap_10s","baseline",1,"gene78",FALSE,3.617,11.4,3.137,3.474,3.28
"mle","baseline",1,"gene78",FALSE,3.617,11.4,3.137,3.474,3.28
"master","baseline",1,"gene79",FALSE,3.428,8.151,3.472,2.542,3.207
"mle","baseline",1,"gene79",FALSE,3.428,24.25,3.472,7.563,3.207
"cap_10s","baseline",1,"gene79",FALSE,3.428,24.25,3.472,7.563,3.207
"cap_10s","baseline",1,"gene8",FALSE,4.765,6.812,2.004,2.343,2.907
"master","baseline",1,"gene8",FALSE,4.765,6.812,2.004,2.343,2.907
"mle","baseline",1,"gene8",FALSE,4.765,6.812,2.004,2.343,2.907
"mle","baseline",1,"gene80",FALSE,2.688,9.539,6.295,3.542,2.693
"cap_10s","baseline",1,"gene80",FALSE,2.688,9.539,6.295,3.542,2.693
"master","baseline",1,"gene80",FALSE,2.688,4.807,6.295,1.785,2.693
"mle","baseline",1,"gene81",FALSE,1.415,3.782,2.857,2.915,1.297
"cap_10s","baseline",1,"gene81",FALSE,1.415,3.782,2.857,2.915,1.297
"master","baseline",1,"gene81",FALSE,1.415,3.131,2.857,2.413,1.297
"cap_10s","baseline",1,"gene82",FALSE,1.175,11.93,6.349,10,1.193
"master","baseline",1,"gene82",FALSE,1.175,2.508,6.349,2.101,1.193
"mle","baseline",1,"gene82",FALSE,1.175,25,6.349,20.95,1.193
"master","baseline",1,"gene83",FALSE,1.105,1.957,3.761,2.083,0.9397
"mle","baseline",1,"gene83",FALSE,1.105,3.414,3.761,3.633,0.9397
"cap_10s","baseline",1,"gene83",FALSE,1.105,3.414,3.761,3.633,0.9397
"cap_10s","baseline",1,"gene84",FALSE,4.493,28.54,3.59,6.999,4.079
"master","baseline",1,"gene84",FALSE,4.493,11.91,3.59,2.921,4.079
"mle","baseline",1,"gene84",FALSE,4.493,28.54,3.59,6.999,4.079
"master","baseline",1,"gene85",FALSE,1.353,2.359,2.929,1.632,1.445
"mle","baseline",1,"gene85",FALSE,1.353,3.731,2.929,2.581,1.445
"cap_10s","baseline",1,"gene85",FALSE,1.353,3.731,2.929,2.581,1.445
"mle","baseline",1,"gene86",TRUE,1.022,9266000,7.208,9780000,0.9475
"master","baseline",1,"gene86",TRUE,1.022,2.403,7.208,2.537,0.9475
"cap_10s","baseline",1,"gene86",TRUE,1.022,9.475,7.208,10,0.9475
"master","baseline",1,"gene87",FALSE,1.135,2.117,2.537,2.137,0.9906
"mle","baseline",1,"gene87",FALSE,1.135,2.524,2.537,2.548,0.9906
"cap_10s","baseline",1,"gene87",FALSE,1.135,2.524,2.537,2.548,0.9906
"master","baseline",1,"gene88",FALSE,1.697,4.091,2.445,2.817,1.452
"cap_10s","baseline",1,"gene88",FALSE,1.697,4.498,2.445,3.097,1.452
"mle","baseline",1,"gene88",FALSE,1.697,4.498,2.445,3.097,1.452
"master","baseline",1,"gene89",FALSE,3.838,7.494,3.622,2.068,3.624
"mle","baseline",1,"gene89",FALSE,3.838,21.14,3.622,5.833,3.624
"cap_10s","baseline",1,"gene89",FALSE,3.838,21.14,3.622,5.833,3.624
"master","baseline",1,"gene9",FALSE,5.715,10.32,2.673,3.093,3.336
"mle","baseline",1,"gene9",FALSE,5.715,10.75,2.673,3.222,3.336
"cap_10s","baseline",1,"gene9",FALSE,5.715,10.75,2.673,3.222,3.336
"master","baseline",1,"gene90",FALSE,1.552,6.32,3.073,4.749,1.331
"cap_10s","baseline",1,"gene90",FALSE,1.552,11.75,3.073,8.829,1.331
"mle","baseline",1,"gene90",FALSE,1.552,11.75,3.073,8.829,1.331
"cap_10s","baseline",1,"gene91",FALSE,1.615,7.26,5.308,5.009,1.449
"master","baseline",1,"gene91",FALSE,1.615,3.82,5.308,2.636,1.449
"mle","baseline",1,"gene91",FALSE,1.615,7.26,5.308,5.009,1.449
"master","baseline",1,"gene92",FALSE,2.135,4.229,2.461,2.285,1.851
"cap_10s","baseline",1,"gene92",FALSE,2.135,4.799,2.461,2.593,1.851
"mle","baseline",1,"gene92",FALSE,2.135,4.799,2.461,2.593,1.851
"cap_10s","baseline",1,"gene93",FALSE,3.648,15.57,3.505,4.772,3.262
"master","baseline",1,"gene93",FALSE,3.648,7.011,3.505,2.149,3.262
"mle","baseline",1,"gene93",FALSE,3.648,15.57,3.505,4.772,3.262
"cap_10s","baseline",1,"gene94",FALSE,2.813,11.3,4.75,4.322,2.613
"mle","baseline",1,"gene94",FALSE,2.813,11.3,4.75,4.322,2.613
"master","baseline",1,"gene94",FALSE,2.813,6.581,4.75,2.518,2.613
"cap_10s","baseline",1,"gene95",FALSE,2.057,7.695,4.983,3.864,1.992
"master","baseline",1,"gene95",FALSE,2.057,5.606,4.983,2.815,1.992
"mle","baseline",1,"gene95",FALSE,2.057,7.695,4.983,3.864,1.992
"master","baseline",1,"gene96",FALSE,2.278,5.205,3.93,2.472,2.105
"mle","baseline",1,"gene96",FALSE,2.278,10.88,3.93,5.17,2.105
"cap_10s","baseline",1,"gene96",FALSE,2.278,10.88,3.93,5.17,2.105
"cap_10s","baseline",1,"gene97",FALSE,3.305,6.496,3.017,2.162,3.005
"master","baseline",1,"gene97",FALSE,3.305,6.382,3.017,2.124,3.005
"mle","baseline",1,"gene97",FALSE,3.305,6.496,3.017,2.162,3.005
"master","baseline",1,"gene98",FALSE,5.448,14.85,2.507,2.746,5.407
"mle","baseline",1,"gene98",FALSE,5.448,14.85,2.507,2.746,5.407
"cap_10s","baseline",1,"gene98",FALSE,5.448,14.85,2.507,2.746,5.407
"mle","baseline",1,"gene99",FALSE,1.677,3.732,2.048,2.21,1.688
"cap_10s","baseline",1,"gene99",FALSE,1.677,3.732,2.048,2.21,1.688
"master","baseline",1,"gene99",FALSE,1.677,2.963,2.048,1.755,1.688
"mle","baseline",2,"gene1",FALSE,2.085,2.664,2.597,2.451,1.087
"cap_10s","baseline",2,"gene1",FALSE,2.085,2.664,2.597,2.451,1.087
"master","baseline",2,"gene1",FALSE,2.085,1.98,2.597,1.822,1.087
"cap_10s","baseline",2,"gene10",FALSE,7.115,13.44,5.377,3.21,4.185
"master","baseline",2,"gene10",FALSE,7.115,6.961,5.377,1.663,4.185
"mle","baseline",2,"gene10",FALSE,7.115,13.44,5.377,3.21,4.185
"mle","baseline",2,"gene100",FALSE,3.002,9.389,3.162,3.261,2.879
"cap_10s","baseline",2,"gene100",FALSE,3.002,9.389,3.162,3.261,2.879
"master","baseline",2,"gene100",FALSE,3.002,6.73,3.162,2.338,2.879
"cap_10s","baseline",2,"gene101",TRUE,1.2,10.91,7.569,10,1.091
"master","baseline",2,"gene101",TRUE,1.2,1.663,7.569,1.524,1.091
"mle","baseline",2,"gene101",TRUE,1.2,6409000,7.569,5875000,1.091
"master","baseline",2,"gene102",FALSE,3.895,6.171,6.293,1.719,3.589
"cap_10s","baseline",2,"gene102",FALSE,3.895,14.88,6.293,4.145,3.589
"mle","baseline",2,"gene102",FALSE,3.895,14.88,6.293,4.145,3.589
"cap_10s","baseline",2,"gene103",FALSE,5.158,15.46,4.089,3.331,4.64
"master","baseline",2,"gene103",FALSE,5.158,12.95,4.089,2.792,4.64
"mle","baseline",2,"gene103",FALSE,5.158,15.46,4.089,3.331,4.64
"cap_10s","baseline",2,"gene104",FALSE,2.423,16.92,5.496,6.727,2.516
"master","baseline",2,"gene104",FALSE,2.423,4.454,5.496,1.77,2.516
"mle","baseline",2,"gene104",FALSE,2.423,16.92,5.496,6.727,2.516
"cap_10s","baseline",2,"gene105",FALSE,4.317,44.42,5.319,10,4.442
"master","baseline",2,"gene105",FALSE,4.317,9.068,5.319,2.041,4.442
"mle","baseline",2,"gene105",FALSE,4.317,53.21,5.319,11.98,4.442
"cap_10s","baseline",2,"gene106",FALSE,1.292,10.67,5.377,7.844,1.36
"master","baseline",2,"gene106",FALSE,1.292,2.631,5.377,1.935,1.36
"mle","baseline",2,"gene106",FALSE,1.292,10.67,5.377,7.844,1.36
"cap_10s","baseline",2,"gene107",FALSE,2.78,13.72,3.289,5.051,2.717
"master","baseline",2,"gene107",FALSE,2.78,6.729,3.289,2.476,2.717
"mle","baseline",2,"gene107",FALSE,2.78,13.72,3.289,5.051,2.717
"cap_10s","baseline",2,"gene108",FALSE,1.803,4.214,2.579,2.387,1.766
"master","baseline",2,"gene108",FALSE,1.803,3.306,2.579,1.872,1.766
"mle","baseline",2,"gene108",FALSE,1.803,4.214,2.579,2.387,1.766
"cap_10s","baseline",2,"gene109",FALSE,1.92,7.194,4.84,3.72,1.934
"master","baseline",2,"gene109",FALSE,1.92,3.888,4.84,2.011,1.934
"mle","baseline",2,"gene109",FALSE,1.92,7.194,4.84,3.72,1.934
"cap_10s","baseline",2,"gene11",FALSE,7.962,18.05,3.197,3.971,4.547
"master","baseline",2,"gene11",FALSE,7.962,11.4,3.197,2.508,4.547
"mle","baseline",2,"gene11",FALSE,7.962,18.05,3.197,3.971,4.547
"mle","baseline",2,"gene110",FALSE,1.427,5.91,3.222,4.295,1.376
"cap_10s","baseline",2,"gene110",FALSE,1.427,5.91,3.222,4.295,1.376
"master","baseline",2,"gene110",FALSE,1.427,2.52,3.222,1.832,1.376
"master","baseline",2,"gene111",FALSE,2.335,4.371,2.258,2.123,2.059
"mle","baseline",2,"gene111",FALSE,2.335,5.333,2.258,2.591,2.059
"cap_10s","baseline",2,"gene111",FALSE,2.335,5.333,2.258,2.591,2.059
"master","baseline",2,"gene112",FALSE,1.727,4.868,2.042,2.872,1.695
"mle","baseline",2,"gene112",FALSE,1.727,4.868,2.042,2.872,1.695
"cap_10s","baseline",2,"gene112",FALSE,1.727,4.868,2.042,2.872,1.695
"master","baseline",2,"gene113",FALSE,1.362,2.923,4.039,2.881,1.015
"mle","baseline",2,"gene113",FALSE,1.362,5.816,4.039,5.732,1.015
"cap_10s","baseline",2,"gene113",FALSE,1.362,5.816,4.039,5.732,1.015
"master","baseline",2,"gene114",FALSE,1.273,1.988,7.324,1.618,1.229
"mle","baseline",2,"gene114",FALSE,1.273,12.11,7.324,9.854,1.229
"cap_10s","baseline",2,"gene114",FALSE,1.273,12.11,7.324,9.854,1.229
"master","baseline",2,"gene115",FALSE,1.525,2.803,7.626,2.012,1.394
"mle","baseline",2,"gene115",FALSE,1.525,57.74,7.626,41.43,1.394
"cap_10s","baseline",2,"gene115",FALSE,1.525,13.94,7.626,10,1.394
"master","baseline",2,"gene116",FALSE,1.008,1.625,5.154,1.698,0.9572
"cap_10s","baseline",2,"gene116",FALSE,1.008,5.024,5.154,5.249,0.9572
"mle","baseline",2,"gene116",FALSE,1.008,5.024,5.154,5.249,0.9572
"master","baseline",2,"gene117",FALSE,1.235,1.978,2.764,1.681,1.177
"cap_10s","baseline",2,"gene117",FALSE,1.235,3.427,2.764,2.913,1.177
"mle","baseline",2,"gene117",FALSE,1.235,3.427,2.764,2.913,1.177
"mle","baseline",2,"gene118",FALSE,3.168,14.12,3.455,4.462,3.165
"cap_10s","baseline",2,"gene118",FALSE,3.168,14.12,3.455,4.462,3.165
"master","baseline",2,"gene118",FALSE,3.168,6.045,3.455,1.91,3.165
"mle","baseline",2,"gene119",FALSE,2.057,8.051,3.062,4.087,1.97
"master","baseline",2,"gene119",FALSE,2.057,4.154,3.062,2.109,1.97
"cap_10s","baseline",2,"gene119",FALSE,2.057,8.051,3.062,4.087,1.97
"cap_10s","baseline",2,"gene12",FALSE,4.662,20.05,6.441,7.205,2.783
"master","baseline",2,"gene12",FALSE,4.662,5.282,6.441,1.898,2.783
"mle","baseline",2,"gene12",FALSE,4.662,20.05,6.441,7.205,2.783
"master","baseline",2,"gene120",FALSE,1.325,3.604,2.72,2.632,1.369
"mle","baseline",2,"gene120",FALSE,1.325,4.293,2.72,3.135,1.369
"cap_10s","baseline",2,"gene120",FALSE,1.325,4.293,2.72,3.135,1.369
"cap_10s","baseline",2,"gene121",FALSE,1.46,13.73,6.58,10,1.373
"mle","baseline",2,"gene121",FALSE,1.46,25.07,6.58,18.26,1.373
"master","baseline",2,"gene121",FALSE,1.46,2.587,6.58,1.884,1.373
"cap_10s","baseline",2,"gene122",FALSE,3.333,5.622,2.071,1.559,3.605
"mle","baseline",2,"gene122",FALSE,3.333,5.622,2.071,1.559,3.605
"master","baseline",2,"gene122",FALSE,3.333,5.622,2.071,1.559,3.605
"master","baseline",2,"gene123",FALSE,2.53,3.91,2.079,1.585,2.467
"mle","baseline",2,"gene123",FALSE,2.53,3.91,2.079,1.585,2.467
"cap_10s","baseline",2,"gene123",FALSE,2.53,3.91,2.079,1.585,2.467
"master","baseline",2,"gene124",FALSE,1.817,3.223,4.039,1.93,1.669
"cap_10s","baseline",2,"gene124",FALSE,1.817,8.028,4.039,4.809,1.669
"mle","baseline",2,"gene124",FALSE,1.817,8.028,4.039,4.809,1.669
"cap_10s","baseline",2,"gene125",FALSE,2.237,6.71,2.983,3.169,2.118
"master","baseline",2,"gene125",FALSE,2.237,3.81,2.983,1.799,2.118
"mle","baseline",2,"gene125",FALSE,2.237,6.71,2.983,3.169,2.118
"mle","baseline",2,"gene126",FALSE,2.553,10.35,2.32,4.598,2.25
"master","baseline",2,"gene126",FALSE,2.553,9.309,2.32,4.137,2.25
"cap_10s","baseline",2,"gene126",FALSE,2.553,10.35,2.32,4.598,2.25
"mle","baseline",2,"gene127",FALSE,3.602,24.28,4.943,7.104,3.418
"master","baseline",2,"gene127",FALSE,3.602,6.955,4.943,2.035,3.418
"cap_10s","baseline",2,"gene127",FALSE,3.602,24.28,4.943,7.104,3.418
"master","baseline",2,"gene128",FALSE,1.482,2.899,6.285,2.287,1.267
"cap_10s","baseline",2,"gene128",FALSE,1.482,6.171,6.285,4.869,1.267
"mle","baseline",2,"gene128",FALSE,1.482,6.171,6.285,4.869,1.267
"master","baseline",2,"gene129",FALSE,2.748,5.148,3.788,1.984,2.595
"cap_10s","baseline",2,"gene129",FALSE,2.748,6.421,3.788,2.475,2.595
"mle","baseline",2,"gene129",FALSE,2.748,6.421,3.788,2.475,2.595
"cap_10s","baseline",2,"gene13",FALSE,3.497,7.342,3.152,3.74,1.963
"master","baseline",2,"gene13",FALSE,3.497,3.662,3.152,1.865,1.963
"mle","baseline",2,"gene13",FALSE,3.497,7.342,3.152,3.74,1.963
"master","baseline",2,"gene130",FALSE,1.498,2.604,3.597,1.884,1.382
"mle","baseline",2,"gene130",FALSE,1.498,7.538,3.597,5.453,1.382
"cap_10s","baseline",2,"gene130",FALSE,1.498,7.538,3.597,5.453,1.382
"cap_10s","baseline",2,"gene131",FALSE,2.333,5.712,3.239,2.884,1.981
"master","baseline",2,"gene131",FALSE,2.333,5.712,3.239,2.884,1.981
"mle","baseline",2,"gene131",FALSE,2.333,5.712,3.239,2.884,1.981
"master","baseline",2,"gene132",FALSE,1.367,3.006,4.508,2.236,1.344
"cap_10s","baseline",2,"gene132",FALSE,1.367,8.131,4.508,6.048,1.344
"mle","baseline",2,"gene132",FALSE,1.367,8.131,4.508,6.048,1.344
"master","baseline",2,"gene133",FALSE,3.613,6.043,3.35,1.713,3.528
"cap_10s","baseline",2,"gene133",FALSE,3.613,22.11,3.35,6.269,3.528
"mle","baseline",2,"gene133",FALSE,3.613,22.11,3.35,6.269,3.528
"cap_10s","baseline",2,"gene134",FALSE,1.548,5.798,5.325,3.99,1.453
"mle","baseline",2,"gene134",FALSE,1.548,5.798,5.325,3.99,1.453
"master","baseline",2,"gene134",FALSE,1.548,2.934,5.325,2.019,1.453
"cap_10s","baseline",2,"gene135",FALSE,1.997,20.55,6.908,10,2.055
"mle","baseline",2,"gene135",FALSE,1.997,52.12,6.908,25.36,2.055
"master","baseline",2,"gene135",FALSE,1.997,4.164,6.908,2.026,2.055
"master","baseline",2,"gene136",FALSE,1.558,2.78,3.462,2.015,1.379
"mle","baseline",2,"gene136",FALSE,1.558,18.2,3.462,13.19,1.379
"cap_10s","baseline",2,"gene136",FALSE,1.558,13.79,3.462,10,1.379
"master","baseline",2,"gene137",FALSE,2.422,4.074,2.537,1.7,2.396
"cap_10s","baseline",2,"gene137",FALSE,2.422,9.694,2.537,4.045,2.396
"mle","baseline",2,"gene137",FALSE,2.422,9.694,2.537,4.045,2.396
"cap_10s","baseline",2,"gene138",FALSE,1.28,9.098,5.09,6.835,1.331
"master","baseline",2,"gene138",FALSE,1.28,2.754,5.09,2.069,1.331
"mle","baseline",2,"gene138",FALSE,1.28,9.098,5.09,6.835,1.331
"mle","baseline",2,"gene139",FALSE,1.658,6.9,3.569,4.52,1.526
"master","baseline",2,"gene139",FALSE,1.658,2.738,3.569,1.794,1.526
"cap_10s","baseline",2,"gene139",FALSE,1.658,6.9,3.569,4.52,1.526
"mle","baseline",2,"gene14",FALSE,6.115,9.986,3.643,2.707,3.689
"cap_10s","baseline",2,"gene14",FALSE,6.115,9.986,3.643,2.707,3.689
"master","baseline",2,"gene14",FALSE,6.115,8.616,3.643,2.336,3.689
"mle","baseline",2,"gene140",FALSE,0.985,5.119,6.403,5.744,0.8911
"cap_10s","baseline",2,"gene140",FALSE,0.985,5.119,6.403,5.744,0.8911
"master","baseline",2,"gene140",FALSE,0.985,2.18,6.403,2.446,0.8911
"cap_10s","baseline",2,"gene141",FALSE,1.145,11.54,6.821,10,1.154
"master","baseline",2,"gene141",FALSE,1.145,1.939,6.821,1.68,1.154
"mle","baseline",2,"gene141",FALSE,1.145,37.07,6.821,32.12,1.154
"cap_10s","baseline",2,"gene142",FALSE,1.482,11.87,4.463,8.584,1.383
"master","baseline",2,"gene142",FALSE,1.482,2.544,4.463,1.84,1.383
"mle","baseline",2,"gene142",FALSE,1.482,11.87,4.463,8.584,1.383
"master","baseline",2,"gene143",FALSE,3.738,6.318,2.839,1.758,3.595
"cap_10s","baseline",2,"gene143",FALSE,3.738,10.47,2.839,2.913,3.595
"mle","baseline",2,"gene143",FALSE,3.738,10.47,2.839,2.913,3.595
"master","baseline",2,"gene144",FALSE,5.023,7.782,2.765,1.697,4.584
"cap_10s","baseline",2,"gene144",FALSE,5.023,16.32,2.765,3.559,4.584
"mle","baseline",2,"gene144",FALSE,5.023,16.32,2.765,3.559,4.584
"cap_10s","baseline",2,"gene145",FALSE,2.48,4.853,2.078,2.008,2.416
"master","baseline",2,"gene145",FALSE,2.48,4.268,2.078,1.766,2.416
"mle","baseline",2,"gene145",FALSE,2.48,4.853,2.078,2.008,2.416
"master","baseline",2,"gene146",FALSE,1.525,2.371,5.13,1.485,1.597
"cap_10s","baseline",2,"gene146",FALSE,1.525,9.494,5.13,5.943,1.597
"mle","baseline",2,"gene146",FALSE,1.525,9.494,5.13,5.943,1.597
"cap_10s","baseline",2,"gene147",FALSE,2.433,6.871,3.07,3.245,2.117
"master","baseline",2,"gene147",FALSE,2.433,3.7,3.07,1.748,2.117
"mle","baseline",2,"gene147",FALSE,2.433,6.871,3.07,3.245,2.117
"cap_10s","baseline",2,"gene148",FALSE,2.853,7.412,5.305,2.889,2.566
"mle","baseline",2,"gene148",FALSE,2.853,7.412,5.305,2.889,2.566
"master","baseline",2,"gene148",FALSE,2.853,6.191,5.305,2.413,2.566
"cap_10s","baseline",2,"gene149",FALSE,3.59,12.93,3.436,3.682,3.512
"master","baseline",2,"gene149",FALSE,3.59,5.94,3.436,1.691,3.512
"mle","baseline",2,"gene149",FALSE,3.59,12.93,3.436,3.682,3.512
"cap_10s","baseline",2,"gene15",FALSE,3.73,9.845,3.717,4.152,2.371
"master","baseline",2,"gene15",FALSE,3.73,4.361,3.717,1.839,2.371
"mle","baseline",2,"gene15",FALSE,3.73,9.845,3.717,4.152,2.371
"master","baseline",2,"gene150",FALSE,3.573,5.858,2.534,1.622,3.612
"mle","baseline",2,"gene150",FALSE,3.573,12.05,2.534,3.336,3.612
"cap_10s","baseline",2,"gene150",FALSE,3.573,12.05,2.534,3.336,3.612
"cap_10s","baseline",2,"gene151",FALSE,1.063,2.328,2.065,2.243,1.038
"master","baseline",2,"gene151",FALSE,1.063,2.024,2.065,1.95,1.038
"mle","baseline",2,"gene151",FALSE,1.063,2.328,2.065,2.243,1.038
"master","baseline",2,"gene152",FALSE,1.267,1.236,2.78,1.526,0.8103
"mle","baseline",2,"gene152",FALSE,1.267,2.654,2.78,3.275,0.8103
"cap_10s","baseline",2,"gene152",FALSE,1.267,2.654,2.78,3.275,0.8103
"mle","baseline",2,"gene153",FALSE,2.767,19.95,5.299,7.539,2.646
"master","baseline",2,"gene153",FALSE,2.767,4.827,5.299,1.824,2.646
"cap_10s","baseline",2,"gene153",FALSE,2.767,19.95,5.299,7.539,2.646
"master","baseline",2,"gene154",FALSE,2.103,3.862,4.235,1.947,1.984
"mle","baseline",2,"gene154",FALSE,2.103,24.77,4.235,12.49,1.984
"cap_10s","baseline",2,"gene154",FALSE,2.103,19.84,4.235,10,1.984
"master","baseline",2,"gene155",FALSE,4.048,16.55,3.638,5.466,3.028
"cap_10s","baseline",2,"gene155",FALSE,4.048,16.55,3.638,5.466,3.028
"mle","baseline",2,"gene155",FALSE,4.048,16.55,3.638,5.466,3.028
"master","baseline",2,"gene156",FALSE,3.162,5.322,4.379,1.765,3.016
"mle","baseline",2,"gene156",FALSE,3.162,19.61,4.379,6.502,3.016
"cap_10s","baseline",2,"gene156",FALSE,3.162,19.61,4.379,6.502,3.016
"master","baseline",2,"gene157",FALSE,3.822,6.695,4.343,1.982,3.378
"cap_10s","baseline",2,"gene157",FALSE,3.822,13.22,4.343,3.913,3.378
"mle","baseline",2,"gene157",FALSE,3.822,13.22,4.343,3.913,3.378
"master","baseline",2,"gene158",TRUE,1.792,4.45,7.42,2.499,1.78
"cap_10s","baseline",2,"gene158",TRUE,1.792,17.8,7.42,10,1.78
"mle","baseline",2,"gene158",TRUE,1.792,9681000,7.42,5437000,1.78
"master","baseline",2,"gene159",FALSE,2.182,3.847,3.525,1.672,2.301
"mle","baseline",2,"gene159",FALSE,2.182,6.476,3.525,2.814,2.301
"cap_10s","baseline",2,"gene159",FALSE,2.182,6.476,3.525,2.814,2.301
"cap_10s","baseline",2,"gene16",FALSE,1.067,4.337,3.442,3.955,1.096
"master","baseline",2,"gene16",FALSE,1.067,2.091,3.442,1.907,1.096
"mle","baseline",2,"gene16",FALSE,1.067,4.337,3.442,3.955,1.096
"master","baseline",2,"gene160",FALSE,1.45,2.866,2.303,1.916,1.496
"mle","baseline",2,"gene160",FALSE,1.45,2.866,2.303,1.916,1.496
"cap_10s","baseline",2,"gene160",FALSE,1.45,2.866,2.303,1.916,1.496
"mle","baseline",2,"gene161",FALSE,1.92,4.434,2.73,2.303,1.926
"cap_10s","baseline",2,"gene161",FALSE,1.92,4.434,2.73,2.303,1.926
"master","baseline",2,"gene161",FALSE,1.92,3.276,2.73,1.701,1.926
"cap_10s","baseline",2,"gene162",FALSE,3.507,26.36,6.726,8.167,3.228
"mle","baseline",2,"gene162",FALSE,3.507,26.36,6.726,8.167,3.228
"master","baseline",2,"gene162",FALSE,3.507,5.581,6.726,1.729,3.228
"master","baseline",2,"gene163",FALSE,4.532,11.56,4.905,2.846,4.063
"mle","baseline",2,"gene163",FALSE,4.532,22.75,4.905,5.598,4.063
"cap_10s","baseline",2,"gene163",FALSE,4.532,22.75,4.905,5.598,4.063
"master","baseline",2,"gene164",FALSE,3.588,5.371,2.394,1.674,3.209
"cap_10s","baseline",2,"gene164",FALSE,3.588,6.71,2.394,2.091,3.209
"mle","baseline",2,"gene164",FALSE,3.588,6.71,2.394,2.091,3.209
"cap_10s","baseline",2,"gene165",FALSE,2.557,9.221,3.79,3.705,2.489
"master","baseline",2,"gene165",FALSE,2.557,6.164,3.79,2.477,2.489
"mle","baseline",2,"gene165",FALSE,2.557,9.221,3.79,3.705,2.489
"mle","baseline",2,"gene166",FALSE,1.575,8.719,6.971,5.425,1.607
"master","baseline",2,"gene166",FALSE,1.575,2.572,6.971,1.6,1.607
"cap_10s","baseline",2,"gene166",FALSE,1.575,8.719,6.971,5.425,1.607
"mle","baseline",2,"gene167",FALSE,3.18,16.65,3.833,5.347,3.113
"master","baseline",2,"gene167",FALSE,3.18,6.3,3.833,2.024,3.113
"cap_10s","baseline",2,"gene167",FALSE,3.18,16.65,3.833,5.347,3.113
"master","baseline",2,"gene168",FALSE,3.397,7.373,5.859,2.167,3.403
"cap_10s","baseline",2,"gene168",FALSE,3.397,18.9,5.859,5.554,3.403
"mle","baseline",2,"gene168",FALSE,3.397,18.9,5.859,5.554,3.403
"master","baseline",2,"gene169",FALSE,1.325,2.194,4.468,1.642,1.337
"cap_10s","baseline",2,"gene169",FALSE,1.325,4.956,4.468,3.708,1.337
"mle","baseline",2,"gene169",FALSE,1.325,4.956,4.468,3.708,1.337
"cap_10s","baseline",2,"gene17",FALSE,2.228,10.84,4.181,5.334,2.032
"master","baseline",2,"gene17",FALSE,2.228,3.498,4.181,1.721,2.032
"mle","baseline",2,"gene17",FALSE,2.228,10.84,4.181,5.334,2.032
"master","baseline",2,"gene170",FALSE,2.558,4.041,5.443,1.645,2.457
"mle","baseline",2,"gene170",FALSE,2.558,44.5,5.443,18.11,2.457
"cap_10s","baseline",2,"gene170",FALSE,2.558,24.57,5.443,10,2.457
"cap_10s","baseline",2,"gene171",FALSE,3.558,15.19,4.616,4.66,3.26
"master","baseline",2,"gene171",FALSE,3.558,5.375,4.616,1.649,3.26
"mle","baseline",2,"gene171",FALSE,3.558,15.19,4.616,4.66,3.26
"master","baseline",2,"gene172",FALSE,1.513,3.874,6.581,2.856,1.356
"cap_10s","baseline",2,"gene172",FALSE,1.513,10.45,6.581,7.707,1.356
"mle","baseline",2,"gene172",FALSE,1.513,10.45,6.581,7.707,1.356
"master","baseline",2,"gene173",FALSE,1.228,2.147,4.396,1.815,1.183
"cap_10s","baseline",2,"gene173",FALSE,1.228,11.83,4.396,10,1.183
"mle","baseline",2,"gene173",FALSE,1.228,19.53,4.396,16.51,1.183
"cap_10s","baseline",2,"gene174",FALSE,1.368,13.74,6.585,10,1.374
"mle","baseline",2,"gene174",FALSE,1.368,20.09,6.585,14.62,1.374
"master","baseline",2,"gene174",FALSE,1.368,2.947,6.585,2.145,1.374
"cap_10s","baseline",2,"gene175",FALSE,4.337,12.18,2.393,3.002,4.058
"mle","baseline",2,"gene175",FALSE,4.337,12.18,2.393,3.002,4.058
"master","baseline",2,"gene175",FALSE,4.337,7.857,2.393,1.936,4.058
"master","baseline",2,"gene176",FALSE,3.387,6.252,2.194,1.748,3.578
"mle","baseline",2,"gene176",FALSE,3.387,9.206,2.194,2.573,3.578
"cap_10s","baseline",2,"gene176",FALSE,3.387,9.206,2.194,2.573,3.578
"master","baseline",2,"gene177",FALSE,2.675,5.445,3.749,2.093,2.601
"cap_10s","baseline",2,"gene177",FALSE,2.675,9.73,3.749,3.74,2.601
"mle","baseline",2,"gene177",FALSE,2.675,9.73,3.749,3.74,2.601
"cap_10s","baseline",2,"gene178",FALSE,3.622,7.259,2.155,2.002,3.626
"master","baseline",2,"gene178",FALSE,3.622,7.259,2.155,2.002,3.626
"mle","baseline",2,"gene178",FALSE,3.622,7.259,2.155,2.002,3.626
"mle","baseline",2,"gene179",FALSE,3.178,7.643,3.478,2.633,2.903
"master","baseline",2,"gene179",FALSE,3.178,5.718,3.478,1.97,2.903
"cap_10s","baseline",2,"gene179",FALSE,3.178,7.643,3.478,2.633,2.903
"mle","baseline",2,"gene18",FALSE,2.703,8.595,4.64,3.896,2.206
"master","baseline",2,"gene18",FALSE,2.703,6.104,4.64,2.767,2.206
"cap_10s","baseline",2,"gene18",FALSE,2.703,8.595,4.64,3.896,2.206
"mle","baseline",2,"gene180",FALSE,4.713,35.36,5.562,7.91,4.47
"master","baseline",2,"gene180",FALSE,4.713,8.098,5.562,1.812,4.47
"cap_10s","baseline",2,"gene180",FALSE,4.713,35.36,5.562,7.91,4.47
"cap_10s","baseline",2,"gene181",FALSE,1.477,4.932,3.285,3.56,1.386
"master","baseline",2,"gene181",FALSE,1.477,2.797,3.285,2.019,1.386
"mle","baseline",2,"gene181",FALSE,1.477,4.932,3.285,3.56,1.386
"cap_10s","baseline",2,"gene182",FALSE,1.548,6.146,2.881,4.139,1.485
"mle","baseline",2,"gene182",FALSE,1.548,6.146,2.881,4.139,1.485
"master","baseline",2,"gene182",FALSE,1.548,2.678,2.881,1.803,1.485
"mle","baseline",2,"gene183",FALSE,1.375,4.103,2.565,3.329,1.233
"cap_10s","baseline",2,"gene183",FALSE,1.375,4.103,2.565,3.329,1.233
"master","baseline",2,"gene183",FALSE,1.375,2.864,2.565,2.324,1.233
"master","baseline",2,"gene184",FALSE,1.65,4.06,2.578,2.322,1.748
"cap_10s","baseline",2,"gene184",FALSE,1.65,5.665,2.578,3.24,1.748
"mle","baseline",2,"gene184",FALSE,1.65,5.665,2.578,3.24,1.748
"master","baseline",2,"gene185",FALSE,2.428,4.781,3.004,1.986,2.407
"cap_10s","baseline",2,"gene185",FALSE,2.428,9.49,3.004,3.942,2.407
"mle","baseline",2,"gene185",FALSE,2.428,9.49,3.004,3.942,2.407
"cap_10s","baseline",2,"gene186",FALSE,1.432,7.767,3.59,5.791,1.341
"master","baseline",2,"gene186",FALSE,1.432,2.553,3.59,1.904,1.341
"mle","baseline",2,"gene186",FALSE,1.432,7.767,3.59,5.791,1.341
"cap_10s","baseline",2,"gene187",FALSE,0.9867,3.002,2.715,3.701,0.8112
"master","baseline",2,"gene187",FALSE,0.9867,2.29,2.715,2.823,0.8112
"mle","baseline",2,"gene187",FALSE,0.9867,3.002,2.715,3.701,0.8112
"cap_10s","baseline",2,"gene188",FALSE,1.87,9.353,4.379,4.836,1.934
"master","baseline",2,"gene188",FALSE,1.87,3.124,4.379,1.615,1.934
"mle","baseline",2,"gene188",FALSE,1.87,9.353,4.379,4.836,1.934
"cap_10s","baseline",2,"gene189",FALSE,1.323,5.696,4.428,4.453,1.279
"master","baseline",2,"gene189",FALSE,1.323,2.45,4.428,1.915,1.279
"mle","baseline",2,"gene189",FALSE,1.323,5.696,4.428,4.453,1.279
"master","baseline",2,"gene19",FALSE,2.93,12.15,7.511,5.444,2.233
"cap_10s","baseline",2,"gene19",FALSE,2.93,22.33,7.511,10,2.233
"mle","baseline",2,"gene19",FALSE,2.93,23.73,7.511,10.63,2.233
"cap_10s","baseline",2,"gene190",FALSE,3.035,6.58,2.258,2.274,2.894
"master","baseline",2,"gene190",FALSE,3.035,6.58,2.258,2.274,2.894
"mle","baseline",2,"gene190",FALSE,3.035,6.58,2.258,2.274,2.894
"mle","baseline",2,"gene191",FALSE,4.93,17.17,2.588,3.675,4.671
"cap_10s","baseline",2,"gene191",FALSE,4.93,17.17,2.588,3.675,4.671
"master","baseline",2,"gene191",FALSE,4.93,14.78,2.588,3.164,4.671
"master","baseline",2,"gene192",FALSE,3.217,8.189,2.192,3.15,2.6
"mle","baseline",2,"gene192",FALSE,3.217,8.189,2.192,3.15,2.6
"cap_10s","baseline",2,"gene192",FALSE,3.217,8.189,2.192,3.15,2.6
"master","baseline",2,"gene193",FALSE,4.812,8.712,2.699,1.925,4.526
"mle","baseline",2,"gene193",FALSE,4.812,10.48,2.699,2.315,4.526
"cap_10s","baseline",2,"gene193",FALSE,4.812,10.48,2.699,2.315,4.526
"master","baseline",2,"gene194",FALSE,3.893,6.53,2.088,1.694,3.855
"mle","baseline",2,"gene194",FALSE,3.893,7.395,2.088,1.918,3.855
"cap_10s","baseline",2,"gene194",FALSE,3.893,7.395,2.088,1.918,3.855
"master","baseline",2,"gene195",FALSE,1.978,3.924,4.104,1.877,2.09
"mle","baseline",2,"gene195",FALSE,1.978,6.52,4.104,3.119,2.09
"cap_10s","baseline",2,"gene195",FALSE,1.978,6.52,4.104,3.119,2.09
"master","baseline",2,"gene196",FALSE,1.387,2.618,7.791,2.112,1.24
"mle","baseline",2,"gene196",FALSE,1.387,6.561,7.791,5.293,1.24
"cap_10s","baseline",2,"gene196",FALSE,1.387,6.561,7.791,5.293,1.24
"master","baseline",2,"gene197",FALSE,4.123,6.594,6.305,1.719,3.837
"mle","baseline",2,"gene197",FALSE,4.123,26.98,6.305,7.032,3.837
"cap_10s","baseline",2,"gene197",FALSE,4.123,26.98,6.305,7.032,3.837
"master","baseline",2,"gene198",FALSE,3.262,5.378,2.309,1.628,3.304
"mle","baseline",2,"gene198",FALSE,3.262,8.934,2.309,2.704,3.304
"cap_10s","baseline",2,"gene198",FALSE,3.262,8.934,2.309,2.704,3.304
"master","baseline",2,"gene199",FALSE,2.727,3.996,2.033,1.486,2.69
"cap_10s","baseline",2,"gene199",FALSE,2.727,3.996,2.033,1.486,2.69
"mle","baseline",2,"gene199",FALSE,2.727,3.996,2.033,1.486,2.69
"cap_10s","baseline",2,"gene2",FALSE,2.665,5.113,2.231,3.342,1.53
"master","baseline",2,"gene2",FALSE,2.665,3.014,2.231,1.97,1.53
"mle","baseline",2,"gene2",FALSE,2.665,5.113,2.231,3.342,1.53
"cap_10s","baseline",2,"gene20",FALSE,2.833,5.722,2.596,2.065,2.771
"mle","baseline",2,"gene20",FALSE,2.833,5.722,2.596,2.065,2.771
"master","baseline",2,"gene20",FALSE,2.833,4.615,2.596,1.666,2.771
"master","baseline",2,"gene200",FALSE,1.412,2.646,5.942,1.93,1.371
"mle","baseline",2,"gene200",FALSE,1.412,10.51,5.942,7.663,1.371
"cap_10s","baseline",2,"gene200",FALSE,1.412,10.51,5.942,7.663,1.371
"mle","baseline",2,"gene201",FALSE,1.248,5.216,5.899,4.073,1.28
"cap_10s","baseline",2,"gene201",FALSE,1.248,5.216,5.899,4.073,1.28
"master","baseline",2,"gene201",FALSE,1.248,2.695,5.899,2.105,1.28
"mle","baseline",2,"gene202",FALSE,1.767,6.353,6.18,3.53,1.8
"cap_10s","baseline",2,"gene202",FALSE,1.767,6.353,6.18,3.53,1.8
"master","baseline",2,"gene202",FALSE,1.767,3.806,6.18,2.115,1.8
"cap_10s","baseline",2,"gene203",FALSE,4.85,42.55,7.13,10,4.255
"master","baseline",2,"gene203",FALSE,4.85,8.663,7.13,2.036,4.255
"mle","baseline",2,"gene203",FALSE,4.85,289.8,7.13,68.11,4.255
"master","baseline",2,"gene204",FALSE,1.182,2.069,3.775,1.678,1.233
"mle","baseline",2,"gene204",FALSE,1.182,6.248,3.775,5.067,1.233
"cap_10s","baseline",2,"gene204",FALSE,1.182,6.248,3.775,5.067,1.233
"cap_10s","baseline",2,"gene205",FALSE,2.137,19.57,6.406,10,1.957
"master","baseline",2,"gene205",FALSE,2.137,4.33,6.406,2.213,1.957
"mle","baseline",2,"gene205",FALSE,2.137,21.53,6.406,11,1.957
"master","baseline",2,"gene206",FALSE,3.137,5.393,6.591,1.873,2.879
"mle","baseline",2,"gene206",FALSE,3.137,15.04,6.591,5.225,2.879
"cap_10s","baseline",2,"gene206",FALSE,3.137,15.04,6.591,5.225,2.879
"mle","baseline",2,"gene207",FALSE,2.098,10.45,5.342,4.948,2.112
"master","baseline",2,"gene207",FALSE,2.098,4.861,5.342,2.301,2.112
"cap_10s","baseline",2,"gene207",FALSE,2.098,10.45,5.342,4.948,2.112
"master","baseline",2,"gene208",FALSE,3.38,5.709,6.443,1.742,3.278
"mle","baseline",2,"gene208",FALSE,3.38,15.14,6.443,4.62,3.278
"cap_10s","baseline",2,"gene208",FALSE,3.38,15.14,6.443,4.62,3.278
"master","baseline",2,"gene209",FALSE,3.37,7.366,2.966,2.218,3.32
"cap_10s","baseline",2,"gene209",FALSE,3.37,14.35,2.966,4.322,3.32
"mle","baseline",2,"gene209",FALSE,3.37,14.35,2.966,4.322,3.32
"cap_10s","baseline",2,"gene21",FALSE,3.232,11.91,4.534,3.636,3.276
"mle","baseline",2,"gene21",FALSE,3.232,11.91,4.534,3.636,3.276
"master","baseline",2,"gene21",FALSE,3.232,5.369,4.534,1.639,3.276
"master","baseline",2,"gene210",FALSE,1.843,2.809,4.505,1.799,1.562
"mle","baseline",2,"gene210",FALSE,1.843,13.28,4.505,8.501,1.562
"cap_10s","baseline",2,"gene210",FALSE,1.843,13.28,4.505,8.501,1.562
"master","baseline",2,"gene211",FALSE,1.342,2.894,4.929,2.315,1.25
"cap_10s","baseline",2,"gene211",FALSE,1.342,12.5,4.929,10,1.25
"mle","baseline",2,"gene211",FALSE,1.342,13.34,4.929,10.67,1.25
"cap_10s","baseline",2,"gene212",FALSE,1.767,5.178,2.858,2.993,1.73
"master","baseline",2,"gene212",FALSE,1.767,3.564,2.858,2.061,1.73
"mle","baseline",2,"gene212",FALSE,1.767,5.178,2.858,2.993,1.73
"master","baseline",2,"gene213",FALSE,1.042,2.655,5.087,2.752,0.9647
"cap_10s","baseline",2,"gene213",FALSE,1.042,8.043,5.087,8.337,0.9647
"mle","baseline",2,"gene213",FALSE,1.042,8.043,5.087,8.337,0.9647
"cap_10s","baseline",2,"gene214",FALSE,1.222,4.648,5.66,4.539,1.024
"master","baseline",2,"gene214",FALSE,1.222,1.725,5.66,1.685,1.024
"mle","baseline",2,"gene214",FALSE,1.222,4.648,5.66,4.539,1.024
"cap_10s","baseline",2,"gene215",FALSE,2.988,11.18,2.413,3.784,2.955
"mle","baseline",2,"gene215",FALSE,2.988,11.18,2.413,3.784,2.955
"master","baseline",2,"gene215",FALSE,2.988,4.775,2.413,1.616,2.955
"cap_10s","baseline",2,"gene216",FALSE,2.198,8.781,2.888,4.188,2.097
"master","baseline",2,"gene216",FALSE,2.198,3.893,2.888,1.857,2.097
"mle","baseline",2,"gene216",FALSE,2.198,8.781,2.888,4.188,2.097
"master","baseline",2,"gene217",FALSE,2.868,6.019,2.114,2.267,2.655
"mle","baseline",2,"gene217",FALSE,2.868,6.019,2.114,2.267,2.655
"cap_10s","baseline",2,"gene217",FALSE,2.868,6.019,2.114,2.267,2.655
"cap_10s","baseline",2,"gene218",FALSE,4.787,23.62,5.612,4.736,4.989
"master","baseline",2,"gene218",FALSE,4.787,9.69,5.612,1.942,4.989
"mle","baseline",2,"gene218",FALSE,4.787,23.62,5.612,4.736,4.989
"master","baseline",2,"gene219",FALSE,3.78,10.13,3.128,2.771,3.656
"mle","baseline",2,"gene219",FALSE,3.78,14.65,3.128,4.007,3.656
"cap_10s","baseline",2,"gene219",FALSE,3.78,14.65,3.128,4.007,3.656
"mle","baseline",2,"gene22",FALSE,1.617,7.014,4.099,4.454,1.575
"master","baseline",2,"gene22",FALSE,1.617,3.439,4.099,2.184,1.575
"cap_10s","baseline",2,"gene22",FALSE,1.617,7.014,4.099,4.454,1.575
"mle","baseline",2,"gene220",FALSE,3.248,14.75,4.948,4.672,3.156
"cap_10s","baseline",2,"gene220",FALSE,3.248,14.75,4.948,4.672,3.156
"master","baseline",2,"gene220",FALSE,3.248,7.073,4.948,2.241,3.156
"mle","baseline",2,"gene221",FALSE,2.472,9.448,4.004,3.835,2.464
"cap_10s","baseline",2,"gene221",FALSE,2.472,9.448,4.004,3.835,2.464
"master","baseline",2,"gene221",FALSE,2.472,3.904,4.004,1.585,2.464
"cap_10s","baseline",2,"gene222",FALSE,3.078,8.858,2.668,2.867,3.09
"master","baseline",2,"gene222",FALSE,3.078,6.591,2.668,2.133,3.09
"mle","baseline",2,"gene222",FALSE,3.078,8.858,2.668,2.867,3.09
"master","baseline",2,"gene223",FALSE,2.193,3.873,4.337,1.736,2.231
"cap_10s","baseline",2,"gene223",FALSE,2.193,7.735,4.337,3.467,2.231
"mle","baseline",2,"gene223",FALSE,2.193,7.735,4.337,3.467,2.231
"cap_10s","baseline",2,"gene224",FALSE,1.807,3.973,2.268,2.551,1.557
"master","baseline",2,"gene224",FALSE,1.807,3.446,2.268,2.213,1.557
"mle","baseline",2,"gene224",FALSE,1.807,3.973,2.268,2.551,1.557
"cap_10s","baseline",2,"gene225",FALSE,1.597,9.693,2.466,6.1,1.589
"master","baseline",2,"gene225",FALSE,1.597,2.624,2.466,1.651,1.589
"mle","baseline",2,"gene225",FALSE,1.597,9.693,2.466,6.1,1.589
"cap_10s","baseline",2,"gene226",FALSE,1.542,3.065,2.76,2.203,1.391
"master","baseline",2,"gene226",FALSE,1.542,3.065,2.76,2.203,1.391
"mle","baseline",2,"gene226",FALSE,1.542,3.065,2.76,2.203,1.391
"cap_10s","baseline",2,"gene227",FALSE,1.213,10.2,5.829,8.997,1.134
"master","baseline",2,"gene227",FALSE,1.213,2.482,5.829,2.19,1.134
"mle","baseline",2,"gene227",FALSE,1.213,10.2,5.829,8.997,1.134
"cap_10s","baseline",2,"gene228",FALSE,3.292,32.7,7.832,10,3.27
"master","baseline",2,"gene228",FALSE,3.292,5.649,7.832,1.728,3.27
"mle","baseline",2,"gene228",FALSE,3.292,46.49,7.832,14.22,3.27
"cap_10s","baseline",2,"gene229",FALSE,4.597,26.09,2.8,5.235,4.984
"master","baseline",2,"gene229",FALSE,4.597,8.743,2.8,1.754,4.984
"mle","baseline",2,"gene229",FALSE,4.597,26.09,2.8,5.235,4.984
"master","baseline",2,"gene23",FALSE,3.7,8.426,3.442,2.189,3.849
"cap_10s","baseline",2,"gene23",FALSE,3.7,16.34,3.442,4.246,3.849
"mle","baseline",2,"gene23",FALSE,3.7,16.34,3.442,4.246,3.849
"cap_10s","baseline",2,"gene230",FALSE,4.327,15.73,4.011,3.574,4.402
"master","baseline",2,"gene230",FALSE,4.327,7.41,4.011,1.683,4.402
"mle","baseline",2,"gene230",FALSE,4.327,15.73,4.011,3.574,4.402
"mle","baseline",2,"gene231",FALSE,1.248,10.13,7.929,9.328,1.086
"cap_10s","baseline",2,"gene231",FALSE,1.248,10.13,7.929,9.328,1.086
"master","baseline",2,"gene231",FALSE,1.248,2.657,7.929,2.447,1.086
"master","baseline",2,"gene232",FALSE,1.377,3.14,2.558,2.603,1.206
"mle","baseline",2,"gene232",FALSE,1.377,9.182,2.558,7.612,1.206
"cap_10s","baseline",2,"gene232",FALSE,1.377,9.182,2.558,7.612,1.206
"master","baseline",2,"gene233",FALSE,2.523,4.655,2.756,1.75,2.659
"mle","baseline",2,"gene233",FALSE,2.523,7.895,2.756,2.969,2.659
"cap_10s","baseline",2,"gene233",FALSE,2.523,7.895,2.756,2.969,2.659
"master","baseline",2,"gene234",FALSE,3.36,7.757,3.201,2.517,3.083
"mle","baseline",2,"gene234",FALSE,3.36,20.9,3.201,6.779,3.083
"cap_10s","baseline",2,"gene234",FALSE,3.36,20.9,3.201,6.779,3.083
"master","baseline",2,"gene235",FALSE,4.078,6.841,2.202,1.666,4.106
"mle","baseline",2,"gene235",FALSE,4.078,6.841,2.202,1.666,4.106
"cap_10s","baseline",2,"gene235",FALSE,4.078,6.841,2.202,1.666,4.106
"master","baseline",2,"gene236",FALSE,0.9833,2.678,7.48,2.935,0.9122
"mle","baseline",2,"gene236",FALSE,0.9833,21.29,7.48,23.34,0.9122
"cap_10s","baseline",2,"gene236",FALSE,0.9833,9.122,7.48,10,0.9122
"master","baseline",2,"gene237",FALSE,2.898,5.766,4.577,2.044,2.821
"cap_10s","baseline",2,"gene237",FALSE,2.898,28.21,4.577,10,2.821
"mle","baseline",2,"gene237",FALSE,2.898,34.35,4.577,12.18,2.821
"master","baseline",2,"gene238",FALSE,1.542,3.285,2.009,2.143,1.532
"cap_10s","baseline",2,"gene238",FALSE,1.542,3.285,2.009,2.143,1.532
"mle","baseline",2,"gene238",FALSE,1.542,3.285,2.009,2.143,1.532
"cap_10s","baseline",2,"gene239",FALSE,2.833,16.41,3.39,6.533,2.512
"mle","baseline",2,"gene239",FALSE,2.833,16.41,3.39,6.533,2.512
"master","baseline",2,"gene239",FALSE,2.833,7.54,3.39,3.002,2.512
"cap_10s","baseline",2,"gene24",FALSE,4.205,13.79,2.707,3.147,4.382
"master","baseline",2,"gene24",FALSE,4.205,10.23,2.707,2.334,4.382
"mle","baseline",2,"gene24",FALSE,4.205,13.79,2.707,3.147,4.382
"mle","baseline",2,"gene240",FALSE,1.665,10.04,5.67,6.151,1.632
"master","baseline",2,"gene240",FALSE,1.665,2.813,5.67,1.724,1.632
"cap_10s","baseline",2,"gene240",FALSE,1.665,10.04,5.67,6.151,1.632
"master","baseline",2,"gene241",FALSE,2.583,4.354,3.356,1.694,2.571
"cap_10s","baseline",2,"gene241",FALSE,2.583,7.908,3.356,3.076,2.571
"mle","baseline",2,"gene241",FALSE,2.583,7.908,3.356,3.076,2.571
"master","baseline",2,"gene242",FALSE,3.367,4.919,2.47,1.694,2.904
"cap_10s","baseline",2,"gene242",FALSE,3.367,10.78,2.47,3.713,2.904
"mle","baseline",2,"gene242",FALSE,3.367,10.78,2.47,3.713,2.904
"cap_10s","baseline",2,"gene243",FALSE,1.448,3.802,2.747,2.474,1.537
"mle","baseline",2,"gene243",FALSE,1.448,3.802,2.747,2.474,1.537
"master","baseline",2,"gene243",FALSE,1.448,2.812,2.747,1.829,1.537
"master","baseline",2,"gene244",FALSE,1.395,3.936,2.908,3.459,1.138
"mle","baseline",2,"gene244",FALSE,1.395,5.071,2.908,4.456,1.138
"cap_10s","baseline",2,"gene244",FALSE,1.395,5.071,2.908,4.456,1.138
"master","baseline",2,"gene245",FALSE,1.042,2.106,2.479,1.831,1.15
"mle","baseline",2,"gene245",FALSE,1.042,4.187,2.479,3.641,1.15
"cap_10s","baseline",2,"gene245",FALSE,1.042,4.187,2.479,3.641,1.15
"master","baseline",2,"gene246",FALSE,2.213,4.564,4.043,1.863,2.45
"mle","baseline",2,"gene246",FALSE,2.213,49.62,4.043,20.25,2.45
"cap_10s","baseline",2,"gene246",FALSE,2.213,24.5,4.043,10,2.45
"mle","baseline",2,"gene247",FALSE,2.627,5.73,2.03,2.701,2.121
"cap_10s","baseline",2,"gene247",FALSE,2.627,5.73,2.03,2.701,2.121
"master","baseline",2,"gene247",FALSE,2.627,5.73,2.03,2.701,2.121
"master","baseline",2,"gene248",FALSE,1.352,2.92,3.74,2.596,1.124
"mle","baseline",2,"gene248",FALSE,1.352,3.809,3.74,3.387,1.124
"cap_10s","baseline",2,"gene248",FALSE,1.352,3.809,3.74,3.387,1.124
"master","baseline",2,"gene249",FALSE,3.958,9.552,4.405,2.465,3.875
"mle","baseline",2,"gene249",FALSE,3.958,28.22,4.405,7.281,3.875
"cap_10s","baseline",2,"gene249",FALSE,3.958,28.22,4.405,7.281,3.875
"cap_10s","baseline",2,"gene25",FALSE,4.245,16.27,3.48,3.689,4.412
"master","baseline",2,"gene25",FALSE,4.245,8.313,3.48,1.884,4.412
"mle","baseline",2,"gene25",FALSE,4.245,16.27,3.48,3.689,4.412
"master","baseline",2,"gene250",FALSE,1.892,3.111,6.931,1.592,1.954
"mle","baseline",2,"gene250",FALSE,1.892,11.8,6.931,6.041,1.954
"cap_10s","baseline",2,"gene250",FALSE,1.892,11.8,6.931,6.041,1.954
"master","baseline",2,"gene251",FALSE,1.23,1.95,4.539,1.668,1.169
"mle","baseline",2,"gene251",FALSE,1.23,7.252,4.539,6.206,1.169
"cap_10s","baseline",2,"gene251",FALSE,1.23,7.252,4.539,6.206,1.169
"cap_10s","baseline",2,"gene252",FALSE,1.365,13.19,5.82,10,1.319
"master","baseline",2,"gene252",FALSE,1.365,3.113,5.82,2.36,1.319
"mle","baseline",2,"gene252",FALSE,1.365,16.62,5.82,12.6,1.319
"master","baseline",2,"gene253",FALSE,3.065,5.723,3.881,1.908,2.999
"mle","baseline",2,"gene253",FALSE,3.065,11.27,3.881,3.758,2.999
"cap_10s","baseline",2,"gene253",FALSE,3.065,11.27,3.881,3.758,2.999
"master","baseline",2,"gene254",FALSE,1.912,3.404,7.626,1.816,1.874
"mle","baseline",2,"gene254",FALSE,1.912,18.95,7.626,10.11,1.874
"cap_10s","baseline",2,"gene254",FALSE,1.912,18.74,7.626,10,1.874
"master","baseline",2,"gene255",FALSE,1.643,3.089,4.294,1.876,1.647
"mle","baseline",2,"gene255",FALSE,1.643,12.68,4.294,7.698,1.647
"cap_10s","baseline",2,"gene255",FALSE,1.643,12.68,4.294,7.698,1.647
"cap_10s","baseline",2,"gene256",FALSE,1.353,12.91,7.216,10,1.291
"mle","baseline",2,"gene256",FALSE,1.353,100.7,7.216,78.02,1.291
"master","baseline",2,"gene256",FALSE,1.353,3.256,7.216,2.522,1.291
"master","baseline",2,"gene257",FALSE,1.478,2.837,6.068,1.961,1.447
"mle","baseline",2,"gene257",FALSE,1.478,7.297,6.068,5.044,1.447
"cap_10s","baseline",2,"gene257",FALSE,1.478,7.297,6.068,5.044,1.447
"master","baseline",2,"gene258",FALSE,1.477,2.806,2.851,1.909,1.47
"mle","baseline",2,"gene258",FALSE,1.477,3.466,2.851,2.358,1.47
"cap_10s","baseline",2,"gene258",FALSE,1.477,3.466,2.851,2.358,1.47
"master","baseline",2,"gene259",FALSE,2.335,3.744,3.322,1.889,1.983
"mle","baseline",2,"gene259",FALSE,2.335,7.346,3.322,3.705,1.983
"cap_10s","baseline",2,"gene259",FALSE,2.335,7.346,3.322,3.705,1.983
"cap_10s","baseline",2,"gene26",FALSE,1.475,3.585,3.904,2.812,1.275
"master","baseline",2,"gene26",FALSE,1.475,3.291,3.904,2.582,1.275
"mle","baseline",2,"gene26",FALSE,1.475,3.585,3.904,2.812,1.275
"mle","baseline",2,"gene260",FALSE,1.357,6.185,4.369,4.767,1.298
"cap_10s","baseline",2,"gene260",FALSE,1.357,6.185,4.369,4.767,1.298
"master","baseline",2,"gene260",FALSE,1.357,2.723,4.369,2.099,1.298
"master","baseline",2,"gene261",FALSE,2.813,4.675,7.122,1.732,2.699
"mle","baseline",2,"gene261",FALSE,2.813,13.36,7.122,4.95,2.699
"cap_10s","baseline",2,"gene261",FALSE,2.813,13.36,7.122,4.95,2.699
"mle","baseline",2,"gene262",FALSE,4.697,9.707,2.031,2.187,4.439
"cap_10s","baseline",2,"gene262",FALSE,4.697,9.707,2.031,2.187,4.439
"master","baseline",2,"gene262",FALSE,4.697,9.707,2.031,2.187,4.439
"mle","baseline",2,"gene263",FALSE,3.527,7.502,2.087,2.158,3.477
"cap_10s","baseline",2,"gene263",FALSE,3.527,7.502,2.087,2.158,3.477
"master","baseline",2,"gene263",FALSE,3.527,7.186,2.087,2.067,3.477
"mle","baseline",2,"gene264",FALSE,3.31,12.57,3.299,3.788,3.318
"cap_10s","baseline",2,"gene264",FALSE,3.31,12.57,3.299,3.788,3.318
"master","baseline",2,"gene264",FALSE,3.31,6.951,3.299,2.095,3.318
"master","baseline",2,"gene265",FALSE,1.665,2.763,3.083,1.808,1.528
"cap_10s","baseline",2,"gene265",FALSE,1.665,6.457,3.083,4.225,1.528
"mle","baseline",2,"gene265",FALSE,1.665,6.457,3.083,4.225,1.528
"master","baseline",2,"gene266",FALSE,2.343,4.425,7.042,1.876,2.359
"cap_10s","baseline",2,"gene266",FALSE,2.343,23.59,7.042,10,2.359
"mle","baseline",2,"gene266",FALSE,2.343,24,7.042,10.17,2.359
"master","baseline",2,"gene267",FALSE,1.6,2.434,5.23,1.642,1.482
"mle","baseline",2,"gene267",FALSE,1.6,16.38,5.23,11.05,1.482
"cap_10s","baseline",2,"gene267",FALSE,1.6,14.82,5.23,10,1.482
"master","baseline",2,"gene268",FALSE,3.422,6.734,2.532,1.906,3.532
"mle","baseline",2,"gene268",FALSE,3.422,6.987,2.532,1.978,3.532
"cap_10s","baseline",2,"gene268",FALSE,3.422,6.987,2.532,1.978,3.532
"mle","baseline",2,"gene269",FALSE,3.367,9.355,2.262,2.81,3.329
"cap_10s","baseline",2,"gene269",FALSE,3.367,9.355,2.262,2.81,3.329
"master","baseline",2,"gene269",FALSE,3.367,5.654,2.262,1.698,3.329
"cap_10s","baseline",2,"gene27",FALSE,3.357,22.72,7.955,7.292,3.116
"mle","baseline",2,"gene27",FALSE,3.357,22.72,7.955,7.292,3.116
"master","baseline",2,"gene27",FALSE,3.357,8.241,7.955,2.645,3.116
"cap_10s","baseline",2,"gene270",FALSE,1.277,2.121,2.324,1.782,1.19
"master","baseline",2,"gene270",FALSE,1.277,2.041,2.324,1.716,1.19
"mle","baseline",2,"gene270",FALSE,1.277,2.121,2.324,1.782,1.19
"master","baseline",2,"gene271",FALSE,1.907,3.447,3.633,1.945,1.773
"mle","baseline",2,"gene271",FALSE,1.907,9.1,3.633,5.134,1.773
"cap_10s","baseline",2,"gene271",FALSE,1.907,9.1,3.633,5.134,1.773
"master","baseline",2,"gene272",FALSE,3.535,5.449,2.557,1.633,3.336
"mle","baseline",2,"gene272",FALSE,3.535,22.85,2.557,6.849,3.336
"cap_10s","baseline",2,"gene272",FALSE,3.535,22.85,2.557,6.849,3.336
"mle","baseline",2,"gene273",FALSE,2.668,15.93,4.575,6.706,2.376
"master","baseline",2,"gene273",FALSE,2.668,6.372,4.575,2.682,2.376
"cap_10s","baseline",2,"gene273",FALSE,2.668,15.93,4.575,6.706,2.376
"mle","baseline",2,"gene274",FALSE,4.363,11.02,3.11,2.414,4.563
"master","baseline",2,"gene274",FALSE,4.363,8.036,3.11,1.761,4.563
"cap_10s","baseline",2,"gene274",FALSE,4.363,11.02,3.11,2.414,4.563
"master","baseline",2,"gene275",FALSE,2.23,3.53,2.221,1.758,2.008
"mle","baseline",2,"gene275",FALSE,2.23,4.29,2.221,2.137,2.008
"cap_10s","baseline",2,"gene275",FALSE,2.23,4.29,2.221,2.137,2.008
"master","baseline",2,"gene276",FALSE,3.515,8.666,4.163,2.69,3.221
"mle","baseline",2,"gene276",FALSE,3.515,14.52,4.163,4.507,3.221
"cap_10s","baseline",2,"gene276",FALSE,3.515,14.52,4.163,4.507,3.221
"master","baseline",2,"gene277",FALSE,1.79,3.338,4.175,1.948,1.713
"mle","baseline",2,"gene277",FALSE,1.79,21.02,4.175,12.27,1.713
"cap_10s","baseline",2,"gene277",FALSE,1.79,17.13,4.175,10,1.713
"master","baseline",2,"gene278",FALSE,3.505,8.182,5.753,2.373,3.448
"cap_10s","baseline",2,"gene278",FALSE,3.505,22.63,5.753,6.563,3.448
"mle","baseline",2,"gene278",FALSE,3.505,22.63,5.753,6.563,3.448
"cap_10s","baseline",2,"gene279",FALSE,1.875,6.478,4.181,3.711,1.746
"mle","baseline",2,"gene279",FALSE,1.875,6.478,4.181,3.711,1.746
"master","baseline",2,"gene279",FALSE,1.875,3.769,4.181,2.159,1.746
"cap_10s","baseline",2,"gene28",FALSE,1.31,6.173,3.625,4.496,1.373
"mle","baseline",2,"gene28",FALSE,1.31,6.173,3.625,4.496,1.373
"master","baseline",2,"gene28",FALSE,1.31,2.192,3.625,1.597,1.373
"mle","baseline",2,"gene280",FALSE,4.363,15.55,2.347,4.018,3.87
"master","baseline",2,"gene280",FALSE,4.363,9.282,2.347,2.398,3.87
"cap_10s","baseline",2,"gene280",FALSE,4.363,15.55,2.347,4.018,3.87
"mle","baseline",2,"gene281",FALSE,3.518,6.204,2.086,2.145,2.893
"master","baseline",2,"gene281",FALSE,3.518,6.204,2.086,2.145,2.893
"cap_10s","baseline",2,"gene281",FALSE,3.518,6.204,2.086,2.145,2.893
"master","baseline",2,"gene282",FALSE,1.627,3.36,5.38,1.945,1.727
"cap_10s","baseline",2,"gene282",FALSE,1.627,17.27,5.38,10,1.727
"mle","baseline",2,"gene282",FALSE,1.627,20.25,5.38,11.73,1.727
"cap_10s","baseline",2,"gene283",FALSE,3.947,11.54,2.823,3.08,3.748
"mle","baseline",2,"gene283",FALSE,3.947,11.54,2.823,3.08,3.748
"master","baseline",2,"gene283",FALSE,3.947,7.161,2.823,1.911,3.748
"master","baseline",2,"gene284",FALSE,4.213,10.07,7.708,2.685,3.75
"mle","baseline",2,"gene284",FALSE,4.213,42.9,7.708,11.44,3.75
"cap_10s","baseline",2,"gene284",FALSE,4.213,37.5,7.708,10,3.75
"master","baseline",2,"gene285",FALSE,1.377,2.881,2.793,2.23,1.292
"mle","baseline",2,"gene285",FALSE,1.377,4.372,2.793,3.384,1.292
"cap_10s","baseline",2,"gene285",FALSE,1.377,4.372,2.793,3.384,1.292
"master","baseline",2,"gene286",FALSE,3.833,12.31,2.845,3.602,3.417
"mle","baseline",2,"gene286",FALSE,3.833,16.22,2.845,4.745,3.417
"cap_10s","baseline",2,"gene286",FALSE,3.833,16.22,2.845,4.745,3.417
"mle","baseline",2,"gene287",FALSE,1.252,8.298,7.56,7.006,1.184
"cap_10s","baseline",2,"gene287",FALSE,1.252,8.298,7.56,7.006,1.184
"master","baseline",2,"gene287",FALSE,1.252,2.164,7.56,1.827,1.184
"master","baseline",2,"gene288",FALSE,1.718,3.405,2.272,2.278,1.495
"mle","baseline",2,"gene288",FALSE,1.718,3.405,2.272,2.278,1.495
"cap_10s","baseline",2,"gene288",FALSE,1.718,3.405,2.272,2.278,1.495
"master","baseline",2,"gene289",FALSE,1.84,3.663,2.357,1.914,1.914
"mle","baseline",2,"gene289",FALSE,1.84,3.904,2.357,2.04,1.914
"cap_10s","baseline",2,"gene289",FALSE,1.84,3.904,2.357,2.04,1.914
"cap_10s","baseline",2,"gene29",FALSE,2.875,16.21,5.752,6.907,2.348
"master","baseline",2,"gene29",FALSE,2.875,8.887,5.752,3.785,2.348
"mle","baseline",2,"gene29",FALSE,2.875,16.21,5.752,6.907,2.348
"master","baseline",2,"gene290",FALSE,2.612,6.121,6.765,2.545,2.405
"mle","baseline",2,"gene290",FALSE,2.612,10.7,6.765,4.451,2.405
"cap_10s","baseline",2,"gene290",FALSE,2.612,10.7,6.765,4.451,2.405
"master","baseline",2,"gene291",FALSE,1.238,2.67,6.628,2.212,1.207
"mle","baseline",2,"gene291",FALSE,1.238,20.95,6.628,17.36,1.207
"cap_10s","baseline",2,"gene291",FALSE,1.238,12.07,6.628,10,1.207
"cap_10s","baseline",2,"gene292",FALSE,4.038,23.7,7.73,5.773,4.105
"master","baseline",2,"gene292",FALSE,4.038,11.61,7.73,2.828,4.105
"mle","baseline",2,"gene292",FALSE,4.038,23.7,7.73,5.773,4.105
"master","baseline",2,"gene293",FALSE,4.038,6.851,7.06,1.67,4.103
"mle","baseline",2,"gene293",FALSE,4.038,36.42,7.06,8.876,4.103
"cap_10s","baseline",2,"gene293",FALSE,4.038,36.42,7.06,8.876,4.103
"master","baseline",2,"gene294",FALSE,1.887,4.228,4.063,2.748,1.538
"mle","baseline",2,"gene294",FALSE,1.887,16.73,4.063,10.87,1.538
"cap_10s","baseline",2,"gene294",FALSE,1.887,15.38,4.063,10,1.538
"master","baseline",2,"gene295",FALSE,1.802,4.005,4.537,2.532,1.581
"mle","baseline",2,"gene295",FALSE,1.802,5.349,4.537,3.382,1.581
"cap_10s","baseline",2,"gene295",FALSE,1.802,5.349,4.537,3.382,1.581
"cap_10s","baseline",2,"gene296",FALSE,1.42,3.322,2.102,2.987,1.112
"mle","baseline",2,"gene296",FALSE,1.42,3.322,2.102,2.987,1.112
"master","baseline",2,"gene296",FALSE,1.42,3.212,2.102,2.888,1.112
"master","baseline",2,"gene297",FALSE,2.35,4.045,5.739,1.982,2.041
"mle","baseline",2,"gene297",FALSE,2.35,32.92,5.739,16.13,2.041
"cap_10s","baseline",2,"gene297",FALSE,2.35,20.41,5.739,10,2.041
"master","baseline",2,"gene298",FALSE,1.695,3.171,3.6,1.868,1.698
"mle","baseline",2,"gene298",FALSE,1.695,5.219,3.6,3.074,1.698
"cap_10s","baseline",2,"gene298",FALSE,1.695,5.219,3.6,3.074,1.698
"master","baseline",2,"gene299",FALSE,3.542,6.18,2.435,1.764,3.504
"mle","baseline",2,"gene299",FALSE,3.542,8.781,2.435,2.506,3.504
"cap_10s","baseline",2,"gene299",FALSE,3.542,8.781,2.435,2.506,3.504
"cap_10s","baseline",2,"gene3",FALSE,2.487,13.74,5.536,8.91,1.542
"master","baseline",2,"gene3",FALSE,2.487,2.783,5.536,1.804,1.542
"mle","baseline",2,"gene3",FALSE,2.487,13.74,5.536,8.91,1.542
"cap_10s","baseline",2,"gene30",FALSE,3.017,12.61,4.181,4.248,2.967
"master","baseline",2,"gene30",FALSE,3.017,5.405,4.181,1.822,2.967
"mle","baseline",2,"gene30",FALSE,3.017,12.61,4.181,4.248,2.967
"mle","baseline",2,"gene300",FALSE,2.147,6.831,2.291,3.459,1.975
"cap_10s","baseline",2,"gene300",FALSE,2.147,6.831,2.291,3.459,1.975
"master","baseline",2,"gene300",FALSE,2.147,3.894,2.291,1.972,1.975
"master","baseline",2,"gene31",FALSE,1.272,2.518,2.126,1.765,1.426
"mle","baseline",2,"gene31",FALSE,1.272,3.028,2.126,2.122,1.426
"cap_10s","baseline",2,"gene31",FALSE,1.272,3.028,2.126,2.122,1.426
"mle","baseline",2,"gene32",FALSE,1.27,8.576,6.667,6.852,1.251
"cap_10s","baseline",2,"gene32",FALSE,1.27,8.576,6.667,6.852,1.251
"master","baseline",2,"gene32",FALSE,1.27,2.57,6.667,2.054,1.251
"cap_10s","baseline",2,"gene33",FALSE,1.493,3.638,2.469,2.537,1.434
"master","baseline",2,"gene33",FALSE,1.493,3,2.469,2.092,1.434
"mle","baseline",2,"gene33",FALSE,1.493,3.638,2.469,2.537,1.434
"cap_10s","baseline",2,"gene34",FALSE,1.98,3.849,2.074,2.152,1.789
"master","baseline",2,"gene34",FALSE,1.98,3.156,2.074,1.765,1.789
"mle","baseline",2,"gene34",FALSE,1.98,3.849,2.074,2.152,1.789
"master","baseline",2,"gene35",FALSE,2.055,3.538,2.406,1.77,1.999
"cap_10s","baseline",2,"gene35",FALSE,2.055,5.032,2.406,2.517,1.999
"mle","baseline",2,"gene35",FALSE,2.055,5.032,2.406,2.517,1.999
"master","baseline",2,"gene36",FALSE,2.642,4.707,4.878,1.757,2.679
"cap_10s","baseline",2,"gene36",FALSE,2.642,14.02,4.878,5.233,2.679
"mle","baseline",2,"gene36",FALSE,2.642,14.02,4.878,5.233,2.679
"mle","baseline",2,"gene37",FALSE,1.395,4.512,4.274,3.383,1.334
"cap_10s","baseline",2,"gene37",FALSE,1.395,4.512,4.274,3.383,1.334
"master","baseline",2,"gene37",FALSE,1.395,2.263,4.274,1.697,1.334
"mle","baseline",2,"gene38",FALSE,2.398,9.496,3.614,4.62,2.055
"cap_10s","baseline",2,"gene38",FALSE,2.398,9.496,3.614,4.62,2.055
"master","baseline",2,"gene38",FALSE,2.398,4.909,3.614,2.388,2.055
"mle","baseline",2,"gene39",FALSE,1.428,4.93,3.313,3.799,1.298
"cap_10s","baseline",2,"gene39",FALSE,1.428,4.93,3.313,3.799,1.298
"master","baseline",2,"gene39",FALSE,1.428,3.986,3.313,3.071,1.298
"cap_10s","baseline",2,"gene4",FALSE,6.537,17.4,3.436,4.627,3.761
"master","baseline",2,"gene4",FALSE,6.537,6.965,3.436,1.852,3.761
"mle","baseline",2,"gene4",FALSE,6.537,17.4,3.436,4.627,3.761
"cap_10s","baseline",2,"gene40",FALSE,3.068,12.54,5.344,3.908,3.21
"master","baseline",2,"gene40",FALSE,3.068,7.06,5.344,2.199,3.21
"mle","baseline",2,"gene40",FALSE,3.068,12.54,5.344,3.908,3.21
"mle","baseline",2,"gene41",FALSE,1.012,8.51,5.015,9.238,0.9212
"cap_10s","baseline",2,"gene41",FALSE,1.012,8.51,5.015,9.238,0.9212
"master","baseline",2,"gene41",FALSE,1.012,2.592,5.015,2.814,0.9212
"cap_10s","baseline",2,"gene42",FALSE,2.502,10.01,2.983,4.251,2.354
"master","baseline",2,"gene42",FALSE,2.502,6.88,2.983,2.923,2.354
"mle","baseline",2,"gene42",FALSE,2.502,10.01,2.983,4.251,2.354
"cap_10s","baseline",2,"gene43",FALSE,1.592,3.96,2.304,2.952,1.342
"master","baseline",2,"gene43",FALSE,1.592,3.293,2.304,2.454,1.342
"mle","baseline",2,"gene43",FALSE,1.592,3.96,2.304,2.952,1.342
"cap_10s","baseline",2,"gene44",FALSE,1.922,15.33,7.895,8.667,1.769
"master","baseline",2,"gene44",FALSE,1.922,4.069,7.895,2.301,1.769
"mle","baseline",2,"gene44",FALSE,1.922,15.33,7.895,8.667,1.769
"mle","baseline",2,"gene45",FALSE,2.05,32.88,3.476,18.8,1.749
"master","baseline",2,"gene45",FALSE,2.05,3.523,3.476,2.014,1.749
"cap_10s","baseline",2,"gene45",FALSE,2.05,17.49,3.476,10,1.749
"cap_10s","baseline",2,"gene46",FALSE,4.28,27.74,7.289,7.312,3.793
"master","baseline",2,"gene46",FALSE,4.28,7.297,7.289,1.924,3.793
"mle","baseline",2,"gene46",FALSE,4.28,27.74,7.289,7.312,3.793
"cap_10s","baseline",2,"gene47",FALSE,3.22,28.25,5.645,10,2.825
"master","baseline",2,"gene47",FALSE,3.22,10.45,5.645,3.698,2.825
"mle","baseline",2,"gene47",FALSE,3.22,32.34,5.645,11.45,2.825
"cap_10s","baseline",2,"gene48",FALSE,2.285,13.09,3.277,6.244,2.096
"master","baseline",2,"gene48",FALSE,2.285,6.106,3.277,2.913,2.096
"mle","baseline",2,"gene48",FALSE,2.285,13.09,3.277,6.244,2.096
"master","baseline",2,"gene49",FALSE,1.82,3.127,2.183,1.831,1.708
"mle","baseline",2,"gene49",FALSE,1.82,3.127,2.183,1.831,1.708
"cap_10s","baseline",2,"gene49",FALSE,1.82,3.127,2.183,1.831,1.708
"mle","baseline",2,"gene5",FALSE,3.005,25.04,6.802,12.67,1.976
"master","baseline",2,"gene5",FALSE,3.005,4.777,6.802,2.418,1.976
"cap_10s","baseline",2,"gene5",FALSE,3.005,19.76,6.802,10,1.976
"cap_10s","baseline",2,"gene50",FALSE,1.117,7.405,5.845,6.502,1.139
"master","baseline",2,"gene50",FALSE,1.117,1.979,5.845,1.737,1.139
"mle","baseline",2,"gene50",FALSE,1.117,7.405,5.845,6.502,1.139
"cap_10s","baseline",2,"gene51",FALSE,2.575,25.89,5.151,10,2.589
"master","baseline",2,"gene51",FALSE,2.575,3.988,5.151,1.54,2.589
"mle","baseline",2,"gene51",FALSE,2.575,32.07,5.151,12.38,2.589
"cap_10s","baseline",2,"gene52",FALSE,2.235,18.54,3.651,8.344,2.221
"master","baseline",2,"gene52",FALSE,2.235,4.788,3.651,2.156,2.221
"mle","baseline",2,"gene52",FALSE,2.235,18.54,3.651,8.344,2.221
"cap_10s","baseline",2,"gene53",FALSE,1.065,4.512,4.219,4.163,1.084
"master","baseline",2,"gene53",FALSE,1.065,1.509,4.219,1.392,1.084
"mle","baseline",2,"gene53",FALSE,1.065,4.512,4.219,4.163,1.084
"mle","baseline",2,"gene54",FALSE,4.738,12.95,3.817,3.108,4.165
"cap_10s","baseline",2,"gene54",FALSE,4.738,12.95,3.817,3.108,4.165
"master","baseline",2,"gene54",FALSE,4.738,8.332,3.817,2,4.165
"cap_10s","baseline",2,"gene55",FALSE,1.527,10.45,6.276,6.891,1.517
"master","baseline",2,"gene55",FALSE,1.527,2.822,6.276,1.861,1.517
"mle","baseline",2,"gene55",FALSE,1.527,10.45,6.276,6.891,1.517
"cap_10s","baseline",2,"gene56",FALSE,2.335,14.34,4.278,6.134,2.338
"master","baseline",2,"gene56",FALSE,2.335,5.945,4.278,2.542,2.338
"mle","baseline",2,"gene56",FALSE,2.335,14.34,4.278,6.134,2.338
"cap_10s","baseline",2,"gene57",FALSE,3.71,37.9,5.123,10,3.79
"master","baseline",2,"gene57",FALSE,3.71,8.683,5.123,2.291,3.79
"mle","baseline",2,"gene57",FALSE,3.71,52.28,5.123,13.8,3.79
"mle","baseline",2,"gene58",FALSE,1.805,3.659,2.379,2.324,1.575
"master","baseline",2,"gene58",FALSE,1.805,3.331,2.379,2.115,1.575
"cap_10s","baseline",2,"gene58",FALSE,1.805,3.659,2.379,2.324,1.575
"master","baseline",2,"gene59",FALSE,1.328,2.197,6.161,1.78,1.234
"cap_10s","baseline",2,"gene59",FALSE,1.328,12.34,6.161,10,1.234
"mle","baseline",2,"gene59",FALSE,1.328,12.44,6.161,10.08,1.234
"cap_10s","baseline",2,"gene6",FALSE,3.855,15.33,7.528,6.724,2.28
"master","baseline",2,"gene6",FALSE,3.855,5.353,7.528,2.348,2.28
"mle","baseline",2,"gene6",FALSE,3.855,15.33,7.528,6.724,2.28
"master","baseline",2,"gene60",FALSE,2.793,5.379,2.592,1.962,2.741
"cap_10s","baseline",2,"gene60",FALSE,2.793,9.525,2.592,3.475,2.741
"mle","baseline",2,"gene60",FALSE,2.793,9.525,2.592,3.475,2.741
"cap_10s","baseline",2,"gene61",FALSE,3.842,26.97,5.657,6.97,3.869
"mle","baseline",2,"gene61",FALSE,3.842,26.97,5.657,6.97,3.869
"master","baseline",2,"gene61",FALSE,3.842,8.41,5.657,2.174,3.869
"mle","baseline",2,"gene62",FALSE,2.217,13.21,6.242,6.17,2.141
"master","baseline",2,"gene62",FALSE,2.217,4.129,6.242,1.928,2.141
"cap_10s","baseline",2,"gene62",FALSE,2.217,13.21,6.242,6.17,2.141
"master","baseline",2,"gene63",FALSE,1.147,1.815,5.95,1.606,1.131
"cap_10s","baseline",2,"gene63",FALSE,1.147,11.31,5.95,10,1.131
"mle","baseline",2,"gene63",FALSE,1.147,11.5,5.95,10.17,1.131
"master","baseline",2,"gene64",FALSE,2.323,6.665,3.431,3.361,1.983
"cap_10s","baseline",2,"gene64",FALSE,2.323,7.933,3.431,4,1.983
"mle","baseline",2,"gene64",FALSE,2.323,7.933,3.431,4,1.983
"cap_10s","baseline",2,"gene65",FALSE,1.093,5.066,3.135,5.041,1.005
"master","baseline",2,"gene65",FALSE,1.093,2.18,3.135,2.169,1.005
"mle","baseline",2,"gene65",FALSE,1.093,5.066,3.135,5.041,1.005
"cap_10s","baseline",2,"gene66",FALSE,2.168,9.329,6.054,4.337,2.151
"master","baseline",2,"gene66",FALSE,2.168,6.349,6.054,2.951,2.151
"mle","baseline",2,"gene66",FALSE,2.168,9.329,6.054,4.337,2.151
"cap_10s","baseline",2,"gene67",FALSE,4.807,8.438,2.184,1.827,4.619
"master","baseline",2,"gene67",FALSE,4.807,8.438,2.184,1.827,4.619
"mle","baseline",2,"gene67",FALSE,4.807,8.438,2.184,1.827,4.619
"cap_10s","baseline",2,"gene68",FALSE,1.27,3.041,4.487,2.707,1.123
"master","baseline",2,"gene68",FALSE,1.27,2.288,4.487,2.037,1.123
"mle","baseline",2,"gene68",FALSE,1.27,3.041,4.487,2.707,1.123
"cap_10s","baseline",2,"gene69",FALSE,2.217,19.71,6.439,10,1.971
"master","baseline",2,"gene69",FALSE,2.217,3.81,6.439,1.933,1.971
"mle","baseline",2,"gene69",FALSE,2.217,32.24,6.439,16.36,1.971
"cap_10s","baseline",2,"gene7",FALSE,5.78,32.59,5.68,10,3.259
"master","baseline",2,"gene7",FALSE,5.78,8.763,5.68,2.689,3.259
"mle","baseline",2,"gene7",FALSE,5.78,478.2,5.68,146.7,3.259
"mle","baseline",2,"gene70",FALSE,1.585,4.272,2.673,2.734,1.562
"cap_10s","baseline",2,"gene70",FALSE,1.585,4.272,2.673,2.734,1.562
"master","baseline",2,"gene70",FALSE,1.585,2.703,2.673,1.73,1.562
"master","baseline",2,"gene71",FALSE,2.29,4.445,2.468,2.097,2.12
"mle","baseline",2,"gene71",FALSE,2.29,5.024,2.468,2.37,2.12
"cap_10s","baseline",2,"gene71",FALSE,2.29,5.024,2.468,2.37,2.12
"master","baseline",2,"gene72",FALSE,3.83,6.754,5.682,1.728,3.909
"mle","baseline",2,"gene72",FALSE,3.83,26.17,5.682,6.696,3.909
"cap_10s","baseline",2,"gene72",FALSE,3.83,26.17,5.682,6.696,3.909
"master","baseline",2,"gene73",FALSE,1.077,2.024,6.59,1.869,1.083
"mle","baseline",2,"gene73",FALSE,1.077,15.86,6.59,14.64,1.083
"cap_10s","baseline",2,"gene73",FALSE,1.077,10.83,6.59,10,1.083
"master","baseline",2,"gene74",FALSE,1.572,4.775,7.565,3.738,1.278
"mle","baseline",2,"gene74",FALSE,1.572,28.22,7.565,22.09,1.278
"cap_10s","baseline",2,"gene74",FALSE,1.572,12.78,7.565,10,1.278
"master","baseline",2,"gene75",FALSE,1.103,2.366,3.633,2.167,1.092
"mle","baseline",2,"gene75",FALSE,1.103,5.46,3.633,5.001,1.092
"cap_10s","baseline",2,"gene75",FALSE,1.103,5.46,3.633,5.001,1.092
"master","baseline",2,"gene76",FALSE,1.21,2.925,5.169,2.191,1.335
"mle","baseline",2,"gene76",FALSE,1.21,5.2,5.169,3.895,1.335
"cap_10s","baseline",2,"gene76",FALSE,1.21,5.2,5.169,3.895,1.335
"master","baseline",2,"gene77",FALSE,1.367,2.081,5.529,1.637,1.271
"mle","baseline",2,"gene77",FALSE,1.367,6.405,5.529,5.038,1.271
"cap_10s","baseline",2,"gene77",FALSE,1.367,6.405,5.529,5.038,1.271
"master","baseline",2,"gene78",FALSE,1.365,2.692,7.438,1.944,1.385
"cap_10s","baseline",2,"gene78",FALSE,1.365,8.576,7.438,6.192,1.385
"mle","baseline",2,"gene78",FALSE,1.365,8.576,7.438,6.192,1.385
"master","baseline",2,"gene79",FALSE,1.847,2.949,5.541,1.608,1.834
"mle","baseline",2,"gene79",FALSE,1.847,8.116,5.541,4.426,1.834
"cap_10s","baseline",2,"gene79",FALSE,1.847,8.116,5.541,4.426,1.834
"cap_10s","baseline",2,"gene8",FALSE,9.418,11.19,3.269,2.29,4.887
"master","baseline",2,"gene8",FALSE,9.418,11.19,3.269,2.29,4.887
"mle","baseline",2,"gene8",FALSE,9.418,11.19,3.269,2.29,4.887
"mle","baseline",2,"gene80",FALSE,4.268,55.81,7.604,12.93,4.317
"cap_10s","baseline",2,"gene80",FALSE,4.268,43.17,7.604,10,4.317
"master","baseline",2,"gene80",FALSE,4.268,8.306,7.604,1.924,4.317
"mle","baseline",2,"gene81",FALSE,1.478,4.683,2.718,3.114,1.504
"cap_10s","baseline",2,"gene81",FALSE,1.478,4.683,2.718,3.114,1.504
"master","baseline",2,"gene81",FALSE,1.478,2.383,2.718,1.585,1.504
"cap_10s","baseline",2,"gene82",FALSE,5.473,19.38,4.2,3.663,5.292
"master","baseline",2,"gene82",FALSE,5.473,11.37,4.2,2.149,5.292
"mle","baseline",2,"gene82",FALSE,5.473,19.38,4.2,3.663,5.292
"master","baseline",2,"gene83",FALSE,1.062,1.503,3.482,1.498,1.003
"mle","baseline",2,"gene83",FALSE,1.062,4.487,3.482,4.473,1.003
"cap_10s","baseline",2,"gene83",FALSE,1.062,4.487,3.482,4.473,1.003
"cap_10s","baseline",2,"gene84",FALSE,1.628,5.424,3.77,3.052,1.777
"master","baseline",2,"gene84",FALSE,1.628,3.25,3.77,1.829,1.777
"mle","baseline",2,"gene84",FALSE,1.628,5.424,3.77,3.052,1.777
"master","baseline",2,"gene85",FALSE,1.932,3.574,2.496,1.792,1.994
"mle","baseline",2,"gene85",FALSE,1.932,4.055,2.496,2.034,1.994
"cap_10s","baseline",2,"gene85",FALSE,1.932,4.055,2.496,2.034,1.994
"mle","baseline",2,"gene86",FALSE,5.623,29.48,6.226,6.088,4.842
"master","baseline",2,"gene86",FALSE,5.623,16.54,6.226,3.415,4.842
"cap_10s","baseline",2,"gene86",FALSE,5.623,29.48,6.226,6.088,4.842
"master","baseline",2,"gene87",FALSE,2.365,5.283,5.209,2.23,2.369
"mle","baseline",2,"gene87",FALSE,2.365,11.96,5.209,5.049,2.369
"cap_10s","baseline",2,"gene87",FALSE,2.365,11.96,5.209,5.049,2.369
"master","baseline",2,"gene88",FALSE,1.238,2.662,2.253,2.228,1.195
"cap_10s","baseline",2,"gene88",FALSE,1.238,2.706,2.253,2.265,1.195
"mle","baseline",2,"gene88",FALSE,1.238,2.706,2.253,2.265,1.195
"master","baseline",2,"gene89",FALSE,2.007,4.046,2.888,2.147,1.884
"mle","baseline",2,"gene89",FALSE,2.007,6.783,2.888,3.6,1.884
"cap_10s","baseline",2,"gene89",FALSE,2.007,6.783,2.888,3.6,1.884
"master","baseline",2,"gene9",FALSE,4.453,4.612,5.462,2.11,2.186
"mle","baseline",2,"gene9",FALSE,4.453,23.34,5.462,10.68,2.186
"cap_10s","baseline",2,"gene9",FALSE,4.453,21.86,5.462,10,2.186
"master","baseline",2,"gene90",FALSE,4.215,6.939,2.48,1.625,4.269
"cap_10s","baseline",2,"gene90",FALSE,4.215,9.917,2.48,2.323,4.269
"mle","baseline",2,"gene90",FALSE,4.215,9.917,2.48,2.323,4.269
"cap_10s","baseline",2,"gene91",FALSE,3.805,15.29,3.412,4.472,3.419
"master","baseline",2,"gene91",FALSE,3.805,7.505,3.412,2.195,3.419
"mle","baseline",2,"gene91",FALSE,3.805,15.29,3.412,4.472,3.419
"master","baseline",2,"gene92",FALSE,2.635,4.701,2.787,1.774,2.65
"cap_10s","baseline",2,"gene92",FALSE,2.635,7.248,2.787,2.736,2.65
"mle","baseline",2,"gene92",FALSE,2.635,7.248,2.787,2.736,2.65
"cap_10s","baseline",2,"gene93",FALSE,1.328,7.813,5.817,5.829,1.341
"master","baseline",2,"gene93",FALSE,1.328,2.481,5.817,1.851,1.341
"mle","baseline",2,"gene93",FALSE,1.328,7.813,5.817,5.829,1.341
"cap_10s","baseline",2,"gene94",FALSE,2.247,21.94,7.151,10,2.194
"mle","baseline",2,"gene94",FALSE,2.247,27.42,7.151,12.5,2.194
"master","baseline",2,"gene94",FALSE,2.247,4.717,7.151,2.15,2.194
"cap_10s","baseline",2,"gene95",FALSE,4.247,16.2,4.449,4.304,3.763
"master","baseline",2,"gene95",FALSE,4.247,7.643,4.449,2.031,3.763
"mle","baseline",2,"gene95",FALSE,4.247,16.2,4.449,4.304,3.763
"master","baseline",2,"gene96",FALSE,5.32,10.77,4.932,2.044,5.269
"mle","baseline",2,"gene96",FALSE,5.32,18.28,4.932,3.47,5.269
"cap_10s","baseline",2,"gene96",FALSE,5.32,18.28,4.932,3.47,5.269
"cap_10s","baseline",2,"gene97",FALSE,2.495,7.075,2.185,3.025,2.338
"master","baseline",2,"gene97",FALSE,2.495,5.222,2.185,2.233,2.338
"mle","baseline",2,"gene97",FALSE,2.495,7.075,2.185,3.025,2.338
"master","baseline",2,"gene98",FALSE,1.14,2.03,3.06,2.071,0.9803
"mle","baseline",2,"gene98",FALSE,1.14,3.28,3.06,3.346,0.9803
"cap_10s","baseline",2,"gene98",FALSE,1.14,3.28,3.06,3.346,0.9803
"mle","baseline",2,"gene99",FALSE,2.325,11.53,3.5,4.67,2.469
"cap_10s","baseline",2,"gene99",FALSE,2.325,11.53,3.5,4.67,2.469
"master","baseline",2,"gene99",FALSE,2.325,4.082,3.5,1.653,2.469
"mle","baseline",3,"gene1",FALSE,1.882,4.779,3.744,4.493,1.064
"cap_10s","baseline",3,"gene1",FALSE,1.882,4.779,3.744,4.493,1.064
"master","baseline",3,"gene1",FALSE,1.882,2.794,3.744,2.627,1.064
"cap_10s","baseline",3,"gene10",FALSE,4.042,11.88,3.544,5.135,2.314
"master","baseline",3,"gene10",FALSE,4.042,4.74,3.544,2.049,2.314
"mle","baseline",3,"gene10",FALSE,4.042,11.88,3.544,5.135,2.314
"mle","baseline",3,"gene100",FALSE,1.422,5.015,4.279,3.841,1.305
"cap_10s","baseline",3,"gene100",FALSE,1.422,5.015,4.279,3.841,1.305
"master","baseline",3,"gene100",FALSE,1.422,2.852,4.279,2.185,1.305
"cap_10s","baseline",3,"gene101",FALSE,3.212,6.115,2.075,2.07,2.954
"master","baseline",3,"gene101",FALSE,3.212,6.115,2.075,2.07,2.954
"mle","baseline",3,"gene101",FALSE,3.212,6.115,2.075,2.07,2.954
"master","baseline",3,"gene102",FALSE,2.098,3.706,3.376,1.881,1.97
"cap_10s","baseline",3,"gene102",FALSE,2.098,5.614,3.376,2.849,1.97
"mle","baseline",3,"gene102",FALSE,2.098,5.614,3.376,2.849,1.97
"cap_10s","baseline",3,"gene103",FALSE,1.612,15.89,7.123,10,1.589
"master","baseline",3,"gene103",FALSE,1.612,3.171,7.123,1.996,1.589
"mle","baseline",3,"gene103",FALSE,1.612,19.75,7.123,12.43,1.589
"cap_10s","baseline",3,"gene104",FALSE,2.573,7.548,2.874,2.995,2.521
"master","baseline",3,"gene104",FALSE,2.573,7.28,2.874,2.888,2.521
"mle","baseline",3,"gene104",FALSE,2.573,7.548,2.874,2.995,2.521
"cap_10s","baseline",3,"gene105",FALSE,3.103,9.067,3.037,3.204,2.83
"master","baseline",3,"gene105",FALSE,3.103,5.906,3.037,2.087,2.83
"mle","baseline",3,"gene105",FALSE,3.103,9.067,3.037,3.204,2.83
"cap_10s","baseline",3,"gene106",FALSE,4.1,13.83,3.769,3.785,3.653
"master","baseline",3,"gene106",FALSE,4.1,10.21,3.769,2.794,3.653
"mle","baseline",3,"gene106",FALSE,4.1,13.83,3.769,3.785,3.653
"cap_10s","baseline",3,"gene107",FALSE,1.077,3.106,2.717,2.769,1.121
"master","baseline",3,"gene107",FALSE,1.077,2.245,2.717,2.002,1.121
"mle","baseline",3,"gene107",FALSE,1.077,3.106,2.717,2.769,1.121
"cap_10s","baseline",3,"gene108",FALSE,2.002,5.077,2.675,2.981,1.703
"master","baseline",3,"gene108",FALSE,2.002,2.997,2.675,1.76,1.703
"mle","baseline",3,"gene108",FALSE,2.002,5.077,2.675,2.981,1.703
"cap_10s","baseline",3,"gene109",FALSE,3.398,26.84,7.288,8.57,3.131
"master","baseline",3,"gene109",FALSE,3.398,6.84,7.288,2.184,3.131
"mle","baseline",3,"gene109",FALSE,3.398,26.84,7.288,8.57,3.131
"cap_10s","baseline",3,"gene11",FALSE,3.043,14.39,5.596,8.107,1.775
"master","baseline",3,"gene11",FALSE,3.043,4.411,5.596,2.485,1.775
"mle","baseline",3,"gene11",FALSE,3.043,14.39,5.596,8.107,1.775
"mle","baseline",3,"gene110",FALSE,1.303,5.534,4.366,5.435,1.018
"cap_10s","baseline",3,"gene110",FALSE,1.303,5.534,4.366,5.435,1.018
"master","baseline",3,"gene110",FALSE,1.303,3.004,4.366,2.951,1.018
"master","baseline",3,"gene111",FALSE,3.022,5.529,7.605,2.283,2.422
"mle","baseline",3,"gene111",FALSE,3.022,24.73,7.605,10.21,2.422
"cap_10s","baseline",3,"gene111",FALSE,3.022,24.22,7.605,10,2.422
"master","baseline",3,"gene112",FALSE,1.23,2.15,7.778,1.755,1.225
"mle","baseline",3,"gene112",FALSE,1.23,13.1,7.778,10.69,1.225
"cap_10s","baseline",3,"gene112",FALSE,1.23,12.25,7.778,10,1.225
"master","baseline",3,"gene113",FALSE,2.612,7.111,2.985,3.346,2.125
"mle","baseline",3,"gene113",FALSE,2.612,7.111,2.985,3.346,2.125
"cap_10s","baseline",3,"gene113",FALSE,2.612,7.111,2.985,3.346,2.125
"master","baseline",3,"gene114",FALSE,3.077,6.012,2.486,2.073,2.9
"mle","baseline",3,"gene114",FALSE,3.077,9.551,2.486,3.293,2.9
"cap_10s","baseline",3,"gene114",FALSE,3.077,9.551,2.486,3.293,2.9
"master","baseline",3,"gene115",FALSE,1.698,3.258,3.805,1.792,1.818
"mle","baseline",3,"gene115",FALSE,1.698,7.534,3.805,4.144,1.818
"cap_10s","baseline",3,"gene115",FALSE,1.698,7.534,3.805,4.144,1.818
"master","baseline",3,"gene116",FALSE,1.627,3.289,7.764,2.085,1.577
"cap_10s","baseline",3,"gene116",FALSE,1.627,14.17,7.764,8.982,1.577
"mle","baseline",3,"gene116",FALSE,1.627,14.17,7.764,8.982,1.577
"master","baseline",3,"gene117",FALSE,4.608,9.603,3.817,2.027,4.739
"cap_10s","baseline",3,"gene117",FALSE,4.608,11.62,3.817,2.453,4.739
"mle","baseline",3,"gene117",FALSE,4.608,11.62,3.817,2.453,4.739
"mle","baseline",3,"gene118",FALSE,4.102,9.17,2.318,2.54,3.611
"cap_10s","baseline",3,"gene118",FALSE,4.102,9.17,2.318,2.54,3.611
"master","baseline",3,"gene118",FALSE,4.102,9.17,2.318,2.54,3.611
"mle","baseline",3,"gene119",FALSE,3.043,32.44,6.678,11.32,2.866
"master","baseline",3,"gene119",FALSE,3.043,6.077,6.678,2.121,2.866
"cap_10s","baseline",3,"gene119",FALSE,3.043,28.66,6.678,10,2.866
"cap_10s","baseline",3,"gene12",FALSE,5.412,13.41,4.139,4.752,2.823
"master","baseline",3,"gene12",FALSE,5.412,10.19,4.139,3.609,2.823
"mle","baseline",3,"gene12",FALSE,5.412,13.41,4.139,4.752,2.823
"master","baseline",3,"gene120",FALSE,1.638,3.424,7.95,1.905,1.797
"mle","baseline",3,"gene120",FALSE,1.638,34.44,7.95,19.16,1.797
"cap_10s","baseline",3,"gene120",FALSE,1.638,17.97,7.95,10,1.797
"cap_10s","baseline",3,"gene121",FALSE,3.413,11.52,2.646,3.658,3.148
"mle","baseline",3,"gene121",FALSE,3.413,11.52,2.646,3.658,3.148
"master","baseline",3,"gene121",FALSE,3.413,5.97,2.646,1.896,3.148
"cap_10s","baseline",3,"gene122",FALSE,2.168,8.931,2.297,4.67,1.912
"mle","baseline",3,"gene122",FALSE,2.168,8.931,2.297,4.67,1.912
"master","baseline",3,"gene122",FALSE,2.168,4.209,2.297,2.201,1.912
"master","baseline",3,"gene123",FALSE,1.832,3.007,4.898,1.834,1.64
"mle","baseline",3,"gene123",FALSE,1.832,8.987,4.898,5.48,1.64
"cap_10s","baseline",3,"gene123",FALSE,1.832,8.987,4.898,5.48,1.64
"master","baseline",3,"gene124",FALSE,1.968,3.991,6.511,2.18,1.831
"cap_10s","baseline",3,"gene124",FALSE,1.968,7.44,6.511,4.063,1.831
"mle","baseline",3,"gene124",FALSE,1.968,7.44,6.511,4.063,1.831
"cap_10s","baseline",3,"gene125",FALSE,3,25.56,6.279,10,2.556
"master","baseline",3,"gene125",FALSE,3,8.857,6.279,3.466,2.556
"mle","baseline",3,"gene125",FALSE,3,32.05,6.279,12.54,2.556
"mle","baseline",3,"gene126",FALSE,4.688,32.39,6.081,8.149,3.975
"master","baseline",3,"gene126",FALSE,4.688,13.21,6.081,3.322,3.975
"cap_10s","baseline",3,"gene126",FALSE,4.688,32.39,6.081,8.149,3.975
"mle","baseline",3,"gene127",FALSE,1.765,8.338,3.427,5.849,1.426
"master","baseline",3,"gene127",FALSE,1.765,3.464,3.427,2.43,1.426
"cap_10s","baseline",3,"gene127",FALSE,1.765,8.338,3.427,5.849,1.426
"master","baseline",3,"gene128",FALSE,2.848,5.54,2.583,2.041,2.714
"cap_10s","baseline",3,"gene128",FALSE,2.848,6.599,2.583,2.431,2.714
"mle","baseline",3,"gene128",FALSE,2.848,6.599,2.583,2.431,2.714
"master","baseline",3,"gene129",FALSE,3.248,6.001,3.384,2.016,2.976
"cap_10s","baseline",3,"gene129",FALSE,3.248,10.13,3.384,3.402,2.976
"mle","baseline",3,"gene129",FALSE,3.248,10.13,3.384,3.402,2.976
"cap_10s","baseline",3,"gene13",FALSE,1.972,2.874,2.33,2.443,1.177
"master","baseline",3,"gene13",FALSE,1.972,2.456,2.33,2.087,1.177
"mle","baseline",3,"gene13",FALSE,1.972,2.874,2.33,2.443,1.177
"master","baseline",3,"gene130",FALSE,2.982,12.7,4.01,5.372,2.365
"mle","baseline",3,"gene130",FALSE,2.982,16.88,4.01,7.139,2.365
"cap_10s","baseline",3,"gene130",FALSE,2.982,16.88,4.01,7.139,2.365
"cap_10s","baseline",3,"gene131",FALSE,2.613,15.72,5.783,6.949,2.262
"master","baseline",3,"gene131",FALSE,2.613,8.102,5.783,3.581,2.262
"mle","baseline",3,"gene131",FALSE,2.613,15.72,5.783,6.949,2.262
"master","baseline",3,"gene132",FALSE,2.262,4.248,4.579,2.12,2.004
"cap_10s","baseline",3,"gene132",FALSE,2.262,10.45,4.579,5.216,2.004
"mle","baseline",3,"gene132",FALSE,2.262,10.45,4.579,5.216,2.004
"master","baseline",3,"gene133",FALSE,1.335,2.622,3.044,1.987,1.32
"cap_10s","baseline",3,"gene133",FALSE,1.335,3.189,3.044,2.417,1.32
"mle","baseline",3,"gene133",FALSE,1.335,3.189,3.044,2.417,1.32
"cap_10s","baseline",3,"gene134",FALSE,2.488,5.7,3.4,2.627,2.17
"mle","baseline",3,"gene134",FALSE,2.488,5.7,3.4,2.627,2.17
"master","baseline",3,"gene134",FALSE,2.488,5.7,3.4,2.627,2.17
"cap_10s","baseline",3,"gene135",FALSE,3.205,8.205,2.099,2.701,3.038
"mle","baseline",3,"gene135",FALSE,3.205,8.205,2.099,2.701,3.038
"master","baseline",3,"gene135",FALSE,3.205,5.522,2.099,1.818,3.038
"master","baseline",3,"gene136",FALSE,3.84,8.602,2.695,2.669,3.222
"mle","baseline",3,"gene136",FALSE,3.84,10.61,2.695,3.293,3.222
"cap_10s","baseline",3,"gene136",FALSE,3.84,10.61,2.695,3.293,3.222
"master","baseline",3,"gene137",FALSE,2.702,5.732,2.247,2.194,2.613
"cap_10s","baseline",3,"gene137",FALSE,2.702,7.369,2.247,2.821,2.613
"mle","baseline",3,"gene137",FALSE,2.702,7.369,2.247,2.821,2.613
"cap_10s","baseline",3,"gene138",FALSE,3.018,9.774,3.995,3.764,2.596
"master","baseline",3,"gene138",FALSE,3.018,5.6,3.995,2.157,2.596
"mle","baseline",3,"gene138",FALSE,3.018,9.774,3.995,3.764,2.596
"mle","baseline",3,"gene139",FALSE,2.582,19.52,7.396,8.144,2.397
"master","baseline",3,"gene139",FALSE,2.582,5.208,7.396,2.173,2.397
"cap_10s","baseline",3,"gene139",FALSE,2.582,19.52,7.396,8.144,2.397
"mle","baseline",3,"gene14",FALSE,4.373,19.89,5.637,7.278,2.733
"cap_10s","baseline",3,"gene14",FALSE,4.373,19.89,5.637,7.278,2.733
"master","baseline",3,"gene14",FALSE,4.373,4.648,5.637,1.701,2.733
"mle","baseline",3,"gene140",FALSE,2.112,4.445,2.906,2.125,2.092
"cap_10s","baseline",3,"gene140",FALSE,2.112,4.445,2.906,2.125,2.092
"master","baseline",3,"gene140",FALSE,2.112,3.892,2.906,1.861,2.092
"cap_10s","baseline",3,"gene141",FALSE,3.217,13.42,5.183,4.597,2.918
"master","baseline",3,"gene141",FALSE,3.217,5.113,5.183,1.752,2.918
"mle","baseline",3,"gene141",FALSE,3.217,13.42,5.183,4.597,2.918
"cap_10s","baseline",3,"gene142",FALSE,1.645,6.137,4.938,4.102,1.496
"master","baseline",3,"gene142",FALSE,1.645,2.856,4.938,1.909,1.496
"mle","baseline",3,"gene142",FALSE,1.645,6.137,4.938,4.102,1.496
"master","baseline",3,"gene143",FALSE,4.105,6.158,2.571,1.611,3.823
"cap_10s","baseline",3,"gene143",FALSE,4.105,19.54,2.571,5.111,3.823
"mle","baseline",3,"gene143",FALSE,4.105,19.54,2.571,5.111,3.823
"master","baseline",3,"gene144",FALSE,3.172,6.604,2.493,2.192,3.013
"cap_10s","baseline",3,"gene144",FALSE,3.172,7.546,2.493,2.504,3.013
"mle","baseline",3,"gene144",FALSE,3.172,7.546,2.493,2.504,3.013
"cap_10s","baseline",3,"gene145",FALSE,3.205,7.879,2.404,2.442,3.226
"master","baseline",3,"gene145",FALSE,3.205,7.625,2.404,2.363,3.226
"mle","baseline",3,"gene145",FALSE,3.205,7.879,2.404,2.442,3.226
"master","baseline",3,"gene146",FALSE,2.072,3.132,4.93,1.663,1.884
"cap_10s","baseline",3,"gene146",FALSE,2.072,18.84,4.93,10,1.884
"mle","baseline",3,"gene146",FALSE,2.072,27.64,4.93,14.67,1.884
"cap_10s","baseline",3,"gene147",FALSE,1.898,3.202,2.29,1.591,2.013
"master","baseline",3,"gene147",FALSE,1.898,3.202,2.29,1.591,2.013
"mle","baseline",3,"gene147",FALSE,1.898,3.202,2.29,1.591,2.013
"cap_10s","baseline",3,"gene148",FALSE,4.465,20.26,6.737,4.546,4.458
"mle","baseline",3,"gene148",FALSE,4.465,20.26,6.737,4.546,4.458
"master","baseline",3,"gene148",FALSE,4.465,7.732,6.737,1.735,4.458
"cap_10s","baseline",3,"gene149",FALSE,3.575,13.09,4.5,3.585,3.652
"master","baseline",3,"gene149",FALSE,3.575,6.877,4.5,1.883,3.652
"mle","baseline",3,"gene149",FALSE,3.575,13.09,4.5,3.585,3.652
"cap_10s","baseline",3,"gene15",FALSE,1.607,5.385,4.574,5.865,0.9181
"master","baseline",3,"gene15",FALSE,1.607,1.751,4.574,1.907,0.9181
"mle","baseline",3,"gene15",FALSE,1.607,5.385,4.574,5.865,0.9181
"master","baseline",3,"gene150",FALSE,1.173,2.393,2.681,2.111,1.134
"mle","baseline",3,"gene150",FALSE,1.173,2.945,2.681,2.598,1.134
"cap_10s","baseline",3,"gene150",FALSE,1.173,2.945,2.681,2.598,1.134
"cap_10s","baseline",3,"gene151",FALSE,1.192,3.669,3.06,3.198,1.147
"master","baseline",3,"gene151",FALSE,1.192,2.654,3.06,2.313,1.147
"mle","baseline",3,"gene151",FALSE,1.192,3.669,3.06,3.198,1.147
"master","baseline",3,"gene152",FALSE,1.567,5.461,2.675,4.096,1.333
"mle","baseline",3,"gene152",FALSE,1.567,6.175,2.675,4.632,1.333
"cap_10s","baseline",3,"gene152",FALSE,1.567,6.175,2.675,4.632,1.333
"mle","baseline",3,"gene153",FALSE,2.287,16.11,3.822,7.068,2.28
"master","baseline",3,"gene153",FALSE,2.287,3.744,3.822,1.642,2.28
"cap_10s","baseline",3,"gene153",FALSE,2.287,16.11,3.822,7.068,2.28
"master","baseline",3,"gene154",FALSE,1.948,4.977,3.817,2.884,1.726
"mle","baseline",3,"gene154",FALSE,1.948,5.79,3.817,3.355,1.726
"cap_10s","baseline",3,"gene154",FALSE,1.948,5.79,3.817,3.355,1.726
"master","baseline",3,"gene155",FALSE,1.315,2.849,6.901,2.198,1.297
"cap_10s","baseline",3,"gene155",FALSE,1.315,9.002,6.901,6.943,1.297
"mle","baseline",3,"gene155",FALSE,1.315,9.002,6.901,6.943,1.297
"master","baseline",3,"gene156",FALSE,4.81,8.975,3.063,2.012,4.462
"mle","baseline",3,"gene156",FALSE,4.81,13.92,3.063,3.121,4.462
"cap_10s","baseline",3,"gene156",FALSE,4.81,13.92,3.063,3.121,4.462
"master","baseline",3,"gene157",FALSE,1.228,2.93,5.11,2.573,1.139
"cap_10s","baseline",3,"gene157",FALSE,1.228,8.343,5.11,7.326,1.139
"mle","baseline",3,"gene157",FALSE,1.228,8.343,5.11,7.326,1.139
"master","baseline",3,"gene158",FALSE,2.382,4.957,7.777,2.059,2.408
"cap_10s","baseline",3,"gene158",FALSE,2.382,24.08,7.777,10,2.408
"mle","baseline",3,"gene158",FALSE,2.382,28.15,7.777,11.69,2.408
"master","baseline",3,"gene159",FALSE,1.465,2.743,2.446,1.694,1.619
"mle","baseline",3,"gene159",FALSE,1.465,3.579,2.446,2.211,1.619
"cap_10s","baseline",3,"gene159",FALSE,1.465,3.579,2.446,2.211,1.619
"cap_10s","baseline",3,"gene16",FALSE,5.188,36.78,5.599,7.902,4.654
"master","baseline",3,"gene16",FALSE,5.188,16.19,5.599,3.479,4.654
"mle","baseline",3,"gene16",FALSE,5.188,36.78,5.599,7.902,4.654
"master","baseline",3,"gene160",FALSE,4.463,9.814,2.424,2.263,4.336
"mle","baseline",3,"gene160",FALSE,4.463,14.63,2.424,3.373,4.336
"cap_10s","baseline",3,"gene160",FALSE,4.463,14.63,2.424,3.373,4.336
"mle","baseline",3,"gene161",FALSE,2.37,15.95,5.671,6.53,2.443
"cap_10s","baseline",3,"gene161",FALSE,2.37,15.95,5.671,6.53,2.443
"master","baseline",3,"gene161",FALSE,2.37,5.529,5.671,2.264,2.443
"cap_10s","baseline",3,"gene162",FALSE,4.812,14.12,3.564,3.118,4.528
"mle","baseline",3,"gene162",FALSE,4.812,14.12,3.564,3.118,4.528
"master","baseline",3,"gene162",FALSE,4.812,7.953,3.564,1.757,4.528
"master","baseline",3,"gene163",FALSE,1.345,2.345,2.973,1.854,1.265
"mle","baseline",3,"gene163",FALSE,1.345,3.597,2.973,2.845,1.265
"cap_10s","baseline",3,"gene163",FALSE,1.345,3.597,2.973,2.845,1.265
"master","baseline",3,"gene164",FALSE,1.82,3.877,6.816,2.379,1.63
"cap_10s","baseline",3,"gene164",FALSE,1.82,9.865,6.816,6.053,1.63
"mle","baseline",3,"gene164",FALSE,1.82,9.865,6.816,6.053,1.63
"cap_10s","baseline",3,"gene165",FALSE,1.2,4.006,4.314,3.435,1.166
"master","baseline",3,"gene165",FALSE,1.2,2.414,4.314,2.07,1.166
"mle","baseline",3,"gene165",FALSE,1.2,4.006,4.314,3.435,1.166
"mle","baseline",3,"gene166",FALSE,1.625,5.187,3.444,3.243,1.599
"master","baseline",3,"gene166",FALSE,1.625,2.784,3.444,1.741,1.599
"cap_10s","baseline",3,"gene166",FALSE,1.625,5.187,3.444,3.243,1.599
"mle","baseline",3,"gene167",FALSE,4.865,19.49,3.35,4.45,4.379
"master","baseline",3,"gene167",FALSE,4.865,16.5,3.35,3.768,4.379
"cap_10s","baseline",3,"gene167",FALSE,4.865,19.49,3.35,4.45,4.379
"master","baseline",3,"gene168",FALSE,2.657,6.484,4.664,2.634,2.462
"cap_10s","baseline",3,"gene168",FALSE,2.657,14.38,4.664,5.84,2.462
"mle","baseline",3,"gene168",FALSE,2.657,14.38,4.664,5.84,2.462
"master","baseline",3,"gene169",FALSE,4.363,9.333,7.24,2.578,3.62
"cap_10s","baseline",3,"gene169",FALSE,4.363,36.2,7.24,10,3.62
"mle","baseline",3,"gene169",FALSE,4.363,58.32,7.24,16.11,3.62
"cap_10s","baseline",3,"gene17",FALSE,4.24,15.77,5.592,3.752,4.204
"master","baseline",3,"gene17",FALSE,4.24,7.331,5.592,1.744,4.204
"mle","baseline",3,"gene17",FALSE,4.24,15.77,5.592,3.752,4.204
"master","baseline",3,"gene170",FALSE,3.3,5.962,2.664,1.775,3.36
"mle","baseline",3,"gene170",FALSE,3.3,10.52,2.664,3.13,3.36
"cap_10s","baseline",3,"gene170",FALSE,3.3,10.52,2.664,3.13,3.36
"cap_10s","baseline",3,"gene171",FALSE,2.855,14.71,4.225,4.911,2.995
"master","baseline",3,"gene171",FALSE,2.855,5.211,4.225,1.74,2.995
"mle","baseline",3,"gene171",FALSE,2.855,14.71,4.225,4.911,2.995
"master","baseline",3,"gene172",FALSE,1.77,3.156,4.277,1.89,1.67
"cap_10s","baseline",3,"gene172",FALSE,1.77,5.943,4.277,3.559,1.67
"mle","baseline",3,"gene172",FALSE,1.77,5.943,4.277,3.559,1.67
"master","baseline",3,"gene173",FALSE,4.638,8.489,3.392,2.43,3.493
"cap_10s","baseline",3,"gene173",FALSE,4.638,34.93,3.392,10,3.493
"mle","baseline",3,"gene173",FALSE,4.638,37.42,3.392,10.71,3.493
"cap_10s","baseline",3,"gene174",FALSE,1.95,15.01,7.237,7.976,1.882
"mle","baseline",3,"gene174",FALSE,1.95,15.01,7.237,7.976,1.882
"master","baseline",3,"gene174",FALSE,1.95,3.488,7.237,1.853,1.882
"cap_10s","baseline",3,"gene175",FALSE,1.763,5.451,5.744,3.328,1.638
"mle","baseline",3,"gene175",FALSE,1.763,5.451,5.744,3.328,1.638
"master","baseline",3,"gene175",FALSE,1.763,2.791,5.744,1.704,1.638
"master","baseline",3,"gene176",FALSE,4.123,8.258,5,2.164,3.816
"mle","baseline",3,"gene176",FALSE,4.123,21.49,5,5.631,3.816
"cap_10s","baseline",3,"gene176",FALSE,4.123,21.49,5,5.631,3.816
"master","baseline",3,"gene177",FALSE,2.563,7.717,4.141,3.06,2.522
"cap_10s","baseline",3,"gene177",FALSE,2.563,23.27,4.141,9.23,2.522
"mle","baseline",3,"gene177",FALSE,2.563,23.27,4.141,9.23,2.522
"cap_10s","baseline",3,"gene178",FALSE,3.368,28.57,5.076,10,2.857
"master","baseline",3,"gene178",FALSE,3.368,14.13,5.076,4.947,2.857
"mle","baseline",3,"gene178",FALSE,3.368,29.65,5.076,10.38,2.857
"mle","baseline",3,"gene179",FALSE,1.31,4.671,2.811,3.566,1.31
"master","baseline",3,"gene179",FALSE,1.31,2.539,2.811,1.938,1.31
"cap_10s","baseline",3,"gene179",FALSE,1.31,4.671,2.811,3.566,1.31
"mle","baseline",3,"gene18",FALSE,1.642,5.102,2.896,3.413,1.495
"master","baseline",3,"gene18",FALSE,1.642,3.063,2.896,2.049,1.495
"cap_10s","baseline",3,"gene18",FALSE,1.642,5.102,2.896,3.413,1.495
"mle","baseline",3,"gene180",FALSE,3.312,6.221,2.437,2.084,2.986
"master","baseline",3,"gene180",FALSE,3.312,5.55,2.437,1.859,2.986
"cap_10s","baseline",3,"gene180",FALSE,3.312,6.221,2.437,2.084,2.986
"cap_10s","baseline",3,"gene181",FALSE,2.868,8.965,3.804,3.245,2.762
"master","baseline",3,"gene181",FALSE,2.868,6.034,3.804,2.184,2.762
"mle","baseline",3,"gene181",FALSE,2.868,8.965,3.804,3.245,2.762
"cap_10s","baseline",3,"gene182",FALSE,1.328,5.672,2.613,4.721,1.201
"mle","baseline",3,"gene182",FALSE,1.328,5.672,2.613,4.721,1.201
"master","baseline",3,"gene182",FALSE,1.328,3.312,2.613,2.757,1.201
"mle","baseline",3,"gene183",FALSE,1.018,7.308,4.73,8.011,0.9122
"cap_10s","baseline",3,"gene183",FALSE,1.018,7.308,4.73,8.011,0.9122
"master","baseline",3,"gene183",FALSE,1.018,1.906,4.73,2.089,0.9122
"master","baseline",3,"gene184",FALSE,2.7,4.993,7.506,2.026,2.464
"cap_10s","baseline",3,"gene184",FALSE,2.7,11.57,7.506,4.695,2.464
"mle","baseline",3,"gene184",FALSE,2.7,11.57,7.506,4.695,2.464
"master","baseline",3,"gene185",FALSE,1.932,4.798,2.3,2.645,1.814
"cap_10s","baseline",3,"gene185",FALSE,1.932,4.798,2.3,2.645,1.814
"mle","baseline",3,"gene185",FALSE,1.932,4.798,2.3,2.645,1.814
"cap_10s","baseline",3,"gene186",FALSE,3.93,11.61,2.266,3.511,3.308
"master","baseline",3,"gene186",FALSE,3.93,8.257,2.266,2.496,3.308
"mle","baseline",3,"gene186",FALSE,3.93,11.61,2.266,3.511,3.308
"cap_10s","baseline",3,"gene187",FALSE,3.218,21.32,3.37,7.204,2.959
"master","baseline",3,"gene187",FALSE,3.218,9.892,3.37,3.343,2.959
"mle","baseline",3,"gene187",FALSE,3.218,21.32,3.37,7.204,2.959
"cap_10s","baseline",3,"gene188",FALSE,1.185,10.48,5.01,8.646,1.212
"master","baseline",3,"gene188",FALSE,1.185,1.987,5.01,1.639,1.212
"mle","baseline",3,"gene188",FALSE,1.185,10.48,5.01,8.646,1.212
"cap_10s","baseline",3,"gene189",FALSE,2.013,7.31,5.073,4.599,1.589
"master","baseline",3,"gene189",FALSE,2.013,6.079,5.073,3.825,1.589
"mle","baseline",3,"gene189",FALSE,2.013,7.31,5.073,4.599,1.589
"master","baseline",3,"gene19",FALSE,2.312,7.302,3.36,3.446,2.119
"cap_10s","baseline",3,"gene19",FALSE,2.312,11.07,3.36,5.223,2.119
"mle","baseline",3,"gene19",FALSE,2.312,11.07,3.36,5.223,2.119
"cap_10s","baseline",3,"gene190",FALSE,1.53,7.331,3.167,4.711,1.556
"master","baseline",3,"gene190",FALSE,1.53,2.601,3.167,1.671,1.556
"mle","baseline",3,"gene190",FALSE,1.53,7.331,3.167,4.711,1.556
"mle","baseline",3,"gene191",FALSE,2.193,6.892,3.94,3.3,2.088
"cap_10s","baseline",3,"gene191",FALSE,2.193,6.892,3.94,3.3,2.088
"master","baseline",3,"gene191",FALSE,2.193,3.538,3.94,1.694,2.088
"master","baseline",3,"gene192",FALSE,3.308,7.019,7.029,2.178,3.223
"mle","baseline",3,"gene192",FALSE,3.308,19.69,7.029,6.11,3.223
"cap_10s","baseline",3,"gene192",FALSE,3.308,19.69,7.029,6.11,3.223
"master","baseline",3,"gene193",FALSE,1.978,3.001,3.734,1.665,1.803
"mle","baseline",3,"gene193",FALSE,1.978,13.58,3.734,7.531,1.803
"cap_10s","baseline",3,"gene193",FALSE,1.978,13.58,3.734,7.531,1.803
"master","baseline",3,"gene194",FALSE,1.113,2.089,4.466,1.833,1.14
"mle","baseline",3,"gene194",FALSE,1.113,8.164,4.466,7.162,1.14
"cap_10s","baseline",3,"gene194",FALSE,1.113,8.164,4.466,7.162,1.14
"master","baseline",3,"gene195",FALSE,3.313,6.092,6.03,1.986,3.067
"mle","baseline",3,"gene195",FALSE,3.313,25.27,6.03,8.24,3.067
"cap_10s","baseline",3,"gene195",FALSE,3.313,25.27,6.03,8.24,3.067
"master","baseline",3,"gene196",FALSE,4.863,14.93,4.454,3.6,4.148
"mle","baseline",3,"gene196",FALSE,4.863,26.13,4.454,6.298,4.148
"cap_10s","baseline",3,"gene196",FALSE,4.863,26.13,4.454,6.298,4.148
"master","baseline",3,"gene197",FALSE,1.633,2.892,2.88,2.106,1.373
"mle","baseline",3,"gene197",FALSE,1.633,5.903,2.88,4.298,1.373
"cap_10s","baseline",3,"gene197",FALSE,1.633,5.903,2.88,4.298,1.373
"master","baseline",3,"gene198",FALSE,2.372,4.504,7.268,1.962,2.296
"mle","baseline",3,"gene198",FALSE,2.372,94.21,7.268,41.04,2.296
"cap_10s","baseline",3,"gene198",FALSE,2.372,22.96,7.268,10,2.296
"master","baseline",3,"gene199",FALSE,4.837,12.43,3.275,2.594,4.791
"cap_10s","baseline",3,"gene199",FALSE,4.837,16.15,3.275,3.37,4.791
"mle","baseline",3,"gene199",FALSE,4.837,16.15,3.275,3.37,4.791
"cap_10s","baseline",3,"gene2",FALSE,6.85,34.8,6.786,10,3.48
"master","baseline",3,"gene2",FALSE,6.85,9.711,6.786,2.79,3.48
"mle","baseline",3,"gene2",FALSE,6.85,148.2,6.786,42.58,3.48
"cap_10s","baseline",3,"gene20",FALSE,3.695,13.05,3.289,4.171,3.129
"mle","baseline",3,"gene20",FALSE,3.695,13.05,3.289,4.171,3.129
"master","baseline",3,"gene20",FALSE,3.695,10.95,3.289,3.501,3.129
"master","baseline",3,"gene200",FALSE,1.188,2.251,3.222,2.12,1.062
"mle","baseline",3,"gene200",FALSE,1.188,3.816,3.222,3.594,1.062
"cap_10s","baseline",3,"gene200",FALSE,1.188,3.816,3.222,3.594,1.062
"mle","baseline",3,"gene201",FALSE,3.367,9.193,6.232,3.056,3.008
"cap_10s","baseline",3,"gene201",FALSE,3.367,9.193,6.232,3.056,3.008
"master","baseline",3,"gene201",FALSE,3.367,4.912,6.232,1.633,3.008
"mle","baseline",3,"gene202",FALSE,1.702,5.247,2.119,3.316,1.582
"cap_10s","baseline",3,"gene202",FALSE,1.702,5.247,2.119,3.316,1.582
"master","baseline",3,"gene202",FALSE,1.702,3.05,2.119,1.928,1.582
"cap_10s","baseline",3,"gene203",FALSE,1.957,7.587,3.252,3.961,1.915
"master","baseline",3,"gene203",FALSE,1.957,4.086,3.252,2.133,1.915
"mle","baseline",3,"gene203",FALSE,1.957,7.587,3.252,3.961,1.915
"master","baseline",3,"gene204",FALSE,2.13,4.238,2.048,2.18,1.944
"mle","baseline",3,"gene204",FALSE,2.13,4.238,2.048,2.18,1.944
"cap_10s","baseline",3,"gene204",FALSE,2.13,4.238,2.048,2.18,1.944
"cap_10s","baseline",3,"gene205",FALSE,4.01,9.376,2.279,2.514,3.729
"master","baseline",3,"gene205",FALSE,4.01,9.376,2.279,2.514,3.729
"mle","baseline",3,"gene205",FALSE,4.01,9.376,2.279,2.514,3.729
"master","baseline",3,"gene206",FALSE,3.417,7.15,2.656,2.294,3.117
"mle","baseline",3,"gene206",FALSE,3.417,12.01,2.656,3.853,3.117
"cap_10s","baseline",3,"gene206",FALSE,3.417,12.01,2.656,3.853,3.117
"mle","baseline",3,"gene207",FALSE,1.94,14.77,7.127,7.775,1.9
"master","baseline",3,"gene207",FALSE,1.94,3.736,7.127,1.966,1.9
"cap_10s","baseline",3,"gene207",FALSE,1.94,14.77,7.127,7.775,1.9
"master","baseline",3,"gene208",FALSE,2.148,4.694,6.986,2.336,2.01
"mle","baseline",3,"gene208",FALSE,2.148,11.59,6.986,5.767,2.01
"cap_10s","baseline",3,"gene208",FALSE,2.148,11.59,6.986,5.767,2.01
"master","baseline",3,"gene209",FALSE,3.885,6.863,4.082,1.765,3.889
"cap_10s","baseline",3,"gene209",FALSE,3.885,16.92,4.082,4.351,3.889
"mle","baseline",3,"gene209",FALSE,3.885,16.92,4.082,4.351,3.889
"cap_10s","baseline",3,"gene21",FALSE,1.723,7.043,4.616,5.453,1.292
"mle","baseline",3,"gene21",FALSE,1.723,7.043,4.616,5.453,1.292
"master","baseline",3,"gene21",FALSE,1.723,4.765,4.616,3.689,1.292
"master","baseline",3,"gene210",FALSE,1.297,2.369,5.485,1.833,1.292
"mle","baseline",3,"gene210",FALSE,1.297,4.611,5.485,3.568,1.292
"cap_10s","baseline",3,"gene210",FALSE,1.297,4.611,5.485,3.568,1.292
"master","baseline",3,"gene211",FALSE,2.542,4.602,7.191,1.712,2.688
"cap_10s","baseline",3,"gene211",FALSE,2.542,26.88,7.191,10,2.688
"mle","baseline",3,"gene211",FALSE,2.542,59.01,7.191,21.95,2.688
"cap_10s","baseline",3,"gene212",FALSE,2.543,23.67,7.614,10,2.367
"master","baseline",3,"gene212",FALSE,2.543,4.598,7.614,1.943,2.367
"mle","baseline",3,"gene212",FALSE,2.543,89.5,7.614,37.81,2.367
"master","baseline",3,"gene213",FALSE,3.215,7.663,5.083,2.637,2.906
"cap_10s","baseline",3,"gene213",FALSE,3.215,29.06,5.083,10,2.906
"mle","baseline",3,"gene213",FALSE,3.215,35.25,5.083,12.13,2.906
"cap_10s","baseline",3,"gene214",FALSE,2.08,4.67,2.459,2.312,2.019
"master","baseline",3,"gene214",FALSE,2.08,4.67,2.459,2.312,2.019
"mle","baseline",3,"gene214",FALSE,2.08,4.67,2.459,2.312,2.019
"cap_10s","baseline",3,"gene215",FALSE,1.2,4.269,2.842,3.629,1.176
"mle","baseline",3,"gene215",FALSE,1.2,4.269,2.842,3.629,1.176
"master","baseline",3,"gene215",FALSE,1.2,2.178,2.842,1.852,1.176
"cap_10s","baseline",3,"gene216",FALSE,1.7,3.647,2.56,2.173,1.678
"master","baseline",3,"gene216",FALSE,1.7,3.139,2.56,1.87,1.678
"mle","baseline",3,"gene216",FALSE,1.7,3.647,2.56,2.173,1.678
"master","baseline",3,"gene217",FALSE,1.243,1.792,2.847,1.68,1.066
"mle","baseline",3,"gene217",FALSE,1.243,3.473,2.847,3.257,1.066
"cap_10s","baseline",3,"gene217",FALSE,1.243,3.473,2.847,3.257,1.066
"cap_10s","baseline",3,"gene218",FALSE,2.807,19.04,3.761,6.743,2.824
"master","baseline",3,"gene218",FALSE,2.807,5.648,3.761,2,2.824
"mle","baseline",3,"gene218",FALSE,2.807,19.04,3.761,6.743,2.824
"master","baseline",3,"gene219",FALSE,2.283,4.226,5.429,1.84,2.296
"mle","baseline",3,"gene219",FALSE,2.283,13.72,5.429,5.974,2.296
"cap_10s","baseline",3,"gene219",FALSE,2.283,13.72,5.429,5.974,2.296
"mle","baseline",3,"gene22",FALSE,2.068,8.479,2.535,5.559,1.525
"master","baseline",3,"gene22",FALSE,2.068,8.252,2.535,5.41,1.525
"cap_10s","baseline",3,"gene22",FALSE,2.068,8.479,2.535,5.559,1.525
"mle","baseline",3,"gene220",FALSE,2.132,6.474,2.737,3.018,2.145
"cap_10s","baseline",3,"gene220",FALSE,2.132,6.474,2.737,3.018,2.145
"master","baseline",3,"gene220",FALSE,2.132,3.489,2.737,1.626,2.145
"mle","baseline",3,"gene221",FALSE,1.378,4.344,2.26,3.335,1.303
"cap_10s","baseline",3,"gene221",FALSE,1.378,4.344,2.26,3.335,1.303
"master","baseline",3,"gene221",FALSE,1.378,4.344,2.26,3.335,1.303
"cap_10s","baseline",3,"gene222",FALSE,2.383,6.266,3.889,2.476,2.531
"master","baseline",3,"gene222",FALSE,2.383,4.178,3.889,1.651,2.531
"mle","baseline",3,"gene222",FALSE,2.383,6.266,3.889,2.476,2.531
"master","baseline",3,"gene223",FALSE,2.413,3.647,4.57,1.626,2.243
"cap_10s","baseline",3,"gene223",FALSE,2.413,10.51,4.57,4.684,2.243
"mle","baseline",3,"gene223",FALSE,2.413,10.51,4.57,4.684,2.243
"cap_10s","baseline",3,"gene224",FALSE,1.975,4.696,2.497,2.924,1.606
"master","baseline",3,"gene224",FALSE,1.975,4.562,2.497,2.84,1.606
"mle","baseline",3,"gene224",FALSE,1.975,4.696,2.497,2.924,1.606
"cap_10s","baseline",3,"gene225",FALSE,2.392,9.982,3.058,4.175,2.391
"master","baseline",3,"gene225",FALSE,2.392,5.933,3.058,2.482,2.391
"mle","baseline",3,"gene225",FALSE,2.392,9.982,3.058,4.175,2.391
"cap_10s","baseline",3,"gene226",FALSE,4.823,11.29,2.287,2.544,4.439
"master","baseline",3,"gene226",FALSE,4.823,9.746,2.287,2.196,4.439
"mle","baseline",3,"gene226",FALSE,4.823,11.29,2.287,2.544,4.439
"cap_10s","baseline",3,"gene227",FALSE,2.858,16.9,3.776,7.264,2.327
"master","baseline",3,"gene227",FALSE,2.858,6.505,3.776,2.796,2.327
"mle","baseline",3,"gene227",FALSE,2.858,16.9,3.776,7.264,2.327
"cap_10s","baseline",3,"gene228",FALSE,3.723,28.95,6.686,8.027,3.606
"master","baseline",3,"gene228",FALSE,3.723,6.686,6.686,1.854,3.606
"mle","baseline",3,"gene228",FALSE,3.723,28.95,6.686,8.027,3.606
"cap_10s","baseline",3,"gene229",FALSE,1.37,3.254,2.627,2.425,1.342
"master","baseline",3,"gene229",FALSE,1.37,2.86,2.627,2.131,1.342
"mle","baseline",3,"gene229",FALSE,1.37,3.254,2.627,2.425,1.342
"master","baseline",3,"gene23",FALSE,1.622,4.551,3.184,3.253,1.399
"cap_10s","baseline",3,"gene23",FALSE,1.622,4.587,3.184,3.28,1.399
"mle","baseline",3,"gene23",FALSE,1.622,4.587,3.184,3.28,1.399
"cap_10s","baseline",3,"gene230",FALSE,2.353,6.955,2.087,3.066,2.268
"master","baseline",3,"gene230",FALSE,2.353,3.755,2.087,1.656,2.268
"mle","baseline",3,"gene230",FALSE,2.353,6.955,2.087,3.066,2.268
"mle","baseline",3,"gene231",FALSE,1.6,7.563,3.86,6.48,1.167
"cap_10s","baseline",3,"gene231",FALSE,1.6,7.563,3.86,6.48,1.167
"master","baseline",3,"gene231",FALSE,1.6,3.199,3.86,2.741,1.167
"master","baseline",3,"gene232",FALSE,1.655,4.494,7.763,3.002,1.497
"mle","baseline",3,"gene232",FALSE,1.655,10.8,7.763,7.216,1.497
"cap_10s","baseline",3,"gene232",FALSE,1.655,10.8,7.763,7.216,1.497
"master","baseline",3,"gene233",FALSE,1.973,4.302,3.838,2.399,1.793
"mle","baseline",3,"gene233",FALSE,1.973,10.91,3.838,6.084,1.793
"cap_10s","baseline",3,"gene233",FALSE,1.973,10.91,3.838,6.084,1.793
"master","baseline",3,"gene234",FALSE,2.302,6.816,7.459,3.494,1.951
"mle","baseline",3,"gene234",FALSE,2.302,14.31,7.459,7.335,1.951
"cap_10s","baseline",3,"gene234",FALSE,2.302,14.31,7.459,7.335,1.951
"master","baseline",3,"gene235",FALSE,3.715,9.473,4.33,2.762,3.429
"mle","baseline",3,"gene235",FALSE,3.715,15,4.33,4.375,3.429
"cap_10s","baseline",3,"gene235",FALSE,3.715,15,4.33,4.375,3.429
"master","baseline",3,"gene236",FALSE,2.538,3.881,3.812,1.748,2.22
"mle","baseline",3,"gene236",FALSE,2.538,7.721,3.812,3.478,2.22
"cap_10s","baseline",3,"gene236",FALSE,2.538,7.721,3.812,3.478,2.22
"master","baseline",3,"gene237",FALSE,2.255,3.428,5.458,1.738,1.972
"cap_10s","baseline",3,"gene237",FALSE,2.255,19.72,5.458,10,1.972
"mle","baseline",3,"gene237",FALSE,2.255,20.65,5.458,10.47,1.972
"master","baseline",3,"gene238",FALSE,1.168,2.506,5.929,2.22,1.129
"cap_10s","baseline",3,"gene238",FALSE,1.168,11.29,5.929,10,1.129
"mle","baseline",3,"gene238",FALSE,1.168,14.95,5.929,13.24,1.129
"cap_10s","baseline",3,"gene239",FALSE,4.147,13.63,4.31,3.536,3.855
"mle","baseline",3,"gene239",FALSE,4.147,13.63,4.31,3.536,3.855
"master","baseline",3,"gene239",FALSE,4.147,10.31,4.31,2.676,3.855
"cap_10s","baseline",3,"gene24",FALSE,2.097,6.083,2.599,3.049,1.995
"master","baseline",3,"gene24",FALSE,2.097,4.284,2.599,2.147,1.995
"mle","baseline",3,"gene24",FALSE,2.097,6.083,2.599,3.049,1.995
"mle","baseline",3,"gene240",FALSE,2.16,6.076,2.579,3.266,1.861
"master","baseline",3,"gene240",FALSE,2.16,4.075,2.579,2.19,1.861
"cap_10s","baseline",3,"gene240",FALSE,2.16,6.076,2.579,3.266,1.861
"master","baseline",3,"gene241",FALSE,1.207,1.972,2.555,1.713,1.151
"cap_10s","baseline",3,"gene241",FALSE,1.207,2.41,2.555,2.094,1.151
"mle","baseline",3,"gene241",FALSE,1.207,2.41,2.555,2.094,1.151
"master","baseline",3,"gene242",FALSE,1.37,4.185,3.719,3.222,1.299
"cap_10s","baseline",3,"gene242",FALSE,1.37,8.413,3.719,6.477,1.299
"mle","baseline",3,"gene242",FALSE,1.37,8.413,3.719,6.477,1.299
"cap_10s","baseline",3,"gene243",FALSE,4.16,10.54,6.329,2.827,3.727
"mle","baseline",3,"gene243",FALSE,4.16,10.54,6.329,2.827,3.727
"master","baseline",3,"gene243",FALSE,4.16,8.399,6.329,2.253,3.727
"master","baseline",3,"gene244",FALSE,1.248,4.438,4.489,3.724,1.192
"mle","baseline",3,"gene244",FALSE,1.248,6.167,4.489,5.175,1.192
"cap_10s","baseline",3,"gene244",FALSE,1.248,6.167,4.489,5.175,1.192
"master","baseline",3,"gene245",FALSE,2.202,4.104,2.386,2.015,2.037
"mle","baseline",3,"gene245",FALSE,2.202,7.274,2.386,3.57,2.037
"cap_10s","baseline",3,"gene245",FALSE,2.202,7.274,2.386,3.57,2.037
"master","baseline",3,"gene246",FALSE,1.39,2.744,3.919,2.058,1.333
"mle","baseline",3,"gene246",FALSE,1.39,4.692,3.919,3.519,1.333
"cap_10s","baseline",3,"gene246",FALSE,1.39,4.692,3.919,3.519,1.333
"mle","baseline",3,"gene247",FALSE,2.262,5.4,2.397,2.462,2.194
"cap_10s","baseline",3,"gene247",FALSE,2.262,5.4,2.397,2.462,2.194
"master","baseline",3,"gene247",FALSE,2.262,4.339,2.397,1.978,2.194
"master","baseline",3,"gene248",FALSE,2.17,4.73,4.674,2.464,1.92
"mle","baseline",3,"gene248",FALSE,2.17,19.01,4.674,9.905,1.92
"cap_10s","baseline",3,"gene248",FALSE,2.17,19.01,4.674,9.905,1.92
"master","baseline",3,"gene249",FALSE,5.157,14.29,2.911,3.526,4.051
"mle","baseline",3,"gene249",FALSE,5.157,14.29,2.911,3.526,4.051
"cap_10s","baseline",3,"gene249",FALSE,5.157,14.29,2.911,3.526,4.051
"cap_10s","baseline",3,"gene25",FALSE,1.47,15.23,5.457,10,1.523
"master","baseline",3,"gene25",FALSE,1.47,2.286,5.457,1.501,1.523
"mle","baseline",3,"gene25",FALSE,1.47,15.62,5.457,10.26,1.523
"master","baseline",3,"gene250",FALSE,2.808,4.881,7.97,1.936,2.521
"mle","baseline",3,"gene250",FALSE,2.808,15.7,7.97,6.228,2.521
"cap_10s","baseline",3,"gene250",FALSE,2.808,15.7,7.97,6.228,2.521
"master","baseline",3,"gene251",FALSE,3.79,5.753,6.256,1.608,3.578
"mle","baseline",3,"gene251",FALSE,3.79,25.8,6.256,7.212,3.578
"cap_10s","baseline",3,"gene251",FALSE,3.79,25.8,6.256,7.212,3.578
"cap_10s","baseline",3,"gene252",TRUE,2.96,29.02,7.708,10,2.902
"master","baseline",3,"gene252",TRUE,2.96,5.414,7.708,1.866,2.902
"mle","baseline",3,"gene252",TRUE,2.96,5900000,7.708,2033000,2.902
"master","baseline",3,"gene253",FALSE,4.592,10.23,5.393,2.337,4.378
"mle","baseline",3,"gene253",FALSE,4.592,64.58,5.393,14.75,4.378
"cap_10s","baseline",3,"gene253",FALSE,4.592,43.78,5.393,10,4.378
"master","baseline",3,"gene254",FALSE,1.547,3.057,3.693,1.966,1.555
"mle","baseline",3,"gene254",FALSE,1.547,4.85,3.693,3.119,1.555
"cap_10s","baseline",3,"gene254",FALSE,1.547,4.85,3.693,3.119,1.555
"master","baseline",3,"gene255",FALSE,1.477,2.252,3.744,1.656,1.36
"mle","baseline",3,"gene255",FALSE,1.477,7.534,3.744,5.54,1.36
"cap_10s","baseline",3,"gene255",FALSE,1.477,7.534,3.744,5.54,1.36
"cap_10s","baseline",3,"gene256",FALSE,3.715,20.92,5.198,5.93,3.528
"mle","baseline",3,"gene256",FALSE,3.715,20.92,5.198,5.93,3.528
"master","baseline",3,"gene256",FALSE,3.715,6.11,5.198,1.732,3.528
"master","baseline",3,"gene257",FALSE,1.362,2.258,7.498,1.77,1.276
"mle","baseline",3,"gene257",FALSE,1.362,16.44,7.498,12.89,1.276
"cap_10s","baseline",3,"gene257",FALSE,1.362,12.76,7.498,10,1.276
"master","baseline",3,"gene258",FALSE,5.217,14.67,3.764,3.048,4.813
"mle","baseline",3,"gene258",FALSE,5.217,32.32,3.764,6.715,4.813
"cap_10s","baseline",3,"gene258",FALSE,5.217,32.32,3.764,6.715,4.813
"master","baseline",3,"gene259",FALSE,1.25,3.281,4.01,2.806,1.169
"mle","baseline",3,"gene259",FALSE,1.25,7.672,4.01,6.562,1.169
"cap_10s","baseline",3,"gene259",FALSE,1.25,7.672,4.01,6.562,1.169
"cap_10s","baseline",3,"gene26",FALSE,1.172,7.625,4.475,7.315,1.042
"master","baseline",3,"gene26",FALSE,1.172,2.27,4.475,2.177,1.042
"mle","baseline",3,"gene26",FALSE,1.172,7.625,4.475,7.315,1.042
"mle","baseline",3,"gene260",FALSE,3.043,11.07,4.643,4.07,2.719
"cap_10s","baseline",3,"gene260",FALSE,3.043,11.07,4.643,4.07,2.719
"master","baseline",3,"gene260",FALSE,3.043,5.47,4.643,2.012,2.719
"master","baseline",3,"gene261",FALSE,1.783,3.088,3.905,1.858,1.662
"mle","baseline",3,"gene261",FALSE,1.783,12.39,3.905,7.459,1.662
"cap_10s","baseline",3,"gene261",FALSE,1.783,12.39,3.905,7.459,1.662
"mle","baseline",3,"gene262",FALSE,1.35,3.319,2.343,2.686,1.236
"cap_10s","baseline",3,"gene262",FALSE,1.35,3.319,2.343,2.686,1.236
"master","baseline",3,"gene262",FALSE,1.35,3.319,2.343,2.686,1.236
"mle","baseline",3,"gene263",FALSE,2.922,8.834,2.391,3.302,2.675
"cap_10s","baseline",3,"gene263",FALSE,2.922,8.834,2.391,3.302,2.675
"master","baseline",3,"gene263",FALSE,2.922,6.885,2.391,2.574,2.675
"mle","baseline",3,"gene264",FALSE,1.443,5.244,4.926,3.721,1.409
"cap_10s","baseline",3,"gene264",FALSE,1.443,5.244,4.926,3.721,1.409
"master","baseline",3,"gene264",FALSE,1.443,2.7,4.926,1.916,1.409
"master","baseline",3,"gene265",FALSE,1.923,3.608,6.123,2.035,1.773
"cap_10s","baseline",3,"gene265",FALSE,1.923,17.73,6.123,10,1.773
"mle","baseline",3,"gene265",FALSE,1.923,24.94,6.123,14.07,1.773
"master","baseline",3,"gene266",FALSE,2.743,7.606,5.635,2.98,2.552
"cap_10s","baseline",3,"gene266",FALSE,2.743,19.35,5.635,7.583,2.552
"mle","baseline",3,"gene266",FALSE,2.743,19.35,5.635,7.583,2.552
"master","baseline",3,"gene267",FALSE,2.017,4.244,2.794,2.387,1.778
"mle","baseline",3,"gene267",FALSE,2.017,5.489,2.794,3.087,1.778
"cap_10s","baseline",3,"gene267",FALSE,2.017,5.489,2.794,3.087,1.778
"master","baseline",3,"gene268",FALSE,3.552,7.954,2.017,2.515,3.163
"mle","baseline",3,"gene268",FALSE,3.552,7.954,2.017,2.515,3.163
"cap_10s","baseline",3,"gene268",FALSE,3.552,7.954,2.017,2.515,3.163
"mle","baseline",3,"gene269",FALSE,1.398,7.966,7.312,6.458,1.233
"cap_10s","baseline",3,"gene269",FALSE,1.398,7.966,7.312,6.458,1.233
"master","baseline",3,"gene269",FALSE,1.398,2.215,7.312,1.795,1.233
"cap_10s","baseline",3,"gene27",FALSE,4.33,15.96,2.729,4.667,3.42
"mle","baseline",3,"gene27",FALSE,4.33,15.96,2.729,4.667,3.42
"master","baseline",3,"gene27",FALSE,4.33,11.39,2.729,3.33,3.42
"cap_10s","baseline",3,"gene270",FALSE,1.29,4.611,3.927,4.067,1.134
"master","baseline",3,"gene270",FALSE,1.29,2.322,3.927,2.048,1.134
"mle","baseline",3,"gene270",FALSE,1.29,4.611,3.927,4.067,1.134
"master","baseline",3,"gene271",FALSE,1.518,2.72,7.955,1.85,1.47
"mle","baseline",3,"gene271",FALSE,1.518,18.75,7.955,12.75,1.47
"cap_10s","baseline",3,"gene271",FALSE,1.518,14.7,7.955,10,1.47
"master","baseline",3,"gene272",FALSE,1.145,2.852,7.834,2.494,1.143
"mle","baseline",3,"gene272",FALSE,1.145,9.97,7.834,8.719,1.143
"cap_10s","baseline",3,"gene272",FALSE,1.145,9.97,7.834,8.719,1.143
"mle","baseline",3,"gene273",FALSE,2.72,15.81,5.203,6.182,2.558
"master","baseline",3,"gene273",FALSE,2.72,5.44,5.203,2.127,2.558
"cap_10s","baseline",3,"gene273",FALSE,2.72,15.81,5.203,6.182,2.558
"mle","baseline",3,"gene274",FALSE,2.813,5.842,2.289,2.302,2.538
"master","baseline",3,"gene274",FALSE,2.813,5.842,2.289,2.302,2.538
"cap_10s","baseline",3,"gene274",FALSE,2.813,5.842,2.289,2.302,2.538
"master","baseline",3,"gene275",FALSE,1.232,2.314,3.799,2.048,1.13
"mle","baseline",3,"gene275",FALSE,1.232,3.498,3.799,3.096,1.13
"cap_10s","baseline",3,"gene275",FALSE,1.232,3.498,3.799,3.096,1.13
"master","baseline",3,"gene276",FALSE,3.812,8.593,3.35,2.368,3.629
"mle","baseline",3,"gene276",FALSE,3.812,27.94,3.35,7.699,3.629
"cap_10s","baseline",3,"gene276",FALSE,3.812,27.94,3.35,7.699,3.629
"master","baseline",3,"gene277",FALSE,1.22,2.379,4.636,1.894,1.256
"mle","baseline",3,"gene277",FALSE,1.22,4.51,4.636,3.59,1.256
"cap_10s","baseline",3,"gene277",FALSE,1.22,4.51,4.636,3.59,1.256
"master","baseline",3,"gene278",FALSE,1.033,2.336,3.668,2.5,0.9343
"cap_10s","baseline",3,"gene278",FALSE,1.033,3.155,3.668,3.377,0.9343
"mle","baseline",3,"gene278",FALSE,1.033,3.155,3.668,3.377,0.9343
"cap_10s","baseline",3,"gene279",FALSE,2.337,17.27,3.683,7.711,2.239
"mle","baseline",3,"gene279",FALSE,2.337,17.27,3.683,7.711,2.239
"master","baseline",3,"gene279",FALSE,2.337,5.571,3.683,2.488,2.239
"cap_10s","baseline",3,"gene28",FALSE,1.315,2.622,2.416,2.246,1.167
"mle","baseline",3,"gene28",FALSE,1.315,2.622,2.416,2.246,1.167
"master","baseline",3,"gene28",FALSE,1.315,2.622,2.416,2.246,1.167
"mle","baseline",3,"gene280",FALSE,1.392,3.874,3.309,3.303,1.173
"master","baseline",3,"gene280",FALSE,1.392,3.874,3.309,3.303,1.173
"cap_10s","baseline",3,"gene280",FALSE,1.392,3.874,3.309,3.303,1.173
"mle","baseline",3,"gene281",FALSE,2.37,14.87,5.731,6.522,2.28
"master","baseline",3,"gene281",FALSE,2.37,4.354,5.731,1.909,2.28
"cap_10s","baseline",3,"gene281",FALSE,2.37,14.87,5.731,6.522,2.28
"master","baseline",3,"gene282",FALSE,1.388,3.733,3.372,2.679,1.394
"cap_10s","baseline",3,"gene282",FALSE,1.388,6.334,3.372,4.545,1.394
"mle","baseline",3,"gene282",FALSE,1.388,6.334,3.372,4.545,1.394
"cap_10s","baseline",3,"gene283",FALSE,1.907,6.019,2.105,3.341,1.802
"mle","baseline",3,"gene283",FALSE,1.907,6.019,2.105,3.341,1.802
"master","baseline",3,"gene283",FALSE,1.907,3.135,2.105,1.74,1.802
"master","baseline",3,"gene284",FALSE,2.293,3.664,4.535,1.71,2.142
"mle","baseline",3,"gene284",FALSE,2.293,11.88,4.535,5.546,2.142
"cap_10s","baseline",3,"gene284",FALSE,2.293,11.88,4.535,5.546,2.142
"master","baseline",3,"gene285",FALSE,3.675,6.523,4.264,1.868,3.492
"mle","baseline",3,"gene285",FALSE,3.675,16.36,4.264,4.686,3.492
"cap_10s","baseline",3,"gene285",FALSE,3.675,16.36,4.264,4.686,3.492
"master","baseline",3,"gene286",FALSE,5.553,14.99,3.693,3.37,4.448
"mle","baseline",3,"gene286",FALSE,5.553,19.86,3.693,4.466,4.448
"cap_10s","baseline",3,"gene286",FALSE,5.553,19.86,3.693,4.466,4.448
"mle","baseline",3,"gene287",FALSE,4.205,19.3,3.646,4.643,4.158
"cap_10s","baseline",3,"gene287",FALSE,4.205,19.3,3.646,4.643,4.158
"master","baseline",3,"gene287",FALSE,4.205,8.343,3.646,2.006,4.158
"master","baseline",3,"gene288",FALSE,2.973,8.43,3.167,3.006,2.805
"mle","baseline",3,"gene288",FALSE,2.973,8.662,3.167,3.088,2.805
"cap_10s","baseline",3,"gene288",FALSE,2.973,8.662,3.167,3.088,2.805
"master","baseline",3,"gene289",FALSE,1.468,2.247,5.789,1.717,1.308
"mle","baseline",3,"gene289",FALSE,1.468,6.425,5.789,4.91,1.308
"cap_10s","baseline",3,"gene289",FALSE,1.468,6.425,5.789,4.91,1.308
"cap_10s","baseline",3,"gene29",FALSE,1.785,10.97,7.3,6.79,1.616
"master","baseline",3,"gene29",FALSE,1.785,3.609,7.3,2.233,1.616
"mle","baseline",3,"gene29",FALSE,1.785,10.97,7.3,6.79,1.616
"master","baseline",3,"gene290",FALSE,2.06,3.28,7.399,1.703,1.926
"mle","baseline",3,"gene290",FALSE,2.06,6.776,7.399,3.518,1.926
"cap_10s","baseline",3,"gene290",FALSE,2.06,6.776,7.399,3.518,1.926
"master","baseline",3,"gene291",FALSE,4.722,13.21,6.707,3.067,4.307
"mle","baseline",3,"gene291",FALSE,4.722,58.76,6.707,13.64,4.307
"cap_10s","baseline",3,"gene291",FALSE,4.722,43.07,6.707,10,4.307
"cap_10s","baseline",3,"gene292",FALSE,2.368,9.374,3.323,4.006,2.34
"master","baseline",3,"gene292",FALSE,2.368,4.16,3.323,1.778,2.34
"mle","baseline",3,"gene292",FALSE,2.368,9.374,3.323,4.006,2.34
"master","baseline",3,"gene293",FALSE,1.063,1.638,2.152,1.574,1.04
"mle","baseline",3,"gene293",FALSE,1.063,2.868,2.152,2.756,1.04
"cap_10s","baseline",3,"gene293",FALSE,1.063,2.868,2.152,2.756,1.04
"master","baseline",3,"gene294",FALSE,1.79,2.943,7.017,1.842,1.598
"mle","baseline",3,"gene294",FALSE,1.79,6.676,7.017,4.178,1.598
"cap_10s","baseline",3,"gene294",FALSE,1.79,6.676,7.017,4.178,1.598
"master","baseline",3,"gene295",FALSE,3.693,5.607,3.886,1.733,3.236
"mle","baseline",3,"gene295",FALSE,3.693,12.5,3.886,3.863,3.236
"cap_10s","baseline",3,"gene295",FALSE,3.693,12.5,3.886,3.863,3.236
"cap_10s","baseline",3,"gene296",FALSE,4.863,21.05,4.559,4.712,4.468
"mle","baseline",3,"gene296",FALSE,4.863,21.05,4.559,4.712,4.468
"master","baseline",3,"gene296",FALSE,4.863,7.702,4.559,1.724,4.468
"master","baseline",3,"gene297",FALSE,2.302,3.606,2.7,1.627,2.216
"mle","baseline",3,"gene297",FALSE,2.302,4.461,2.7,2.014,2.216
"cap_10s","baseline",3,"gene297",FALSE,2.302,4.461,2.7,2.014,2.216
"master","baseline",3,"gene298",FALSE,2.44,5.29,4.594,2.082,2.54
"mle","baseline",3,"gene298",FALSE,2.44,7.658,4.594,3.014,2.54
"cap_10s","baseline",3,"gene298",FALSE,2.44,7.658,4.594,3.014,2.54
"master","baseline",3,"gene299",FALSE,2.122,3.899,2.172,1.799,2.168
"mle","baseline",3,"gene299",FALSE,2.122,5.722,2.172,2.64,2.168
"cap_10s","baseline",3,"gene299",FALSE,2.122,5.722,2.172,2.64,2.168
"cap_10s","baseline",3,"gene3",FALSE,1.943,3.945,3.266,3.444,1.146
"master","baseline",3,"gene3",FALSE,1.943,2.391,3.266,2.087,1.146
"mle","baseline",3,"gene3",FALSE,1.943,3.945,3.266,3.444,1.146
"cap_10s","baseline",3,"gene30",FALSE,1.213,9.374,6.11,8.7,1.078
"master","baseline",3,"gene30",FALSE,1.213,3.36,6.11,3.118,1.078
"mle","baseline",3,"gene30",FALSE,1.213,9.374,6.11,8.7,1.078
"mle","baseline",3,"gene300",FALSE,1.642,7.588,7.257,4.766,1.592
"cap_10s","baseline",3,"gene300",FALSE,1.642,7.588,7.257,4.766,1.592
"master","baseline",3,"gene300",FALSE,1.642,3.116,7.257,1.957,1.592
"master","baseline",3,"gene31",FALSE,1.635,3.004,4.271,2.072,1.45
"mle","baseline",3,"gene31",FALSE,1.635,7.659,4.271,5.282,1.45
"cap_10s","baseline",3,"gene31",FALSE,1.635,7.659,4.271,5.282,1.45
"mle","baseline",3,"gene32",FALSE,1.242,2.218,2.203,1.765,1.257
"cap_10s","baseline",3,"gene32",FALSE,1.242,2.218,2.203,1.765,1.257
"master","baseline",3,"gene32",FALSE,1.242,2.218,2.203,1.765,1.257
"cap_10s","baseline",3,"gene33",FALSE,4.703,17.46,3.263,3.79,4.606
"master","baseline",3,"gene33",FALSE,4.703,10,3.263,2.171,4.606
"mle","baseline",3,"gene33",FALSE,4.703,17.46,3.263,3.79,4.606
"cap_10s","baseline",3,"gene34",FALSE,2.637,23.11,7.181,10,2.311
"master","baseline",3,"gene34",FALSE,2.637,5.045,7.181,2.183,2.311
"mle","baseline",3,"gene34",FALSE,2.637,90.82,7.181,39.3,2.311
"master","baseline",3,"gene35",FALSE,4.718,10.94,2.805,2.501,4.372
"cap_10s","baseline",3,"gene35",FALSE,4.718,12.91,2.805,2.954,4.372
"mle","baseline",3,"gene35",FALSE,4.718,12.91,2.805,2.954,4.372
"master","baseline",3,"gene36",FALSE,2.672,6.118,4.78,2.398,2.551
"cap_10s","baseline",3,"gene36",FALSE,2.672,8.839,4.78,3.465,2.551
"mle","baseline",3,"gene36",FALSE,2.672,8.839,4.78,3.465,2.551
"mle","baseline",3,"gene37",FALSE,3.06,14.21,3.899,5.125,2.772
"cap_10s","baseline",3,"gene37",FALSE,3.06,14.21,3.899,5.125,2.772
"master","baseline",3,"gene37",FALSE,3.06,5.754,3.899,2.076,2.772
"mle","baseline",3,"gene38",FALSE,1.932,7.786,3.421,4.586,1.698
"cap_10s","baseline",3,"gene38",FALSE,1.932,7.786,3.421,4.586,1.698
"master","baseline",3,"gene38",FALSE,1.932,4.431,3.421,2.61,1.698
"mle","baseline",3,"gene39",FALSE,3.595,7.701,2.24,2.381,3.234
"cap_10s","baseline",3,"gene39",FALSE,3.595,7.701,2.24,2.381,3.234
"master","baseline",3,"gene39",FALSE,3.595,7.135,2.24,2.206,3.234
"cap_10s","baseline",3,"gene4",FALSE,1.953,3.152,2.389,2.608,1.209
"master","baseline",3,"gene4",FALSE,1.953,2.606,2.389,2.156,1.209
"mle","baseline",3,"gene4",FALSE,1.953,3.152,2.389,2.608,1.209
"cap_10s","baseline",3,"gene40",FALSE,4.525,13.11,3.105,2.91,4.506
"master","baseline",3,"gene40",FALSE,4.525,8.78,3.105,1.948,4.506
"mle","baseline",3,"gene40",FALSE,4.525,13.11,3.105,2.91,4.506
"mle","baseline",3,"gene41",FALSE,1.322,7.666,7.453,5.552,1.381
"cap_10s","baseline",3,"gene41",FALSE,1.322,7.666,7.453,5.552,1.381
"master","baseline",3,"gene41",FALSE,1.322,2.237,7.453,1.62,1.381
"cap_10s","baseline",3,"gene42",FALSE,3.903,15.76,4.817,4.204,3.748
"master","baseline",3,"gene42",FALSE,3.903,8.95,4.817,2.388,3.748
"mle","baseline",3,"gene42",FALSE,3.903,15.76,4.817,4.204,3.748
"cap_10s","baseline",3,"gene43",FALSE,3.662,30.32,6.576,8.619,3.518
"master","baseline",3,"gene43",FALSE,3.662,7.042,6.576,2.002,3.518
"mle","baseline",3,"gene43",FALSE,3.662,30.32,6.576,8.619,3.518
"cap_10s","baseline",3,"gene44",FALSE,2.618,12.04,4.099,5.016,2.401
"master","baseline",3,"gene44",FALSE,2.618,6.647,4.099,2.768,2.401
"mle","baseline",3,"gene44",FALSE,2.618,12.04,4.099,5.016,2.401
"mle","baseline",3,"gene45",FALSE,1.912,8.516,5.257,4.714,1.806
"master","baseline",3,"gene45",FALSE,1.912,3.237,5.257,1.792,1.806
"cap_10s","baseline",3,"gene45",FALSE,1.912,8.516,5.257,4.714,1.806
"cap_10s","baseline",3,"gene46",FALSE,2.385,7.297,3.874,3.234,2.256
"master","baseline",3,"gene46",FALSE,2.385,4.545,3.874,2.014,2.256
"mle","baseline",3,"gene46",FALSE,2.385,7.297,3.874,3.234,2.256
"cap_10s","baseline",3,"gene47",FALSE,2.388,5.747,3.806,2.458,2.338
"master","baseline",3,"gene47",FALSE,2.388,4.578,3.806,1.958,2.338
"mle","baseline",3,"gene47",FALSE,2.388,5.747,3.806,2.458,2.338
"cap_10s","baseline",3,"gene48",FALSE,2.265,17.51,5.121,7.245,2.417
"master","baseline",3,"gene48",FALSE,2.265,3.825,5.121,1.583,2.417
"mle","baseline",3,"gene48",FALSE,2.265,17.51,5.121,7.245,2.417
"master","baseline",3,"gene49",FALSE,1.075,1.769,5.752,1.792,0.9877
"mle","baseline",3,"gene49",FALSE,1.075,4.275,5.752,4.328,0.9877
"cap_10s","baseline",3,"gene49",FALSE,1.075,4.275,5.752,4.328,0.9877
"mle","baseline",3,"gene5",FALSE,6.135,8.204,2.248,2.411,3.403
"master","baseline",3,"gene5",FALSE,6.135,6.69,2.248,1.966,3.403
"cap_10s","baseline",3,"gene5",FALSE,6.135,8.204,2.248,2.411,3.403
"cap_10s","baseline",3,"gene50",FALSE,4.202,29.81,6.916,7.437,4.008
"master","baseline",3,"gene50",FALSE,4.202,9.99,6.916,2.493,4.008
"mle","baseline",3,"gene50",FALSE,4.202,29.81,6.916,7.437,4.008
"cap_10s","baseline",3,"gene51",FALSE,3.815,12.9,2.33,3.486,3.701
"master","baseline",3,"gene51",FALSE,3.815,7.48,2.33,2.021,3.701
"mle","baseline",3,"gene51",FALSE,3.815,12.9,2.33,3.486,3.701
"cap_10s","baseline",3,"gene52",FALSE,1.17,3.574,2.696,3.257,1.097
"master","baseline",3,"gene52",FALSE,1.17,2.627,2.696,2.394,1.097
"mle","baseline",3,"gene52",FALSE,1.17,3.574,2.696,3.257,1.097
"cap_10s","baseline",3,"gene53",FALSE,1.127,5.005,3.661,4.237,1.181
"master","baseline",3,"gene53",FALSE,1.127,1.968,3.661,1.666,1.181
"mle","baseline",3,"gene53",FALSE,1.127,5.005,3.661,4.237,1.181
"mle","baseline",3,"gene54",FALSE,2.085,10.54,3.411,4.967,2.121
"cap_10s","baseline",3,"gene54",FALSE,2.085,10.54,3.411,4.967,2.121
"master","baseline",3,"gene54",FALSE,2.085,3.616,3.411,1.705,2.121
"cap_10s","baseline",3,"gene55",FALSE,1.722,10.24,4.256,6.658,1.538
"master","baseline",3,"gene55",FALSE,1.722,2.79,4.256,1.814,1.538
"mle","baseline",3,"gene55",FALSE,1.722,10.24,4.256,6.658,1.538
"cap_10s","baseline",3,"gene56",FALSE,2.848,21.16,4.549,9.318,2.271
"master","baseline",3,"gene56",FALSE,2.848,6.335,4.549,2.79,2.271
"mle","baseline",3,"gene56",FALSE,2.848,21.16,4.549,9.318,2.271
"cap_10s","baseline",3,"gene57",FALSE,1.503,15.01,6.786,10,1.501
"master","baseline",3,"gene57",FALSE,1.503,2.307,6.786,1.537,1.501
"mle","baseline",3,"gene57",FALSE,1.503,19.91,6.786,13.26,1.501
"mle","baseline",3,"gene58",FALSE,2.203,7.646,3.764,3.939,1.941
"master","baseline",3,"gene58",FALSE,2.203,7.359,3.764,3.791,1.941
"cap_10s","baseline",3,"gene58",FALSE,2.203,7.646,3.764,3.939,1.941
"master","baseline",3,"gene59",FALSE,3.832,7.622,3.895,2.099,3.631
"cap_10s","baseline",3,"gene59",FALSE,3.832,15,3.895,4.131,3.631
"mle","baseline",3,"gene59",FALSE,3.832,15,3.895,4.131,3.631
"cap_10s","baseline",3,"gene6",FALSE,2.292,6.98,5.595,5.229,1.335
"master","baseline",3,"gene6",FALSE,2.292,2.699,5.595,2.022,1.335
"mle","baseline",3,"gene6",FALSE,2.292,6.98,5.595,5.229,1.335
"master","baseline",3,"gene60",FALSE,3.32,5.854,2.718,1.784,3.281
"cap_10s","baseline",3,"gene60",FALSE,3.32,11.96,2.718,3.646,3.281
"mle","baseline",3,"gene60",FALSE,3.32,11.96,2.718,3.646,3.281
"cap_10s","baseline",3,"gene61",FALSE,1.67,6.737,4.169,4.286,1.572
"mle","baseline",3,"gene61",FALSE,1.67,6.737,4.169,4.286,1.572
"master","baseline",3,"gene61",FALSE,1.67,2.909,4.169,1.85,1.572
"mle","baseline",3,"gene62",FALSE,3.825,13.24,3.629,3.422,3.869
"master","baseline",3,"gene62",FALSE,3.825,6.892,3.629,1.781,3.869
"cap_10s","baseline",3,"gene62",FALSE,3.825,13.24,3.629,3.422,3.869
"master","baseline",3,"gene63",FALSE,2.9,7.593,6.593,2.905,2.613
"cap_10s","baseline",3,"gene63",FALSE,2.9,23.42,6.593,8.961,2.613
"mle","baseline",3,"gene63",FALSE,2.9,23.42,6.593,8.961,2.613
"master","baseline",3,"gene64",FALSE,1.648,3.889,2.894,2.428,1.602
"cap_10s","baseline",3,"gene64",FALSE,1.648,4.023,2.894,2.511,1.602
"mle","baseline",3,"gene64",FALSE,1.648,4.023,2.894,2.511,1.602
"cap_10s","baseline",3,"gene65",FALSE,2.152,9.114,3.843,4.408,2.067
"master","baseline",3,"gene65",FALSE,2.152,6.071,3.843,2.936,2.067
"mle","baseline",3,"gene65",FALSE,2.152,9.114,3.843,4.408,2.067
"cap_10s","baseline",3,"gene66",FALSE,4.297,10.88,2.739,2.6,4.185
"master","baseline",3,"gene66",FALSE,4.297,7.958,2.739,1.902,4.185
"mle","baseline",3,"gene66",FALSE,4.297,10.88,2.739,2.6,4.185
"cap_10s","baseline",3,"gene67",FALSE,1.175,11.75,6.003,10,1.175
"master","baseline",3,"gene67",FALSE,1.175,3.523,6.003,2.999,1.175
"mle","baseline",3,"gene67",FALSE,1.175,14.75,6.003,12.55,1.175
"cap_10s","baseline",3,"gene68",FALSE,6.115,24.38,4.048,4.197,5.808
"master","baseline",3,"gene68",FALSE,6.115,12.26,4.048,2.111,5.808
"mle","baseline",3,"gene68",FALSE,6.115,24.38,4.048,4.197,5.808
"cap_10s","baseline",3,"gene69",FALSE,3.322,22.13,3.517,7.035,3.145
"master","baseline",3,"gene69",FALSE,3.322,5.405,3.517,1.718,3.145
"mle","baseline",3,"gene69",FALSE,3.322,22.13,3.517,7.035,3.145
"cap_10s","baseline",3,"gene7",FALSE,3.22,7.075,3.582,3.664,1.931
"master","baseline",3,"gene7",FALSE,3.22,4.628,3.582,2.397,1.931
"mle","baseline",3,"gene7",FALSE,3.22,7.075,3.582,3.664,1.931
"mle","baseline",3,"gene70",FALSE,2.283,13.72,5.245,6.506,2.108
"cap_10s","baseline",3,"gene70",FALSE,2.283,13.72,5.245,6.506,2.108
"master","baseline",3,"gene70",FALSE,2.283,4.285,5.245,2.033,2.108
"master","baseline",3,"gene71",FALSE,3.778,6.314,3.296,1.645,3.839
"mle","baseline",3,"gene71",FALSE,3.778,14.67,3.296,3.823,3.839
"cap_10s","baseline",3,"gene71",FALSE,3.778,14.67,3.296,3.823,3.839
"master","baseline",3,"gene72",FALSE,2.785,7.372,2.118,2.814,2.62
"mle","baseline",3,"gene72",FALSE,2.785,7.372,2.118,2.814,2.62
"cap_10s","baseline",3,"gene72",FALSE,2.785,7.372,2.118,2.814,2.62
"master","baseline",3,"gene73",FALSE,2.768,4.71,7.692,1.793,2.626
"mle","baseline",3,"gene73",FALSE,2.768,11.08,7.692,4.218,2.626
"cap_10s","baseline",3,"gene73",FALSE,2.768,11.08,7.692,4.218,2.626
"master","baseline",3,"gene74",FALSE,1.385,2.575,4.22,1.787,1.441
"mle","baseline",3,"gene74",FALSE,1.385,6.474,4.22,4.494,1.441
"cap_10s","baseline",3,"gene74",FALSE,1.385,6.474,4.22,4.494,1.441
"master","baseline",3,"gene75",FALSE,4.812,10.49,3.244,2.293,4.575
"mle","baseline",3,"gene75",FALSE,4.812,11.73,3.244,2.563,4.575
"cap_10s","baseline",3,"gene75",FALSE,4.812,11.73,3.244,2.563,4.575
"master","baseline",3,"gene76",FALSE,2.723,4.09,6.528,1.565,2.614
"mle","baseline",3,"gene76",FALSE,2.723,14.46,6.528,5.531,2.614
"cap_10s","baseline",3,"gene76",FALSE,2.723,14.46,6.528,5.531,2.614
"master","baseline",3,"gene77",FALSE,1.107,2.028,6.42,1.98,1.024
"mle","baseline",3,"gene77",FALSE,1.107,7.454,6.42,7.276,1.024
"cap_10s","baseline",3,"gene77",FALSE,1.107,7.454,6.42,7.276,1.024
"master","baseline",3,"gene78",FALSE,4.568,7.212,2.198,1.716,4.202
"cap_10s","baseline",3,"gene78",FALSE,4.568,8.72,2.198,2.075,4.202
"mle","baseline",3,"gene78",FALSE,4.568,8.72,2.198,2.075,4.202
"master","baseline",3,"gene79",FALSE,1.512,4.937,5.709,3.95,1.25
"mle","baseline",3,"gene79",FALSE,1.512,8.56,5.709,6.849,1.25
"cap_10s","baseline",3,"gene79",FALSE,1.512,8.56,5.709,6.849,1.25
"cap_10s","baseline",3,"gene8",FALSE,2.898,5.642,2.017,3.641,1.55
"master","baseline",3,"gene8",FALSE,2.898,3.395,2.017,2.191,1.55
"mle","baseline",3,"gene8",FALSE,2.898,5.642,2.017,3.641,1.55
"mle","baseline",3,"gene80",FALSE,5.045,19.87,3.139,4.084,4.866
"cap_10s","baseline",3,"gene80",FALSE,5.045,19.87,3.139,4.084,4.866
"master","baseline",3,"gene80",FALSE,5.045,8.925,3.139,1.834,4.866
"mle","baseline",3,"gene81",FALSE,3.228,22.87,3.861,6.869,3.329
"cap_10s","baseline",3,"gene81",FALSE,3.228,22.87,3.861,6.869,3.329
"master","baseline",3,"gene81",FALSE,3.228,5.703,3.861,1.713,3.329
"cap_10s","baseline",3,"gene82",FALSE,3.295,10.79,2.27,3.265,3.305
"master","baseline",3,"gene82",FALSE,3.295,7.652,2.27,2.316,3.305
"mle","baseline",3,"gene82",FALSE,3.295,10.79,2.27,3.265,3.305
"master","baseline",3,"gene83",FALSE,4.102,6.446,2.205,1.98,3.256
"mle","baseline",3,"gene83",FALSE,4.102,7.04,2.205,2.162,3.256
"cap_10s","baseline",3,"gene83",FALSE,4.102,7.04,2.205,2.162,3.256
"cap_10s","baseline",3,"gene84",FALSE,1.787,6.024,3.512,3.365,1.79
"master","baseline",3,"gene84",FALSE,1.787,3.613,3.512,2.018,1.79
"mle","baseline",3,"gene84",FALSE,1.787,6.024,3.512,3.365,1.79
"master","baseline",3,"gene85",FALSE,1.66,3.677,3.727,2.023,1.817
"mle","baseline",3,"gene85",FALSE,1.66,6.874,3.727,3.783,1.817
"cap_10s","baseline",3,"gene85",FALSE,1.66,6.874,3.727,3.783,1.817
"mle","baseline",3,"gene86",FALSE,3.573,16.85,4.511,4.896,3.442
"master","baseline",3,"gene86",FALSE,3.573,7.53,4.511,2.188,3.442
"cap_10s","baseline",3,"gene86",FALSE,3.573,16.85,4.511,4.896,3.442
"master","baseline",3,"gene87",FALSE,1.887,4.285,3.328,2.471,1.734
"mle","baseline",3,"gene87",FALSE,1.887,7.184,3.328,4.142,1.734
"cap_10s","baseline",3,"gene87",FALSE,1.887,7.184,3.328,4.142,1.734
"master","baseline",3,"gene88",FALSE,2.437,5.392,6.642,2.391,2.255
"cap_10s","baseline",3,"gene88",FALSE,2.437,15.15,6.642,6.718,2.255
"mle","baseline",3,"gene88",FALSE,2.437,15.15,6.642,6.718,2.255
"master","baseline",3,"gene89",FALSE,1.178,2.971,4.915,2.815,1.055
"mle","baseline",3,"gene89",FALSE,1.178,9.353,4.915,8.862,1.055
"cap_10s","baseline",3,"gene89",FALSE,1.178,9.353,4.915,8.862,1.055
"master","baseline",3,"gene9",FALSE,5.44,8.045,2.075,2.777,2.897
"mle","baseline",3,"gene9",FALSE,5.44,8.045,2.075,2.777,2.897
"cap_10s","baseline",3,"gene9",FALSE,5.44,8.045,2.075,2.777,2.897
"master","baseline",3,"gene90",FALSE,2.165,8.302,4.168,4.659,1.782
"cap_10s","baseline",3,"gene90",FALSE,2.165,8.635,4.168,4.845,1.782
"mle","baseline",3,"gene90",FALSE,2.165,8.635,4.168,4.845,1.782
"cap_10s","baseline",3,"gene91",FALSE,3.76,7.584,2.081,2.073,3.658
"master","baseline",3,"gene91",FALSE,3.76,6.364,2.081,1.74,3.658
"mle","baseline",3,"gene91",FALSE,3.76,7.584,2.081,2.073,3.658
"master","baseline",3,"gene92",FALSE,1.698,4.24,7.541,2.627,1.614
"cap_10s","baseline",3,"gene92",FALSE,1.698,16.14,7.541,10,1.614
"mle","baseline",3,"gene92",FALSE,1.698,20.53,7.541,12.72,1.614
"cap_10s","baseline",3,"gene93",FALSE,3.42,11.68,2.797,3.336,3.501
"master","baseline",3,"gene93",FALSE,3.42,6.349,2.797,1.813,3.501
"mle","baseline",3,"gene93",FALSE,3.42,11.68,2.797,3.336,3.501
"cap_10s","baseline",3,"gene94",FALSE,1.333,5.13,3.324,3.973,1.291
"mle","baseline",3,"gene94",FALSE,1.333,5.13,3.324,3.973,1.291
"master","baseline",3,"gene94",FALSE,1.333,2.694,3.324,2.086,1.291
"cap_10s","baseline",3,"gene95",FALSE,4.12,12.74,4.099,3.945,3.23
"master","baseline",3,"gene95",FALSE,4.12,7.839,4.099,2.427,3.23
"mle","baseline",3,"gene95",FALSE,4.12,12.74,4.099,3.945,3.23
"master","baseline",3,"gene96",FALSE,1.56,2.75,2.234,1.781,1.544
"mle","baseline",3,"gene96",FALSE,1.56,5.587,2.234,3.619,1.544
"cap_10s","baseline",3,"gene96",FALSE,1.56,5.587,2.234,3.619,1.544
"cap_10s","baseline",3,"gene97",FALSE,5.008,22.43,5.348,4.54,4.942
"master","baseline",3,"gene97",FALSE,5.008,9.771,5.348,1.977,4.942
"mle","baseline",3,"gene97",FALSE,5.008,22.43,5.348,4.54,4.942
"master","baseline",3,"gene98",FALSE,3.832,7.025,3.895,1.873,3.751
"mle","baseline",3,"gene98",FALSE,3.832,19.55,3.895,5.212,3.751
"cap_10s","baseline",3,"gene98",FALSE,3.832,19.55,3.895,5.212,3.751
"mle","baseline",3,"gene99",FALSE,3.705,18.16,4.875,4.912,3.697
"cap_10s","baseline",3,"gene99",FALSE,3.705,18.16,4.875,4.912,3.697
"master","baseline",3,"gene99",FALSE,3.705,6.813,4.875,1.843,3.697
"mle","low_count",1,"gene1",FALSE,0.285,0.4381,2.764,2.445,0.1792
"cap_10s","low_count",1,"gene1",FALSE,0.285,0.4381,2.764,2.445,0.1792
"master","low_count",1,"gene1",FALSE,0.285,0.3509,2.764,1.958,0.1792
"cap_10s","low_count",1,"gene10",FALSE,0.08333,0.3573,2.323,2.939,0.1216
"master","low_count",1,"gene10",FALSE,0.08333,0.3572,2.323,2.939,0.1216
"mle","low_count",1,"gene10",FALSE,0.08333,0.3573,2.323,2.939,0.1216
"mle","low_count",1,"gene100",FALSE,0.175,0.8492,6.535,4.832,0.1757
"cap_10s","low_count",1,"gene100",FALSE,0.175,0.8492,6.535,4.832,0.1757
"master","low_count",1,"gene100",FALSE,0.175,0.4491,6.535,2.555,0.1757
"cap_10s","low_count",1,"gene101",FALSE,0.715,6.452,5.505,10,0.6452
"master","low_count",1,"gene101",FALSE,0.715,1.689,5.505,2.618,0.6452
"mle","low_count",1,"gene101",FALSE,0.715,9.453,5.505,14.65,0.6452
"master","low_count",1,"gene102",FALSE,0.1083,0.3301,2.614,3.389,0.09741
"cap_10s","low_count",1,"gene102",FALSE,0.1083,0.3685,2.614,3.783,0.09741
"mle","low_count",1,"gene102",FALSE,0.1083,0.3685,2.614,3.783,0.09741
"cap_10s","low_count",1,"gene103",FALSE,0.4333,1.496,2.626,4.053,0.369
"master","low_count",1,"gene103",FALSE,0.4333,0.98,2.626,2.656,0.369
"mle","low_count",1,"gene103",FALSE,0.4333,1.496,2.626,4.053,0.369
"cap_10s","low_count",1,"gene104",FALSE,0.3067,0.7654,2.238,3.225,0.2373
"master","low_count",1,"gene104",FALSE,0.3067,0.5464,2.238,2.302,0.2373
"mle","low_count",1,"gene104",FALSE,0.3067,0.7654,2.238,3.225,0.2373
"cap_10s","low_count",1,"gene105",FALSE,0.2217,0.8552,3.682,5.204,0.1643
"master","low_count",1,"gene105",FALSE,0.2217,0.5526,3.682,3.363,0.1643
"mle","low_count",1,"gene105",FALSE,0.2217,0.8552,3.682,5.204,0.1643
"cap_10s","low_count",1,"gene106",FALSE,0.4167,1.346,2.035,3.803,0.3538
"master","low_count",1,"gene106",FALSE,0.4167,0.7784,2.035,2.2,0.3538
"mle","low_count",1,"gene106",FALSE,0.4167,1.346,2.035,3.803,0.3538
"cap_10s","low_count",1,"gene107",FALSE,0.2867,0.7257,2.464,2.631,0.2758
"master","low_count",1,"gene107",FALSE,0.2867,0.6497,2.464,2.356,0.2758
"mle","low_count",1,"gene107",FALSE,0.2867,0.7257,2.464,2.631,0.2758
"cap_10s","low_count",1,"gene108",FALSE,0.15,0.6223,2.443,4.299,0.1448
"master","low_count",1,"gene108",FALSE,0.15,0.2467,2.443,1.704,0.1448
"mle","low_count",1,"gene108",FALSE,0.15,0.6223,2.443,4.299,0.1448
"cap_10s","low_count",1,"gene109",FALSE,0.2283,2.459,4.149,10,0.2459
"master","low_count",1,"gene109",FALSE,0.2283,0.4347,4.149,1.768,0.2459
"mle","low_count",1,"gene109",FALSE,0.2283,3.737,4.149,15.2,0.2459
"cap_10s","low_count",1,"gene11",FALSE,0.3217,2.103,7.618,10,0.2103
"master","low_count",1,"gene11",FALSE,0.3217,0.7469,7.618,3.551,0.2103
"mle","low_count",1,"gene11",FALSE,0.3217,21.91,7.618,104.1,0.2103
"mle","low_count",1,"gene110",FALSE,0.205,0.5837,3.679,3.684,0.1585
"cap_10s","low_count",1,"gene110",FALSE,0.205,0.5837,3.679,3.684,0.1585
"master","low_count",1,"gene110",FALSE,0.205,0.4276,3.679,2.698,0.1585
"master","low_count",1,"gene111",FALSE,0.6133,1.842,2.33,3.997,0.4607
"mle","low_count",1,"gene111",FALSE,0.6133,5.205,2.33,11.3,0.4607
"cap_10s","low_count",1,"gene111",FALSE,0.6133,4.607,2.33,10,0.4607
"master","low_count",1,"gene112",FALSE,0.3067,0.8392,4.009,2.657,0.3158
"mle","low_count",1,"gene112",FALSE,0.3067,2.397,4.009,7.59,0.3158
"cap_10s","low_count",1,"gene112",FALSE,0.3067,2.397,4.009,7.59,0.3158
"master","low_count",1,"gene113",FALSE,0.27,0.6654,2.837,2.712,0.2454
"mle","low_count",1,"gene113",FALSE,0.27,0.6659,2.837,2.714,0.2454
"cap_10s","low_count",1,"gene113",FALSE,0.27,0.6659,2.837,2.714,0.2454
"master","low_count",1,"gene114",FALSE,0.2783,0.4307,2.151,1.768,0.2437
"mle","low_count",1,"gene114",FALSE,0.2783,0.4261,2.151,1.749,0.2437
"cap_10s","low_count",1,"gene114",FALSE,0.2783,0.4261,2.151,1.749,0.2437
"master","low_count",1,"gene115",FALSE,0.1067,0.1248,3.62,1.454,0.08579
"mle","low_count",1,"gene115",FALSE,0.1067,0.3454,3.62,4.026,0.08579
"cap_10s","low_count",1,"gene115",FALSE,0.1067,0.3454,3.62,4.026,0.08579
"master","low_count",1,"gene116",FALSE,0.5283,1.165,3.594,2.483,0.4693
"cap_10s","low_count",1,"gene116",FALSE,0.5283,3.516,3.594,7.493,0.4693
"mle","low_count",1,"gene116",FALSE,0.5283,3.516,3.594,7.493,0.4693
"master","low_count",1,"gene117",FALSE,0.36,0.8552,3.744,2.426,0.3525
"cap_10s","low_count",1,"gene117",FALSE,0.36,0.9233,3.744,2.619,0.3525
"mle","low_count",1,"gene117",FALSE,0.36,0.9233,3.744,2.619,0.3525
"mle","low_count",1,"gene118",FALSE,0.3217,0.9567,2.98,3.267,0.2928
"cap_10s","low_count",1,"gene118",FALSE,0.3217,0.9567,2.98,3.267,0.2928
"master","low_count",1,"gene118",FALSE,0.3217,0.8839,2.98,3.019,0.2928
"mle","low_count",1,"gene119",FALSE,0.4783,3.498,6.652,8.945,0.391
"master","low_count",1,"gene119",FALSE,0.4783,0.924,6.652,2.363,0.391
"cap_10s","low_count",1,"gene119",FALSE,0.4783,3.498,6.652,8.945,0.391
"cap_10s","low_count",1,"gene12",FALSE,0.4333,2.185,4.483,4.434,0.4928
"master","low_count",1,"gene12",FALSE,0.4333,1.599,4.483,3.244,0.4928
"mle","low_count",1,"gene12",FALSE,0.4333,2.185,4.483,4.434,0.4928
"master","low_count",1,"gene120",FALSE,0.2633,0.4922,6.507,1.944,0.2531
"mle","low_count",1,"gene120",FALSE,0.2633,1.359,6.507,5.368,0.2531
"cap_10s","low_count",1,"gene120",FALSE,0.2633,1.359,6.507,5.368,0.2531
"cap_10s","low_count",1,"gene121",FALSE,0.2667,0.9064,3.426,3.683,0.2461
"mle","low_count",1,"gene121",FALSE,0.2667,0.9064,3.426,3.683,0.2461
"master","low_count",1,"gene121",FALSE,0.2667,0.4324,3.426,1.757,0.2461
"cap_10s","low_count",1,"gene122",FALSE,0.1533,0.35,4.109,2.322,0.1508
"mle","low_count",1,"gene122",FALSE,0.1533,0.35,4.109,2.322,0.1508
"master","low_count",1,"gene122",FALSE,0.1533,0.2865,4.109,1.9,0.1508
"master","low_count",1,"gene123",FALSE,0.26,0.8296,3.376,3.629,0.2286
"mle","low_count",1,"gene123",FALSE,0.26,3.16,3.376,13.82,0.2286
"cap_10s","low_count",1,"gene123",FALSE,0.26,2.286,3.376,10,0.2286
"master","low_count",1,"gene124",FALSE,0.2483,0.5466,6.685,2.435,0.2245
"cap_10s","low_count",1,"gene124",FALSE,0.2483,2.245,6.685,10,0.2245
"mle","low_count",1,"gene124",FALSE,0.2483,2.528,6.685,11.26,0.2245
"cap_10s","low_count",1,"gene125",FALSE,0.3683,1.271,6.989,4.269,0.2977
"master","low_count",1,"gene125",FALSE,0.3683,0.8909,6.989,2.993,0.2977
"mle","low_count",1,"gene125",FALSE,0.3683,1.271,6.989,4.269,0.2977
"mle","low_count",1,"gene126",FALSE,0.24,3.073,7.612,16.58,0.1854
"master","low_count",1,"gene126",FALSE,0.24,0.4411,7.612,2.379,0.1854
"cap_10s","low_count",1,"gene126",FALSE,0.24,1.854,7.612,10,0.1854
"mle","low_count",1,"gene127",FALSE,0.1933,1.389,7.58,7.044,0.1972
"master","low_count",1,"gene127",FALSE,0.1933,0.4985,7.58,2.528,0.1972
"cap_10s","low_count",1,"gene127",FALSE,0.1933,1.389,7.58,7.044,0.1972
"master","low_count",1,"gene128",FALSE,0.23,0.7507,2.96,5.697,0.1318
"cap_10s","low_count",1,"gene128",FALSE,0.23,1.318,2.96,10,0.1318
"mle","low_count",1,"gene128",FALSE,0.23,1.356,2.96,10.29,0.1318
"master","low_count",1,"gene129",FALSE,0.2383,0.3751,2.931,2.033,0.1845
"cap_10s","low_count",1,"gene129",FALSE,0.2383,1.112,2.931,6.026,0.1845
"mle","low_count",1,"gene129",FALSE,0.2383,1.112,2.931,6.026,0.1845
"cap_10s","low_count",1,"gene13",FALSE,0.6133,4.251,6.15,10,0.4251
"master","low_count",1,"gene13",FALSE,0.6133,0.612,6.15,1.44,0.4251
"mle","low_count",1,"gene13",FALSE,0.6133,8.504,6.15,20.01,0.4251
"master","low_count",1,"gene130",TRUE,0.1183,0.3838,5.315,4.113,0.09331
"mle","low_count",1,"gene130",TRUE,0.1183,22030,5.315,236100,0.09331
"cap_10s","low_count",1,"gene130",TRUE,0.1183,0.9331,5.315,10,0.09331
"cap_10s","low_count",1,"gene131",FALSE,0.1717,0.5536,3.481,4.537,0.122
"master","low_count",1,"gene131",FALSE,0.1717,0.5556,3.481,4.553,0.122
"mle","low_count",1,"gene131",FALSE,0.1717,0.5536,3.481,4.537,0.122
"master","low_count",1,"gene132",FALSE,0.27,0.6364,2.38,2.837,0.2243
"cap_10s","low_count",1,"gene132",FALSE,0.27,0.6782,2.38,3.024,0.2243
"mle","low_count",1,"gene132",FALSE,0.27,0.6782,2.38,3.024,0.2243
"master","low_count",1,"gene133",FALSE,0.09,0.1864,4.926,1.64,0.1137
"cap_10s","low_count",1,"gene133",FALSE,0.09,0.4796,4.926,4.219,0.1137
"mle","low_count",1,"gene133",FALSE,0.09,0.4796,4.926,4.219,0.1137
"cap_10s","low_count",1,"gene134",FALSE,0.1567,1.263,6.605,10,0.1263
"mle","low_count",1,"gene134",FALSE,0.1567,2.235,6.605,17.7,0.1263
"master","low_count",1,"gene134",FALSE,0.1567,0.9879,6.605,7.822,0.1263
"cap_10s","low_count",1,"gene135",FALSE,0.07167,0.1541,2.236,2.441,0.06312
"mle","low_count",1,"gene135",FALSE,0.07167,0.1541,2.236,2.441,0.06312
"master","low_count",1,"gene135",FALSE,0.07167,0.1088,2.236,1.723,0.06312
"master","low_count",1,"gene136",FALSE,0.2217,0.6142,5.804,2.669,0.2302
"mle","low_count",1,"gene136",FALSE,0.2217,0.6128,5.804,2.662,0.2302
"cap_10s","low_count",1,"gene136",FALSE,0.2217,0.6128,5.804,2.662,0.2302
"master","low_count",1,"gene137",FALSE,0.2283,0.3552,3.068,1.829,0.1942
"cap_10s","low_count",1,"gene137",FALSE,0.2283,0.6803,3.068,3.503,0.1942
"mle","low_count",1,"gene137",FALSE,0.2283,0.6803,3.068,3.503,0.1942
"cap_10s","low_count",1,"gene138",FALSE,0.475,1.324,2.541,2.926,0.4524
"master","low_count",1,"gene138",FALSE,0.475,0.9546,2.541,2.11,0.4524
"mle","low_count",1,"gene138",FALSE,0.475,1.324,2.541,2.926,0.4524
"mle","low_count",1,"gene139",FALSE,0.215,0.82,5.329,4.013,0.2043
"master","low_count",1,"gene139",FALSE,0.215,0.4385,5.329,2.146,0.2043
"cap_10s","low_count",1,"gene139",FALSE,0.215,0.82,5.329,4.013,0.2043
"mle","low_count",1,"gene14",FALSE,0.08167,0.2976,4.261,4.306,0.0691
"cap_10s","low_count",1,"gene14",FALSE,0.08167,0.2976,4.261,4.306,0.0691
"master","low_count",1,"gene14",FALSE,0.08167,0.2962,4.261,4.287,0.0691
"mle","low_count",1,"gene140",FALSE,0.4167,7.704,3.41,18.05,0.4268
"cap_10s","low_count",1,"gene140",FALSE,0.4167,4.268,3.41,10,0.4268
"master","low_count",1,"gene140",FALSE,0.4167,0.7566,3.41,1.773,0.4268
"cap_10s","low_count",1,"gene141",FALSE,0.2233,1.416,7.838,6.636,0.2134
"master","low_count",1,"gene141",FALSE,0.2233,0.5366,7.838,2.514,0.2134
"mle","low_count",1,"gene141",FALSE,0.2233,1.416,7.838,6.636,0.2134
"cap_10s","low_count",1,"gene142",FALSE,0.3733,3.092,7.903,10,0.3092
"master","low_count",1,"gene142",FALSE,0.3733,1.426,7.903,4.613,0.3092
"mle","low_count",1,"gene142",FALSE,0.3733,16.77,7.903,54.24,0.3092
"master","low_count",1,"gene143",FALSE,0.3133,0.493,2.264,2.065,0.2388
"cap_10s","low_count",1,"gene143",FALSE,0.3133,0.6192,2.264,2.594,0.2388
"mle","low_count",1,"gene143",FALSE,0.3133,0.6192,2.264,2.594,0.2388
"master","low_count",1,"gene144",FALSE,0.2383,0.5004,4.053,2.03,0.2465
"cap_10s","low_count",1,"gene144",FALSE,0.2383,1.004,4.053,4.071,0.2465
"mle","low_count",1,"gene144",FALSE,0.2383,1.004,4.053,4.071,0.2465
"cap_10s","low_count",1,"gene145",FALSE,0.1117,0.2106,3.841,3.225,0.0653
"master","low_count",1,"gene145",FALSE,0.1117,0.1434,3.841,2.196,0.0653
"mle","low_count",1,"gene145",FALSE,0.1117,0.2106,3.841,3.225,0.0653
"master","low_count",1,"gene146",FALSE,0.2617,0.4891,6.19,2.436,0.2008
"cap_10s","low_count",1,"gene146",FALSE,0.2617,2.008,6.19,10,0.2008
"mle","low_count",1,"gene146",FALSE,0.2617,5.333,6.19,26.56,0.2008
"cap_10s","low_count",1,"gene147",FALSE,0.1033,0.3664,4.723,4.363,0.08399
"master","low_count",1,"gene147",FALSE,0.1033,0.2375,4.723,2.828,0.08399
"mle","low_count",1,"gene147",FALSE,0.1033,0.3664,4.723,4.363,0.08399
"cap_10s","low_count",1,"gene148",FALSE,0.1783,0.9225,2.765,5.941,0.1553
"mle","low_count",1,"gene148",FALSE,0.1783,0.9225,2.765,5.941,0.1553
"master","low_count",1,"gene148",FALSE,0.1783,0.3922,2.765,2.526,0.1553
"cap_10s","low_count",1,"gene149",FALSE,0.055,0.4191,2.34,10,0.04191
"master","low_count",1,"gene149",FALSE,0.055,0.2124,2.34,5.067,0.04191
"mle","low_count",1,"gene149",FALSE,0.055,1.493,2.34,35.63,0.04191
"cap_10s","low_count",1,"gene15",FALSE,0.425,2.071,4.569,6.429,0.3222
"master","low_count",1,"gene15",FALSE,0.425,0.8309,4.569,2.579,0.3222
"mle","low_count",1,"gene15",FALSE,0.425,2.071,4.569,6.429,0.3222
"master","low_count",1,"gene150",FALSE,0.4133,3.698,4.644,12.98,0.2849
"mle","low_count",1,"gene150",FALSE,0.4133,23.88,4.644,83.83,0.2849
"cap_10s","low_count",1,"gene150",FALSE,0.4133,2.849,4.644,10,0.2849
"cap_10s","low_count",1,"gene151",FALSE,0.415,1.116,3.536,3.418,0.3265
"master","low_count",1,"gene151",FALSE,0.415,0.7227,3.536,2.214,0.3265
"mle","low_count",1,"gene151",FALSE,0.415,1.116,3.536,3.418,0.3265
"master","low_count",1,"gene152",FALSE,0.3867,0.8614,2.269,2.336,0.3688
"mle","low_count",1,"gene152",FALSE,0.3867,1.036,2.269,2.809,0.3688
"cap_10s","low_count",1,"gene152",FALSE,0.3867,1.036,2.269,2.809,0.3688
"mle","low_count",1,"gene153",FALSE,0.525,5.122,7.508,10.77,0.4754
"master","low_count",1,"gene153",FALSE,0.525,1.066,7.508,2.242,0.4754
"cap_10s","low_count",1,"gene153",FALSE,0.525,4.754,7.508,10,0.4754
"master","low_count",1,"gene154",FALSE,0.255,0.4341,2.197,2.071,0.2096
"mle","low_count",1,"gene154",FALSE,0.255,0.6324,2.197,3.017,0.2096
"cap_10s","low_count",1,"gene154",FALSE,0.255,0.6324,2.197,3.017,0.2096
"master","low_count",1,"gene155",FALSE,0.2033,0.2175,2.688,1.825,0.1192
"cap_10s","low_count",1,"gene155",FALSE,0.2033,0.2555,2.688,2.144,0.1192
"mle","low_count",1,"gene155",FALSE,0.2033,0.2555,2.688,2.144,0.1192
"master","low_count",1,"gene156",FALSE,0.2967,1.171,3.129,4.644,0.2523
"mle","low_count",1,"gene156",FALSE,0.2967,2.045,3.129,8.109,0.2523
"cap_10s","low_count",1,"gene156",FALSE,0.2967,2.045,3.129,8.109,0.2523
"master","low_count",1,"gene157",FALSE,0.1017,0.249,6.574,2.322,0.1072
"cap_10s","low_count",1,"gene157",FALSE,0.1017,0.5567,6.574,5.191,0.1072
"mle","low_count",1,"gene157",FALSE,0.1017,0.5567,6.574,5.191,0.1072
"master","low_count",1,"gene158",FALSE,0.1583,0.4312,3.122,3.746,0.1151
"cap_10s","low_count",1,"gene158",FALSE,0.1583,1.151,3.122,10,0.1151
"mle","low_count",1,"gene158",FALSE,0.1583,1.287,3.122,11.18,0.1151
"master","low_count",1,"gene159",FALSE,0.14,0.3223,6.067,2.306,0.1398
"mle","low_count",1,"gene159",FALSE,0.14,2.578,6.067,18.45,0.1398
"cap_10s","low_count",1,"gene159",FALSE,0.14,1.398,6.067,10,0.1398
"cap_10s","low_count",1,"gene16",FALSE,0.11,1.591,2.018,10,0.1591
"master","low_count",1,"gene16",FALSE,0.11,0.3496,2.018,2.198,0.1591
"mle","low_count",1,"gene16",FALSE,0.11,1.697,2.018,10.66,0.1591
"master","low_count",1,"gene160",FALSE,0.2967,0.9518,2.697,3.562,0.2672
"mle","low_count",1,"gene160",FALSE,0.2967,0.9857,2.697,3.689,0.2672
"cap_10s","low_count",1,"gene160",FALSE,0.2967,0.9857,2.697,3.689,0.2672
"mle","low_count",1,"gene161",FALSE,0.1967,0.4372,2.348,2.742,0.1594
"cap_10s","low_count",1,"gene161",FALSE,0.1967,0.4372,2.348,2.742,0.1594
"master","low_count",1,"gene161",FALSE,0.1967,0.3319,2.348,2.082,0.1594
"cap_10s","low_count",1,"gene162",FALSE,0.13,0.5247,2.939,4.636,0.1132
"mle","low_count",1,"gene162",FALSE,0.13,0.5247,2.939,4.636,0.1132
"master","low_count",1,"gene162",FALSE,0.13,0.4758,2.939,4.204,0.1132
"master","low_count",1,"gene163",FALSE,0.6533,1.774,2.341,2.964,0.5986
"mle","low_count",1,"gene163",FALSE,0.6533,1.931,2.341,3.227,0.5986
"cap_10s","low_count",1,"gene163",FALSE,0.6533,1.931,2.341,3.227,0.5986
"master","low_count",1,"gene164",FALSE,0.1233,0.1939,2.192,2.79,0.0695
"cap_10s","low_count",1,"gene164",FALSE,0.1233,0.1941,2.192,2.793,0.0695
"mle","low_count",1,"gene164",FALSE,0.1233,0.1941,2.192,2.793,0.0695
"cap_10s","low_count",1,"gene165",FALSE,0.5667,2.759,7.396,5.41,0.5099
"master","low_count",1,"gene165",FALSE,0.5667,1.178,7.396,2.309,0.5099
"mle","low_count",1,"gene165",FALSE,0.5667,2.759,7.396,5.41,0.5099
"mle","low_count",1,"gene166",FALSE,0.1983,26.55,6.242,128.9,0.2061
"master","low_count",1,"gene166",FALSE,0.1983,0.9063,6.242,4.398,0.2061
"cap_10s","low_count",1,"gene166",FALSE,0.1983,2.061,6.242,10,0.2061
"mle","low_count",1,"gene167",FALSE,0.125,0.3949,2.063,2.914,0.1355
"master","low_count",1,"gene167",FALSE,0.125,0.3808,2.063,2.81,0.1355
"cap_10s","low_count",1,"gene167",FALSE,0.125,0.3949,2.063,2.914,0.1355
"master","low_count",1,"gene168",FALSE,0.1117,0.4393,7.253,7.643,0.05748
"cap_10s","low_count",1,"gene168",FALSE,0.1117,0.5748,7.253,10,0.05748
"mle","low_count",1,"gene168",FALSE,0.1117,1.309,7.253,22.78,0.05748
"master","low_count",1,"gene169",FALSE,0.4333,0.9216,4.086,2.579,0.3573
"cap_10s","low_count",1,"gene169",FALSE,0.4333,1.548,4.086,4.331,0.3573
"mle","low_count",1,"gene169",FALSE,0.4333,1.548,4.086,4.331,0.3573
"cap_10s","low_count",1,"gene17",TRUE,0.3217,1.869,7.051,10,0.1869
"master","low_count",1,"gene17",TRUE,0.3217,0.7545,7.051,4.036,0.1869
"mle","low_count",1,"gene17",TRUE,0.3217,537800,7.051,2877000,0.1869
"master","low_count",1,"gene170",FALSE,0.2467,0.6015,5.659,2.333,0.2579
"mle","low_count",1,"gene170",FALSE,0.2467,2.196,5.659,8.517,0.2579
"cap_10s","low_count",1,"gene170",FALSE,0.2467,2.196,5.659,8.517,0.2579
"cap_10s","low_count",1,"gene171",FALSE,0.225,2.068,7.052,10,0.2068
"master","low_count",1,"gene171",FALSE,0.225,0.6886,7.052,3.33,0.2068
"mle","low_count",1,"gene171",FALSE,0.225,2.331,7.052,11.27,0.2068
"master","low_count",1,"gene172",FALSE,0.1533,0.5827,2.399,5.114,0.1139
"cap_10s","low_count",1,"gene172",FALSE,0.1533,0.6018,2.399,5.282,0.1139
"mle","low_count",1,"gene172",FALSE,0.1533,0.6018,2.399,5.282,0.1139
"master","low_count",1,"gene173",FALSE,0.1133,0.3474,2.67,4.406,0.07885
"cap_10s","low_count",1,"gene173",FALSE,0.1133,0.4027,2.67,5.107,0.07885
"mle","low_count",1,"gene173",FALSE,0.1133,0.4027,2.67,5.107,0.07885
"cap_10s","low_count",1,"gene174",FALSE,0.07167,0.171,2.825,2.974,0.05748
"mle","low_count",1,"gene174",FALSE,0.07167,0.171,2.825,2.974,0.05748
"master","low_count",1,"gene174",FALSE,0.07167,0.1507,2.825,2.622,0.05748
"cap_10s","low_count",1,"gene175",FALSE,0.5467,3.845,7.232,8.301,0.4632
"mle","low_count",1,"gene175",FALSE,0.5467,3.845,7.232,8.301,0.4632
"master","low_count",1,"gene175",FALSE,0.5467,1.345,7.232,2.903,0.4632
"master","low_count",1,"gene176",FALSE,0.1367,0.5224,4.84,4.332,0.1206
"mle","low_count",1,"gene176",FALSE,0.1367,0.5666,4.84,4.698,0.1206
"cap_10s","low_count",1,"gene176",FALSE,0.1367,0.5666,4.84,4.698,0.1206
"master","low_count",1,"gene177",FALSE,0.3567,0.7211,2.029,2.691,0.268
"cap_10s","low_count",1,"gene177",FALSE,0.3567,2.497,2.029,9.315,0.268
"mle","low_count",1,"gene177",FALSE,0.3567,2.497,2.029,9.315,0.268
"cap_10s","low_count",1,"gene178",FALSE,0.1083,0.5747,7.845,5.606,0.1025
"master","low_count",1,"gene178",FALSE,0.1083,0.196,7.845,1.911,0.1025
"mle","low_count",1,"gene178",FALSE,0.1083,0.5747,7.845,5.606,0.1025
"mle","low_count",1,"gene179",FALSE,0.5017,1.022,2.376,2.207,0.4629
"master","low_count",1,"gene179",FALSE,0.5017,1.02,2.376,2.204,0.4629
"cap_10s","low_count",1,"gene179",FALSE,0.5017,1.022,2.376,2.207,0.4629
"mle","low_count",1,"gene18",FALSE,0.08167,1.704,7.13,27.11,0.06286
"master","low_count",1,"gene18",FALSE,0.08167,0.1606,7.13,2.554,0.06286
"cap_10s","low_count",1,"gene18",FALSE,0.08167,0.6286,7.13,10,0.06286
"mle","low_count",1,"gene180",FALSE,0.355,1.505,4.308,5.555,0.2708
"master","low_count",1,"gene180",FALSE,0.355,0.8352,4.308,3.084,0.2708
"cap_10s","low_count",1,"gene180",FALSE,0.355,1.505,4.308,5.555,0.2708
"cap_10s","low_count",1,"gene181",FALSE,0.56,2.868,4.14,4.906,0.5846
"master","low_count",1,"gene181",FALSE,0.56,1.421,4.14,2.431,0.5846
"mle","low_count",1,"gene181",FALSE,0.56,2.868,4.14,4.906,0.5846
"cap_10s","low_count",1,"gene182",FALSE,0.365,3.175,7.286,10,0.3175
"mle","low_count",1,"gene182",FALSE,0.365,3.621,7.286,11.41,0.3175
"master","low_count",1,"gene182",FALSE,0.365,0.8224,7.286,2.59,0.3175
"mle","low_count",1,"gene183",FALSE,0.2067,1.945,2.627,11.6,0.1677
"cap_10s","low_count",1,"gene183",FALSE,0.2067,1.677,2.627,10,0.1677
"master","low_count",1,"gene183",FALSE,0.2067,0.3738,2.627,2.229,0.1677
"master","low_count",1,"gene184",FALSE,0.2367,0.9386,4.771,3.73,0.2517
"cap_10s","low_count",1,"gene184",FALSE,0.2367,2.517,4.771,10,0.2517
"mle","low_count",1,"gene184",FALSE,0.2367,5.975,4.771,23.74,0.2517
"master","low_count",1,"gene185",FALSE,0.1183,0.1317,5.514,1.502,0.0877
"cap_10s","low_count",1,"gene185",FALSE,0.1183,0.2994,5.514,3.415,0.0877
"mle","low_count",1,"gene185",FALSE,0.1183,0.2994,5.514,3.415,0.0877
"cap_10s","low_count",1,"gene186",FALSE,0.5067,2.013,3.474,4.82,0.4176
"master","low_count",1,"gene186",FALSE,0.5067,0.8041,3.474,1.926,0.4176
"mle","low_count",1,"gene186",FALSE,0.5067,2.013,3.474,4.82,0.4176
"cap_10s","low_count",1,"gene187",FALSE,0.1017,0.877,3.735,10,0.0877
"master","low_count",1,"gene187",FALSE,0.1017,0.4026,3.735,4.591,0.0877
"mle","low_count",1,"gene187",FALSE,0.1017,3.676,3.735,41.92,0.0877
"cap_10s","low_count",1,"gene188",FALSE,0.1833,0.4803,2.419,2.578,0.1863
"master","low_count",1,"gene188",FALSE,0.1833,0.365,2.419,1.959,0.1863
"mle","low_count",1,"gene188",FALSE,0.1833,0.4803,2.419,2.578,0.1863
"cap_10s","low_count",1,"gene189",FALSE,0.3817,1.381,2.18,4.175,0.3309
"master","low_count",1,"gene189",FALSE,0.3817,0.7159,2.18,2.164,0.3309
"mle","low_count",1,"gene189",FALSE,0.3817,1.381,2.18,4.175,0.3309
"master","low_count",1,"gene19",FALSE,0.1417,0.1718,3.766,3.208,0.05354
"cap_10s","low_count",1,"gene19",FALSE,0.1417,0.2624,3.766,4.9,0.05354
"mle","low_count",1,"gene19",FALSE,0.1417,0.2624,3.766,4.9,0.05354
"cap_10s","low_count",1,"gene190",FALSE,0.3567,2.897,7.865,10,0.2897
"master","low_count",1,"gene190",FALSE,0.3567,1.172,7.865,4.044,0.2897
"mle","low_count",1,"gene190",FALSE,0.3567,18.83,7.865,64.98,0.2897
"mle","low_count",1,"gene191",FALSE,0.2283,0.8353,2.408,4.194,0.1992
"cap_10s","low_count",1,"gene191",FALSE,0.2283,0.8353,2.408,4.194,0.1992
"master","low_count",1,"gene191",FALSE,0.2283,0.8329,2.408,4.182,0.1992
"master","low_count",1,"gene192",FALSE,0.16,0.3067,7.961,2.696,0.1138
"mle","low_count",1,"gene192",FALSE,0.16,0.8958,7.961,7.874,0.1138
"cap_10s","low_count",1,"gene192",FALSE,0.16,0.8958,7.961,7.874,0.1138
"master","low_count",1,"gene193",FALSE,0.3183,1.075,2.922,4.506,0.2385
"mle","low_count",1,"gene193",FALSE,0.3183,1.223,2.922,5.125,0.2385
"cap_10s","low_count",1,"gene193",FALSE,0.3183,1.223,2.922,5.125,0.2385
"master","low_count",1,"gene194",FALSE,0.375,0.995,4.261,2.511,0.3963
"mle","low_count",1,"gene194",FALSE,0.375,3.62,4.261,9.135,0.3963
"cap_10s","low_count",1,"gene194",FALSE,0.375,3.62,4.261,9.135,0.3963
"master","low_count",1,"gene195",FALSE,0.425,1.175,3.118,3.499,0.3358
"mle","low_count",1,"gene195",FALSE,0.425,1.236,3.118,3.681,0.3358
"cap_10s","low_count",1,"gene195",FALSE,0.425,1.236,3.118,3.681,0.3358
"master","low_count",1,"gene196",FALSE,0.145,0.2631,4.417,2.618,0.1005
"mle","low_count",1,"gene196",FALSE,0.145,2.873,4.417,28.59,0.1005
"cap_10s","low_count",1,"gene196",FALSE,0.145,1.005,4.417,10,0.1005
"master","low_count",1,"gene197",FALSE,0.2717,1.097,7.613,5.32,0.2062
"mle","low_count",1,"gene197",FALSE,0.2717,2.516,7.613,12.2,0.2062
"cap_10s","low_count",1,"gene197",FALSE,0.2717,2.062,7.613,10,0.2062
"master","low_count",1,"gene198",FALSE,0.385,0.8554,7.156,2.321,0.3686
"mle","low_count",1,"gene198",FALSE,0.385,1.97,7.156,5.345,0.3686
"cap_10s","low_count",1,"gene198",FALSE,0.385,1.97,7.156,5.345,0.3686
"master","low_count",1,"gene199",FALSE,0.1983,0.3668,3.634,1.954,0.1878
"cap_10s","low_count",1,"gene199",FALSE,0.1983,0.7933,3.634,4.225,0.1878
"mle","low_count",1,"gene199",FALSE,0.1983,0.7933,3.634,4.225,0.1878
"cap_10s","low_count",1,"gene2",FALSE,0.15,0.4996,2.592,3.448,0.1449
"master","low_count",1,"gene2",FALSE,0.15,0.4659,2.592,3.216,0.1449
"mle","low_count",1,"gene2",FALSE,0.15,0.4996,2.592,3.448,0.1449
"cap_10s","low_count",1,"gene20",FALSE,0.2133,1.669,4.908,8.068,0.2068
"mle","low_count",1,"gene20",FALSE,0.2133,1.669,4.908,8.068,0.2068
"master","low_count",1,"gene20",FALSE,0.2133,1.301,4.908,6.29,0.2068
"master","low_count",1,"gene200",FALSE,0.105,0.1386,5.666,1.577,0.08793
"mle","low_count",1,"gene200",FALSE,0.105,0.9161,5.666,10.42,0.08793
"cap_10s","low_count",1,"gene200",FALSE,0.105,0.8793,5.666,10,0.08793
"mle","low_count",1,"gene201",FALSE,0.3017,0.6237,2.387,2.45,0.2545
"cap_10s","low_count",1,"gene201",FALSE,0.3017,0.6237,2.387,2.45,0.2545
"master","low_count",1,"gene201",FALSE,0.3017,0.6251,2.387,2.456,0.2545
"mle","low_count",1,"gene202",FALSE,0.115,0.5346,6.129,6.989,0.07649
"cap_10s","low_count",1,"gene202",FALSE,0.115,0.5346,6.129,6.989,0.07649
"master","low_count",1,"gene202",FALSE,0.115,0.445,6.129,5.817,0.07649
"cap_10s","low_count",1,"gene203",FALSE,0.17,0.9948,5.489,6.362,0.1564
"master","low_count",1,"gene203",FALSE,0.17,0.3387,5.489,2.166,0.1564
"mle","low_count",1,"gene203",FALSE,0.17,0.9948,5.489,6.362,0.1564
"master","low_count",1,"gene204",FALSE,0.2883,0.9843,5.287,4.065,0.2422
"mle","low_count",1,"gene204",FALSE,0.2883,2.841,5.287,11.73,0.2422
"cap_10s","low_count",1,"gene204",FALSE,0.2883,2.422,5.287,10,0.2422
"cap_10s","low_count",1,"gene205",FALSE,0.2583,1.939,3.9,7.049,0.2751
"master","low_count",1,"gene205",FALSE,0.2583,0.5674,3.9,2.063,0.2751
"mle","low_count",1,"gene205",FALSE,0.2583,1.939,3.9,7.049,0.2751
"master","low_count",1,"gene206",FALSE,0.1283,0.5242,2.917,5.624,0.09321
"mle","low_count",1,"gene206",FALSE,0.1283,1.691,2.917,18.14,0.09321
"cap_10s","low_count",1,"gene206",FALSE,0.1283,0.9321,2.917,10,0.09321
"mle","low_count",1,"gene207",FALSE,0.1383,0.3453,3.417,2.689,0.1284
"master","low_count",1,"gene207",FALSE,0.1383,0.2262,3.417,1.761,0.1284
"cap_10s","low_count",1,"gene207",FALSE,0.1383,0.3453,3.417,2.689,0.1284
"master","low_count",1,"gene208",FALSE,0.2767,0.82,4.424,3.067,0.2674
"mle","low_count",1,"gene208",FALSE,0.2767,1.298,4.424,4.855,0.2674
"cap_10s","low_count",1,"gene208",FALSE,0.2767,1.298,4.424,4.855,0.2674
"master","low_count",1,"gene209",FALSE,0.35,0.717,5.764,2.386,0.3005
"cap_10s","low_count",1,"gene209",FALSE,0.35,1.179,5.764,3.925,0.3005
"mle","low_count",1,"gene209",FALSE,0.35,1.179,5.764,3.925,0.3005
"cap_10s","low_count",1,"gene21",FALSE,0.8017,3.745,4.684,7.377,0.5076
"mle","low_count",1,"gene21",FALSE,0.8017,3.745,4.684,7.377,0.5076
"master","low_count",1,"gene21",FALSE,0.8017,1.085,4.684,2.138,0.5076
"master","low_count",1,"gene210",FALSE,0.1883,0.3072,2.224,2.122,0.1447
"mle","low_count",1,"gene210",FALSE,0.1883,0.4537,2.224,3.135,0.1447
"cap_10s","low_count",1,"gene210",FALSE,0.1883,0.4537,2.224,3.135,0.1447
"master","low_count",1,"gene211",FALSE,0.2583,0.5637,5.99,2.382,0.2366
"cap_10s","low_count",1,"gene211",FALSE,0.2583,2.366,5.99,10,0.2366
"mle","low_count",1,"gene211",FALSE,0.2583,19.51,5.99,82.47,0.2366
"cap_10s","low_count",1,"gene212",FALSE,0.4233,1.142,2.103,2.892,0.3948
"master","low_count",1,"gene212",FALSE,0.4233,0.9949,2.103,2.52,0.3948
"mle","low_count",1,"gene212",FALSE,0.4233,1.142,2.103,2.892,0.3948
"master","low_count",1,"gene213",FALSE,0.1683,0.2568,7.177,1.913,0.1342
"cap_10s","low_count",1,"gene213",FALSE,0.1683,1.342,7.177,10,0.1342
"mle","low_count",1,"gene213",FALSE,0.1683,1.418,7.177,10.57,0.1342
"cap_10s","low_count",1,"gene214",FALSE,0.3767,1.846,4.892,6.315,0.2923
"master","low_count",1,"gene214",FALSE,0.3767,1.403,4.892,4.801,0.2923
"mle","low_count",1,"gene214",FALSE,0.3767,1.846,4.892,6.315,0.2923
"cap_10s","low_count",1,"gene215",FALSE,0.1533,0.7616,3.47,6.412,0.1188
"mle","low_count",1,"gene215",FALSE,0.1533,0.7616,3.47,6.412,0.1188
"master","low_count",1,"gene215",FALSE,0.1533,0.2514,3.47,2.116,0.1188
"cap_10s","low_count",1,"gene216",FALSE,0.4367,3.915,4.815,8.968,0.4365
"master","low_count",1,"gene216",FALSE,0.4367,1.287,4.815,2.948,0.4365
"mle","low_count",1,"gene216",FALSE,0.4367,3.915,4.815,8.968,0.4365
"master","low_count",1,"gene217",FALSE,0.33,0.7151,3.574,2.401,0.2978
"mle","low_count",1,"gene217",FALSE,0.33,0.8519,3.574,2.86,0.2978
"cap_10s","low_count",1,"gene217",FALSE,0.33,0.8519,3.574,2.86,0.2978
"cap_10s","low_count",1,"gene218",FALSE,0.3483,1.218,3.979,4.089,0.2979
"master","low_count",1,"gene218",FALSE,0.3483,0.982,3.979,3.296,0.2979
"mle","low_count",1,"gene218",FALSE,0.3483,1.218,3.979,4.089,0.2979
"master","low_count",1,"gene219",FALSE,0.1517,0.2565,2.54,2.328,0.1102
"mle","low_count",1,"gene219",FALSE,0.1517,0.4018,2.54,3.646,0.1102
"cap_10s","low_count",1,"gene219",FALSE,0.1517,0.4018,2.54,3.646,0.1102
"mle","low_count",1,"gene22",FALSE,0.5517,3.845,3.741,6.096,0.6308
"master","low_count",1,"gene22",FALSE,0.5517,1.679,3.741,2.662,0.6308
"cap_10s","low_count",1,"gene22",FALSE,0.5517,3.845,3.741,6.096,0.6308
"mle","low_count",1,"gene220",FALSE,0.4833,2.236,3.339,4.925,0.4541
"cap_10s","low_count",1,"gene220",FALSE,0.4833,2.236,3.339,4.925,0.4541
"master","low_count",1,"gene220",FALSE,0.4833,1.047,3.339,2.306,0.4541
"mle","low_count",1,"gene221",FALSE,0.1533,1.741,4.228,13.85,0.1257
"cap_10s","low_count",1,"gene221",FALSE,0.1533,1.257,4.228,10,0.1257
"master","low_count",1,"gene221",FALSE,0.1533,0.3522,4.228,2.802,0.1257
"cap_10s","low_count",1,"gene222",FALSE,0.1817,1.532,6.794,10,0.1532
"master","low_count",1,"gene222",FALSE,0.1817,0.4728,6.794,3.087,0.1532
"mle","low_count",1,"gene222",FALSE,0.1817,1.66,6.794,10.84,0.1532
"master","low_count",1,"gene223",FALSE,0.1467,0.2743,5.424,2.689,0.102
"cap_10s","low_count",1,"gene223",FALSE,0.1467,0.9606,5.424,9.418,0.102
"mle","low_count",1,"gene223",FALSE,0.1467,0.9606,5.424,9.418,0.102
"cap_10s","low_count",1,"gene224",FALSE,0.4767,2.423,6.055,5.05,0.4798
"master","low_count",1,"gene224",FALSE,0.4767,0.9625,6.055,2.006,0.4798
"mle","low_count",1,"gene224",FALSE,0.4767,2.423,6.055,5.05,0.4798
"cap_10s","low_count",1,"gene225",FALSE,0.24,0.8425,2.427,4.959,0.1699
"master","low_count",1,"gene225",FALSE,0.24,0.5646,2.427,3.323,0.1699
"mle","low_count",1,"gene225",FALSE,0.24,0.8425,2.427,4.959,0.1699
"cap_10s","low_count",1,"gene226",FALSE,0.1517,0.4185,2.741,3.507,0.1193
"master","low_count",1,"gene226",FALSE,0.1517,0.2768,2.741,2.32,0.1193
"mle","low_count",1,"gene226",FALSE,0.1517,0.4185,2.741,3.507,0.1193
"cap_10s","low_count",1,"gene227",FALSE,0.2433,1.248,5.279,6.633,0.1881
"master","low_count",1,"gene227",FALSE,0.2433,0.354,5.279,1.882,0.1881
"mle","low_count",1,"gene227",FALSE,0.2433,1.248,5.279,6.633,0.1881
"cap_10s","low_count",1,"gene228",FALSE,0.4833,4.985,7.216,10,0.4985
"master","low_count",1,"gene228",FALSE,0.4833,1.178,7.216,2.362,0.4985
"mle","low_count",1,"gene228",FALSE,0.4833,7.204,7.216,14.45,0.4985
"cap_10s","low_count",1,"gene229",FALSE,0.155,0.7506,7.994,4.613,0.1627
"master","low_count",1,"gene229",FALSE,0.155,0.6133,7.994,3.769,0.1627
"mle","low_count",1,"gene229",FALSE,0.155,0.7506,7.994,4.613,0.1627
"master","low_count",1,"gene23",FALSE,0.6867,0.9523,4.287,1.873,0.5085
"cap_10s","low_count",1,"gene23",FALSE,0.6867,1.897,4.287,3.732,0.5085
"mle","low_count",1,"gene23",FALSE,0.6867,1.897,4.287,3.732,0.5085
"cap_10s","low_count",1,"gene230",FALSE,0.4333,3.817,7.202,10,0.3817
"master","low_count",1,"gene230",FALSE,0.4333,0.8711,7.202,2.282,0.3817
"mle","low_count",1,"gene230",FALSE,0.4333,6.244,7.202,16.36,0.3817
"mle","low_count",1,"gene231",TRUE,0.4383,7325000,6.646,19300000,0.3795
"cap_10s","low_count",1,"gene231",TRUE,0.4383,3.795,6.646,10,0.3795
"master","low_count",1,"gene231",TRUE,0.4383,0.99,6.646,2.609,0.3795
"master","low_count",1,"gene232",FALSE,0.13,0.1807,7.39,1.696,0.1066
"mle","low_count",1,"gene232",FALSE,0.13,0.9102,7.39,8.541,0.1066
"cap_10s","low_count",1,"gene232",FALSE,0.13,0.9102,7.39,8.541,0.1066
"master","low_count",1,"gene233",FALSE,0.1717,0.2135,4.615,1.995,0.107
"mle","low_count",1,"gene233",FALSE,0.1717,3.146,4.615,29.39,0.107
"cap_10s","low_count",1,"gene233",FALSE,0.1717,1.07,4.615,10,0.107
"master","low_count",1,"gene234",FALSE,0.07333,0.1126,6.431,1.644,0.06848
"mle","low_count",1,"gene234",FALSE,0.07333,1.015,6.431,14.82,0.06848
"cap_10s","low_count",1,"gene234",FALSE,0.07333,0.6848,6.431,10,0.06848
"master","low_count",1,"gene235",FALSE,0.2383,0.8031,2.69,3.692,0.2175
"mle","low_count",1,"gene235",FALSE,0.2383,2.031,2.69,9.336,0.2175
"cap_10s","low_count",1,"gene235",FALSE,0.2383,2.031,2.69,9.336,0.2175
"master","low_count",1,"gene236",FALSE,0.12,0.1781,2.755,1.489,0.1196
"mle","low_count",1,"gene236",FALSE,0.12,0.8704,2.755,7.277,0.1196
"cap_10s","low_count",1,"gene236",FALSE,0.12,0.8704,2.755,7.277,0.1196
"master","low_count",1,"gene237",FALSE,0.21,0.3624,6.581,2.116,0.1713
"cap_10s","low_count",1,"gene237",FALSE,0.21,0.7097,6.581,4.143,0.1713
"mle","low_count",1,"gene237",FALSE,0.21,0.7097,6.581,4.143,0.1713
"master","low_count",1,"gene238",FALSE,0.2633,0.566,4.112,2.251,0.2514
"cap_10s","low_count",1,"gene238",FALSE,0.2633,2.514,4.112,10,0.2514
"mle","low_count",1,"gene238",FALSE,0.2633,11.54,4.112,45.92,0.2514
"cap_10s","low_count",1,"gene239",FALSE,0.09667,0.8446,6.834,9.625,0.08776
"mle","low_count",1,"gene239",FALSE,0.09667,0.8446,6.834,9.625,0.08776
"master","low_count",1,"gene239",FALSE,0.09667,0.2036,6.834,2.32,0.08776
"cap_10s","low_count",1,"gene24",FALSE,0.2767,1.108,3.08,3.184,0.348
"master","low_count",1,"gene24",FALSE,0.2767,0.5631,3.08,1.618,0.348
"mle","low_count",1,"gene24",FALSE,0.2767,1.108,3.08,3.184,0.348
"mle","low_count",1,"gene240",FALSE,0.205,0.4111,3.018,2.339,0.1757
"master","low_count",1,"gene240",FALSE,0.205,0.3462,3.018,1.97,0.1757
"cap_10s","low_count",1,"gene240",FALSE,0.205,0.4111,3.018,2.339,0.1757
"master","low_count",1,"gene241",FALSE,0.5233,0.9291,5.02,1.739,0.5341
"cap_10s","low_count",1,"gene241",FALSE,0.5233,3.229,5.02,6.045,0.5341
"mle","low_count",1,"gene241",FALSE,0.5233,3.229,5.02,6.045,0.5341
"master","low_count",1,"gene242",FALSE,0.2333,0.7123,2.631,3.26,0.2185
"cap_10s","low_count",1,"gene242",FALSE,0.2333,0.7126,2.631,3.261,0.2185
"mle","low_count",1,"gene242",FALSE,0.2333,0.7126,2.631,3.261,0.2185
"cap_10s","low_count",1,"gene243",FALSE,0.22,1.953,5.924,10,0.1953
"mle","low_count",1,"gene243",FALSE,0.22,2.797,5.924,14.32,0.1953
"master","low_count",1,"gene243",FALSE,0.22,0.601,5.924,3.078,0.1953
"master","low_count",1,"gene244",FALSE,0.1233,0.1992,4.248,2.042,0.09755
"mle","low_count",1,"gene244",FALSE,0.1233,0.6465,4.248,6.628,0.09755
"cap_10s","low_count",1,"gene244",FALSE,0.1233,0.6465,4.248,6.628,0.09755
"master","low_count",1,"gene245",FALSE,0.1317,0.1556,3.481,1.312,0.1186
"mle","low_count",1,"gene245",FALSE,0.1317,0.3434,3.481,2.895,0.1186
"cap_10s","low_count",1,"gene245",FALSE,0.1317,0.3434,3.481,2.895,0.1186
"master","low_count",1,"gene246",FALSE,0.11,0.4036,3.59,3.976,0.1015
"mle","low_count",1,"gene246",FALSE,0.11,0.4046,3.59,3.985,0.1015
"cap_10s","low_count",1,"gene246",FALSE,0.11,0.4046,3.59,3.985,0.1015
"mle","low_count",1,"gene247",FALSE,0.1367,0.6476,7.18,5.468,0.1184
"cap_10s","low_count",1,"gene247",FALSE,0.1367,0.6476,7.18,5.468,0.1184
"master","low_count",1,"gene247",FALSE,0.1367,0.2728,7.18,2.303,0.1184
"master","low_count",1,"gene248",FALSE,0.09667,0.4126,7.639,6.6,0.06252
"mle","low_count",1,"gene248",FALSE,0.09667,1.489,7.639,23.82,0.06252
"cap_10s","low_count",1,"gene248",FALSE,0.09667,0.6252,7.639,10,0.06252
"master","low_count",1,"gene249",FALSE,0.495,1.708,3.755,4.266,0.4004
"mle","low_count",1,"gene249",FALSE,0.495,5.459,3.755,13.63,0.4004
"cap_10s","low_count",1,"gene249",FALSE,0.495,4.004,3.755,10,0.4004
"cap_10s","low_count",1,"gene25",FALSE,0.1467,0.1813,2.363,1.656,0.1095
"master","low_count",1,"gene25",FALSE,0.1467,0.1299,2.363,1.186,0.1095
"mle","low_count",1,"gene25",FALSE,0.1467,0.1813,2.363,1.656,0.1095
"master","low_count",1,"gene250",FALSE,0.425,0.8958,3.536,2.7,0.3318
"mle","low_count",1,"gene250",FALSE,0.425,3.735,3.536,11.26,0.3318
"cap_10s","low_count",1,"gene250",FALSE,0.425,3.318,3.536,10,0.3318
"master","low_count",1,"gene251",FALSE,0.3583,0.6926,6.299,1.858,0.3728
"mle","low_count",1,"gene251",FALSE,0.3583,4.932,6.299,13.23,0.3728
"cap_10s","low_count",1,"gene251",FALSE,0.3583,3.728,6.299,10,0.3728
"cap_10s","low_count",1,"gene252",FALSE,0.4867,2.437,7.095,4.912,0.4961
"master","low_count",1,"gene252",FALSE,0.4867,0.8734,7.095,1.76,0.4961
"mle","low_count",1,"gene252",FALSE,0.4867,2.437,7.095,4.912,0.4961
"master","low_count",1,"gene253",FALSE,0.2467,0.4618,2.206,2.012,0.2296
"mle","low_count",1,"gene253",FALSE,0.2467,0.4627,2.206,2.016,0.2296
"cap_10s","low_count",1,"gene253",FALSE,0.2467,0.4627,2.206,2.016,0.2296
"master","low_count",1,"gene254",FALSE,0.5583,1.336,3.449,2.457,0.5436
"mle","low_count",1,"gene254",FALSE,0.5583,3.37,3.449,6.199,0.5436
"cap_10s","low_count",1,"gene254",FALSE,0.5583,3.37,3.449,6.199,0.5436
"master","low_count",1,"gene255",FALSE,0.1633,0.3204,4.742,1.952,0.1641
"mle","low_count",1,"gene255",FALSE,0.1633,1.302,4.742,7.933,0.1641
"cap_10s","low_count",1,"gene255",FALSE,0.1633,1.302,4.742,7.933,0.1641
"cap_10s","low_count",1,"gene256",FALSE,0.2333,1.835,7.276,10,0.1835
"mle","low_count",1,"gene256",FALSE,0.2333,3.337,7.276,18.19,0.1835
"master","low_count",1,"gene256",FALSE,0.2333,0.7496,7.276,4.085,0.1835
"master","low_count",1,"gene257",FALSE,0.2267,0.3922,4.592,2.022,0.194
"mle","low_count",1,"gene257",FALSE,0.2267,2.459,4.592,12.68,0.194
"cap_10s","low_count",1,"gene257",FALSE,0.2267,1.94,4.592,10,0.194
"master","low_count",1,"gene258",FALSE,0.32,1.753,7.745,6.464,0.2711
"mle","low_count",1,"gene258",FALSE,0.32,2.159,7.745,7.965,0.2711
"cap_10s","low_count",1,"gene258",FALSE,0.32,2.159,7.745,7.965,0.2711
"master","low_count",1,"gene259",FALSE,0.385,0.8403,4.034,2.785,0.3017
"mle","low_count",1,"gene259",FALSE,0.385,30.58,4.034,101.3,0.3017
"cap_10s","low_count",1,"gene259",FALSE,0.385,3.017,4.034,10,0.3017
"cap_10s","low_count",1,"gene26",FALSE,0.38,3.639,5.654,9.905,0.3674
"master","low_count",1,"gene26",FALSE,0.38,1.29,5.654,3.512,0.3674
"mle","low_count",1,"gene26",FALSE,0.38,3.639,5.654,9.905,0.3674
"mle","low_count",1,"gene260",FALSE,0.415,1.625,3.791,4.444,0.3656
"cap_10s","low_count",1,"gene260",FALSE,0.415,1.625,3.791,4.444,0.3656
"master","low_count",1,"gene260",FALSE,0.415,0.6737,3.791,1.843,0.3656
"master","low_count",1,"gene261",FALSE,0.3367,0.7991,4.257,2.626,0.3043
"mle","low_count",1,"gene261",FALSE,0.3367,2.186,4.257,7.183,0.3043
"cap_10s","low_count",1,"gene261",FALSE,0.3367,2.186,4.257,7.183,0.3043
"mle","low_count",1,"gene262",FALSE,0.4283,12.83,7.795,32.94,0.3895
"cap_10s","low_count",1,"gene262",FALSE,0.4283,3.895,7.795,10,0.3895
"master","low_count",1,"gene262",FALSE,0.4283,1.728,7.795,4.437,0.3895
"mle","low_count",1,"gene263",FALSE,0.345,0.889,3.908,2.908,0.3057
"cap_10s","low_count",1,"gene263",FALSE,0.345,0.889,3.908,2.908,0.3057
"master","low_count",1,"gene263",FALSE,0.345,0.6319,3.908,2.067,0.3057
"mle","low_count",1,"gene264",FALSE,0.5767,5.818,4.071,10.96,0.531
"cap_10s","low_count",1,"gene264",FALSE,0.5767,5.31,4.071,10,0.531
"master","low_count",1,"gene264",FALSE,0.5767,1.144,4.071,2.155,0.531
"master","low_count",1,"gene265",FALSE,0.3783,0.8047,2.632,2.704,0.2976
"cap_10s","low_count",1,"gene265",FALSE,0.3783,0.8051,2.632,2.706,0.2976
"mle","low_count",1,"gene265",FALSE,0.3783,0.8051,2.632,2.706,0.2976
"master","low_count",1,"gene266",FALSE,0.1617,0.3593,3.606,3.204,0.1121
"cap_10s","low_count",1,"gene266",FALSE,0.1617,1.121,3.606,10,0.1121
"mle","low_count",1,"gene266",FALSE,0.1617,2.419,3.606,21.57,0.1121
"master","low_count",1,"gene267",FALSE,0.1933,0.2005,2.582,1.13,0.1774
"mle","low_count",1,"gene267",FALSE,0.1933,0.706,2.582,3.98,0.1774
"cap_10s","low_count",1,"gene267",FALSE,0.1933,0.706,2.582,3.98,0.1774
"master","low_count",1,"gene268",FALSE,0.2133,0.4397,2.316,1.923,0.2287
"mle","low_count",1,"gene268",FALSE,0.2133,0.441,2.316,1.929,0.2287
"cap_10s","low_count",1,"gene268",FALSE,0.2133,0.441,2.316,1.929,0.2287
"mle","low_count",1,"gene269",FALSE,0.6167,4.584,6.173,8.448,0.5426
"cap_10s","low_count",1,"gene269",FALSE,0.6167,4.584,6.173,8.448,0.5426
"master","low_count",1,"gene269",FALSE,0.6167,1.023,6.173,1.886,0.5426
"cap_10s","low_count",1,"gene27",FALSE,0.1333,0.6729,4.944,7.792,0.08635
"mle","low_count",1,"gene27",FALSE,0.1333,0.6729,4.944,7.792,0.08635
"master","low_count",1,"gene27",FALSE,0.1333,0.5024,4.944,5.818,0.08635
"cap_10s","low_count",1,"gene270",FALSE,0.1,0.4001,2.474,10,0.04001
"master","low_count",1,"gene270",FALSE,0.1,0.3606,2.474,9.014,0.04001
"mle","low_count",1,"gene270",FALSE,0.1,3.587,2.474,89.66,0.04001
"master","low_count",1,"gene271",FALSE,0.32,0.55,2.184,1.596,0.3446
"mle","low_count",1,"gene271",FALSE,0.32,1.581,2.184,4.588,0.3446
"cap_10s","low_count",1,"gene271",FALSE,0.32,1.581,2.184,4.588,0.3446
"master","low_count",1,"gene272",FALSE,0.09,0.1327,2.859,1.821,0.07285
"mle","low_count",1,"gene272",FALSE,0.09,0.2705,2.859,3.713,0.07285
"cap_10s","low_count",1,"gene272",FALSE,0.09,0.2705,2.859,3.713,0.07285
"mle","low_count",1,"gene273",FALSE,0.3033,1.134,4.252,3.315,0.3422
"master","low_count",1,"gene273",FALSE,0.3033,0.7453,4.252,2.178,0.3422
"cap_10s","low_count",1,"gene273",FALSE,0.3033,1.134,4.252,3.315,0.3422
"mle","low_count",1,"gene274",FALSE,0.2883,2.592,3.84,10.97,0.2362
"master","low_count",1,"gene274",FALSE,0.2883,0.6074,3.84,2.571,0.2362
"cap_10s","low_count",1,"gene274",FALSE,0.2883,2.362,3.84,10,0.2362
"master","low_count",1,"gene275",FALSE,0.1,0.2162,2.332,2.865,0.07547
"mle","low_count",1,"gene275",FALSE,0.1,0.217,2.332,2.875,0.07547
"cap_10s","low_count",1,"gene275",FALSE,0.1,0.217,2.332,2.875,0.07547
"master","low_count",1,"gene276",FALSE,0.3667,0.8982,6.257,2.64,0.3403
"mle","low_count",1,"gene276",FALSE,0.3667,2.891,6.257,8.495,0.3403
"cap_10s","low_count",1,"gene276",FALSE,0.3667,2.891,6.257,8.495,0.3403
"master","low_count",1,"gene277",FALSE,0.1483,0.3096,3.328,2.231,0.1388
"mle","low_count",1,"gene277",FALSE,0.1483,1.302,3.328,9.383,0.1388
"cap_10s","low_count",1,"gene277",FALSE,0.1483,1.302,3.328,9.383,0.1388
"master","low_count",1,"gene278",FALSE,0.1217,0.3345,6.035,2.516,0.133
"cap_10s","low_count",1,"gene278",FALSE,0.1217,1.33,6.035,10,0.133
"mle","low_count",1,"gene278",FALSE,0.1217,1.436,6.035,10.8,0.133
"cap_10s","low_count",1,"gene279",FALSE,0.2567,0.9907,4.59,5.161,0.192
"mle","low_count",1,"gene279",FALSE,0.2567,0.9907,4.59,5.161,0.192
"master","low_count",1,"gene279",FALSE,0.2567,0.5048,4.59,2.63,0.192
"cap_10s","low_count",1,"gene28",FALSE,0.2167,0.7213,2.734,2.491,0.2896
"mle","low_count",1,"gene28",FALSE,0.2167,0.7213,2.734,2.491,0.2896
"master","low_count",1,"gene28",FALSE,0.2167,0.7222,2.734,2.494,0.2896
"mle","low_count",1,"gene280",FALSE,0.28,1.856,3.855,6.863,0.2704
"master","low_count",1,"gene280",FALSE,0.28,0.7191,3.855,2.659,0.2704
"cap_10s","low_count",1,"gene280",FALSE,0.28,1.856,3.855,6.863,0.2704
"mle","low_count",1,"gene281",FALSE,0.28,3.53,5.577,14.61,0.2416
"master","low_count",1,"gene281",FALSE,0.28,0.5557,5.577,2.3,0.2416
"cap_10s","low_count",1,"gene281",FALSE,0.28,2.416,5.577,10,0.2416
"master","low_count",1,"gene282",FALSE,0.2383,0.3815,2.523,2.539,0.1503
"cap_10s","low_count",1,"gene282",FALSE,0.2383,0.382,2.523,2.542,0.1503
"mle","low_count",1,"gene282",FALSE,0.2383,0.382,2.523,2.542,0.1503
"cap_10s","low_count",1,"gene283",FALSE,0.1933,1.528,6.614,10,0.1528
"mle","low_count",1,"gene283",FALSE,0.1933,6.555,6.614,42.9,0.1528
"master","low_count",1,"gene283",FALSE,0.1933,0.4542,6.614,2.973,0.1528
"master","low_count",1,"gene284",FALSE,0.375,1.273,3.13,3.525,0.361
"mle","low_count",1,"gene284",FALSE,0.375,1.363,3.13,3.776,0.361
"cap_10s","low_count",1,"gene284",FALSE,0.375,1.363,3.13,3.776,0.361
"master","low_count",1,"gene285",FALSE,0.23,0.7576,6.018,4.379,0.173
"mle","low_count",1,"gene285",FALSE,0.23,2.457,6.018,14.2,0.173
"cap_10s","low_count",1,"gene285",FALSE,0.23,1.73,6.018,10,0.173
"master","low_count",1,"gene286",FALSE,0.1817,0.4848,2.53,3.224,0.1504
"mle","low_count",1,"gene286",FALSE,0.1817,0.9331,2.53,6.205,0.1504
"cap_10s","low_count",1,"gene286",FALSE,0.1817,0.9331,2.53,6.205,0.1504
"mle","low_count",1,"gene287",FALSE,0.42,1.48,3.798,3.349,0.442
"cap_10s","low_count",1,"gene287",FALSE,0.42,1.48,3.798,3.349,0.442
"master","low_count",1,"gene287",FALSE,0.42,0.9065,3.798,2.051,0.442
"master","low_count",1,"gene288",FALSE,0.5117,1.164,2.257,2.893,0.4024
"mle","low_count",1,"gene288",FALSE,0.5117,1.164,2.257,2.894,0.4024
"cap_10s","low_count",1,"gene288",FALSE,0.5117,1.164,2.257,2.894,0.4024
"master","low_count",1,"gene289",FALSE,0.105,0.5858,3.33,7.417,0.07898
"mle","low_count",1,"gene289",FALSE,0.105,0.5931,3.33,7.51,0.07898
"cap_10s","low_count",1,"gene289",FALSE,0.105,0.5931,3.33,7.51,0.07898
"cap_10s","low_count",1,"gene29",FALSE,0.175,0.6756,2.297,5.847,0.1155
"master","low_count",1,"gene29",FALSE,0.175,0.2378,2.297,2.058,0.1155
"mle","low_count",1,"gene29",FALSE,0.175,0.6756,2.297,5.847,0.1155
"master","low_count",1,"gene290",FALSE,0.07,0.1249,4.416,2.174,0.05744
"mle","low_count",1,"gene290",FALSE,0.07,0.1632,4.416,2.841,0.05744
"cap_10s","low_count",1,"gene290",FALSE,0.07,0.1632,4.416,2.841,0.05744
"master","low_count",1,"gene291",FALSE,0.4683,0.8533,7.449,1.845,0.4625
"mle","low_count",1,"gene291",FALSE,0.4683,2.26,7.449,4.888,0.4625
"cap_10s","low_count",1,"gene291",FALSE,0.4683,2.26,7.449,4.888,0.4625
"cap_10s","low_count",1,"gene292",FALSE,0.5833,3.057,5.226,5.274,0.5795
"master","low_count",1,"gene292",FALSE,0.5833,1.301,5.226,2.245,0.5795
"mle","low_count",1,"gene292",FALSE,0.5833,3.057,5.226,5.274,0.5795
"master","low_count",1,"gene293",FALSE,0.44,0.9633,7.762,2.406,0.4004
"mle","low_count",1,"gene293",FALSE,0.44,13.62,7.762,34.02,0.4004
"cap_10s","low_count",1,"gene293",FALSE,0.44,4.004,7.762,10,0.4004
"master","low_count",1,"gene294",FALSE,0.3417,1.72,6.233,8.018,0.2145
"mle","low_count",1,"gene294",FALSE,0.3417,42.44,6.233,197.9,0.2145
"cap_10s","low_count",1,"gene294",FALSE,0.3417,2.145,6.233,10,0.2145
"master","low_count",1,"gene295",FALSE,0.2567,0.5859,2.321,2.61,0.2245
"mle","low_count",1,"gene295",FALSE,0.2567,0.5854,2.321,2.607,0.2245
"cap_10s","low_count",1,"gene295",FALSE,0.2567,0.5854,2.321,2.607,0.2245
"cap_10s","low_count",1,"gene296",FALSE,0.2133,1.559,2.2,6.997,0.2227
"mle","low_count",1,"gene296",FALSE,0.2133,1.559,2.2,6.997,0.2227
"master","low_count",1,"gene296",FALSE,0.2133,0.2848,2.2,1.279,0.2227
"master","low_count",1,"gene297",FALSE,0.5667,0.8669,2.057,1.771,0.4895
"mle","low_count",1,"gene297",FALSE,0.5667,1.03,2.057,2.104,0.4895
"cap_10s","low_count",1,"gene297",FALSE,0.5667,1.03,2.057,2.104,0.4895
"master","low_count",1,"gene298",FALSE,0.4033,1.248,3.558,3.649,0.3421
"mle","low_count",1,"gene298",FALSE,0.4033,4.485,3.558,13.11,0.3421
"cap_10s","low_count",1,"gene298",FALSE,0.4033,3.421,3.558,10,0.3421
"master","low_count",1,"gene299",FALSE,0.29,0.9372,2.771,4.089,0.2292
"mle","low_count",1,"gene299",FALSE,0.29,0.9377,2.771,4.091,0.2292
"cap_10s","low_count",1,"gene299",FALSE,0.29,0.9377,2.771,4.091,0.2292
"cap_10s","low_count",1,"gene3",FALSE,0.4267,2.734,5.38,10,0.2734
"master","low_count",1,"gene3",FALSE,0.4267,0.8382,5.38,3.065,0.2734
"mle","low_count",1,"gene3",FALSE,0.4267,3.679,5.38,13.45,0.2734
"cap_10s","low_count",1,"gene30",FALSE,0.4667,0.904,2.411,1.565,0.5778
"master","low_count",1,"gene30",FALSE,0.4667,0.9045,2.411,1.565,0.5778
"mle","low_count",1,"gene30",FALSE,0.4667,0.904,2.411,1.565,0.5778
"mle","low_count",1,"gene300",FALSE,0.5917,5.934,4.025,13.46,0.4409
"cap_10s","low_count",1,"gene300",FALSE,0.5917,4.409,4.025,10,0.4409
"master","low_count",1,"gene300",FALSE,0.5917,2.824,4.025,6.405,0.4409
"master","low_count",1,"gene31",FALSE,0.4483,0.8667,2.527,1.902,0.4558
"mle","low_count",1,"gene31",FALSE,0.4483,1.242,2.527,2.725,0.4558
"cap_10s","low_count",1,"gene31",FALSE,0.4483,1.242,2.527,2.725,0.4558
"mle","low_count",1,"gene32",FALSE,0.4817,2.183,4.969,4.758,0.4588
"cap_10s","low_count",1,"gene32",FALSE,0.4817,2.183,4.969,4.758,0.4588
"master","low_count",1,"gene32",FALSE,0.4817,0.7702,4.969,1.679,0.4588
"cap_10s","low_count",1,"gene33",FALSE,0.2567,2.503,2.881,9.732,0.2572
"master","low_count",1,"gene33",FALSE,0.2567,0.9349,2.881,3.635,0.2572
"mle","low_count",1,"gene33",FALSE,0.2567,2.503,2.881,9.732,0.2572
"cap_10s","low_count",1,"gene34",FALSE,0.1667,0.5032,4.539,4.53,0.1111
"master","low_count",1,"gene34",FALSE,0.1667,0.2734,4.539,2.462,0.1111
"mle","low_count",1,"gene34",FALSE,0.1667,0.5032,4.539,4.53,0.1111
"master","low_count",1,"gene35",FALSE,0.19,0.3481,2.279,2.119,0.1643
"cap_10s","low_count",1,"gene35",FALSE,0.19,0.3491,2.279,2.125,0.1643
"mle","low_count",1,"gene35",FALSE,0.19,0.3491,2.279,2.125,0.1643
"master","low_count",1,"gene36",FALSE,0.14,0.2053,4.59,1.985,0.1034
"cap_10s","low_count",1,"gene36",FALSE,0.14,0.409,4.59,3.954,0.1034
"mle","low_count",1,"gene36",FALSE,0.14,0.409,4.59,3.954,0.1034
"mle","low_count",1,"gene37",FALSE,0.19,0.5577,3.491,3.594,0.1552
"cap_10s","low_count",1,"gene37",FALSE,0.19,0.5577,3.491,3.594,0.1552
"master","low_count",1,"gene37",FALSE,0.19,0.2157,3.491,1.39,0.1552
"mle","low_count",1,"gene38",FALSE,0.4317,2.955,3.91,9.32,0.3171
"cap_10s","low_count",1,"gene38",FALSE,0.4317,2.955,3.91,9.32,0.3171
"master","low_count",1,"gene38",FALSE,0.4317,1.65,3.91,5.204,0.3171
"mle","low_count",1,"gene39",FALSE,0.2917,0.8221,2.406,3.122,0.2633
"cap_10s","low_count",1,"gene39",FALSE,0.2917,0.8221,2.406,3.122,0.2633
"master","low_count",1,"gene39",FALSE,0.2917,0.4575,2.406,1.737,0.2633
"cap_10s","low_count",1,"gene4",FALSE,0.3317,1.504,2.096,4.315,0.3486
"master","low_count",1,"gene4",FALSE,0.3317,1.509,2.096,4.329,0.3486
"mle","low_count",1,"gene4",FALSE,0.3317,1.504,2.096,4.315,0.3486
"cap_10s","low_count",1,"gene40",FALSE,0.31,1.557,5.375,5.785,0.2692
"master","low_count",1,"gene40",FALSE,0.31,0.6583,5.375,2.446,0.2692
"mle","low_count",1,"gene40",FALSE,0.31,1.557,5.375,5.785,0.2692
"mle","low_count",1,"gene41",FALSE,0.4867,2.058,3.507,4.024,0.5113
"cap_10s","low_count",1,"gene41",FALSE,0.4867,2.058,3.507,4.024,0.5113
"master","low_count",1,"gene41",FALSE,0.4867,1.082,3.507,2.116,0.5113
"cap_10s","low_count",1,"gene42",FALSE,0.1583,1.342,5.987,10,0.1342
"master","low_count",1,"gene42",FALSE,0.1583,0.2828,5.987,2.107,0.1342
"mle","low_count",1,"gene42",FALSE,0.1583,1.54,5.987,11.47,0.1342
"cap_10s","low_count",1,"gene43",FALSE,0.12,0.8896,5.58,10,0.08896
"master","low_count",1,"gene43",FALSE,0.12,0.7433,5.58,8.356,0.08896
"mle","low_count",1,"gene43",FALSE,0.12,2.181,5.58,24.51,0.08896
"cap_10s","low_count",1,"gene44",FALSE,0.1433,0.5867,4.698,5.671,0.1035
"master","low_count",1,"gene44",FALSE,0.1433,0.1749,4.698,1.691,0.1035
"mle","low_count",1,"gene44",FALSE,0.1433,0.5867,4.698,5.671,0.1035
"mle","low_count",1,"gene45",FALSE,0.2167,1.011,5.96,4.851,0.2084
"master","low_count",1,"gene45",FALSE,0.2167,0.4421,5.96,2.121,0.2084
"cap_10s","low_count",1,"gene45",FALSE,0.2167,1.011,5.96,4.851,0.2084
"cap_10s","low_count",1,"gene46",FALSE,0.08,0.821,5.654,10,0.0821
"master","low_count",1,"gene46",FALSE,0.08,0.1173,5.654,1.429,0.0821
"mle","low_count",1,"gene46",FALSE,0.08,1.71,5.654,20.83,0.0821
"cap_10s","low_count",1,"gene47",FALSE,0.295,0.4627,2.115,2.47,0.1873
"master","low_count",1,"gene47",FALSE,0.295,0.3222,2.115,1.72,0.1873
"mle","low_count",1,"gene47",FALSE,0.295,0.4627,2.115,2.47,0.1873
"cap_10s","low_count",1,"gene48",FALSE,0.1433,1.214,7.489,10,0.1214
"master","low_count",1,"gene48",FALSE,0.1433,0.7264,7.489,5.983,0.1214
"mle","low_count",1,"gene48",FALSE,0.1433,3.012,7.489,24.81,0.1214
"master","low_count",1,"gene49",FALSE,0.635,1.532,2.038,2.58,0.5938
"mle","low_count",1,"gene49",FALSE,0.635,1.838,2.038,3.095,0.5938
"cap_10s","low_count",1,"gene49",FALSE,0.635,1.838,2.038,3.095,0.5938
"mle","low_count",1,"gene5",FALSE,0.675,1.017,2.219,2.623,0.3878
"master","low_count",1,"gene5",FALSE,0.675,1.01,2.219,2.603,0.3878
"cap_10s","low_count",1,"gene5",FALSE,0.675,1.017,2.219,2.623,0.3878
"cap_10s","low_count",1,"gene50",FALSE,0.3667,2.488,3.992,6.943,0.3584
"master","low_count",1,"gene50",FALSE,0.3667,1.113,3.992,3.105,0.3584
"mle","low_count",1,"gene50",FALSE,0.3667,2.488,3.992,6.943,0.3584
"cap_10s","low_count",1,"gene51",FALSE,0.3667,1.02,2.073,2.887,0.3533
"master","low_count",1,"gene51",FALSE,0.3667,0.6902,2.073,1.954,0.3533
"mle","low_count",1,"gene51",FALSE,0.3667,1.02,2.073,2.887,0.3533
"cap_10s","low_count",1,"gene52",TRUE,0.105,0.6322,7.441,10,0.06322
"master","low_count",1,"gene52",TRUE,0.105,0.3521,7.441,5.57,0.06322
"mle","low_count",1,"gene52",TRUE,0.105,658500,7.441,10420000,0.06322
"cap_10s","low_count",1,"gene53",FALSE,0.2883,1.202,2.824,5.035,0.2386
"master","low_count",1,"gene53",FALSE,0.2883,0.4721,2.824,1.978,0.2386
"mle","low_count",1,"gene53",FALSE,0.2883,1.202,2.824,5.035,0.2386
"mle","low_count",1,"gene54",FALSE,0.1867,0.4419,3.317,2.978,0.1484
"cap_10s","low_count",1,"gene54",FALSE,0.1867,0.4419,3.317,2.978,0.1484
"master","low_count",1,"gene54",FALSE,0.1867,0.4428,3.317,2.984,0.1484
"cap_10s","low_count",1,"gene55",FALSE,0.19,0.9478,3.57,8.653,0.1095
"master","low_count",1,"gene55",FALSE,0.19,0.5989,3.57,5.467,0.1095
"mle","low_count",1,"gene55",FALSE,0.19,0.9478,3.57,8.653,0.1095
"cap_10s","low_count",1,"gene56",FALSE,0.1433,0.3468,5.331,2.958,0.1172
"master","low_count",1,"gene56",FALSE,0.1433,0.2752,5.331,2.348,0.1172
"mle","low_count",1,"gene56",FALSE,0.1433,0.3468,5.331,2.958,0.1172
"cap_10s","low_count",1,"gene57",FALSE,0.1717,1.293,5.758,10,0.1293
"master","low_count",1,"gene57",FALSE,0.1717,0.6184,5.758,4.781,0.1293
"mle","low_count",1,"gene57",FALSE,0.1717,6.939,5.758,53.65,0.1293
"mle","low_count",1,"gene58",FALSE,0.1167,0.4081,3.995,3.961,0.103
"master","low_count",1,"gene58",FALSE,0.1167,0.3479,3.995,3.377,0.103
"cap_10s","low_count",1,"gene58",FALSE,0.1167,0.4081,3.995,3.961,0.103
"master","low_count",1,"gene59",FALSE,0.445,0.8886,3.487,2.669,0.3329
"cap_10s","low_count",1,"gene59",FALSE,0.445,1.06,3.487,3.183,0.3329
"mle","low_count",1,"gene59",FALSE,0.445,1.06,3.487,3.183,0.3329
"cap_10s","low_count",1,"gene6",FALSE,0.1667,0.9098,3.261,5.158,0.1764
"master","low_count",1,"gene6",FALSE,0.1667,0.8068,3.261,4.574,0.1764
"mle","low_count",1,"gene6",FALSE,0.1667,0.9098,3.261,5.158,0.1764
"master","low_count",1,"gene60",FALSE,0.3067,0.6166,5.507,2.216,0.2782
"cap_10s","low_count",1,"gene60",FALSE,0.3067,2.006,5.507,7.209,0.2782
"mle","low_count",1,"gene60",FALSE,0.3067,2.006,5.507,7.209,0.2782
"cap_10s","low_count",1,"gene61",FALSE,0.3117,0.6458,3.087,2.385,0.2707
"mle","low_count",1,"gene61",FALSE,0.3117,0.6458,3.087,2.385,0.2707
"master","low_count",1,"gene61",FALSE,0.3117,0.5237,3.087,1.934,0.2707
"mle","low_count",1,"gene62",FALSE,0.21,0.3637,3.648,2.58,0.141
"master","low_count",1,"gene62",FALSE,0.21,0.2471,3.648,1.752,0.141
"cap_10s","low_count",1,"gene62",FALSE,0.21,0.3637,3.648,2.58,0.141
"master","low_count",1,"gene63",FALSE,0.34,0.893,7.304,2.75,0.3247
"cap_10s","low_count",1,"gene63",FALSE,0.34,2.55,7.304,7.854,0.3247
"mle","low_count",1,"gene63",FALSE,0.34,2.55,7.304,7.854,0.3247
"master","low_count",1,"gene64",FALSE,0.1133,0.3463,5.761,3.078,0.1125
"cap_10s","low_count",1,"gene64",FALSE,0.1133,1.125,5.761,10,0.1125
"mle","low_count",1,"gene64",FALSE,0.1133,2.31,5.761,20.53,0.1125
"cap_10s","low_count",1,"gene65",FALSE,0.09333,0.6532,3.425,8.478,0.07705
"master","low_count",1,"gene65",FALSE,0.09333,0.2329,3.425,3.023,0.07705
"mle","low_count",1,"gene65",FALSE,0.09333,0.6532,3.425,8.478,0.07705
"cap_10s","low_count",1,"gene66",FALSE,0.7183,2.709,2.558,3.932,0.6891
"master","low_count",1,"gene66",FALSE,0.7183,1.578,2.558,2.29,0.6891
"mle","low_count",1,"gene66",FALSE,0.7183,2.709,2.558,3.932,0.6891
"cap_10s","low_count",1,"gene67",FALSE,0.34,0.796,2.37,2.42,0.3289
"master","low_count",1,"gene67",FALSE,0.34,0.745,2.37,2.265,0.3289
"mle","low_count",1,"gene67",FALSE,0.34,0.796,2.37,2.42,0.3289
"cap_10s","low_count",1,"gene68",FALSE,0.1417,0.4694,2.685,4.528,0.1037
"master","low_count",1,"gene68",FALSE,0.1417,0.2659,2.685,2.566,0.1037
"mle","low_count",1,"gene68",FALSE,0.1417,0.4694,2.685,4.528,0.1037
"cap_10s","low_count",1,"gene69",FALSE,0.5567,1.364,2.007,2.725,0.5005
"master","low_count",1,"gene69",FALSE,0.5567,1.363,2.007,2.724,0.5005
"mle","low_count",1,"gene69",FALSE,0.5567,1.364,2.007,2.725,0.5005
"cap_10s","low_count",1,"gene7",FALSE,0.4783,1.597,7.196,6.314,0.253
"master","low_count",1,"gene7",FALSE,0.4783,0.4561,7.196,1.803,0.253
"mle","low_count",1,"gene7",FALSE,0.4783,1.597,7.196,6.314,0.253
"mle","low_count",1,"gene70",TRUE,0.18,2935000,6.118,25550000,0.1149
"cap_10s","low_count",1,"gene70",TRUE,0.18,1.149,6.118,10,0.1149
"master","low_count",1,"gene70",TRUE,0.18,1.193,6.118,10.38,0.1149
"master","low_count",1,"gene71",FALSE,0.2617,0.6317,6.759,2.586,0.2443
"mle","low_count",1,"gene71",FALSE,0.2617,2.127,6.759,8.708,0.2443
"cap_10s","low_count",1,"gene71",FALSE,0.2617,2.127,6.759,8.708,0.2443
"master","low_count",1,"gene72",FALSE,0.5567,1.545,3.904,3.748,0.4122
"mle","low_count",1,"gene72",FALSE,0.5567,2.109,3.904,5.118,0.4122
"cap_10s","low_count",1,"gene72",FALSE,0.5567,2.109,3.904,5.118,0.4122
"master","low_count",1,"gene73",FALSE,0.3183,0.5215,2.248,2.325,0.2243
"mle","low_count",1,"gene73",FALSE,0.3183,0.5121,2.248,2.284,0.2243
"cap_10s","low_count",1,"gene73",FALSE,0.3183,0.5121,2.248,2.284,0.2243
"master","low_count",1,"gene74",FALSE,0.24,0.6431,3.119,3.578,0.1797
"mle","low_count",1,"gene74",FALSE,0.24,1.253,3.119,6.972,0.1797
"cap_10s","low_count",1,"gene74",FALSE,0.24,1.253,3.119,6.972,0.1797
"master","low_count",1,"gene75",FALSE,0.1133,0.4124,5.219,5.601,0.07363
"mle","low_count",1,"gene75",FALSE,0.1133,0.8162,5.219,11.09,0.07363
"cap_10s","low_count",1,"gene75",FALSE,0.1133,0.7363,5.219,10,0.07363
"master","low_count",1,"gene76",FALSE,0.3,0.6563,3.297,2.779,0.2362
"mle","low_count",1,"gene76",FALSE,0.3,1.035,3.297,4.382,0.2362
"cap_10s","low_count",1,"gene76",FALSE,0.3,1.035,3.297,4.382,0.2362
"master","low_count",1,"gene77",FALSE,0.6133,1.442,6.88,2.408,0.5986
"mle","low_count",1,"gene77",FALSE,0.6133,7.865,6.88,13.14,0.5986
"cap_10s","low_count",1,"gene77",FALSE,0.6133,5.986,6.88,10,0.5986
"master","low_count",1,"gene78",FALSE,0.09833,0.232,6.325,3.592,0.06459
"cap_10s","low_count",1,"gene78",FALSE,0.09833,0.5676,6.325,8.788,0.06459
"mle","low_count",1,"gene78",FALSE,0.09833,0.5676,6.325,8.788,0.06459
"master","low_count",1,"gene79",FALSE,0.465,0.8488,2.278,2.091,0.4059
"mle","low_count",1,"gene79",FALSE,0.465,1.051,2.278,2.589,0.4059
"cap_10s","low_count",1,"gene79",FALSE,0.465,1.051,2.278,2.589,0.4059
"cap_10s","low_count",1,"gene8",FALSE,0.065,0.4763,7.399,6.446,0.07388
"master","low_count",1,"gene8",FALSE,0.065,0.1654,7.399,2.239,0.07388
"mle","low_count",1,"gene8",FALSE,0.065,0.4763,7.399,6.446,0.07388
"mle","low_count",1,"gene80",FALSE,0.09833,1.3,4.937,20.08,0.06474
"cap_10s","low_count",1,"gene80",FALSE,0.09833,0.6474,4.937,10,0.06474
"master","low_count",1,"gene80",FALSE,0.09833,0.3129,4.937,4.834,0.06474
"mle","low_count",1,"gene81",FALSE,0.415,2.349,7.632,5.406,0.4344
"cap_10s","low_count",1,"gene81",FALSE,0.415,2.349,7.632,5.406,0.4344
"master","low_count",1,"gene81",FALSE,0.415,0.7171,7.632,1.651,0.4344
"cap_10s","low_count",1,"gene82",FALSE,0.1383,0.6618,2.145,6.278,0.1054
"master","low_count",1,"gene82",FALSE,0.1383,0.3225,2.145,3.059,0.1054
"mle","low_count",1,"gene82",FALSE,0.1383,0.6618,2.145,6.278,0.1054
"master","low_count",1,"gene83",FALSE,0.1783,0.2751,7.304,1.937,0.142
"mle","low_count",1,"gene83",FALSE,0.1783,0.9417,7.304,6.63,0.142
"cap_10s","low_count",1,"gene83",FALSE,0.1783,0.9417,7.304,6.63,0.142
"cap_10s","low_count",1,"gene84",FALSE,0.17,0.5304,2.249,3.112,0.1704
"master","low_count",1,"gene84",FALSE,0.17,0.4503,2.249,2.642,0.1704
"mle","low_count",1,"gene84",FALSE,0.17,0.5304,2.249,3.112,0.1704
"master","low_count",1,"gene85",FALSE,0.19,0.3555,5.846,2.278,0.1561
"mle","low_count",1,"gene85",FALSE,0.19,0.6174,5.846,3.956,0.1561
"cap_10s","low_count",1,"gene85",FALSE,0.19,0.6174,5.846,3.956,0.1561
"mle","low_count",1,"gene86",FALSE,0.2067,1.185,3.432,6.795,0.1744
"master","low_count",1,"gene86",FALSE,0.2067,0.526,3.432,3.016,0.1744
"cap_10s","low_count",1,"gene86",FALSE,0.2067,1.185,3.432,6.795,0.1744
"master","low_count",1,"gene87",FALSE,0.135,0.3014,3.096,2.841,0.1061
"mle","low_count",1,"gene87",FALSE,0.135,0.4423,3.096,4.17,0.1061
"cap_10s","low_count",1,"gene87",FALSE,0.135,0.4423,3.096,4.17,0.1061
"master","low_count",1,"gene88",FALSE,0.1967,0.489,2.579,3.132,0.1562
"cap_10s","low_count",1,"gene88",FALSE,0.1967,0.4895,2.579,3.135,0.1562
"mle","low_count",1,"gene88",FALSE,0.1967,0.4895,2.579,3.135,0.1562
"master","low_count",1,"gene89",FALSE,0.5317,1.049,2.446,2.19,0.4788
"mle","low_count",1,"gene89",FALSE,0.5317,1.214,2.446,2.537,0.4788
"cap_10s","low_count",1,"gene89",FALSE,0.5317,1.214,2.446,2.537,0.4788
"master","low_count",1,"gene9",FALSE,0.1417,0.2015,7.559,2.268,0.08884
"mle","low_count",1,"gene9",FALSE,0.1417,0.5134,7.559,5.779,0.08884
"cap_10s","low_count",1,"gene9",FALSE,0.1417,0.5134,7.559,5.779,0.08884
"master","low_count",1,"gene90",FALSE,0.5367,0.8649,2.095,1.641,0.527
"cap_10s","low_count",1,"gene90",FALSE,0.5367,1.207,2.095,2.29,0.527
"mle","low_count",1,"gene90",FALSE,0.5367,1.207,2.095,2.29,0.527
"cap_10s","low_count",1,"gene91",FALSE,0.6767,2.38,2.066,4.728,0.5034
"master","low_count",1,"gene91",FALSE,0.6767,1.662,2.066,3.302,0.5034
"mle","low_count",1,"gene91",FALSE,0.6767,2.38,2.066,4.728,0.5034
"master","low_count",1,"gene92",FALSE,0.2833,0.7252,2.863,2.567,0.2825
"cap_10s","low_count",1,"gene92",FALSE,0.2833,1.089,2.863,3.853,0.2825
"mle","low_count",1,"gene92",FALSE,0.2833,1.089,2.863,3.853,0.2825
"cap_10s","low_count",1,"gene93",FALSE,0.1117,0.6977,2.79,10,0.06977
"master","low_count",1,"gene93",FALSE,0.1117,0.214,2.79,3.068,0.06977
"mle","low_count",1,"gene93",FALSE,0.1117,0.9301,2.79,13.33,0.06977
"cap_10s","low_count",1,"gene94",FALSE,0.2317,0.7251,2.658,3.97,0.1827
"mle","low_count",1,"gene94",FALSE,0.2317,0.7251,2.658,3.97,0.1827
"master","low_count",1,"gene94",FALSE,0.2317,0.4683,2.658,2.564,0.1827
"cap_10s","low_count",1,"gene95",FALSE,0.2033,0.3496,2.067,2.114,0.1654
"master","low_count",1,"gene95",FALSE,0.2033,0.3495,2.067,2.113,0.1654
"mle","low_count",1,"gene95",FALSE,0.2033,0.3496,2.067,2.114,0.1654
"master","low_count",1,"gene96",FALSE,0.1617,0.379,6.49,2.907,0.1304
"mle","low_count",1,"gene96",FALSE,0.1617,0.7462,6.49,5.724,0.1304
"cap_10s","low_count",1,"gene96",FALSE,0.1617,0.7462,6.49,5.724,0.1304
"cap_10s","low_count",1,"gene97",FALSE,0.4017,2.627,4.418,6.276,0.4186
"master","low_count",1,"gene97",FALSE,0.4017,1.088,4.418,2.599,0.4186
"mle","low_count",1,"gene97",FALSE,0.4017,2.627,4.418,6.276,0.4186
"master","low_count",1,"gene98",FALSE,0.4633,1.103,2.389,2.944,0.3747
"mle","low_count",1,"gene98",FALSE,0.4633,1.11,2.389,2.963,0.3747
"cap_10s","low_count",1,"gene98",FALSE,0.4633,1.11,2.389,2.963,0.3747
"mle","low_count",1,"gene99",FALSE,0.605,1.71,2.302,3.557,0.4808
"cap_10s","low_count",1,"gene99",FALSE,0.605,1.71,2.302,3.557,0.4808
"master","low_count",1,"gene99",FALSE,0.605,1.709,2.302,3.555,0.4808
"mle","low_count",2,"gene1",FALSE,0.5383,1.08,2.573,4.272,0.2527
"cap_10s","low_count",2,"gene1",FALSE,0.5383,1.08,2.573,4.272,0.2527
"master","low_count",2,"gene1",FALSE,0.5383,0.588,2.573,2.327,0.2527
"cap_10s","low_count",2,"gene10",FALSE,0.1717,1.34,3.617,5.675,0.2361
"master","low_count",2,"gene10",FALSE,0.1717,0.6923,3.617,2.932,0.2361
"mle","low_count",2,"gene10",FALSE,0.1717,1.34,3.617,5.675,0.2361
"mle","low_count",2,"gene100",FALSE,0.1467,0.5393,6.089,3.999,0.1349
"cap_10s","low_count",2,"gene100",FALSE,0.1467,0.5393,6.089,3.999,0.1349
"master","low_count",2,"gene100",FALSE,0.1467,0.2337,6.089,1.733,0.1349
"cap_10s","low_count",2,"gene101",FALSE,0.1567,0.4811,2.096,4.708,0.1022
"master","low_count",2,"gene101",FALSE,0.1567,0.2295,2.096,2.246,0.1022
"mle","low_count",2,"gene101",FALSE,0.1567,0.4811,2.096,4.708,0.1022
"master","low_count",2,"gene102",FALSE,0.175,0.2404,3.103,1.817,0.1323
"cap_10s","low_count",2,"gene102",FALSE,0.175,0.8656,3.103,6.544,0.1323
"mle","low_count",2,"gene102",FALSE,0.175,0.8656,3.103,6.544,0.1323
"cap_10s","low_count",2,"gene103",FALSE,0.275,1.191,2.917,4.914,0.2424
"master","low_count",2,"gene103",FALSE,0.275,0.3872,2.917,1.597,0.2424
"mle","low_count",2,"gene103",FALSE,0.275,1.191,2.917,4.914,0.2424
"cap_10s","low_count",2,"gene104",FALSE,0.4467,3.728,7.898,10,0.3728
"master","low_count",2,"gene104",FALSE,0.4467,0.8668,7.898,2.325,0.3728
"mle","low_count",2,"gene104",FALSE,0.4467,4.449,7.898,11.93,0.3728
"cap_10s","low_count",2,"gene105",FALSE,0.1183,0.3336,4.121,4.98,0.06699
"master","low_count",2,"gene105",FALSE,0.1183,0.3336,4.121,4.98,0.06699
"mle","low_count",2,"gene105",FALSE,0.1183,0.3336,4.121,4.98,0.06699
"cap_10s","low_count",2,"gene106",FALSE,0.2783,0.3361,2.091,2.147,0.1565
"master","low_count",2,"gene106",FALSE,0.2783,0.3361,2.091,2.147,0.1565
"mle","low_count",2,"gene106",FALSE,0.2783,0.3361,2.091,2.147,0.1565
"cap_10s","low_count",2,"gene107",TRUE,0.07667,0.4701,7.301,10,0.04701
"master","low_count",2,"gene107",TRUE,0.07667,0.1683,7.301,3.58,0.04701
"mle","low_count",2,"gene107",TRUE,0.07667,22030,7.301,468600,0.04701
"cap_10s","low_count",2,"gene108",FALSE,0.42,1.66,5.512,4.166,0.3986
"master","low_count",2,"gene108",FALSE,0.42,0.8271,5.512,2.075,0.3986
"mle","low_count",2,"gene108",FALSE,0.42,1.66,5.512,4.166,0.3986
"cap_10s","low_count",2,"gene109",FALSE,0.1983,1.685,6.447,10,0.1685
"master","low_count",2,"gene109",FALSE,0.1983,0.3371,6.447,2,0.1685
"mle","low_count",2,"gene109",FALSE,0.1983,3.961,6.447,23.5,0.1685
"cap_10s","low_count",2,"gene11",FALSE,0.1717,1.1,2.12,10,0.11
"master","low_count",2,"gene11",FALSE,0.1717,0.5461,2.12,4.963,0.11
"mle","low_count",2,"gene11",FALSE,0.1717,1.881,2.12,17.09,0.11
"mle","low_count",2,"gene110",FALSE,0.2467,0.9505,5.27,3.96,0.24
"cap_10s","low_count",2,"gene110",FALSE,0.2467,0.9505,5.27,3.96,0.24
"master","low_count",2,"gene110",FALSE,0.2467,0.9063,5.27,3.776,0.24
"master","low_count",2,"gene111",FALSE,0.2267,0.4944,4.158,2.027,0.2439
"mle","low_count",2,"gene111",FALSE,0.2267,1.206,4.158,4.944,0.2439
"cap_10s","low_count",2,"gene111",FALSE,0.2267,1.206,4.158,4.944,0.2439
"master","low_count",2,"gene112",FALSE,0.3633,1.224,4.68,3.316,0.3691
"mle","low_count",2,"gene112",FALSE,0.3633,2.52,4.68,6.826,0.3691
"cap_10s","low_count",2,"gene112",FALSE,0.3633,2.52,4.68,6.826,0.3691
"master","low_count",2,"gene113",FALSE,0.2483,0.4251,7.637,1.846,0.2303
"mle","low_count",2,"gene113",FALSE,0.2483,100.9,7.637,438,0.2303
"cap_10s","low_count",2,"gene113",FALSE,0.2483,2.303,7.637,10,0.2303
"master","low_count",2,"gene114",FALSE,0.105,0.1091,5.526,1.605,0.068
"mle","low_count",2,"gene114",FALSE,0.105,0.6063,5.526,8.917,0.068
"cap_10s","low_count",2,"gene114",FALSE,0.105,0.6063,5.526,8.917,0.068
"master","low_count",2,"gene115",FALSE,0.3183,0.6917,3.2,2.616,0.2644
"mle","low_count",2,"gene115",FALSE,0.3183,0.6917,3.2,2.616,0.2644
"cap_10s","low_count",2,"gene115",FALSE,0.3183,0.6917,3.2,2.616,0.2644
"master","low_count",2,"gene116",FALSE,0.14,0.3618,2.759,5.177,0.06989
"cap_10s","low_count",2,"gene116",FALSE,0.14,0.4943,2.759,7.072,0.06989
"mle","low_count",2,"gene116",FALSE,0.14,0.4943,2.759,7.072,0.06989
"master","low_count",2,"gene117",FALSE,0.2183,0.6405,2.231,4.72,0.1357
"cap_10s","low_count",2,"gene117",FALSE,0.2183,0.6405,2.231,4.72,0.1357
"mle","low_count",2,"gene117",FALSE,0.2183,0.6405,2.231,4.72,0.1357
"mle","low_count",2,"gene118",FALSE,0.21,1.557,5.247,8.201,0.1899
"cap_10s","low_count",2,"gene118",FALSE,0.21,1.557,5.247,8.201,0.1899
"master","low_count",2,"gene118",FALSE,0.21,1.198,5.247,6.308,0.1899
"mle","low_count",2,"gene119",FALSE,0.3817,1.043,3.085,2.646,0.394
"master","low_count",2,"gene119",FALSE,0.3817,0.8478,3.085,2.152,0.394
"cap_10s","low_count",2,"gene119",FALSE,0.3817,1.043,3.085,2.646,0.394
"cap_10s","low_count",2,"gene12",FALSE,0.085,0.3502,4.882,4.271,0.08198
"master","low_count",2,"gene12",FALSE,0.085,0.3105,4.882,3.787,0.08198
"mle","low_count",2,"gene12",FALSE,0.085,0.3502,4.882,4.271,0.08198
"master","low_count",2,"gene120",FALSE,0.6333,1.361,6.894,2.092,0.6504
"mle","low_count",2,"gene120",FALSE,0.6333,2.292,6.894,3.524,0.6504
"cap_10s","low_count",2,"gene120",FALSE,0.6333,2.292,6.894,3.524,0.6504
"cap_10s","low_count",2,"gene121",FALSE,0.095,0.2385,3.376,2.382,0.1001
"mle","low_count",2,"gene121",FALSE,0.095,0.2385,3.376,2.382,0.1001
"master","low_count",2,"gene121",FALSE,0.095,0.1514,3.376,1.512,0.1001
"cap_10s","low_count",2,"gene122",FALSE,0.3633,1.041,2.027,3.396,0.3065
"mle","low_count",2,"gene122",FALSE,0.3633,1.041,2.027,3.396,0.3065
"master","low_count",2,"gene122",FALSE,0.3633,0.7549,2.027,2.463,0.3065
"master","low_count",2,"gene123",FALSE,0.15,0.2712,2.388,1.748,0.1551
"mle","low_count",2,"gene123",FALSE,0.15,0.4315,2.388,2.781,0.1551
"cap_10s","low_count",2,"gene123",FALSE,0.15,0.4315,2.388,2.781,0.1551
"master","low_count",2,"gene124",FALSE,0.2067,0.3775,2.349,1.681,0.2246
"cap_10s","low_count",2,"gene124",FALSE,0.2067,0.5628,2.349,2.505,0.2246
"mle","low_count",2,"gene124",FALSE,0.2067,0.5628,2.349,2.505,0.2246
"cap_10s","low_count",2,"gene125",FALSE,0.2267,2.211,6.31,10,0.2211
"master","low_count",2,"gene125",FALSE,0.2267,0.4499,6.31,2.035,0.2211
"mle","low_count",2,"gene125",FALSE,0.2267,10.45,6.31,47.28,0.2211
"mle","low_count",2,"gene126",FALSE,0.1767,1.059,3.685,7.109,0.1489
"master","low_count",2,"gene126",FALSE,0.1767,0.5374,3.685,3.609,0.1489
"cap_10s","low_count",2,"gene126",FALSE,0.1767,1.059,3.685,7.109,0.1489
"mle","low_count",2,"gene127",FALSE,0.1933,0.3766,3.458,2.361,0.1595
"master","low_count",2,"gene127",FALSE,0.1933,0.2389,3.458,1.498,0.1595
"cap_10s","low_count",2,"gene127",FALSE,0.1933,0.3766,3.458,2.361,0.1595
"master","low_count",2,"gene128",FALSE,0.34,1.435,4.221,5.012,0.2862
"cap_10s","low_count",2,"gene128",FALSE,0.34,1.435,4.221,5.012,0.2862
"mle","low_count",2,"gene128",FALSE,0.34,1.435,4.221,5.012,0.2862
"master","low_count",2,"gene129",FALSE,0.4517,1.19,2.477,2.832,0.4203
"cap_10s","low_count",2,"gene129",FALSE,0.4517,1.518,2.477,3.611,0.4203
"mle","low_count",2,"gene129",FALSE,0.4517,1.518,2.477,3.611,0.4203
"cap_10s","low_count",2,"gene13",FALSE,0.7833,2.539,3.512,5.946,0.427
"master","low_count",2,"gene13",FALSE,0.7833,2.539,3.512,5.946,0.427
"mle","low_count",2,"gene13",FALSE,0.7833,2.539,3.512,5.946,0.427
"master","low_count",2,"gene130",FALSE,0.1183,0.2249,5.06,1.851,0.1215
"mle","low_count",2,"gene130",FALSE,0.1183,0.7589,5.06,6.248,0.1215
"cap_10s","low_count",2,"gene130",FALSE,0.1183,0.7589,5.06,6.248,0.1215
"cap_10s","low_count",2,"gene131",FALSE,0.085,0.3254,2.048,3.96,0.08218
"master","low_count",2,"gene131",FALSE,0.085,0.1405,2.048,1.71,0.08218
"mle","low_count",2,"gene131",FALSE,0.085,0.3254,2.048,3.96,0.08218
"master","low_count",2,"gene132",FALSE,0.3283,0.8592,2.181,3.23,0.266
"cap_10s","low_count",2,"gene132",FALSE,0.3283,0.8592,2.181,3.23,0.266
"mle","low_count",2,"gene132",FALSE,0.3283,0.8592,2.181,3.23,0.266
"master","low_count",2,"gene133",FALSE,0.12,0.569,3.311,3.848,0.1479
"cap_10s","low_count",2,"gene133",FALSE,0.12,0.569,3.311,3.848,0.1479
"mle","low_count",2,"gene133",FALSE,0.12,0.569,3.311,3.848,0.1479
"cap_10s","low_count",2,"gene134",FALSE,0.08667,0.845,4.977,10,0.0845
"mle","low_count",2,"gene134",FALSE,0.08667,1.354,4.977,16.02,0.0845
"master","low_count",2,"gene134",FALSE,0.08667,0.1575,4.977,1.864,0.0845
"cap_10s","low_count",2,"gene135",FALSE,0.1883,1.142,6.214,6.279,0.1818
"mle","low_count",2,"gene135",FALSE,0.1883,1.142,6.214,6.279,0.1818
"master","low_count",2,"gene135",FALSE,0.1883,0.4025,6.214,2.214,0.1818
"master","low_count",2,"gene136",FALSE,0.5567,0.8551,3.98,1.479,0.5783
"mle","low_count",2,"gene136",FALSE,0.5567,31.71,3.98,54.83,0.5783
"cap_10s","low_count",2,"gene136",FALSE,0.5567,5.783,3.98,10,0.5783
"master","low_count",2,"gene137",FALSE,0.2567,0.4645,7.628,1.917,0.2423
"cap_10s","low_count",2,"gene137",FALSE,0.2567,2.292,7.628,9.461,0.2423
"mle","low_count",2,"gene137",FALSE,0.2567,2.292,7.628,9.461,0.2423
"cap_10s","low_count",2,"gene138",FALSE,0.28,2.89,5.867,9.695,0.2981
"master","low_count",2,"gene138",FALSE,0.28,0.5753,5.867,1.929,0.2981
"mle","low_count",2,"gene138",FALSE,0.28,2.89,5.867,9.695,0.2981
"mle","low_count",2,"gene139",FALSE,0.125,0.4087,2.955,5.235,0.07807
"master","low_count",2,"gene139",FALSE,0.125,0.1918,2.955,2.456,0.07807
"cap_10s","low_count",2,"gene139",FALSE,0.125,0.4087,2.955,5.235,0.07807
"mle","low_count",2,"gene14",FALSE,0.215,1.242,4.918,4.544,0.2732
"cap_10s","low_count",2,"gene14",FALSE,0.215,1.242,4.918,4.544,0.2732
"master","low_count",2,"gene14",FALSE,0.215,0.4833,4.918,1.769,0.2732
"mle","low_count",2,"gene140",FALSE,0.3217,0.768,3.539,3.431,0.2239
"cap_10s","low_count",2,"gene140",FALSE,0.3217,0.768,3.539,3.431,0.2239
"master","low_count",2,"gene140",FALSE,0.3217,0.3437,3.539,1.535,0.2239
"cap_10s","low_count",2,"gene141",FALSE,0.6083,5.448,5.717,10,0.5448
"master","low_count",2,"gene141",FALSE,0.6083,1.076,5.717,1.975,0.5448
"mle","low_count",2,"gene141",FALSE,0.6083,12.82,5.717,23.53,0.5448
"cap_10s","low_count",2,"gene142",FALSE,0.1033,0.3386,3.245,4.618,0.07332
"master","low_count",2,"gene142",FALSE,0.1033,0.2631,3.245,3.588,0.07332
"mle","low_count",2,"gene142",FALSE,0.1033,0.3386,3.245,4.618,0.07332
"master","low_count",2,"gene143",FALSE,0.1017,0.1618,4.739,1.749,0.09249
"cap_10s","low_count",2,"gene143",FALSE,0.1017,0.5071,4.739,5.483,0.09249
"mle","low_count",2,"gene143",FALSE,0.1017,0.5071,4.739,5.483,0.09249
"master","low_count",2,"gene144",FALSE,0.5933,1.653,2.206,3.067,0.5389
"cap_10s","low_count",2,"gene144",FALSE,0.5933,1.653,2.206,3.067,0.5389
"mle","low_count",2,"gene144",FALSE,0.5933,1.653,2.206,3.067,0.5389
"cap_10s","low_count",2,"gene145",FALSE,0.1933,0.556,2.1,3.238,0.1717
"master","low_count",2,"gene145",FALSE,0.1933,0.5208,2.1,3.033,0.1717
"mle","low_count",2,"gene145",FALSE,0.1933,0.556,2.1,3.238,0.1717
"master","low_count",2,"gene146",FALSE,0.1383,0.3039,3.515,2.789,0.109
"cap_10s","low_count",2,"gene146",FALSE,0.1383,0.4287,3.515,3.934,0.109
"mle","low_count",2,"gene146",FALSE,0.1383,0.4287,3.515,3.934,0.109
"cap_10s","low_count",2,"gene147",FALSE,0.415,1.581,3.614,4.71,0.3356
"master","low_count",2,"gene147",FALSE,0.415,0.614,3.614,1.83,0.3356
"mle","low_count",2,"gene147",FALSE,0.415,1.581,3.614,4.71,0.3356
"cap_10s","low_count",2,"gene148",TRUE,0.06167,0.5769,7.835,10,0.05769
"mle","low_count",2,"gene148",TRUE,0.06167,1330000,7.835,23050000,0.05769
"master","low_count",2,"gene148",TRUE,0.06167,0.1088,7.835,1.886,0.05769
"cap_10s","low_count",2,"gene149",FALSE,0.11,0.5939,5.703,6.668,0.08908
"master","low_count",2,"gene149",FALSE,0.11,0.1942,5.703,2.181,0.08908
"mle","low_count",2,"gene149",FALSE,0.11,0.5939,5.703,6.668,0.08908
"cap_10s","low_count",2,"gene15",FALSE,0.4467,0.9845,4.297,3.275,0.3006
"master","low_count",2,"gene15",FALSE,0.4467,0.7266,4.297,2.417,0.3006
"mle","low_count",2,"gene15",FALSE,0.4467,0.9845,4.297,3.275,0.3006
"master","low_count",2,"gene150",FALSE,0.56,2.022,2.595,4.637,0.4359
"mle","low_count",2,"gene150",FALSE,0.56,2.022,2.595,4.637,0.4359
"cap_10s","low_count",2,"gene150",FALSE,0.56,2.022,2.595,4.637,0.4359
"cap_10s","low_count",2,"gene151",FALSE,0.1667,0.3026,2.576,2.119,0.1428
"master","low_count",2,"gene151",FALSE,0.1667,0.2022,2.576,1.416,0.1428
"mle","low_count",2,"gene151",FALSE,0.1667,0.3026,2.576,2.119,0.1428
"master","low_count",2,"gene152",FALSE,0.09167,0.1797,3.807,1.895,0.09483
"mle","low_count",2,"gene152",FALSE,0.09167,1.879,3.807,19.82,0.09483
"cap_10s","low_count",2,"gene152",FALSE,0.09167,0.9483,3.807,10,0.09483
"mle","low_count",2,"gene153",FALSE,0.5967,1.585,2.446,2.929,0.541
"master","low_count",2,"gene153",FALSE,0.5967,1.342,2.446,2.48,0.541
"cap_10s","low_count",2,"gene153",FALSE,0.5967,1.585,2.446,2.929,0.541
"master","low_count",2,"gene154",FALSE,0.45,0.7588,2.187,1.889,0.4018
"mle","low_count",2,"gene154",FALSE,0.45,0.7588,2.187,1.889,0.4018
"cap_10s","low_count",2,"gene154",FALSE,0.45,0.7588,2.187,1.889,0.4018
"master","low_count",2,"gene155",TRUE,0.08,0.1084,5.79,2.002,0.05413
"cap_10s","low_count",2,"gene155",TRUE,0.08,0.5413,5.79,10,0.05413
"mle","low_count",2,"gene155",TRUE,0.08,1272000,5.79,23490000,0.05413
"master","low_count",2,"gene156",FALSE,0.2333,0.5375,6.51,2.335,0.2302
"mle","low_count",2,"gene156",FALSE,0.2333,5.642,6.51,24.51,0.2302
"cap_10s","low_count",2,"gene156",FALSE,0.2333,2.302,6.51,10,0.2302
"master","low_count",2,"gene157",TRUE,0.2383,0.5875,6.434,2.294,0.256
"cap_10s","low_count",2,"gene157",TRUE,0.2383,2.56,6.434,10,0.256
"mle","low_count",2,"gene157",TRUE,0.2383,22030,6.434,86030,0.256
"master","low_count",2,"gene158",FALSE,0.22,0.4242,3.2,2.6,0.1631
"cap_10s","low_count",2,"gene158",FALSE,0.22,0.7415,3.2,4.545,0.1631
"mle","low_count",2,"gene158",FALSE,0.22,0.7415,3.2,4.545,0.1631
"master","low_count",2,"gene159",FALSE,0.1167,0.162,4.539,1.442,0.1123
"mle","low_count",2,"gene159",FALSE,0.1167,0.8791,4.539,7.826,0.1123
"cap_10s","low_count",2,"gene159",FALSE,0.1167,0.8791,4.539,7.826,0.1123
"cap_10s","low_count",2,"gene16",FALSE,0.4117,1.787,4.167,3.746,0.4772
"master","low_count",2,"gene16",FALSE,0.4117,0.8317,4.167,1.743,0.4772
"mle","low_count",2,"gene16",FALSE,0.4117,1.787,4.167,3.746,0.4772
"master","low_count",2,"gene160",FALSE,0.105,0.0783,2.405,1.072,0.07301
"mle","low_count",2,"gene160",FALSE,0.105,0.1907,2.405,2.612,0.07301
"cap_10s","low_count",2,"gene160",FALSE,0.105,0.1907,2.405,2.612,0.07301
"mle","low_count",2,"gene161",FALSE,0.205,2.802,7.828,15.5,0.1808
"cap_10s","low_count",2,"gene161",FALSE,0.205,1.808,7.828,10,0.1808
"master","low_count",2,"gene161",FALSE,0.205,0.308,7.828,1.704,0.1808
"cap_10s","low_count",2,"gene162",FALSE,0.1233,0.4797,4.118,5.005,0.09585
"mle","low_count",2,"gene162",FALSE,0.1233,0.4797,4.118,5.005,0.09585
"master","low_count",2,"gene162",FALSE,0.1233,0.2381,4.118,2.484,0.09585
"master","low_count",2,"gene163",FALSE,0.1217,0.3607,3.147,3.808,0.09471
"mle","low_count",2,"gene163",FALSE,0.1217,0.8745,3.147,9.234,0.09471
"cap_10s","low_count",2,"gene163",FALSE,0.1217,0.8745,3.147,9.234,0.09471
"master","low_count",2,"gene164",FALSE,0.1133,0.3026,3.349,2.112,0.1433
"cap_10s","low_count",2,"gene164",FALSE,0.1133,0.4916,3.349,3.432,0.1433
"mle","low_count",2,"gene164",FALSE,0.1133,0.4916,3.349,3.432,0.1433
"cap_10s","low_count",2,"gene165",FALSE,0.46,2.841,4.242,5.618,0.5058
"master","low_count",2,"gene165",FALSE,0.46,1.504,4.242,2.975,0.5058
"mle","low_count",2,"gene165",FALSE,0.46,2.841,4.242,5.618,0.5058
"mle","low_count",2,"gene166",FALSE,0.135,0.2983,2.392,3.184,0.09371
"master","low_count",2,"gene166",FALSE,0.135,0.2983,2.392,3.184,0.09371
"cap_10s","low_count",2,"gene166",FALSE,0.135,0.2983,2.392,3.184,0.09371
"mle","low_count",2,"gene167",FALSE,0.1117,0.257,3.469,2.074,0.1239
"master","low_count",2,"gene167",FALSE,0.1117,0.148,3.469,1.195,0.1239
"cap_10s","low_count",2,"gene167",FALSE,0.1117,0.257,3.469,2.074,0.1239
"master","low_count",2,"gene168",FALSE,0.19,0.5701,5.294,2.823,0.202
"cap_10s","low_count",2,"gene168",FALSE,0.19,1.783,5.294,8.826,0.202
"mle","low_count",2,"gene168",FALSE,0.19,1.783,5.294,8.826,0.202
"master","low_count",2,"gene169",FALSE,0.1467,0.3246,4.171,2.471,0.1314
"cap_10s","low_count",2,"gene169",FALSE,0.1467,0.6242,4.171,4.752,0.1314
"mle","low_count",2,"gene169",FALSE,0.1467,0.6242,4.171,4.752,0.1314
"cap_10s","low_count",2,"gene17",FALSE,0.1517,0.8356,4.331,10,0.08356
"master","low_count",2,"gene17",FALSE,0.1517,0.1747,4.331,2.091,0.08356
"mle","low_count",2,"gene17",FALSE,0.1517,0.8659,4.331,10.36,0.08356
"master","low_count",2,"gene170",FALSE,0.585,1.518,4.519,2.548,0.5956
"mle","low_count",2,"gene170",FALSE,0.585,13.6,4.519,22.82,0.5956
"cap_10s","low_count",2,"gene170",FALSE,0.585,5.956,4.519,10,0.5956
"cap_10s","low_count",2,"gene171",FALSE,0.2583,2.744,6.188,10,0.2744
"master","low_count",2,"gene171",FALSE,0.2583,0.9489,6.188,3.458,0.2744
"mle","low_count",2,"gene171",FALSE,0.2583,3.032,6.188,11.05,0.2744
"master","low_count",2,"gene172",FALSE,0.245,0.5363,2.208,2.582,0.2077
"cap_10s","low_count",2,"gene172",FALSE,0.245,0.5363,2.208,2.582,0.2077
"mle","low_count",2,"gene172",FALSE,0.245,0.5363,2.208,2.582,0.2077
"master","low_count",2,"gene173",FALSE,0.51,1.328,3.603,2.989,0.4442
"cap_10s","low_count",2,"gene173",FALSE,0.51,1.412,3.603,3.178,0.4442
"mle","low_count",2,"gene173",FALSE,0.51,1.412,3.603,3.178,0.4442
"cap_10s","low_count",2,"gene174",FALSE,0.1567,0.4689,2.768,3.922,0.1196
"mle","low_count",2,"gene174",FALSE,0.1567,0.4689,2.768,3.922,0.1196
"master","low_count",2,"gene174",FALSE,0.1567,0.2878,2.768,2.407,0.1196
"cap_10s","low_count",2,"gene175",FALSE,0.08667,0.5033,5.685,5.65,0.08906
"mle","low_count",2,"gene175",FALSE,0.08667,0.5033,5.685,5.65,0.08906
"master","low_count",2,"gene175",FALSE,0.08667,0.1654,5.685,1.858,0.08906
"master","low_count",2,"gene176",FALSE,0.4833,1.196,5.939,2.644,0.4525
"mle","low_count",2,"gene176",FALSE,0.4833,3.828,5.939,8.46,0.4525
"cap_10s","low_count",2,"gene176",FALSE,0.4833,3.828,5.939,8.46,0.4525
"master","low_count",2,"gene177",FALSE,0.2867,0.5206,2.778,1.865,0.2792
"cap_10s","low_count",2,"gene177",FALSE,0.2867,1.386,2.778,4.964,0.2792
"mle","low_count",2,"gene177",FALSE,0.2867,1.386,2.778,4.964,0.2792
"cap_10s","low_count",2,"gene178",FALSE,0.255,0.4285,2.098,2.046,0.2094
"master","low_count",2,"gene178",FALSE,0.255,0.4285,2.098,2.046,0.2094
"mle","low_count",2,"gene178",FALSE,0.255,0.4285,2.098,2.046,0.2094
"mle","low_count",2,"gene179",FALSE,0.1217,0.4955,3.514,4.629,0.107
"master","low_count",2,"gene179",FALSE,0.1217,0.3101,3.514,2.896,0.107
"cap_10s","low_count",2,"gene179",FALSE,0.1217,0.4955,3.514,4.629,0.107
"mle","low_count",2,"gene18",FALSE,0.195,0.6868,3.741,2.535,0.2709
"master","low_count",2,"gene18",FALSE,0.195,0.5004,3.741,1.847,0.2709
"cap_10s","low_count",2,"gene18",FALSE,0.195,0.6868,3.741,2.535,0.2709
"mle","low_count",2,"gene180",FALSE,0.115,0.5193,3.273,6.306,0.08236
"master","low_count",2,"gene180",FALSE,0.115,0.1728,3.273,2.098,0.08236
"cap_10s","low_count",2,"gene180",FALSE,0.115,0.5193,3.273,6.306,0.08236
"cap_10s","low_count",2,"gene181",FALSE,0.4233,2.126,3.534,5.81,0.3659
"master","low_count",2,"gene181",FALSE,0.4233,1.083,3.534,2.959,0.3659
"mle","low_count",2,"gene181",FALSE,0.4233,2.126,3.534,5.81,0.3659
"cap_10s","low_count",2,"gene182",FALSE,0.4733,3.146,7.139,7.372,0.4268
"mle","low_count",2,"gene182",FALSE,0.4733,3.146,7.139,7.372,0.4268
"master","low_count",2,"gene182",FALSE,0.4733,1.257,7.139,2.945,0.4268
"mle","low_count",2,"gene183",FALSE,0.2517,0.8682,2.128,6.086,0.1427
"cap_10s","low_count",2,"gene183",FALSE,0.2517,0.8682,2.128,6.086,0.1427
"master","low_count",2,"gene183",FALSE,0.2517,0.7529,2.128,5.278,0.1427
"master","low_count",2,"gene184",FALSE,0.2933,0.4753,2.952,2.194,0.2166
"cap_10s","low_count",2,"gene184",FALSE,0.2933,0.6898,2.952,3.184,0.2166
"mle","low_count",2,"gene184",FALSE,0.2933,0.6898,2.952,3.184,0.2166
"master","low_count",2,"gene185",FALSE,0.1767,0.4723,6.617,4.261,0.1108
"cap_10s","low_count",2,"gene185",FALSE,0.1767,1.108,6.617,10,0.1108
"mle","low_count",2,"gene185",FALSE,0.1767,1.226,6.617,11.06,0.1108
"cap_10s","low_count",2,"gene186",FALSE,0.175,1.599,7.679,10,0.1599
"master","low_count",2,"gene186",FALSE,0.175,0.2955,7.679,1.848,0.1599
"mle","low_count",2,"gene186",FALSE,0.175,37.16,7.679,232.4,0.1599
"cap_10s","low_count",2,"gene187",FALSE,0.245,0.663,2.932,3.116,0.2128
"master","low_count",2,"gene187",FALSE,0.245,0.449,2.932,2.11,0.2128
"mle","low_count",2,"gene187",FALSE,0.245,0.663,2.932,3.116,0.2128
"cap_10s","low_count",2,"gene188",FALSE,0.5117,3.145,4.271,5.787,0.5434
"master","low_count",2,"gene188",FALSE,0.5117,1.207,4.271,2.221,0.5434
"mle","low_count",2,"gene188",FALSE,0.5117,3.145,4.271,5.787,0.5434
"cap_10s","low_count",2,"gene189",FALSE,0.1983,0.5663,2.072,4.153,0.1364
"master","low_count",2,"gene189",FALSE,0.1983,0.3718,2.072,2.726,0.1364
"mle","low_count",2,"gene189",FALSE,0.1983,0.5663,2.072,4.153,0.1364
"master","low_count",2,"gene19",TRUE,0.36,0.5726,7.428,2.526,0.2266
"cap_10s","low_count",2,"gene19",TRUE,0.36,2.266,7.428,10,0.2266
"mle","low_count",2,"gene19",TRUE,0.36,4764000,7.428,21020000,0.2266
"cap_10s","low_count",2,"gene190",FALSE,0.1117,0.322,2.565,4.189,0.07686
"master","low_count",2,"gene190",FALSE,0.1117,0.1643,2.565,2.137,0.07686
"mle","low_count",2,"gene190",FALSE,0.1117,0.322,2.565,4.189,0.07686
"mle","low_count",2,"gene191",FALSE,0.1167,0.2908,2.533,2.949,0.09861
"cap_10s","low_count",2,"gene191",FALSE,0.1167,0.2908,2.533,2.949,0.09861
"master","low_count",2,"gene191",FALSE,0.1167,0.2432,2.533,2.467,0.09861
"master","low_count",2,"gene192",FALSE,0.23,0.814,6.199,4.632,0.1757
"mle","low_count",2,"gene192",FALSE,0.23,13.16,6.199,74.87,0.1757
"cap_10s","low_count",2,"gene192",FALSE,0.23,1.757,6.199,10,0.1757
"master","low_count",2,"gene193",FALSE,0.1033,0.1406,2.443,1.345,0.1045
"mle","low_count",2,"gene193",FALSE,0.1033,0.4677,2.443,4.476,0.1045
"cap_10s","low_count",2,"gene193",FALSE,0.1033,0.4677,2.443,4.476,0.1045
"master","low_count",2,"gene194",TRUE,0.1433,0.2043,7.67,1.967,0.1039
"mle","low_count",2,"gene194",TRUE,0.1433,1483000,7.67,14270000,0.1039
"cap_10s","low_count",2,"gene194",TRUE,0.1433,1.039,7.67,10,0.1039
"master","low_count",2,"gene195",FALSE,0.375,1.063,6.752,2.826,0.3761
"mle","low_count",2,"gene195",FALSE,0.375,64.98,6.752,172.8,0.3761
"cap_10s","low_count",2,"gene195",FALSE,0.375,3.761,6.752,10,0.3761
"master","low_count",2,"gene196",TRUE,0.1233,0.1885,7.43,2.034,0.09269
"mle","low_count",2,"gene196",TRUE,0.1233,5691000,7.43,61400000,0.09269
"cap_10s","low_count",2,"gene196",TRUE,0.1233,0.9269,7.43,10,0.09269
"master","low_count",2,"gene197",TRUE,0.5117,0.7697,3.952,2.219,0.3469
"mle","low_count",2,"gene197",TRUE,0.5117,22030,3.952,63500,0.3469
"cap_10s","low_count",2,"gene197",TRUE,0.5117,3.469,3.952,10,0.3469
"master","low_count",2,"gene198",FALSE,0.485,1.178,5.663,2.675,0.4403
"mle","low_count",2,"gene198",FALSE,0.485,2.777,5.663,6.307,0.4403
"cap_10s","low_count",2,"gene198",FALSE,0.485,2.777,5.663,6.307,0.4403
"master","low_count",2,"gene199",TRUE,0.1017,0.1515,7.571,1.779,0.08518
"cap_10s","low_count",2,"gene199",TRUE,0.1017,0.8518,7.571,10,0.08518
"mle","low_count",2,"gene199",TRUE,0.1017,22030,7.571,258600,0.08518
"cap_10s","low_count",2,"gene2",FALSE,0.08667,0.6208,3.406,7.396,0.08393
"master","low_count",2,"gene2",FALSE,0.08667,0.2786,3.406,3.319,0.08393
"mle","low_count",2,"gene2",FALSE,0.08667,0.6208,3.406,7.396,0.08393
"cap_10s","low_count",2,"gene20",FALSE,0.05667,0.3124,4.246,7.147,0.04371
"mle","low_count",2,"gene20",FALSE,0.05667,0.3124,4.246,7.147,0.04371
"master","low_count",2,"gene20",FALSE,0.05667,0.1265,4.246,2.894,0.04371
"master","low_count",2,"gene200",FALSE,0.6283,1.522,2.015,2.285,0.6662
"mle","low_count",2,"gene200",FALSE,0.6283,1.522,2.015,2.285,0.6662
"cap_10s","low_count",2,"gene200",FALSE,0.6283,1.522,2.015,2.285,0.6662
"mle","low_count",2,"gene201",FALSE,0.475,2.291,3.287,4.412,0.5193
"cap_10s","low_count",2,"gene201",FALSE,0.475,2.291,3.287,4.412,0.5193
"master","low_count",2,"gene201",FALSE,0.475,0.9684,3.287,1.865,0.5193
"mle","low_count",2,"gene202",FALSE,0.2933,1.35,4.72,3.921,0.3442
"cap_10s","low_count",2,"gene202",FALSE,0.2933,1.35,4.72,3.921,0.3442
"master","low_count",2,"gene202",FALSE,0.2933,0.7535,4.72,2.189,0.3442
"cap_10s","low_count",2,"gene203",FALSE,0.1567,1.142,4.15,6.172,0.1851
"master","low_count",2,"gene203",FALSE,0.1567,0.3626,4.15,1.959,0.1851
"mle","low_count",2,"gene203",FALSE,0.1567,1.142,4.15,6.172,0.1851
"master","low_count",2,"gene204",FALSE,0.32,0.8235,5.163,2.487,0.3312
"mle","low_count",2,"gene204",FALSE,0.32,1.984,5.163,5.99,0.3312
"cap_10s","low_count",2,"gene204",FALSE,0.32,1.984,5.163,5.99,0.3312
"cap_10s","low_count",2,"gene205",FALSE,0.1117,0.9616,7.226,8.965,0.1073
"master","low_count",2,"gene205",FALSE,0.1117,0.2572,7.226,2.398,0.1073
"mle","low_count",2,"gene205",FALSE,0.1117,0.9616,7.226,8.965,0.1073
"master","low_count",2,"gene206",FALSE,0.05833,0.05995,4.802,1.721,0.03484
"mle","low_count",2,"gene206",FALSE,0.05833,0.3378,4.802,9.697,0.03484
"cap_10s","low_count",2,"gene206",FALSE,0.05833,0.3378,4.802,9.697,0.03484
"mle","low_count",2,"gene207",FALSE,0.19,0.7704,4.695,4.135,0.1863
"master","low_count",2,"gene207",FALSE,0.19,0.341,4.695,1.83,0.1863
"cap_10s","low_count",2,"gene207",FALSE,0.19,0.7704,4.695,4.135,0.1863
"master","low_count",2,"gene208",FALSE,0.2267,0.7701,4.716,4.511,0.1707
"mle","low_count",2,"gene208",FALSE,0.2267,0.7701,4.716,4.511,0.1707
"cap_10s","low_count",2,"gene208",FALSE,0.2267,0.7701,4.716,4.511,0.1707
"master","low_count",2,"gene209",FALSE,0.05833,0.1233,5.588,2.633,0.04682
"cap_10s","low_count",2,"gene209",FALSE,0.05833,0.4371,5.588,9.337,0.04682
"mle","low_count",2,"gene209",FALSE,0.05833,0.4371,5.588,9.337,0.04682
"cap_10s","low_count",2,"gene21",FALSE,0.26,0.5761,3.45,3.607,0.1597
"mle","low_count",2,"gene21",FALSE,0.26,0.5761,3.45,3.607,0.1597
"master","low_count",2,"gene21",FALSE,0.26,0.3427,3.45,2.146,0.1597
"master","low_count",2,"gene210",FALSE,0.1483,0.2965,5.806,2.395,0.1238
"mle","low_count",2,"gene210",FALSE,0.1483,0.9851,5.806,7.957,0.1238
"cap_10s","low_count",2,"gene210",FALSE,0.1483,0.9851,5.806,7.957,0.1238
"master","low_count",2,"gene211",FALSE,0.1267,0.1789,3.617,2.266,0.07891
"cap_10s","low_count",2,"gene211",FALSE,0.1267,0.3313,3.617,4.199,0.07891
"mle","low_count",2,"gene211",FALSE,0.1267,0.3313,3.617,4.199,0.07891
"cap_10s","low_count",2,"gene212",FALSE,0.1283,0.2652,5.068,2.409,0.1101
"master","low_count",2,"gene212",FALSE,0.1283,0.2652,5.068,2.409,0.1101
"mle","low_count",2,"gene212",FALSE,0.1283,0.2652,5.068,2.409,0.1101
"master","low_count",2,"gene213",FALSE,0.3217,0.8418,2.851,2.537,0.3318
"cap_10s","low_count",2,"gene213",FALSE,0.3217,3.318,2.851,10,0.3318
"mle","low_count",2,"gene213",FALSE,0.3217,5.377,2.851,16.21,0.3318
"cap_10s","low_count",2,"gene214",FALSE,0.3817,1.842,6.891,5.571,0.3307
"master","low_count",2,"gene214",FALSE,0.3817,0.6734,6.891,2.036,0.3307
"mle","low_count",2,"gene214",FALSE,0.3817,1.842,6.891,5.571,0.3307
"cap_10s","low_count",2,"gene215",FALSE,0.4567,1.473,2.904,3.628,0.4061
"mle","low_count",2,"gene215",FALSE,0.4567,1.473,2.904,3.628,0.4061
"master","low_count",2,"gene215",FALSE,0.4567,1.376,2.904,3.388,0.4061
"cap_10s","low_count",2,"gene216",FALSE,0.1133,0.1615,2.302,1.794,0.09003
"master","low_count",2,"gene216",FALSE,0.1133,0.1615,2.302,1.794,0.09003
"mle","low_count",2,"gene216",FALSE,0.1133,0.1615,2.302,1.794,0.09003
"master","low_count",2,"gene217",FALSE,0.4917,0.8044,3.819,2.065,0.3895
"mle","low_count",2,"gene217",FALSE,0.4917,2.628,3.819,6.747,0.3895
"cap_10s","low_count",2,"gene217",FALSE,0.4917,2.628,3.819,6.747,0.3895
"cap_10s","low_count",2,"gene218",FALSE,0.13,0.3539,2.984,3.079,0.1149
"master","low_count",2,"gene218",FALSE,0.13,0.1745,2.984,1.518,0.1149
"mle","low_count",2,"gene218",FALSE,0.13,0.3539,2.984,3.079,0.1149
"master","low_count",2,"gene219",FALSE,0.1383,0.315,7.277,2.777,0.1135
"mle","low_count",2,"gene219",FALSE,0.1383,0.9486,7.277,8.361,0.1135
"cap_10s","low_count",2,"gene219",FALSE,0.1383,0.9486,7.277,8.361,0.1135
"mle","low_count",2,"gene22",FALSE,0.165,0.693,2.193,3.265,0.2122
"master","low_count",2,"gene22",FALSE,0.165,0.4717,2.193,2.223,0.2122
"cap_10s","low_count",2,"gene22",FALSE,0.165,0.693,2.193,3.265,0.2122
"mle","low_count",2,"gene220",TRUE,0.2617,1148000,6.318,4134000,0.2778
"cap_10s","low_count",2,"gene220",TRUE,0.2617,2.778,6.318,10,0.2778
"master","low_count",2,"gene220",TRUE,0.2617,0.6056,6.318,2.18,0.2778
"mle","low_count",2,"gene221",FALSE,0.1,0.2199,3.041,2.382,0.09234
"cap_10s","low_count",2,"gene221",FALSE,0.1,0.2199,3.041,2.382,0.09234
"master","low_count",2,"gene221",FALSE,0.1,0.1971,3.041,2.135,0.09234
"cap_10s","low_count",2,"gene222",FALSE,0.4083,2.536,5.789,5.877,0.4315
"master","low_count",2,"gene222",FALSE,0.4083,1.53,5.789,3.545,0.4315
"mle","low_count",2,"gene222",FALSE,0.4083,2.536,5.789,5.877,0.4315
"master","low_count",2,"gene223",FALSE,0.125,0.2985,3.556,2.288,0.1305
"cap_10s","low_count",2,"gene223",FALSE,0.125,1.083,3.556,8.301,0.1305
"mle","low_count",2,"gene223",FALSE,0.125,1.083,3.556,8.301,0.1305
"cap_10s","low_count",2,"gene224",FALSE,0.4733,2.63,3.301,5.389,0.4881
"master","low_count",2,"gene224",FALSE,0.4733,1.46,3.301,2.991,0.4881
"mle","low_count",2,"gene224",FALSE,0.4733,2.63,3.301,5.389,0.4881
"cap_10s","low_count",2,"gene225",FALSE,0.07167,0.1732,2.429,2.893,0.05987
"master","low_count",2,"gene225",FALSE,0.07167,0.12,2.429,2.004,0.05987
"mle","low_count",2,"gene225",FALSE,0.07167,0.1732,2.429,2.893,0.05987
"cap_10s","low_count",2,"gene226",FALSE,0.1733,0.4139,2.562,2.582,0.1603
"master","low_count",2,"gene226",FALSE,0.1733,0.3983,2.562,2.485,0.1603
"mle","low_count",2,"gene226",FALSE,0.1733,0.4139,2.562,2.582,0.1603
"cap_10s","low_count",2,"gene227",FALSE,0.4117,3.224,4.844,9.071,0.3554
"master","low_count",2,"gene227",FALSE,0.4117,1.389,4.844,3.908,0.3554
"mle","low_count",2,"gene227",FALSE,0.4117,3.224,4.844,9.071,0.3554
"cap_10s","low_count",2,"gene228",FALSE,0.5933,2.839,5.923,4.871,0.5829
"master","low_count",2,"gene228",FALSE,0.5933,1.404,5.923,2.409,0.5829
"mle","low_count",2,"gene228",FALSE,0.5933,2.839,5.923,4.871,0.5829
"cap_10s","low_count",2,"gene229",FALSE,0.3017,1.421,5.091,5.475,0.2596
"master","low_count",2,"gene229",FALSE,0.3017,0.8746,5.091,3.369,0.2596
"mle","low_count",2,"gene229",FALSE,0.3017,1.421,5.091,5.475,0.2596
"master","low_count",2,"gene23",FALSE,0.585,0.7668,3.647,2.043,0.3753
"cap_10s","low_count",2,"gene23",FALSE,0.585,3.753,3.647,10,0.3753
"mle","low_count",2,"gene23",FALSE,0.585,4.558,3.647,12.15,0.3753
"cap_10s","low_count",2,"gene230",FALSE,0.17,1.775,6.85,10,0.1775
"master","low_count",2,"gene230",FALSE,0.17,0.3515,6.85,1.98,0.1775
"mle","low_count",2,"gene230",FALSE,0.17,7.534,6.85,42.44,0.1775
"mle","low_count",2,"gene231",FALSE,0.6017,6.847,7.558,11.74,0.5835
"cap_10s","low_count",2,"gene231",FALSE,0.6017,5.835,7.558,10,0.5835
"master","low_count",2,"gene231",FALSE,0.6017,1.5,7.558,2.57,0.5835
"master","low_count",2,"gene232",FALSE,0.35,0.7112,3.147,2.235,0.3182
"mle","low_count",2,"gene232",FALSE,0.35,0.8191,3.147,2.575,0.3182
"cap_10s","low_count",2,"gene232",FALSE,0.35,0.8191,3.147,2.575,0.3182
"master","low_count",2,"gene233",FALSE,0.14,0.4638,2.976,4.168,0.1113
"mle","low_count",2,"gene233",FALSE,0.14,0.4638,2.976,4.168,0.1113
"cap_10s","low_count",2,"gene233",FALSE,0.14,0.4638,2.976,4.168,0.1113
"master","low_count",2,"gene234",FALSE,0.6633,1.699,7.065,2.736,0.6211
"mle","low_count",2,"gene234",FALSE,0.6633,3.696,7.065,5.95,0.6211
"cap_10s","low_count",2,"gene234",FALSE,0.6633,3.696,7.065,5.95,0.6211
"master","low_count",2,"gene235",FALSE,0.405,0.9018,2.397,2.283,0.395
"mle","low_count",2,"gene235",FALSE,0.405,1.211,2.397,3.065,0.395
"cap_10s","low_count",2,"gene235",FALSE,0.405,1.211,2.397,3.065,0.395
"master","low_count",2,"gene236",FALSE,0.1217,0.2247,3.621,2.071,0.1085
"mle","low_count",2,"gene236",FALSE,0.1217,0.6516,3.621,6.004,0.1085
"cap_10s","low_count",2,"gene236",FALSE,0.1217,0.6516,3.621,6.004,0.1085
"master","low_count",2,"gene237",FALSE,0.06333,0.1235,3.799,2.642,0.04674
"cap_10s","low_count",2,"gene237",FALSE,0.06333,0.2733,3.799,5.847,0.04674
"mle","low_count",2,"gene237",FALSE,0.06333,0.2733,3.799,5.847,0.04674
"master","low_count",2,"gene238",FALSE,0.09667,0.2916,2.557,3.154,0.09246
"cap_10s","low_count",2,"gene238",FALSE,0.09667,0.7742,2.557,8.373,0.09246
"mle","low_count",2,"gene238",FALSE,0.09667,0.7742,2.557,8.373,0.09246
"cap_10s","low_count",2,"gene239",FALSE,0.2,0.5503,2.616,3.291,0.1672
"mle","low_count",2,"gene239",FALSE,0.2,0.5503,2.616,3.291,0.1672
"master","low_count",2,"gene239",FALSE,0.2,0.3976,2.616,2.378,0.1672
"cap_10s","low_count",2,"gene24",FALSE,0.08667,0.3546,2.14,3.063,0.1158
"master","low_count",2,"gene24",FALSE,0.08667,0.3546,2.14,3.063,0.1158
"mle","low_count",2,"gene24",FALSE,0.08667,0.3546,2.14,3.063,0.1158
"mle","low_count",2,"gene240",FALSE,0.3983,1.12,2.037,2.966,0.3776
"master","low_count",2,"gene240",FALSE,0.3983,0.5513,2.037,1.46,0.3776
"cap_10s","low_count",2,"gene240",FALSE,0.3983,1.12,2.037,2.966,0.3776
"master","low_count",2,"gene241",FALSE,0.16,0.7832,2.984,4.707,0.1664
"cap_10s","low_count",2,"gene241",FALSE,0.16,0.7832,2.984,4.707,0.1664
"mle","low_count",2,"gene241",FALSE,0.16,0.7832,2.984,4.707,0.1664
"master","low_count",2,"gene242",FALSE,0.1217,0.3049,5.005,3.208,0.09505
"cap_10s","low_count",2,"gene242",FALSE,0.1217,0.3082,5.005,3.242,0.09505
"mle","low_count",2,"gene242",FALSE,0.1217,0.3082,5.005,3.242,0.09505
"cap_10s","low_count",2,"gene243",FALSE,0.235,1.116,3.73,5.412,0.2061
"mle","low_count",2,"gene243",FALSE,0.235,1.116,3.73,5.412,0.2061
"master","low_count",2,"gene243",FALSE,0.235,0.7682,3.73,3.727,0.2061
"master","low_count",2,"gene244",FALSE,0.3333,0.6042,7.825,2.012,0.3003
"mle","low_count",2,"gene244",FALSE,0.3333,2.554,7.825,8.505,0.3003
"cap_10s","low_count",2,"gene244",FALSE,0.3333,2.554,7.825,8.505,0.3003
"master","low_count",2,"gene245",FALSE,0.2083,0.6239,6.87,3.518,0.1773
"mle","low_count",2,"gene245",FALSE,0.2083,3.647,6.87,20.56,0.1773
"cap_10s","low_count",2,"gene245",FALSE,0.2083,1.773,6.87,10,0.1773
"master","low_count",2,"gene246",FALSE,0.2717,0.5836,5.172,2.315,0.2521
"mle","low_count",2,"gene246",FALSE,0.2717,2.654,5.172,10.53,0.2521
"cap_10s","low_count",2,"gene246",FALSE,0.2717,2.521,5.172,10,0.2521
"mle","low_count",2,"gene247",FALSE,0.3067,0.82,3.605,3.178,0.2581
"cap_10s","low_count",2,"gene247",FALSE,0.3067,0.82,3.605,3.178,0.2581
"master","low_count",2,"gene247",FALSE,0.3067,0.6606,3.605,2.56,0.2581
"master","low_count",2,"gene248",FALSE,0.1717,0.913,2.416,5.923,0.1541
"mle","low_count",2,"gene248",FALSE,0.1717,13.13,2.416,85.17,0.1541
"cap_10s","low_count",2,"gene248",FALSE,0.1717,1.541,2.416,10,0.1541
"master","low_count",2,"gene249",TRUE,0.4433,0.8827,3.179,3.963,0.2227
"mle","low_count",2,"gene249",TRUE,0.4433,793000,3.179,3561000,0.2227
"cap_10s","low_count",2,"gene249",TRUE,0.4433,2.227,3.179,10,0.2227
"cap_10s","low_count",2,"gene25",FALSE,0.745,2.639,3.27,6.085,0.4337
"master","low_count",2,"gene25",FALSE,0.745,2.603,3.27,6.003,0.4337
"mle","low_count",2,"gene25",FALSE,0.745,2.639,3.27,6.085,0.4337
"master","low_count",2,"gene250",FALSE,0.535,1.001,2.41,1.887,0.5307
"mle","low_count",2,"gene250",FALSE,0.535,1.374,2.41,2.588,0.5307
"cap_10s","low_count",2,"gene250",FALSE,0.535,1.374,2.41,2.588,0.5307
"master","low_count",2,"gene251",FALSE,0.34,0.6279,2.814,3.082,0.2037
"mle","low_count",2,"gene251",FALSE,0.34,1.172,2.814,5.751,0.2037
"cap_10s","low_count",2,"gene251",FALSE,0.34,1.172,2.814,5.751,0.2037
"cap_10s","low_count",2,"gene252",FALSE,0.1267,0.8376,4.098,8.505,0.09848
"master","low_count",2,"gene252",FALSE,0.1267,0.8091,4.098,8.215,0.09848
"mle","low_count",2,"gene252",FALSE,0.1267,0.8376,4.098,8.505,0.09848
"master","low_count",2,"gene253",FALSE,0.1167,0.1736,2.145,1.689,0.1028
"mle","low_count",2,"gene253",FALSE,0.1167,0.2208,2.145,2.149,0.1028
"cap_10s","low_count",2,"gene253",FALSE,0.1167,0.2208,2.145,2.149,0.1028
"master","low_count",2,"gene254",FALSE,0.1717,0.4829,5.253,3.635,0.1328
"mle","low_count",2,"gene254",FALSE,0.1717,2.438,5.253,18.35,0.1328
"cap_10s","low_count",2,"gene254",FALSE,0.1717,1.328,5.253,10,0.1328
"master","low_count",2,"gene255",FALSE,0.2817,0.6248,7.726,2.213,0.2823
"mle","low_count",2,"gene255",FALSE,0.2817,4.172,7.726,14.78,0.2823
"cap_10s","low_count",2,"gene255",FALSE,0.2817,2.823,7.726,10,0.2823
"cap_10s","low_count",2,"gene256",FALSE,0.14,0.5873,7.607,4.388,0.1339
"mle","low_count",2,"gene256",FALSE,0.14,0.5873,7.607,4.388,0.1339
"master","low_count",2,"gene256",FALSE,0.14,0.201,7.607,1.502,0.1339
"master","low_count",2,"gene257",FALSE,0.46,1.136,7.558,2.399,0.4733
"mle","low_count",2,"gene257",FALSE,0.46,2.361,7.558,4.988,0.4733
"cap_10s","low_count",2,"gene257",FALSE,0.46,2.361,7.558,4.988,0.4733
"master","low_count",2,"gene258",FALSE,0.1733,0.3665,2.586,2.255,0.1625
"mle","low_count",2,"gene258",FALSE,0.1733,0.8929,2.586,5.494,0.1625
"cap_10s","low_count",2,"gene258",FALSE,0.1733,0.8929,2.586,5.494,0.1625
"master","low_count",2,"gene259",FALSE,0.4983,0.8157,2.152,2.291,0.3561
"mle","low_count",2,"gene259",FALSE,0.4983,0.8157,2.152,2.291,0.3561
"cap_10s","low_count",2,"gene259",FALSE,0.4983,0.8157,2.152,2.291,0.3561
"cap_10s","low_count",2,"gene26",FALSE,0.09167,1.169,3.488,10,0.1169
"master","low_count",2,"gene26",FALSE,0.09167,0.3224,3.488,2.758,0.1169
"mle","low_count",2,"gene26",FALSE,0.09167,1.577,3.488,13.49,0.1169
"mle","low_count",2,"gene260",FALSE,0.4183,3.669,6.222,8.444,0.4345
"cap_10s","low_count",2,"gene260",FALSE,0.4183,3.669,6.222,8.444,0.4345
"master","low_count",2,"gene260",FALSE,0.4183,1.641,6.222,3.776,0.4345
"master","low_count",2,"gene261",FALSE,0.3167,0.9719,4.659,4.038,0.2407
"mle","low_count",2,"gene261",FALSE,0.3167,1.227,4.659,5.097,0.2407
"cap_10s","low_count",2,"gene261",FALSE,0.3167,1.227,4.659,5.097,0.2407
"mle","low_count",2,"gene262",FALSE,0.4783,5.925,7.204,15.17,0.3905
"cap_10s","low_count",2,"gene262",FALSE,0.4783,3.905,7.204,10,0.3905
"master","low_count",2,"gene262",FALSE,0.4783,0.951,7.204,2.435,0.3905
"mle","low_count",2,"gene263",FALSE,0.1267,0.3997,2.217,4.72,0.08469
"cap_10s","low_count",2,"gene263",FALSE,0.1267,0.3997,2.217,4.72,0.08469
"master","low_count",2,"gene263",FALSE,0.1267,0.175,2.217,2.066,0.08469
"mle","low_count",2,"gene264",FALSE,0.08167,0.3698,2.791,5.189,0.07128
"cap_10s","low_count",2,"gene264",FALSE,0.08167,0.3698,2.791,5.189,0.07128
"master","low_count",2,"gene264",FALSE,0.08167,0.1599,2.791,2.243,0.07128
"master","low_count",2,"gene265",FALSE,0.1717,0.3647,5.728,2.18,0.1673
"cap_10s","low_count",2,"gene265",FALSE,0.1717,1.673,5.728,10,0.1673
"mle","low_count",2,"gene265",FALSE,0.1717,2.065,5.728,12.34,0.1673
"master","low_count",2,"gene266",FALSE,0.2367,0.4411,2.731,1.89,0.2333
"cap_10s","low_count",2,"gene266",FALSE,0.2367,1.172,2.731,5.022,0.2333
"mle","low_count",2,"gene266",FALSE,0.2367,1.172,2.731,5.022,0.2333
"master","low_count",2,"gene267",FALSE,0.2667,0.4374,3.049,1.874,0.2334
"mle","low_count",2,"gene267",FALSE,0.2667,4.125,3.049,17.67,0.2334
"cap_10s","low_count",2,"gene267",FALSE,0.2667,2.334,3.049,10,0.2334
"master","low_count",2,"gene268",FALSE,0.2367,0.5807,2.302,2.938,0.1976
"mle","low_count",2,"gene268",FALSE,0.2367,0.7007,2.302,3.546,0.1976
"cap_10s","low_count",2,"gene268",FALSE,0.2367,0.7007,2.302,3.546,0.1976
"mle","low_count",2,"gene269",FALSE,0.2633,0.643,3.388,2.697,0.2384
"cap_10s","low_count",2,"gene269",FALSE,0.2633,0.643,3.388,2.697,0.2384
"master","low_count",2,"gene269",FALSE,0.2633,0.4697,3.388,1.97,0.2384
"cap_10s","low_count",2,"gene27",FALSE,0.505,2.021,5.769,6.267,0.3224
"mle","low_count",2,"gene27",FALSE,0.505,2.021,5.769,6.267,0.3224
"master","low_count",2,"gene27",FALSE,0.505,0.9489,5.769,2.943,0.3224
"cap_10s","low_count",2,"gene270",FALSE,0.3917,2.14,7.073,6.19,0.3456
"master","low_count",2,"gene270",FALSE,0.3917,0.6135,7.073,1.775,0.3456
"mle","low_count",2,"gene270",FALSE,0.3917,2.14,7.073,6.19,0.3456
"master","low_count",2,"gene271",FALSE,0.2917,0.5893,7.153,1.86,0.3168
"mle","low_count",2,"gene271",FALSE,0.2917,8.092,7.153,25.54,0.3168
"cap_10s","low_count",2,"gene271",FALSE,0.2917,3.168,7.153,10,0.3168
"master","low_count",2,"gene272",FALSE,0.135,0.3564,7.912,2.113,0.1687
"mle","low_count",2,"gene272",FALSE,0.135,2.353,7.912,13.95,0.1687
"cap_10s","low_count",2,"gene272",FALSE,0.135,1.687,7.912,10,0.1687
"mle","low_count",2,"gene273",FALSE,0.1367,0.3793,6.421,3.071,0.1235
"master","low_count",2,"gene273",FALSE,0.1367,0.3793,6.421,3.071,0.1235
"cap_10s","low_count",2,"gene273",FALSE,0.1367,0.3793,6.421,3.071,0.1235
"mle","low_count",2,"gene274",FALSE,0.1783,0.4715,2.079,3.01,0.1567
"master","low_count",2,"gene274",FALSE,0.1783,0.4479,2.079,2.859,0.1567
"cap_10s","low_count",2,"gene274",FALSE,0.1783,0.4715,2.079,3.01,0.1567
"master","low_count",2,"gene275",FALSE,0.09167,0.1755,5.461,2.104,0.08345
"mle","low_count",2,"gene275",FALSE,0.09167,0.4005,5.461,4.799,0.08345
"cap_10s","low_count",2,"gene275",FALSE,0.09167,0.4005,5.461,4.799,0.08345
"master","low_count",2,"gene276",FALSE,0.1717,0.3101,2.428,2.696,0.115
"mle","low_count",2,"gene276",FALSE,0.1717,0.459,2.428,3.991,0.115
"cap_10s","low_count",2,"gene276",FALSE,0.1717,0.459,2.428,3.991,0.115
"master","low_count",2,"gene277",FALSE,0.1,0.1616,3.601,2.127,0.07598
"mle","low_count",2,"gene277",FALSE,0.1,0.2386,3.601,3.141,0.07598
"cap_10s","low_count",2,"gene277",FALSE,0.1,0.2386,3.601,3.141,0.07598
"master","low_count",2,"gene278",FALSE,0.125,0.2312,5.162,2.086,0.1108
"cap_10s","low_count",2,"gene278",FALSE,0.125,1.108,5.162,10,0.1108
"mle","low_count",2,"gene278",FALSE,0.125,1.721,5.162,15.53,0.1108
"cap_10s","low_count",2,"gene279",FALSE,0.27,1.418,7.173,5.498,0.2579
"mle","low_count",2,"gene279",FALSE,0.27,1.418,7.173,5.498,0.2579
"master","low_count",2,"gene279",FALSE,0.27,0.6192,7.173,2.401,0.2579
"cap_10s","low_count",2,"gene28",FALSE,0.1917,2.136,5.667,10,0.2136
"mle","low_count",2,"gene28",FALSE,0.1917,3.532,5.667,16.54,0.2136
"master","low_count",2,"gene28",FALSE,0.1917,0.4897,5.667,2.293,0.2136
"mle","low_count",2,"gene280",FALSE,0.6083,2.376,6.019,3.878,0.6127
"master","low_count",2,"gene280",FALSE,0.6083,1.518,6.019,2.478,0.6127
"cap_10s","low_count",2,"gene280",FALSE,0.6083,2.376,6.019,3.878,0.6127
"mle","low_count",2,"gene281",FALSE,0.43,1.201,2.255,3.394,0.3538
"master","low_count",2,"gene281",FALSE,0.43,0.7411,2.255,2.095,0.3538
"cap_10s","low_count",2,"gene281",FALSE,0.43,1.201,2.255,3.394,0.3538
"master","low_count",2,"gene282",FALSE,0.16,0.5541,3.138,4.595,0.1206
"cap_10s","low_count",2,"gene282",FALSE,0.16,1.206,3.138,10,0.1206
"mle","low_count",2,"gene282",FALSE,0.16,1.441,3.138,11.95,0.1206
"cap_10s","low_count",2,"gene283",FALSE,0.16,0.3044,2.154,2.71,0.1124
"mle","low_count",2,"gene283",FALSE,0.16,0.3044,2.154,2.71,0.1124
"master","low_count",2,"gene283",FALSE,0.16,0.2797,2.154,2.489,0.1124
"master","low_count",2,"gene284",FALSE,0.135,0.1935,5.192,1.473,0.1313
"mle","low_count",2,"gene284",FALSE,0.135,0.6108,5.192,4.651,0.1313
"cap_10s","low_count",2,"gene284",FALSE,0.135,0.6108,5.192,4.651,0.1313
"master","low_count",2,"gene285",FALSE,0.275,0.6516,3.171,2.928,0.2225
"mle","low_count",2,"gene285",FALSE,0.275,1.724,3.171,7.749,0.2225
"cap_10s","low_count",2,"gene285",FALSE,0.275,1.724,3.171,7.749,0.2225
"master","low_count",2,"gene286",FALSE,0.5283,0.9118,6.139,1.803,0.5056
"mle","low_count",2,"gene286",FALSE,0.5283,5.236,6.139,10.36,0.5056
"cap_10s","low_count",2,"gene286",FALSE,0.5283,5.056,6.139,10,0.5056
"mle","low_count",2,"gene287",FALSE,0.4083,1.138,2.706,2.758,0.4126
"cap_10s","low_count",2,"gene287",FALSE,0.4083,1.138,2.706,2.758,0.4126
"master","low_count",2,"gene287",FALSE,0.4083,1.126,2.706,2.73,0.4126
"master","low_count",2,"gene288",FALSE,0.255,0.8003,7.579,3.231,0.2477
"mle","low_count",2,"gene288",FALSE,0.255,1.955,7.579,7.893,0.2477
"cap_10s","low_count",2,"gene288",FALSE,0.255,1.955,7.579,7.893,0.2477
"master","low_count",2,"gene289",FALSE,0.3333,0.9414,4.173,2.955,0.3186
"mle","low_count",2,"gene289",FALSE,0.3333,1.088,4.173,3.415,0.3186
"cap_10s","low_count",2,"gene289",FALSE,0.3333,1.088,4.173,3.415,0.3186
"cap_10s","low_count",2,"gene29",FALSE,0.5817,1.416,3.101,3.312,0.4276
"master","low_count",2,"gene29",FALSE,0.5817,0.9109,3.101,2.13,0.4276
"mle","low_count",2,"gene29",FALSE,0.5817,1.416,3.101,3.312,0.4276
"master","low_count",2,"gene290",FALSE,0.4967,0.8928,5.707,2.286,0.3906
"mle","low_count",2,"gene290",FALSE,0.4967,2.665,5.707,6.824,0.3906
"cap_10s","low_count",2,"gene290",FALSE,0.4967,2.665,5.707,6.824,0.3906
"master","low_count",2,"gene291",FALSE,0.5017,1.031,3.148,2.101,0.4906
"mle","low_count",2,"gene291",FALSE,0.5017,1.459,3.148,2.974,0.4906
"cap_10s","low_count",2,"gene291",FALSE,0.5017,1.459,3.148,2.974,0.4906
"cap_10s","low_count",2,"gene292",FALSE,0.1983,0.5223,2.18,2.329,0.2242
"master","low_count",2,"gene292",FALSE,0.1983,0.4486,2.18,2.001,0.2242
"mle","low_count",2,"gene292",FALSE,0.1983,0.5223,2.18,2.329,0.2242
"master","low_count",2,"gene293",FALSE,0.3433,1.078,3.614,3.145,0.3428
"mle","low_count",2,"gene293",FALSE,0.3433,1.29,3.614,3.762,0.3428
"cap_10s","low_count",2,"gene293",FALSE,0.3433,1.29,3.614,3.762,0.3428
"master","low_count",2,"gene294",TRUE,0.1317,0.261,7.095,2.712,0.09625
"mle","low_count",2,"gene294",TRUE,0.1317,1451000,7.095,15080000,0.09625
"cap_10s","low_count",2,"gene294",TRUE,0.1317,0.9625,7.095,10,0.09625
"master","low_count",2,"gene295",FALSE,0.3133,1.189,3.189,4.272,0.2783
"mle","low_count",2,"gene295",FALSE,0.3133,2.004,3.189,7.201,0.2783
"cap_10s","low_count",2,"gene295",FALSE,0.3133,2.004,3.189,7.201,0.2783
"cap_10s","low_count",2,"gene296",FALSE,0.09,0.2314,2.798,5.463,0.04236
"mle","low_count",2,"gene296",FALSE,0.09,0.2314,2.798,5.463,0.04236
"master","low_count",2,"gene296",FALSE,0.09,0.1889,2.798,4.458,0.04236
"master","low_count",2,"gene297",FALSE,0.25,0.4362,2.726,1.907,0.2287
"mle","low_count",2,"gene297",FALSE,0.25,1.068,2.726,4.671,0.2287
"cap_10s","low_count",2,"gene297",FALSE,0.25,1.068,2.726,4.671,0.2287
"master","low_count",2,"gene298",FALSE,0.1283,0.3395,3.432,3.577,0.09492
"mle","low_count",2,"gene298",FALSE,0.1283,0.5505,3.432,5.8,0.09492
"cap_10s","low_count",2,"gene298",FALSE,0.1283,0.5505,3.432,5.8,0.09492
"master","low_count",2,"gene299",FALSE,0.305,0.4785,3.45,1.611,0.2971
"mle","low_count",2,"gene299",FALSE,0.305,1.265,3.45,4.26,0.2971
"cap_10s","low_count",2,"gene299",FALSE,0.305,1.265,3.45,4.26,0.2971
"cap_10s","low_count",2,"gene3",FALSE,0.845,3.683,5.103,6.907,0.5333
"master","low_count",2,"gene3",FALSE,0.845,1.748,5.103,3.278,0.5333
"mle","low_count",2,"gene3",FALSE,0.845,3.683,5.103,6.907,0.5333
"cap_10s","low_count",2,"gene30",FALSE,0.1983,0.4776,2.091,2.22,0.2151
"master","low_count",2,"gene30",FALSE,0.1983,0.4776,2.091,2.22,0.2151
"mle","low_count",2,"gene30",FALSE,0.1983,0.4776,2.091,2.22,0.2151
"mle","low_count",2,"gene300",FALSE,0.4583,1.16,2.269,2.9,0.4
"cap_10s","low_count",2,"gene300",FALSE,0.4583,1.16,2.269,2.9,0.4
"master","low_count",2,"gene300",FALSE,0.4583,0.9355,2.269,2.338,0.4
"master","low_count",2,"gene31",FALSE,0.2367,0.6098,2.297,3.376,0.1806
"mle","low_count",2,"gene31",FALSE,0.2367,1.136,2.297,6.289,0.1806
"cap_10s","low_count",2,"gene31",FALSE,0.2367,1.136,2.297,6.289,0.1806
"mle","low_count",2,"gene32",FALSE,0.1717,2.045,4.379,14.33,0.1427
"cap_10s","low_count",2,"gene32",FALSE,0.1717,1.427,4.379,10,0.1427
"master","low_count",2,"gene32",FALSE,0.1717,0.4731,4.379,3.316,0.1427
"cap_10s","low_count",2,"gene33",FALSE,0.1667,0.7875,3.728,5.369,0.1467
"master","low_count",2,"gene33",FALSE,0.1667,0.2622,3.728,1.787,0.1467
"mle","low_count",2,"gene33",FALSE,0.1667,0.7875,3.728,5.369,0.1467
"cap_10s","low_count",2,"gene34",FALSE,0.4617,3.571,2.688,8.222,0.4344
"master","low_count",2,"gene34",FALSE,0.4617,0.9433,2.688,2.172,0.4344
"mle","low_count",2,"gene34",FALSE,0.4617,3.571,2.688,8.222,0.4344
"master","low_count",2,"gene35",FALSE,0.1217,0.228,4.66,1.817,0.1255
"cap_10s","low_count",2,"gene35",FALSE,0.1217,0.88,4.66,7.013,0.1255
"mle","low_count",2,"gene35",FALSE,0.1217,0.88,4.66,7.013,0.1255
"master","low_count",2,"gene36",FALSE,0.1333,0.1532,2.404,1.813,0.08452
"cap_10s","low_count",2,"gene36",FALSE,0.1333,0.1661,2.404,1.965,0.08452
"mle","low_count",2,"gene36",FALSE,0.1333,0.1661,2.404,1.965,0.08452
"mle","low_count",2,"gene37",FALSE,0.145,0.4028,2.804,4.578,0.08799
"cap_10s","low_count",2,"gene37",FALSE,0.145,0.4028,2.804,4.578,0.08799
"master","low_count",2,"gene37",FALSE,0.145,0.2353,2.804,2.674,0.08799
"mle","low_count",2,"gene38",FALSE,0.2667,3.436,6.14,13.82,0.2486
"cap_10s","low_count",2,"gene38",FALSE,0.2667,2.486,6.14,10,0.2486
"master","low_count",2,"gene38",FALSE,0.2667,0.4896,6.14,1.97,0.2486
"mle","low_count",2,"gene39",FALSE,0.4683,0.8915,2.35,2.116,0.4213
"cap_10s","low_count",2,"gene39",FALSE,0.4683,0.8915,2.35,2.116,0.4213
"master","low_count",2,"gene39",FALSE,0.4683,0.8177,2.35,1.941,0.4213
"cap_10s","low_count",2,"gene4",FALSE,0.3633,0.8597,2.1,2.183,0.3937
"master","low_count",2,"gene4",FALSE,0.3633,0.8597,2.1,2.183,0.3937
"mle","low_count",2,"gene4",FALSE,0.3633,0.8597,2.1,2.183,0.3937
"cap_10s","low_count",2,"gene40",FALSE,0.2417,1.692,3.012,7.41,0.2283
"master","low_count",2,"gene40",FALSE,0.2417,0.6786,3.012,2.972,0.2283
"mle","low_count",2,"gene40",FALSE,0.2417,1.692,3.012,7.41,0.2283
"mle","low_count",2,"gene41",FALSE,0.2683,1.007,2.171,5.139,0.196
"cap_10s","low_count",2,"gene41",FALSE,0.2683,1.007,2.171,5.139,0.196
"master","low_count",2,"gene41",FALSE,0.2683,0.8496,2.171,4.335,0.196
"cap_10s","low_count",2,"gene42",FALSE,0.58,2.693,2.886,4.704,0.5725
"master","low_count",2,"gene42",FALSE,0.58,1.107,2.886,1.933,0.5725
"mle","low_count",2,"gene42",FALSE,0.58,2.693,2.886,4.704,0.5725
"cap_10s","low_count",2,"gene43",FALSE,0.28,0.5816,2.295,1.919,0.3031
"master","low_count",2,"gene43",FALSE,0.28,0.5816,2.295,1.919,0.3031
"mle","low_count",2,"gene43",FALSE,0.28,0.5816,2.295,1.919,0.3031
"cap_10s","low_count",2,"gene44",FALSE,0.1967,1.84,4.907,9.909,0.1857
"master","low_count",2,"gene44",FALSE,0.1967,0.5684,4.907,3.06,0.1857
"mle","low_count",2,"gene44",FALSE,0.1967,1.84,4.907,9.909,0.1857
"mle","low_count",2,"gene45",FALSE,0.1717,0.5935,2.765,3.364,0.1765
"master","low_count",2,"gene45",FALSE,0.1717,0.2835,2.765,1.607,0.1765
"cap_10s","low_count",2,"gene45",FALSE,0.1717,0.5935,2.765,3.364,0.1765
"cap_10s","low_count",2,"gene46",TRUE,0.27,2.196,6.406,10,0.2196
"master","low_count",2,"gene46",TRUE,0.27,0.9544,6.406,4.345,0.2196
"mle","low_count",2,"gene46",TRUE,0.27,3339000,6.406,15200000,0.2196
"cap_10s","low_count",2,"gene47",FALSE,0.165,0.7923,3.738,4.382,0.1808
"master","low_count",2,"gene47",FALSE,0.165,0.3133,3.738,1.733,0.1808
"mle","low_count",2,"gene47",FALSE,0.165,0.7923,3.738,4.382,0.1808
"cap_10s","low_count",2,"gene48",FALSE,0.3267,2.174,3.813,6.497,0.3346
"master","low_count",2,"gene48",FALSE,0.3267,0.5647,3.813,1.688,0.3346
"mle","low_count",2,"gene48",FALSE,0.3267,2.174,3.813,6.497,0.3346
"master","low_count",2,"gene49",FALSE,0.3733,0.7756,2.914,2.457,0.3157
"mle","low_count",2,"gene49",FALSE,0.3733,1.279,2.914,4.052,0.3157
"cap_10s","low_count",2,"gene49",FALSE,0.3733,1.279,2.914,4.052,0.3157
"mle","low_count",2,"gene5",FALSE,0.1983,0.3856,2.292,3.645,0.1058
"master","low_count",2,"gene5",FALSE,0.1983,0.2792,2.292,2.638,0.1058
"cap_10s","low_count",2,"gene5",FALSE,0.1983,0.3856,2.292,3.645,0.1058
"cap_10s","low_count",2,"gene50",FALSE,0.525,4.577,5.956,10,0.4577
"master","low_count",2,"gene50",FALSE,0.525,0.9024,5.956,1.971,0.4577
"mle","low_count",2,"gene50",FALSE,0.525,4.878,5.956,10.66,0.4577
"cap_10s","low_count",2,"gene51",FALSE,0.1067,0.7141,3.292,8.44,0.08461
"master","low_count",2,"gene51",FALSE,0.1067,0.2566,3.292,3.033,0.08461
"mle","low_count",2,"gene51",FALSE,0.1067,0.7141,3.292,8.44,0.08461
"cap_10s","low_count",2,"gene52",FALSE,0.1017,0.7726,7.529,10,0.07726
"master","low_count",2,"gene52",FALSE,0.1017,0.5867,7.529,7.593,0.07726
"mle","low_count",2,"gene52",FALSE,0.1017,1.612,7.529,20.86,0.07726
"cap_10s","low_count",2,"gene53",FALSE,0.4,1.807,7.158,4.587,0.394
"master","low_count",2,"gene53",FALSE,0.4,0.7392,7.158,1.876,0.394
"mle","low_count",2,"gene53",FALSE,0.4,1.807,7.158,4.587,0.394
"mle","low_count",2,"gene54",FALSE,0.4383,1.413,2.656,2.996,0.4714
"cap_10s","low_count",2,"gene54",FALSE,0.4383,1.413,2.656,2.996,0.4714
"master","low_count",2,"gene54",FALSE,0.4383,0.8293,2.656,1.759,0.4714
"cap_10s","low_count",2,"gene55",FALSE,0.3083,1.775,4.991,7.429,0.239
"master","low_count",2,"gene55",FALSE,0.3083,0.452,4.991,1.891,0.239
"mle","low_count",2,"gene55",FALSE,0.3083,1.775,4.991,7.429,0.239
"cap_10s","low_count",2,"gene56",FALSE,0.09833,0.7771,3.266,8.683,0.0895
"master","low_count",2,"gene56",FALSE,0.09833,0.2238,3.266,2.501,0.0895
"mle","low_count",2,"gene56",FALSE,0.09833,0.7771,3.266,8.683,0.0895
"cap_10s","low_count",2,"gene57",FALSE,0.445,2.284,2.812,5.54,0.4123
"master","low_count",2,"gene57",FALSE,0.445,0.838,2.812,2.032,0.4123
"mle","low_count",2,"gene57",FALSE,0.445,2.284,2.812,5.54,0.4123
"mle","low_count",2,"gene58",FALSE,0.2367,0.4591,2.375,1.927,0.2382
"master","low_count",2,"gene58",FALSE,0.2367,0.409,2.375,1.717,0.2382
"cap_10s","low_count",2,"gene58",FALSE,0.2367,0.4591,2.375,1.927,0.2382
"master","low_count",2,"gene59",FALSE,0.1283,0.2784,7.263,2.389,0.1165
"cap_10s","low_count",2,"gene59",FALSE,0.1283,0.8755,7.263,7.514,0.1165
"mle","low_count",2,"gene59",FALSE,0.1283,0.8755,7.263,7.514,0.1165
"cap_10s","low_count",2,"gene6",FALSE,0.1033,0.4954,7.519,4.399,0.1126
"master","low_count",2,"gene6",FALSE,0.1033,0.4954,7.519,4.399,0.1126
"mle","low_count",2,"gene6",FALSE,0.1033,0.4954,7.519,4.399,0.1126
"master","low_count",2,"gene60",FALSE,0.265,0.7816,5.308,4.098,0.1907
"cap_10s","low_count",2,"gene60",FALSE,0.265,1.907,5.308,10,0.1907
"mle","low_count",2,"gene60",FALSE,0.265,8.022,5.308,42.06,0.1907
"cap_10s","low_count",2,"gene61",FALSE,0.1417,0.4412,2.372,4.318,0.1022
"mle","low_count",2,"gene61",FALSE,0.1417,0.4412,2.372,4.318,0.1022
"master","low_count",2,"gene61",FALSE,0.1417,0.2711,2.372,2.653,0.1022
"mle","low_count",2,"gene62",FALSE,0.1017,0.7392,6.142,8.926,0.08282
"master","low_count",2,"gene62",FALSE,0.1017,0.1782,6.142,2.152,0.08282
"cap_10s","low_count",2,"gene62",FALSE,0.1017,0.7392,6.142,8.926,0.08282
"master","low_count",2,"gene63",FALSE,0.185,0.2848,2.923,1.85,0.154
"cap_10s","low_count",2,"gene63",FALSE,0.185,0.528,2.923,3.43,0.154
"mle","low_count",2,"gene63",FALSE,0.185,0.528,2.923,3.43,0.154
"master","low_count",2,"gene64",FALSE,0.16,0.327,6.541,2.374,0.1377
"cap_10s","low_count",2,"gene64",FALSE,0.16,0.3368,6.541,2.446,0.1377
"mle","low_count",2,"gene64",FALSE,0.16,0.3368,6.541,2.446,0.1377
"cap_10s","low_count",2,"gene65",FALSE,0.1167,0.9579,5.443,6.659,0.1439
"master","low_count",2,"gene65",FALSE,0.1167,0.4205,5.443,2.923,0.1439
"mle","low_count",2,"gene65",FALSE,0.1167,0.9579,5.443,6.659,0.1439
"cap_10s","low_count",2,"gene66",FALSE,0.2233,1.845,5.613,8.129,0.227
"master","low_count",2,"gene66",FALSE,0.2233,0.533,5.613,2.348,0.227
"mle","low_count",2,"gene66",FALSE,0.2233,1.845,5.613,8.129,0.227
"cap_10s","low_count",2,"gene67",FALSE,0.1183,0.3135,3.771,2.985,0.105
"master","low_count",2,"gene67",FALSE,0.1183,0.1708,3.771,1.626,0.105
"mle","low_count",2,"gene67",FALSE,0.1183,0.3135,3.771,2.985,0.105
"cap_10s","low_count",2,"gene68",FALSE,0.115,0.5499,3.851,7.267,0.07566
"master","low_count",2,"gene68",FALSE,0.115,0.2019,3.851,2.669,0.07566
"mle","low_count",2,"gene68",FALSE,0.115,0.5499,3.851,7.267,0.07566
"cap_10s","low_count",2,"gene69",FALSE,0.1567,0.6156,3.398,5.016,0.1227
"master","low_count",2,"gene69",FALSE,0.1567,0.4817,3.398,3.924,0.1227
"mle","low_count",2,"gene69",FALSE,0.1567,0.6156,3.398,5.016,0.1227
"cap_10s","low_count",2,"gene7",FALSE,0.2883,1.134,4.368,5.114,0.2217
"master","low_count",2,"gene7",FALSE,0.2883,0.8621,4.368,3.889,0.2217
"mle","low_count",2,"gene7",FALSE,0.2883,1.134,4.368,5.114,0.2217
"mle","low_count",2,"gene70",FALSE,0.2333,2.845,4.499,15.88,0.1791
"cap_10s","low_count",2,"gene70",FALSE,0.2333,1.791,4.499,10,0.1791
"master","low_count",2,"gene70",FALSE,0.2333,0.2739,4.499,1.529,0.1791
"master","low_count",2,"gene71",FALSE,0.445,0.8124,5.274,1.92,0.4231
"mle","low_count",2,"gene71",FALSE,0.445,2.554,5.274,6.037,0.4231
"cap_10s","low_count",2,"gene71",FALSE,0.445,2.554,5.274,6.037,0.4231
"master","low_count",2,"gene72",FALSE,0.2717,0.6668,4.24,3.845,0.1734
"mle","low_count",2,"gene72",FALSE,0.2717,1.207,4.24,6.96,0.1734
"cap_10s","low_count",2,"gene72",FALSE,0.2717,1.207,4.24,6.96,0.1734
"master","low_count",2,"gene73",FALSE,0.1683,0.1614,7.151,1.094,0.1476
"mle","low_count",2,"gene73",FALSE,0.1683,1.917,7.151,12.99,0.1476
"cap_10s","low_count",2,"gene73",FALSE,0.1683,1.476,7.151,10,0.1476
"master","low_count",2,"gene74",FALSE,0.1283,0.1615,6.323,1.718,0.09399
"mle","low_count",2,"gene74",FALSE,0.1283,0.5366,6.323,5.709,0.09399
"cap_10s","low_count",2,"gene74",FALSE,0.1283,0.5366,6.323,5.709,0.09399
"master","low_count",2,"gene75",FALSE,0.13,0.1919,2.309,1.774,0.1081
"mle","low_count",2,"gene75",FALSE,0.13,0.3908,2.309,3.614,0.1081
"cap_10s","low_count",2,"gene75",FALSE,0.13,0.3908,2.309,3.614,0.1081
"master","low_count",2,"gene76",FALSE,0.1783,0.5256,5.546,4.603,0.1142
"mle","low_count",2,"gene76",FALSE,0.1783,9.253,5.546,81.03,0.1142
"cap_10s","low_count",2,"gene76",FALSE,0.1783,1.142,5.546,10,0.1142
"master","low_count",2,"gene77",FALSE,0.1383,0.2702,4.932,1.518,0.178
"mle","low_count",2,"gene77",FALSE,0.1383,0.7122,4.932,4.001,0.178
"cap_10s","low_count",2,"gene77",FALSE,0.1383,0.7122,4.932,4.001,0.178
"master","low_count",2,"gene78",FALSE,0.1633,0.1943,2.126,1.286,0.1512
"cap_10s","low_count",2,"gene78",FALSE,0.1633,0.1943,2.126,1.286,0.1512
"mle","low_count",2,"gene78",FALSE,0.1633,0.1943,2.126,1.286,0.1512
"master","low_count",2,"gene79",FALSE,0.1483,0.174,6.84,1.34,0.1298
"mle","low_count",2,"gene79",FALSE,0.1483,1.707,6.84,13.15,0.1298
"cap_10s","low_count",2,"gene79",FALSE,0.1483,1.298,6.84,10,0.1298
"cap_10s","low_count",2,"gene8",FALSE,0.3283,3.197,5.048,8.065,0.3963
"master","low_count",2,"gene8",FALSE,0.3283,1.289,5.048,3.252,0.3963
"mle","low_count",2,"gene8",FALSE,0.3283,3.197,5.048,8.065,0.3963
"mle","low_count",2,"gene80",FALSE,0.165,0.8535,2.979,4.473,0.1908
"cap_10s","low_count",2,"gene80",FALSE,0.165,0.8535,2.979,4.473,0.1908
"master","low_count",2,"gene80",FALSE,0.165,0.3321,2.979,1.74,0.1908
"mle","low_count",2,"gene81",FALSE,0.3833,1.028,2.568,3.168,0.3245
"cap_10s","low_count",2,"gene81",FALSE,0.3833,1.028,2.568,3.168,0.3245
"master","low_count",2,"gene81",FALSE,0.3833,0.612,2.568,1.886,0.3245
"cap_10s","low_count",2,"gene82",FALSE,0.4917,3.068,3.741,10,0.3068
"master","low_count",2,"gene82",FALSE,0.4917,2.192,3.741,7.145,0.3068
"mle","low_count",2,"gene82",FALSE,0.4917,4.406,3.741,14.36,0.3068
"master","low_count",2,"gene83",FALSE,0.245,0.3377,2.072,2.2,0.1535
"mle","low_count",2,"gene83",FALSE,0.245,0.3377,2.072,2.2,0.1535
"cap_10s","low_count",2,"gene83",FALSE,0.245,0.3377,2.072,2.2,0.1535
"cap_10s","low_count",2,"gene84",FALSE,0.42,3.636,7.416,10,0.3636
"master","low_count",2,"gene84",FALSE,0.42,0.7397,7.416,2.035,0.3636
"mle","low_count",2,"gene84",FALSE,0.42,5.14,7.416,14.14,0.3636
"master","low_count",2,"gene85",FALSE,0.22,0.3913,3.503,1.841,0.2125
"mle","low_count",2,"gene85",FALSE,0.22,1.434,3.503,6.747,0.2125
"cap_10s","low_count",2,"gene85",FALSE,0.22,1.434,3.503,6.747,0.2125
"mle","low_count",2,"gene86",FALSE,0.435,2.433,6.013,6.611,0.368
"master","low_count",2,"gene86",FALSE,0.435,0.9384,6.013,2.55,0.368
"cap_10s","low_count",2,"gene86",FALSE,0.435,2.433,6.013,6.611,0.368
"master","low_count",2,"gene87",FALSE,0.135,0.4214,3.022,3.133,0.1345
"mle","low_count",2,"gene87",FALSE,0.135,1.322,3.022,9.828,0.1345
"cap_10s","low_count",2,"gene87",FALSE,0.135,1.322,3.022,9.828,0.1345
"master","low_count",2,"gene88",FALSE,0.2333,0.5421,6.756,2.282,0.2376
"cap_10s","low_count",2,"gene88",FALSE,0.2333,2.376,6.756,10,0.2376
"mle","low_count",2,"gene88",FALSE,0.2333,2.594,6.756,10.92,0.2376
"master","low_count",2,"gene89",FALSE,0.4317,0.8939,6.43,1.975,0.4526
"mle","low_count",2,"gene89",FALSE,0.4317,6.124,6.43,13.53,0.4526
"cap_10s","low_count",2,"gene89",FALSE,0.4317,4.526,6.43,10,0.4526
"master","low_count",2,"gene9",FALSE,0.1767,0.2316,7.971,2.242,0.1033
"mle","low_count",2,"gene9",FALSE,0.1767,3.16,7.971,30.59,0.1033
"cap_10s","low_count",2,"gene9",FALSE,0.1767,1.033,7.971,10,0.1033
"master","low_count",2,"gene90",FALSE,0.2083,0.6049,3.238,3.056,0.1979
"cap_10s","low_count",2,"gene90",FALSE,0.2083,1.979,3.238,10,0.1979
"mle","low_count",2,"gene90",FALSE,0.2083,2.153,3.238,10.88,0.1979
"cap_10s","low_count",2,"gene91",FALSE,0.5917,4.558,6.904,8.266,0.5514
"master","low_count",2,"gene91",FALSE,0.5917,1.072,6.904,1.944,0.5514
"mle","low_count",2,"gene91",FALSE,0.5917,4.558,6.904,8.266,0.5514
"master","low_count",2,"gene92",TRUE,0.1917,0.751,7.817,4.531,0.1657
"cap_10s","low_count",2,"gene92",TRUE,0.1917,1.657,7.817,10,0.1657
"mle","low_count",2,"gene92",TRUE,0.1917,6717000,7.817,40530000,0.1657
"cap_10s","low_count",2,"gene93",FALSE,0.2333,1.583,7.231,6.35,0.2493
"master","low_count",2,"gene93",FALSE,0.2333,0.4741,7.231,1.902,0.2493
"mle","low_count",2,"gene93",FALSE,0.2333,1.583,7.231,6.35,0.2493
"cap_10s","low_count",2,"gene94",FALSE,0.3033,2.887,3.379,10,0.2887
"mle","low_count",2,"gene94",FALSE,0.3033,3.324,3.379,11.51,0.2887
"master","low_count",2,"gene94",FALSE,0.3033,0.9087,3.379,3.148,0.2887
"cap_10s","low_count",2,"gene95",FALSE,0.1633,0.3146,3.004,2.325,0.1353
"master","low_count",2,"gene95",FALSE,0.1633,0.2462,3.004,1.82,0.1353
"mle","low_count",2,"gene95",FALSE,0.1633,0.3146,3.004,2.325,0.1353
"master","low_count",2,"gene96",FALSE,0.4667,0.8975,5.594,1.706,0.5262
"mle","low_count",2,"gene96",FALSE,0.4667,2.652,5.594,5.039,0.5262
"cap_10s","low_count",2,"gene96",FALSE,0.4667,2.652,5.594,5.039,0.5262
"cap_10s","low_count",2,"gene97",FALSE,0.215,0.7661,4.787,4.462,0.1717
"master","low_count",2,"gene97",FALSE,0.215,0.3936,4.787,2.293,0.1717
"mle","low_count",2,"gene97",FALSE,0.215,0.7661,4.787,4.462,0.1717
"master","low_count",2,"gene98",FALSE,0.295,0.5069,3.097,2.208,0.2295
"mle","low_count",2,"gene98",FALSE,0.295,1.215,3.097,5.293,0.2295
"cap_10s","low_count",2,"gene98",FALSE,0.295,1.215,3.097,5.293,0.2295
"mle","low_count",2,"gene99",FALSE,0.1467,0.9792,3.765,7.209,0.1358
"cap_10s","low_count",2,"gene99",FALSE,0.1467,0.9792,3.765,7.209,0.1358
"master","low_count",2,"gene99",FALSE,0.1467,0.3797,3.765,2.795,0.1358
"mle","low_count",3,"gene1",FALSE,0.875,2.212,2.96,3.68,0.6013
"cap_10s","low_count",3,"gene1",FALSE,0.875,2.212,2.96,3.68,0.6013
"master","low_count",3,"gene1",FALSE,0.875,1.535,2.96,2.553,0.6013
"cap_10s","low_count",3,"gene10",FALSE,0.2317,2.212,4.295,9.752,0.2268
"master","low_count",3,"gene10",FALSE,0.2317,0.4633,4.295,2.043,0.2268
"mle","low_count",3,"gene10",FALSE,0.2317,2.212,4.295,9.752,0.2268
"mle","low_count",3,"gene100",FALSE,0.1717,0.2178,2.266,4.809,0.04529
"cap_10s","low_count",3,"gene100",FALSE,0.1717,0.2178,2.266,4.809,0.04529
"master","low_count",3,"gene100",FALSE,0.1717,0.2178,2.266,4.809,0.04529
"cap_10s","low_count",3,"gene101",FALSE,0.555,2.921,3.798,7.08,0.4125
"master","low_count",3,"gene101",FALSE,0.555,1.516,3.798,3.675,0.4125
"mle","low_count",3,"gene101",FALSE,0.555,2.921,3.798,7.08,0.4125
"master","low_count",3,"gene102",FALSE,0.2017,0.4227,4.188,2.652,0.1594
"cap_10s","low_count",3,"gene102",FALSE,0.2017,0.7299,4.188,4.579,0.1594
"mle","low_count",3,"gene102",FALSE,0.2017,0.7299,4.188,4.579,0.1594
"cap_10s","low_count",3,"gene103",FALSE,0.105,0.8643,7.692,10,0.08643
"master","low_count",3,"gene103",FALSE,0.105,0.2007,7.692,2.323,0.08643
"mle","low_count",3,"gene103",FALSE,0.105,1.379,7.692,15.96,0.08643
"cap_10s","low_count",3,"gene104",FALSE,0.345,2.027,6.611,10,0.2027
"master","low_count",3,"gene104",FALSE,0.345,0.4798,6.611,2.367,0.2027
"mle","low_count",3,"gene104",FALSE,0.345,2.857,6.611,14.09,0.2027
"cap_10s","low_count",3,"gene105",FALSE,0.525,2.208,3.396,4.253,0.5191
"master","low_count",3,"gene105",FALSE,0.525,0.8555,3.396,1.648,0.5191
"mle","low_count",3,"gene105",FALSE,0.525,2.208,3.396,4.253,0.5191
"cap_10s","low_count",3,"gene106",FALSE,0.1033,0.9273,6.041,10,0.09273
"master","low_count",3,"gene106",FALSE,0.1033,0.1592,6.041,1.717,0.09273
"mle","low_count",3,"gene106",FALSE,0.1033,1.354,6.041,14.61,0.09273
"cap_10s","low_count",3,"gene107",FALSE,0.4967,1.926,4.712,3.815,0.505
"master","low_count",3,"gene107",FALSE,0.4967,1.062,4.712,2.103,0.505
"mle","low_count",3,"gene107",FALSE,0.4967,1.926,4.712,3.815,0.505
"cap_10s","low_count",3,"gene108",FALSE,0.5717,1.7,2.003,2.927,0.5809
"master","low_count",3,"gene108",FALSE,0.5717,1.304,2.003,2.244,0.5809
"mle","low_count",3,"gene108",FALSE,0.5717,1.7,2.003,2.927,0.5809
"cap_10s","low_count",3,"gene109",FALSE,0.26,0.9677,4.661,4.206,0.2301
"master","low_count",3,"gene109",FALSE,0.26,0.4748,4.661,2.063,0.2301
"mle","low_count",3,"gene109",FALSE,0.26,0.9677,4.661,4.206,0.2301
"cap_10s","low_count",3,"gene11",FALSE,0.67,4.652,7.926,10,0.4652
"master","low_count",3,"gene11",FALSE,0.67,1.272,7.926,2.734,0.4652
"mle","low_count",3,"gene11",FALSE,0.67,9.718,7.926,20.89,0.4652
"mle","low_count",3,"gene110",FALSE,0.4433,3.378,4.744,8.746,0.3863
"cap_10s","low_count",3,"gene110",FALSE,0.4433,3.378,4.744,8.746,0.3863
"master","low_count",3,"gene110",FALSE,0.4433,0.9227,4.744,2.389,0.3863
"master","low_count",3,"gene111",FALSE,0.3117,0.7668,5.179,3.395,0.2259
"mle","low_count",3,"gene111",FALSE,0.3117,1.831,5.179,8.104,0.2259
"cap_10s","low_count",3,"gene111",FALSE,0.3117,1.831,5.179,8.104,0.2259
"master","low_count",3,"gene112",FALSE,0.5983,0.922,4.595,1.467,0.6287
"mle","low_count",3,"gene112",FALSE,0.5983,2.987,4.595,4.75,0.6287
"cap_10s","low_count",3,"gene112",FALSE,0.5983,2.987,4.595,4.75,0.6287
"master","low_count",3,"gene113",FALSE,0.165,0.3959,6.865,2.717,0.1457
"mle","low_count",3,"gene113",FALSE,0.165,1.342,6.865,9.209,0.1457
"cap_10s","low_count",3,"gene113",FALSE,0.165,1.342,6.865,9.209,0.1457
"master","low_count",3,"gene114",FALSE,0.1117,0.2433,4.73,2.233,0.109
"mle","low_count",3,"gene114",FALSE,0.1117,0.5475,4.73,5.024,0.109
"cap_10s","low_count",3,"gene114",FALSE,0.1117,0.5475,4.73,5.024,0.109
"master","low_count",3,"gene115",FALSE,0.605,1.369,2.762,2.479,0.5522
"mle","low_count",3,"gene115",FALSE,0.605,5.158,2.762,9.342,0.5522
"cap_10s","low_count",3,"gene115",FALSE,0.605,5.158,2.762,9.342,0.5522
"master","low_count",3,"gene116",FALSE,0.7683,1.511,6.099,2.073,0.7289
"cap_10s","low_count",3,"gene116",FALSE,0.7683,5.284,6.099,7.25,0.7289
"mle","low_count",3,"gene116",FALSE,0.7683,5.284,6.099,7.25,0.7289
"master","low_count",3,"gene117",FALSE,0.1933,0.3225,2.647,1.913,0.1686
"cap_10s","low_count",3,"gene117",FALSE,0.1933,1.551,2.647,9.197,0.1686
"mle","low_count",3,"gene117",FALSE,0.1933,1.551,2.647,9.197,0.1686
"mle","low_count",3,"gene118",FALSE,0.1783,2.176,5.658,10.93,0.1991
"cap_10s","low_count",3,"gene118",FALSE,0.1783,1.991,5.658,10,0.1991
"master","low_count",3,"gene118",FALSE,0.1783,0.2287,5.658,1.149,0.1991
"mle","low_count",3,"gene119",FALSE,0.1617,0.3944,3.03,4.025,0.09799
"master","low_count",3,"gene119",FALSE,0.1617,0.3944,3.03,4.025,0.09799
"cap_10s","low_count",3,"gene119",FALSE,0.1617,0.3944,3.03,4.025,0.09799
"cap_10s","low_count",3,"gene12",FALSE,0.085,1.055,4.402,10,0.1055
"master","low_count",3,"gene12",FALSE,0.085,0.1855,4.402,1.758,0.1055
"mle","low_count",3,"gene12",FALSE,0.085,1.548,4.402,14.68,0.1055
"master","low_count",3,"gene120",FALSE,0.1183,0.2098,2.364,1.615,0.1299
"mle","low_count",3,"gene120",FALSE,0.1183,0.2098,2.364,1.615,0.1299
"cap_10s","low_count",3,"gene120",FALSE,0.1183,0.2098,2.364,1.615,0.1299
"cap_10s","low_count",3,"gene121",FALSE,0.5433,1.524,2.647,3.486,0.437
"mle","low_count",3,"gene121",FALSE,0.5433,1.524,2.647,3.486,0.437
"master","low_count",3,"gene121",FALSE,0.5433,0.9523,2.647,2.179,0.437
"cap_10s","low_count",3,"gene122",FALSE,0.1583,0.9285,5.517,7.03,0.1321
"mle","low_count",3,"gene122",FALSE,0.1583,0.9285,5.517,7.03,0.1321
"master","low_count",3,"gene122",FALSE,0.1583,0.3331,5.517,2.522,0.1321
"master","low_count",3,"gene123",FALSE,0.135,0.2701,7.235,2.213,0.1221
"mle","low_count",3,"gene123",FALSE,0.135,1.982,7.235,16.24,0.1221
"cap_10s","low_count",3,"gene123",FALSE,0.135,1.221,7.235,10,0.1221
"master","low_count",3,"gene124",FALSE,0.5517,1.595,2.21,3.094,0.5155
"cap_10s","low_count",3,"gene124",FALSE,0.5517,1.595,2.21,3.094,0.5155
"mle","low_count",3,"gene124",FALSE,0.5517,1.595,2.21,3.094,0.5155
"cap_10s","low_count",3,"gene125",FALSE,0.1967,0.7854,6.555,4.392,0.1788
"master","low_count",3,"gene125",FALSE,0.1967,0.6077,6.555,3.399,0.1788
"mle","low_count",3,"gene125",FALSE,0.1967,0.7854,6.555,4.392,0.1788
"mle","low_count",3,"gene126",FALSE,0.2833,0.9916,2.146,4.216,0.2352
"master","low_count",3,"gene126",FALSE,0.2833,0.4717,2.146,2.006,0.2352
"cap_10s","low_count",3,"gene126",FALSE,0.2833,0.9916,2.146,4.216,0.2352
"mle","low_count",3,"gene127",FALSE,0.3433,1.262,2.868,3.439,0.3671
"master","low_count",3,"gene127",FALSE,0.3433,0.9926,2.868,2.704,0.3671
"cap_10s","low_count",3,"gene127",FALSE,0.3433,1.262,2.868,3.439,0.3671
"master","low_count",3,"gene128",FALSE,0.535,1.11,2.112,2.728,0.4068
"cap_10s","low_count",3,"gene128",FALSE,0.535,1.443,2.112,3.548,0.4068
"mle","low_count",3,"gene128",FALSE,0.535,1.443,2.112,3.548,0.4068
"master","low_count",3,"gene129",FALSE,0.5233,0.9978,5.327,2.002,0.4985
"cap_10s","low_count",3,"gene129",FALSE,0.5233,3.486,5.327,6.992,0.4985
"mle","low_count",3,"gene129",FALSE,0.5233,3.486,5.327,6.992,0.4985
"cap_10s","low_count",3,"gene13",FALSE,0.1317,0.5858,2.9,5.902,0.09926
"master","low_count",3,"gene13",FALSE,0.1317,0.28,2.9,2.821,0.09926
"mle","low_count",3,"gene13",FALSE,0.1317,0.5858,2.9,5.902,0.09926
"master","low_count",3,"gene130",FALSE,0.6217,1.46,7.751,3.105,0.4702
"mle","low_count",3,"gene130",FALSE,0.6217,5.265,7.751,11.2,0.4702
"cap_10s","low_count",3,"gene130",FALSE,0.6217,4.702,7.751,10,0.4702
"cap_10s","low_count",3,"gene131",FALSE,0.6367,2.234,5.692,3.715,0.6012
"master","low_count",3,"gene131",FALSE,0.6367,1.631,5.692,2.713,0.6012
"mle","low_count",3,"gene131",FALSE,0.6367,2.234,5.692,3.715,0.6012
"master","low_count",3,"gene132",FALSE,0.2167,0.3373,6.108,1.513,0.2229
"cap_10s","low_count",3,"gene132",FALSE,0.2167,1.638,6.108,7.348,0.2229
"mle","low_count",3,"gene132",FALSE,0.2167,1.638,6.108,7.348,0.2229
"master","low_count",3,"gene133",FALSE,0.17,0.2432,5.607,1.621,0.15
"cap_10s","low_count",3,"gene133",FALSE,0.17,1.5,5.607,10,0.15
"mle","low_count",3,"gene133",FALSE,0.17,1.692,5.607,11.28,0.15
"cap_10s","low_count",3,"gene134",FALSE,0.2017,0.3003,2.632,1.833,0.1639
"mle","low_count",3,"gene134",FALSE,0.2017,0.3003,2.632,1.833,0.1639
"master","low_count",3,"gene134",FALSE,0.2017,0.3003,2.632,1.833,0.1639
"cap_10s","low_count",3,"gene135",FALSE,0.2467,2.097,3.196,7.757,0.2703
"mle","low_count",3,"gene135",FALSE,0.2467,2.097,3.196,7.757,0.2703
"master","low_count",3,"gene135",FALSE,0.2467,0.7086,3.196,2.622,0.2703
"master","low_count",3,"gene136",FALSE,0.1433,0.253,2.247,1.976,0.128
"mle","low_count",3,"gene136",FALSE,0.1433,0.3247,2.247,2.536,0.128
"cap_10s","low_count",3,"gene136",FALSE,0.1433,0.3247,2.247,2.536,0.128
"master","low_count",3,"gene137",FALSE,0.4033,0.8328,6.384,2.277,0.3658
"cap_10s","low_count",3,"gene137",FALSE,0.4033,2.741,6.384,7.493,0.3658
"mle","low_count",3,"gene137",FALSE,0.4033,2.741,6.384,7.493,0.3658
"cap_10s","low_count",3,"gene138",FALSE,0.07167,0.3732,6.32,6.439,0.05796
"master","low_count",3,"gene138",FALSE,0.07167,0.08969,6.32,1.547,0.05796
"mle","low_count",3,"gene138",FALSE,0.07167,0.3732,6.32,6.439,0.05796
"mle","low_count",3,"gene139",FALSE,0.6633,5.374,7.975,8.486,0.6332
"master","low_count",3,"gene139",FALSE,0.6633,1.339,7.975,2.114,0.6332
"cap_10s","low_count",3,"gene139",FALSE,0.6633,5.374,7.975,8.486,0.6332
"mle","low_count",3,"gene14",FALSE,0.24,1.608,4.246,5.454,0.2948
"cap_10s","low_count",3,"gene14",FALSE,0.24,1.608,4.246,5.454,0.2948
"master","low_count",3,"gene14",FALSE,0.24,0.6011,4.246,2.039,0.2948
"mle","low_count",3,"gene140",FALSE,0.4417,2.324,4.534,6.378,0.3644
"cap_10s","low_count",3,"gene140",FALSE,0.4417,2.324,4.534,6.378,0.3644
"master","low_count",3,"gene140",FALSE,0.4417,0.8373,4.534,2.298,0.3644
"cap_10s","low_count",3,"gene141",FALSE,0.1667,0.7616,2.006,4.121,0.1848
"master","low_count",3,"gene141",FALSE,0.1667,0.3449,2.006,1.866,0.1848
"mle","low_count",3,"gene141",FALSE,0.1667,0.7616,2.006,4.121,0.1848
"cap_10s","low_count",3,"gene142",FALSE,0.1367,1.01,7.236,10,0.101
"master","low_count",3,"gene142",FALSE,0.1367,0.3906,7.236,3.867,0.101
"mle","low_count",3,"gene142",FALSE,0.1367,2.574,7.236,25.48,0.101
"master","low_count",3,"gene143",FALSE,0.3567,0.5694,3.757,2.033,0.28
"cap_10s","low_count",3,"gene143",FALSE,0.3567,0.9203,3.757,3.286,0.28
"mle","low_count",3,"gene143",FALSE,0.3567,0.9203,3.757,3.286,0.28
"master","low_count",3,"gene144",FALSE,0.4483,0.9688,6.301,2.487,0.3895
"cap_10s","low_count",3,"gene144",FALSE,0.4483,2.784,6.301,7.146,0.3895
"mle","low_count",3,"gene144",FALSE,0.4483,2.784,6.301,7.146,0.3895
"cap_10s","low_count",3,"gene145",FALSE,0.5183,2.297,3.145,5.094,0.4509
"master","low_count",3,"gene145",FALSE,0.5183,1.135,3.145,2.516,0.4509
"mle","low_count",3,"gene145",FALSE,0.5183,2.297,3.145,5.094,0.4509
"master","low_count",3,"gene146",FALSE,0.555,1.684,2.374,3.241,0.5194
"cap_10s","low_count",3,"gene146",FALSE,0.555,3.413,2.374,6.571,0.5194
"mle","low_count",3,"gene146",FALSE,0.555,3.413,2.374,6.571,0.5194
"cap_10s","low_count",3,"gene147",FALSE,0.135,0.5647,2.134,4.144,0.1363
"master","low_count",3,"gene147",FALSE,0.135,0.3798,2.134,2.787,0.1363
"mle","low_count",3,"gene147",FALSE,0.135,0.5647,2.134,4.144,0.1363
"cap_10s","low_count",3,"gene148",FALSE,0.09,0.552,4.774,7.085,0.07792
"mle","low_count",3,"gene148",FALSE,0.09,0.552,4.774,7.085,0.07792
"master","low_count",3,"gene148",FALSE,0.09,0.09859,4.774,1.265,0.07792
"cap_10s","low_count",3,"gene149",FALSE,0.5333,2.441,3.475,4.209,0.5799
"master","low_count",3,"gene149",FALSE,0.5333,1.193,3.475,2.057,0.5799
"mle","low_count",3,"gene149",FALSE,0.5333,2.441,3.475,4.209,0.5799
"cap_10s","low_count",3,"gene15",FALSE,0.2067,0.4882,2.049,3.094,0.1578
"master","low_count",3,"gene15",FALSE,0.2067,0.2737,2.049,1.734,0.1578
"mle","low_count",3,"gene15",FALSE,0.2067,0.4882,2.049,3.094,0.1578
"master","low_count",3,"gene150",FALSE,0.1567,0.2631,4.859,1.758,0.1497
"mle","low_count",3,"gene150",FALSE,0.1567,0.6354,4.859,4.246,0.1497
"cap_10s","low_count",3,"gene150",FALSE,0.1567,0.6354,4.859,4.246,0.1497
"cap_10s","low_count",3,"gene151",FALSE,0.2883,0.6695,3.456,4.107,0.163
"master","low_count",3,"gene151",FALSE,0.2883,0.4665,3.456,2.862,0.163
"mle","low_count",3,"gene151",FALSE,0.2883,0.6695,3.456,4.107,0.163
"master","low_count",3,"gene152",FALSE,0.12,0.1725,7.604,1.764,0.09779
"mle","low_count",3,"gene152",FALSE,0.12,0.8816,7.604,9.016,0.09779
"cap_10s","low_count",3,"gene152",FALSE,0.12,0.8816,7.604,9.016,0.09779
"mle","low_count",3,"gene153",FALSE,0.115,0.1976,2.263,2.604,0.07588
"master","low_count",3,"gene153",FALSE,0.115,0.1509,2.263,1.988,0.07588
"cap_10s","low_count",3,"gene153",FALSE,0.115,0.1976,2.263,2.604,0.07588
"master","low_count",3,"gene154",FALSE,0.2917,0.4986,4.403,1.691,0.2948
"mle","low_count",3,"gene154",FALSE,0.2917,1.727,4.403,5.858,0.2948
"cap_10s","low_count",3,"gene154",FALSE,0.2917,1.727,4.403,5.858,0.2948
"master","low_count",3,"gene155",FALSE,0.1517,0.2602,7.565,2.086,0.1247
"cap_10s","low_count",3,"gene155",FALSE,0.1517,1.211,7.565,9.706,0.1247
"mle","low_count",3,"gene155",FALSE,0.1517,1.211,7.565,9.706,0.1247
"master","low_count",3,"gene156",FALSE,0.7117,1.52,3.397,2.123,0.7158
"mle","low_count",3,"gene156",FALSE,0.7117,3.513,3.397,4.907,0.7158
"cap_10s","low_count",3,"gene156",FALSE,0.7117,3.513,3.397,4.907,0.7158
"master","low_count",3,"gene157",FALSE,0.5567,1.18,5.935,2.327,0.5073
"cap_10s","low_count",3,"gene157",FALSE,0.5567,5.073,5.935,10,0.5073
"mle","low_count",3,"gene157",FALSE,0.5567,6.558,5.935,12.93,0.5073
"master","low_count",3,"gene158",FALSE,0.4733,0.8732,6.984,1.787,0.4886
"cap_10s","low_count",3,"gene158",FALSE,0.4733,4.886,6.984,10,0.4886
"mle","low_count",3,"gene158",FALSE,0.4733,6.225,6.984,12.74,0.4886
"master","low_count",3,"gene159",FALSE,0.255,0.6074,7.547,2.439,0.2491
"mle","low_count",3,"gene159",FALSE,0.255,3.69,7.547,14.81,0.2491
"cap_10s","low_count",3,"gene159",FALSE,0.255,2.491,7.547,10,0.2491
"cap_10s","low_count",3,"gene16",FALSE,0.265,0.9693,4.576,3.419,0.2835
"master","low_count",3,"gene16",FALSE,0.265,0.6335,4.576,2.235,0.2835
"mle","low_count",3,"gene16",FALSE,0.265,0.9693,4.576,3.419,0.2835
"master","low_count",3,"gene160",FALSE,0.5067,1.099,6.466,2.297,0.4783
"mle","low_count",3,"gene160",FALSE,0.5067,4.738,6.466,9.905,0.4783
"cap_10s","low_count",3,"gene160",FALSE,0.5067,4.738,6.466,9.905,0.4783
"mle","low_count",3,"gene161",FALSE,0.485,2.26,2.898,5.155,0.4384
"cap_10s","low_count",3,"gene161",FALSE,0.485,2.26,2.898,5.155,0.4384
"master","low_count",3,"gene161",FALSE,0.485,1.025,2.898,2.337,0.4384
"cap_10s","low_count",3,"gene162",FALSE,0.275,1.099,2.85,4.507,0.2438
"mle","low_count",3,"gene162",FALSE,0.275,1.099,2.85,4.507,0.2438
"master","low_count",3,"gene162",FALSE,0.275,0.4181,2.85,1.715,0.2438
"master","low_count",3,"gene163",FALSE,0.435,0.7291,3.961,1.994,0.3657
"mle","low_count",3,"gene163",FALSE,0.435,1.651,3.961,4.514,0.3657
"cap_10s","low_count",3,"gene163",FALSE,0.435,1.651,3.961,4.514,0.3657
"master","low_count",3,"gene164",FALSE,0.235,0.4366,4.537,2.391,0.1826
"cap_10s","low_count",3,"gene164",FALSE,0.235,1.095,4.537,5.999,0.1826
"mle","low_count",3,"gene164",FALSE,0.235,1.095,4.537,5.999,0.1826
"cap_10s","low_count",3,"gene165",FALSE,0.4233,0.9444,2.239,2.563,0.3685
"master","low_count",3,"gene165",FALSE,0.4233,0.5646,2.239,1.532,0.3685
"mle","low_count",3,"gene165",FALSE,0.4233,0.9444,2.239,2.563,0.3685
"mle","low_count",3,"gene166",FALSE,0.275,1.121,2.884,4.571,0.2452
"master","low_count",3,"gene166",FALSE,0.275,0.4259,2.884,1.737,0.2452
"cap_10s","low_count",3,"gene166",FALSE,0.275,1.121,2.884,4.571,0.2452
"mle","low_count",3,"gene167",FALSE,0.4767,3.602,7.373,7.577,0.4753
"master","low_count",3,"gene167",FALSE,0.4767,1.199,7.373,2.523,0.4753
"cap_10s","low_count",3,"gene167",FALSE,0.4767,3.602,7.373,7.577,0.4753
"master","low_count",3,"gene168",FALSE,0.6383,1.286,3.764,1.99,0.6461
"cap_10s","low_count",3,"gene168",FALSE,0.6383,5.394,3.764,8.349,0.6461
"mle","low_count",3,"gene168",FALSE,0.6383,5.394,3.764,8.349,0.6461
"master","low_count",3,"gene169",FALSE,0.12,0.1506,6.156,1.746,0.08625
"cap_10s","low_count",3,"gene169",FALSE,0.12,0.8625,6.156,10,0.08625
"mle","low_count",3,"gene169",FALSE,0.12,2.152,6.156,24.95,0.08625
"cap_10s","low_count",3,"gene17",FALSE,0.3617,0.6865,2.72,2.815,0.2438
"master","low_count",3,"gene17",FALSE,0.3617,0.5241,2.72,2.149,0.2438
"mle","low_count",3,"gene17",FALSE,0.3617,0.6865,2.72,2.815,0.2438
"master","low_count",3,"gene170",FALSE,0.11,0.1987,4.912,1.738,0.1143
"mle","low_count",3,"gene170",FALSE,0.11,0.9914,4.912,8.673,0.1143
"cap_10s","low_count",3,"gene170",FALSE,0.11,0.9914,4.912,8.673,0.1143
"cap_10s","low_count",3,"gene171",FALSE,0.13,0.5477,3.731,5.759,0.0951
"master","low_count",3,"gene171",FALSE,0.13,0.2777,3.731,2.92,0.0951
"mle","low_count",3,"gene171",FALSE,0.13,0.5477,3.731,5.759,0.0951
"master","low_count",3,"gene172",FALSE,0.6133,1.032,4.068,1.752,0.5891
"cap_10s","low_count",3,"gene172",FALSE,0.6133,2.916,4.068,4.949,0.5891
"mle","low_count",3,"gene172",FALSE,0.6133,2.916,4.068,4.949,0.5891
"master","low_count",3,"gene173",FALSE,0.3517,0.5477,4.929,1.831,0.2991
"cap_10s","low_count",3,"gene173",FALSE,0.3517,2.991,4.929,10,0.2991
"mle","low_count",3,"gene173",FALSE,0.3517,6.4,4.929,21.4,0.2991
"cap_10s","low_count",3,"gene174",FALSE,0.1967,1.634,5.569,10,0.1634
"mle","low_count",3,"gene174",FALSE,0.1967,1.744,5.569,10.67,0.1634
"master","low_count",3,"gene174",FALSE,0.1967,0.3509,5.569,2.147,0.1634
"cap_10s","low_count",3,"gene175",FALSE,0.185,0.4437,2.008,2.897,0.1531
"mle","low_count",3,"gene175",FALSE,0.185,0.4437,2.008,2.897,0.1531
"master","low_count",3,"gene175",FALSE,0.185,0.2398,2.008,1.566,0.1531
"master","low_count",3,"gene176",FALSE,0.07167,0.1209,6.072,1.765,0.06852
"mle","low_count",3,"gene176",FALSE,0.07167,0.2611,6.072,3.81,0.06852
"cap_10s","low_count",3,"gene176",FALSE,0.07167,0.2611,6.072,3.81,0.06852
"master","low_count",3,"gene177",FALSE,0.145,0.5616,6.701,4.46,0.1259
"cap_10s","low_count",3,"gene177",FALSE,0.145,0.6474,6.701,5.141,0.1259
"mle","low_count",3,"gene177",FALSE,0.145,0.6474,6.701,5.141,0.1259
"cap_10s","low_count",3,"gene178",FALSE,0.3,2.041,7.382,6.54,0.3121
"master","low_count",3,"gene178",FALSE,0.3,0.5596,7.382,1.793,0.3121
"mle","low_count",3,"gene178",FALSE,0.3,2.041,7.382,6.54,0.3121
"mle","low_count",3,"gene179",FALSE,0.2783,1.709,7.481,10,0.1709
"master","low_count",3,"gene179",FALSE,0.2783,0.4661,7.481,2.727,0.1709
"cap_10s","low_count",3,"gene179",FALSE,0.2783,1.709,7.481,10,0.1709
"mle","low_count",3,"gene18",FALSE,0.07167,1.321,5.97,18.68,0.07074
"master","low_count",3,"gene18",FALSE,0.07167,0.1327,5.97,1.876,0.07074
"cap_10s","low_count",3,"gene18",FALSE,0.07167,0.7074,5.97,10,0.07074
"mle","low_count",3,"gene180",FALSE,0.505,2.22,4.048,4.687,0.4736
"master","low_count",3,"gene180",FALSE,0.505,0.7023,4.048,1.483,0.4736
"cap_10s","low_count",3,"gene180",FALSE,0.505,2.22,4.048,4.687,0.4736
"cap_10s","low_count",3,"gene181",FALSE,0.1483,0.2571,3.366,2.738,0.09392
"master","low_count",3,"gene181",FALSE,0.1483,0.2208,3.366,2.351,0.09392
"mle","low_count",3,"gene181",FALSE,0.1483,0.2571,3.366,2.738,0.09392
"cap_10s","low_count",3,"gene182",FALSE,0.2383,1.452,5.647,7.226,0.201
"mle","low_count",3,"gene182",FALSE,0.2383,1.452,5.647,7.226,0.201
"master","low_count",3,"gene182",FALSE,0.2383,0.4451,5.647,2.214,0.201
"mle","low_count",3,"gene183",FALSE,0.1083,0.3257,3.146,3.676,0.08861
"cap_10s","low_count",3,"gene183",FALSE,0.1083,0.3257,3.146,3.676,0.08861
"master","low_count",3,"gene183",FALSE,0.1083,0.1591,3.146,1.795,0.08861
"master","low_count",3,"gene184",FALSE,0.4367,0.7665,6.145,1.842,0.4161
"cap_10s","low_count",3,"gene184",FALSE,0.4367,2.211,6.145,5.315,0.4161
"mle","low_count",3,"gene184",FALSE,0.4367,2.211,6.145,5.315,0.4161
"master","low_count",3,"gene185",FALSE,0.1383,0.3229,6.432,2.38,0.1357
"cap_10s","low_count",3,"gene185",FALSE,0.1383,0.5024,6.432,3.703,0.1357
"mle","low_count",3,"gene185",FALSE,0.1383,0.5024,6.432,3.703,0.1357
"cap_10s","low_count",3,"gene186",FALSE,0.15,0.9617,3.275,6.509,0.1477
"master","low_count",3,"gene186",FALSE,0.15,0.4315,3.275,2.92,0.1477
"mle","low_count",3,"gene186",FALSE,0.15,0.9617,3.275,6.509,0.1477
"cap_10s","low_count",3,"gene187",FALSE,0.3517,3.647,6.593,10,0.3647
"master","low_count",3,"gene187",FALSE,0.3517,0.6406,6.593,1.757,0.3647
"mle","low_count",3,"gene187",FALSE,0.3517,4.405,6.593,12.08,0.3647
"cap_10s","low_count",3,"gene188",FALSE,0.1267,0.4996,2.483,4.333,0.1153
"master","low_count",3,"gene188",FALSE,0.1267,0.208,2.483,1.804,0.1153
"mle","low_count",3,"gene188",FALSE,0.1267,0.4996,2.483,4.333,0.1153
"cap_10s","low_count",3,"gene189",FALSE,0.2283,0.5009,2.943,2.825,0.1773
"master","low_count",3,"gene189",FALSE,0.2283,0.3578,2.943,2.018,0.1773
"mle","low_count",3,"gene189",FALSE,0.2283,0.5009,2.943,2.825,0.1773
"master","low_count",3,"gene19",FALSE,0.5317,0.6265,2.629,1.938,0.3232
"cap_10s","low_count",3,"gene19",FALSE,0.5317,0.9278,2.629,2.871,0.3232
"mle","low_count",3,"gene19",FALSE,0.5317,0.9278,2.629,2.871,0.3232
"cap_10s","low_count",3,"gene190",FALSE,0.3417,1.377,4.904,4.154,0.3314
"master","low_count",3,"gene190",FALSE,0.3417,0.5759,4.904,1.738,0.3314
"mle","low_count",3,"gene190",FALSE,0.3417,1.377,4.904,4.154,0.3314
"mle","low_count",3,"gene191",FALSE,0.32,0.8423,4.092,2.729,0.3086
"cap_10s","low_count",3,"gene191",FALSE,0.32,0.8423,4.092,2.729,0.3086
"master","low_count",3,"gene191",FALSE,0.32,0.6452,4.092,2.091,0.3086
"master","low_count",3,"gene192",FALSE,0.155,0.4142,4.252,3.277,0.1264
"mle","low_count",3,"gene192",FALSE,0.155,0.6228,4.252,4.927,0.1264
"cap_10s","low_count",3,"gene192",FALSE,0.155,0.6228,4.252,4.927,0.1264
"master","low_count",3,"gene193",FALSE,0.5033,1.016,5.109,1.996,0.5091
"mle","low_count",3,"gene193",FALSE,0.5033,3.433,5.109,6.743,0.5091
"cap_10s","low_count",3,"gene193",FALSE,0.5033,3.433,5.109,6.743,0.5091
"master","low_count",3,"gene194",FALSE,0.09833,0.5096,7.484,6.091,0.08366
"mle","low_count",3,"gene194",FALSE,0.09833,2.255,7.484,26.96,0.08366
"cap_10s","low_count",3,"gene194",FALSE,0.09833,0.8366,7.484,10,0.08366
"master","low_count",3,"gene195",FALSE,0.1283,0.2899,3.812,2.406,0.1205
"mle","low_count",3,"gene195",FALSE,0.1283,0.5415,3.812,4.494,0.1205
"cap_10s","low_count",3,"gene195",FALSE,0.1283,0.5415,3.812,4.494,0.1205
"master","low_count",3,"gene196",FALSE,0.285,0.3134,5.346,1.185,0.2644
"mle","low_count",3,"gene196",FALSE,0.285,1.433,5.346,5.418,0.2644
"cap_10s","low_count",3,"gene196",FALSE,0.285,1.433,5.346,5.418,0.2644
"master","low_count",3,"gene197",FALSE,0.6683,1.627,7.068,2.972,0.5476
"mle","low_count",3,"gene197",FALSE,0.6683,12.16,7.068,22.21,0.5476
"cap_10s","low_count",3,"gene197",FALSE,0.6683,5.476,7.068,10,0.5476
"master","low_count",3,"gene198",FALSE,0.375,0.7269,2.095,2.191,0.3318
"mle","low_count",3,"gene198",FALSE,0.375,0.7269,2.095,2.191,0.3318
"cap_10s","low_count",3,"gene198",FALSE,0.375,0.7269,2.095,2.191,0.3318
"master","low_count",3,"gene199",FALSE,0.175,0.2735,4.18,2.23,0.1227
"cap_10s","low_count",3,"gene199",FALSE,0.175,0.9536,4.18,7.774,0.1227
"mle","low_count",3,"gene199",FALSE,0.175,0.9536,4.18,7.774,0.1227
"cap_10s","low_count",3,"gene2",FALSE,0.17,0.4304,2.285,1.663,0.2589
"master","low_count",3,"gene2",FALSE,0.17,0.4304,2.285,1.663,0.2589
"mle","low_count",3,"gene2",FALSE,0.17,0.4304,2.285,1.663,0.2589
"cap_10s","low_count",3,"gene20",FALSE,0.1917,0.9968,2.388,3.398,0.2934
"mle","low_count",3,"gene20",FALSE,0.1917,0.9968,2.388,3.398,0.2934
"master","low_count",3,"gene20",FALSE,0.1917,0.4972,2.388,1.695,0.2934
"master","low_count",3,"gene200",FALSE,0.485,1.209,5.56,2.347,0.5153
"mle","low_count",3,"gene200",FALSE,0.485,5.984,5.56,11.61,0.5153
"cap_10s","low_count",3,"gene200",FALSE,0.485,5.153,5.56,10,0.5153
"mle","low_count",3,"gene201",FALSE,0.1383,0.4806,2.003,3.883,0.1238
"cap_10s","low_count",3,"gene201",FALSE,0.1383,0.4806,2.003,3.883,0.1238
"master","low_count",3,"gene201",FALSE,0.1383,0.248,2.003,2.004,0.1238
"mle","low_count",3,"gene202",FALSE,0.1567,1.111,4.309,6.465,0.1719
"cap_10s","low_count",3,"gene202",FALSE,0.1567,1.111,4.309,6.465,0.1719
"master","low_count",3,"gene202",FALSE,0.1567,0.2712,4.309,1.578,0.1719
"cap_10s","low_count",3,"gene203",FALSE,0.1283,0.6275,2.637,8.588,0.07306
"master","low_count",3,"gene203",FALSE,0.1283,0.2327,2.637,3.185,0.07306
"mle","low_count",3,"gene203",FALSE,0.1283,0.6275,2.637,8.588,0.07306
"master","low_count",3,"gene204",FALSE,0.2933,0.6605,2.777,2.93,0.2255
"mle","low_count",3,"gene204",FALSE,0.2933,0.7036,2.777,3.121,0.2255
"cap_10s","low_count",3,"gene204",FALSE,0.2933,0.7036,2.777,3.121,0.2255
"cap_10s","low_count",3,"gene205",FALSE,0.2617,2.273,4.65,9.856,0.2306
"master","low_count",3,"gene205",FALSE,0.2617,0.4584,4.65,1.988,0.2306
"mle","low_count",3,"gene205",FALSE,0.2617,2.273,4.65,9.856,0.2306
"master","low_count",3,"gene206",FALSE,0.29,0.5977,3.212,2.348,0.2546
"mle","low_count",3,"gene206",FALSE,0.29,1.002,3.212,3.935,0.2546
"cap_10s","low_count",3,"gene206",FALSE,0.29,1.002,3.212,3.935,0.2546
"mle","low_count",3,"gene207",FALSE,0.1033,0.2301,2.257,2.583,0.08907
"master","low_count",3,"gene207",FALSE,0.1033,0.103,2.257,1.156,0.08907
"cap_10s","low_count",3,"gene207",FALSE,0.1033,0.2301,2.257,2.583,0.08907
"master","low_count",3,"gene208",FALSE,0.1983,0.182,4.596,1.341,0.1358
"mle","low_count",3,"gene208",FALSE,0.1983,0.9432,4.596,6.947,0.1358
"cap_10s","low_count",3,"gene208",FALSE,0.1983,0.9432,4.596,6.947,0.1358
"master","low_count",3,"gene209",FALSE,0.09833,0.1475,3.38,2.054,0.0718
"cap_10s","low_count",3,"gene209",FALSE,0.09833,0.1475,3.38,2.054,0.0718
"mle","low_count",3,"gene209",FALSE,0.09833,0.1475,3.38,2.054,0.0718
"cap_10s","low_count",3,"gene21",FALSE,0.195,0.5516,3.466,3.396,0.1624
"mle","low_count",3,"gene21",FALSE,0.195,0.5516,3.466,3.396,0.1624
"master","low_count",3,"gene21",FALSE,0.195,0.2286,3.466,1.407,0.1624
"master","low_count",3,"gene210",FALSE,0.1883,0.3849,2.219,2.029,0.1897
"mle","low_count",3,"gene210",FALSE,0.1883,0.6245,2.219,3.292,0.1897
"cap_10s","low_count",3,"gene210",FALSE,0.1883,0.6245,2.219,3.292,0.1897
"master","low_count",3,"gene211",FALSE,0.4383,0.896,5.39,2.359,0.3799
"cap_10s","low_count",3,"gene211",FALSE,0.4383,3.799,5.39,10,0.3799
"mle","low_count",3,"gene211",FALSE,0.4383,5.452,5.39,14.35,0.3799
"cap_10s","low_count",3,"gene212",FALSE,0.4733,2.744,3.891,6.495,0.4225
"master","low_count",3,"gene212",FALSE,0.4733,1.611,3.891,3.813,0.4225
"mle","low_count",3,"gene212",FALSE,0.4733,2.744,3.891,6.495,0.4225
"master","low_count",3,"gene213",FALSE,0.465,0.8804,7.086,2.009,0.4382
"cap_10s","low_count",3,"gene213",FALSE,0.465,4.382,7.086,10,0.4382
"mle","low_count",3,"gene213",FALSE,0.465,6.17,7.086,14.08,0.4382
"cap_10s","low_count",3,"gene214",FALSE,0.3883,2.108,5.452,5.811,0.3628
"master","low_count",3,"gene214",FALSE,0.3883,0.6316,5.452,1.741,0.3628
"mle","low_count",3,"gene214",FALSE,0.3883,2.108,5.452,5.811,0.3628
"cap_10s","low_count",3,"gene215",FALSE,0.5,3.984,6.098,10,0.3984
"mle","low_count",3,"gene215",FALSE,0.5,8.474,6.098,21.27,0.3984
"master","low_count",3,"gene215",FALSE,0.5,0.7995,6.098,2.007,0.3984
"cap_10s","low_count",3,"gene216",FALSE,0.1267,0.1704,2.092,4.162,0.04095
"master","low_count",3,"gene216",FALSE,0.1267,0.1586,2.092,3.873,0.04095
"mle","low_count",3,"gene216",FALSE,0.1267,0.1704,2.092,4.162,0.04095
"master","low_count",3,"gene217",FALSE,0.09333,0.08985,2.067,1.736,0.05176
"mle","low_count",3,"gene217",FALSE,0.09333,0.1517,2.067,2.931,0.05176
"cap_10s","low_count",3,"gene217",FALSE,0.09333,0.1517,2.067,2.931,0.05176
"cap_10s","low_count",3,"gene218",FALSE,0.5683,2.368,2.797,4.205,0.5632
"master","low_count",3,"gene218",FALSE,0.5683,1.503,2.797,2.669,0.5632
"mle","low_count",3,"gene218",FALSE,0.5683,2.368,2.797,4.205,0.5632
"master","low_count",3,"gene219",FALSE,0.085,0.1462,3.984,2.457,0.05948
"mle","low_count",3,"gene219",FALSE,0.085,0.469,3.984,7.884,0.05948
"cap_10s","low_count",3,"gene219",FALSE,0.085,0.469,3.984,7.884,0.05948
"mle","low_count",3,"gene22",FALSE,0.4367,1.471,3.608,2.735,0.5378
"master","low_count",3,"gene22",FALSE,0.4367,1.169,3.608,2.174,0.5378
"cap_10s","low_count",3,"gene22",FALSE,0.4367,1.471,3.608,2.735,0.5378
"mle","low_count",3,"gene220",FALSE,0.455,2.373,5.014,5.931,0.4001
"cap_10s","low_count",3,"gene220",FALSE,0.455,2.373,5.014,5.931,0.4001
"master","low_count",3,"gene220",FALSE,0.455,0.9732,5.014,2.432,0.4001
"mle","low_count",3,"gene221",TRUE,0.08,2402000,7.18,44920000,0.05348
"cap_10s","low_count",3,"gene221",TRUE,0.08,0.5348,7.18,10,0.05348
"master","low_count",3,"gene221",TRUE,0.08,0.1483,7.18,2.774,0.05348
"cap_10s","low_count",3,"gene222",FALSE,0.1067,0.9728,5.86,10,0.09728
"master","low_count",3,"gene222",FALSE,0.1067,0.2093,5.86,2.152,0.09728
"mle","low_count",3,"gene222",FALSE,0.1067,3.972,5.86,40.83,0.09728
"master","low_count",3,"gene223",FALSE,0.6267,1.225,4.891,2.113,0.5798
"cap_10s","low_count",3,"gene223",FALSE,0.6267,5.12,4.891,8.83,0.5798
"mle","low_count",3,"gene223",FALSE,0.6267,5.12,4.891,8.83,0.5798
"cap_10s","low_count",3,"gene224",FALSE,0.3983,2.601,3.322,7.286,0.357
"master","low_count",3,"gene224",FALSE,0.3983,1.189,3.322,3.331,0.357
"mle","low_count",3,"gene224",FALSE,0.3983,2.601,3.322,7.286,0.357
"cap_10s","low_count",3,"gene225",FALSE,0.1233,0.2051,2.813,2.197,0.09337
"master","low_count",3,"gene225",FALSE,0.1233,0.198,2.813,2.12,0.09337
"mle","low_count",3,"gene225",FALSE,0.1233,0.2051,2.813,2.197,0.09337
"cap_10s","low_count",3,"gene226",FALSE,0.5633,1.37,3.321,2.874,0.4767
"master","low_count",3,"gene226",FALSE,0.5633,0.9415,3.321,1.975,0.4767
"mle","low_count",3,"gene226",FALSE,0.5633,1.37,3.321,2.874,0.4767
"cap_10s","low_count",3,"gene227",FALSE,0.08167,0.2296,3.648,2.806,0.08182
"master","low_count",3,"gene227",FALSE,0.08167,0.1527,3.648,1.866,0.08182
"mle","low_count",3,"gene227",FALSE,0.08167,0.2296,3.648,2.806,0.08182
"cap_10s","low_count",3,"gene228",FALSE,0.1667,0.4273,4.238,3.99,0.1071
"master","low_count",3,"gene228",FALSE,0.1667,0.308,4.238,2.876,0.1071
"mle","low_count",3,"gene228",FALSE,0.1667,0.4273,4.238,3.99,0.1071
"cap_10s","low_count",3,"gene229",FALSE,0.275,1.369,7.347,5.503,0.2488
"master","low_count",3,"gene229",FALSE,0.275,0.5398,7.347,2.17,0.2488
"mle","low_count",3,"gene229",FALSE,0.275,1.369,7.347,5.503,0.2488
"master","low_count",3,"gene23",FALSE,0.3683,0.5718,3.089,2.301,0.2485
"cap_10s","low_count",3,"gene23",FALSE,0.3683,1.051,3.089,4.228,0.2485
"mle","low_count",3,"gene23",FALSE,0.3683,1.051,3.089,4.228,0.2485
"cap_10s","low_count",3,"gene230",FALSE,0.1533,0.6498,6.79,4.871,0.1334
"master","low_count",3,"gene230",FALSE,0.1533,0.2522,6.79,1.891,0.1334
"mle","low_count",3,"gene230",FALSE,0.1533,0.6498,6.79,4.871,0.1334
"mle","low_count",3,"gene231",FALSE,0.4767,2.056,4.818,4.78,0.43
"cap_10s","low_count",3,"gene231",FALSE,0.4767,2.056,4.818,4.78,0.43
"master","low_count",3,"gene231",FALSE,0.4767,0.8638,4.818,2.009,0.43
"master","low_count",3,"gene232",FALSE,0.05833,0.1369,2.024,3.221,0.0425
"mle","low_count",3,"gene232",FALSE,0.05833,0.203,2.024,4.778,0.0425
"cap_10s","low_count",3,"gene232",FALSE,0.05833,0.203,2.024,4.778,0.0425
"master","low_count",3,"gene233",FALSE,0.185,0.2778,3.315,1.762,0.1577
"mle","low_count",3,"gene233",FALSE,0.185,0.475,3.315,3.012,0.1577
"cap_10s","low_count",3,"gene233",FALSE,0.185,0.475,3.315,3.012,0.1577
"master","low_count",3,"gene234",FALSE,0.2917,0.7196,5.952,2.882,0.2497
"mle","low_count",3,"gene234",FALSE,0.2917,1.326,5.952,5.312,0.2497
"cap_10s","low_count",3,"gene234",FALSE,0.2917,1.326,5.952,5.312,0.2497
"master","low_count",3,"gene235",FALSE,0.1817,0.3764,3.356,2.293,0.1642
"mle","low_count",3,"gene235",FALSE,0.1817,0.604,3.356,3.678,0.1642
"cap_10s","low_count",3,"gene235",FALSE,0.1817,0.604,3.356,3.678,0.1642
"master","low_count",3,"gene236",FALSE,0.4333,0.9188,7.425,2.458,0.3738
"mle","low_count",3,"gene236",FALSE,0.4333,2.29,7.425,6.126,0.3738
"cap_10s","low_count",3,"gene236",FALSE,0.4333,2.29,7.425,6.126,0.3738
"master","low_count",3,"gene237",FALSE,0.315,0.5036,3.287,1.823,0.2763
"cap_10s","low_count",3,"gene237",FALSE,0.315,1.063,3.287,3.849,0.2763
"mle","low_count",3,"gene237",FALSE,0.315,1.063,3.287,3.849,0.2763
"master","low_count",3,"gene238",FALSE,0.1083,0.1893,5.36,1.799,0.1052
"cap_10s","low_count",3,"gene238",FALSE,0.1083,0.7093,5.36,6.741,0.1052
"mle","low_count",3,"gene238",FALSE,0.1083,0.7093,5.36,6.741,0.1052
"cap_10s","low_count",3,"gene239",FALSE,0.155,1.4,7.521,10,0.14
"mle","low_count",3,"gene239",FALSE,0.155,1.473,7.521,10.52,0.14
"master","low_count",3,"gene239",FALSE,0.155,0.2544,7.521,1.817,0.14
"cap_10s","low_count",3,"gene24",FALSE,0.1683,1.628,6.702,10,0.1628
"master","low_count",3,"gene24",FALSE,0.1683,0.527,6.702,3.236,0.1628
"mle","low_count",3,"gene24",FALSE,0.1683,6.238,6.702,38.31,0.1628
"mle","low_count",3,"gene240",FALSE,0.1,0.816,6.342,8.667,0.09414
"master","low_count",3,"gene240",FALSE,0.1,0.1699,6.342,1.805,0.09414
"cap_10s","low_count",3,"gene240",FALSE,0.1,0.816,6.342,8.667,0.09414
"master","low_count",3,"gene241",FALSE,0.1967,0.2499,5.39,1.305,0.1915
"cap_10s","low_count",3,"gene241",FALSE,0.1967,1.915,5.39,10,0.1915
"mle","low_count",3,"gene241",FALSE,0.1967,5.577,5.39,29.13,0.1915
"master","low_count",3,"gene242",FALSE,0.2817,0.4151,4.507,1.52,0.2731
"cap_10s","low_count",3,"gene242",FALSE,0.2817,1.324,4.507,4.849,0.2731
"mle","low_count",3,"gene242",FALSE,0.2817,1.324,4.507,4.849,0.2731
"cap_10s","low_count",3,"gene243",FALSE,0.3,1.694,7.816,6.682,0.2535
"mle","low_count",3,"gene243",FALSE,0.3,1.694,7.816,6.682,0.2535
"master","low_count",3,"gene243",FALSE,0.3,0.4394,7.816,1.733,0.2535
"master","low_count",3,"gene244",FALSE,0.23,0.3891,5.223,1.862,0.209
"mle","low_count",3,"gene244",FALSE,0.23,0.6539,5.223,3.129,0.209
"cap_10s","low_count",3,"gene244",FALSE,0.23,0.6539,5.223,3.129,0.209
"master","low_count",3,"gene245",FALSE,0.125,0.1617,6.681,1.642,0.09848
"mle","low_count",3,"gene245",FALSE,0.125,0.796,6.681,8.083,0.09848
"cap_10s","low_count",3,"gene245",FALSE,0.125,0.796,6.681,8.083,0.09848
"master","low_count",3,"gene246",FALSE,0.5717,1.093,2.543,2.521,0.4336
"mle","low_count",3,"gene246",FALSE,0.5717,1.496,2.543,3.449,0.4336
"cap_10s","low_count",3,"gene246",FALSE,0.5717,1.496,2.543,3.449,0.4336
"mle","low_count",3,"gene247",FALSE,0.2233,0.6031,6.099,3.329,0.1812
"cap_10s","low_count",3,"gene247",FALSE,0.2233,0.6031,6.099,3.329,0.1812
"master","low_count",3,"gene247",FALSE,0.2233,0.348,6.099,1.921,0.1812
"master","low_count",3,"gene248",FALSE,0.2333,0.4135,7.663,1.881,0.2199
"mle","low_count",3,"gene248",FALSE,0.2333,2.197,7.663,9.992,0.2199
"cap_10s","low_count",3,"gene248",FALSE,0.2333,2.197,7.663,9.992,0.2199
"master","low_count",3,"gene249",FALSE,0.095,0.09578,2.005,1.284,0.07457
"mle","low_count",3,"gene249",FALSE,0.095,0.1446,2.005,1.939,0.07457
"cap_10s","low_count",3,"gene249",FALSE,0.095,0.1446,2.005,1.939,0.07457
"cap_10s","low_count",3,"gene25",FALSE,0.1667,0.2643,2.839,3.575,0.07391
"master","low_count",3,"gene25",FALSE,0.1667,0.1184,2.839,1.601,0.07391
"mle","low_count",3,"gene25",FALSE,0.1667,0.2643,2.839,3.575,0.07391
"master","low_count",3,"gene250",FALSE,0.395,0.7486,2.214,2.1,0.3565
"mle","low_count",3,"gene250",FALSE,0.395,0.7486,2.214,2.1,0.3565
"cap_10s","low_count",3,"gene250",FALSE,0.395,0.7486,2.214,2.1,0.3565
"master","low_count",3,"gene251",FALSE,0.2183,0.3575,4.607,1.608,0.2224
"mle","low_count",3,"gene251",FALSE,0.2183,1.038,4.607,4.665,0.2224
"cap_10s","low_count",3,"gene251",FALSE,0.2183,1.038,4.607,4.665,0.2224
"cap_10s","low_count",3,"gene252",FALSE,0.1717,0.5155,2.424,2.649,0.1946
"master","low_count",3,"gene252",FALSE,0.1717,0.316,2.424,1.624,0.1946
"mle","low_count",3,"gene252",FALSE,0.1717,0.5155,2.424,2.649,0.1946
"master","low_count",3,"gene253",FALSE,0.125,0.1456,4.547,1.693,0.086
"mle","low_count",3,"gene253",FALSE,0.125,1.278,4.547,14.86,0.086
"cap_10s","low_count",3,"gene253",FALSE,0.125,0.86,4.547,10,0.086
"master","low_count",3,"gene254",FALSE,0.1983,0.4076,4.565,2.775,0.1469
"mle","low_count",3,"gene254",FALSE,0.1983,0.5961,4.565,4.058,0.1469
"cap_10s","low_count",3,"gene254",FALSE,0.1983,0.5961,4.565,4.058,0.1469
"master","low_count",3,"gene255",FALSE,0.135,0.1952,3.101,1.524,0.1281
"mle","low_count",3,"gene255",FALSE,0.135,0.2905,3.101,2.268,0.1281
"cap_10s","low_count",3,"gene255",FALSE,0.135,0.2905,3.101,2.268,0.1281
"cap_10s","low_count",3,"gene256",FALSE,0.2183,0.7797,3.632,4.277,0.1823
"mle","low_count",3,"gene256",FALSE,0.2183,0.7797,3.632,4.277,0.1823
"master","low_count",3,"gene256",FALSE,0.2183,0.4149,3.632,2.276,0.1823
"master","low_count",3,"gene257",FALSE,0.105,0.2775,4.981,2.71,0.1024
"mle","low_count",3,"gene257",FALSE,0.105,1.033,4.981,10.09,0.1024
"cap_10s","low_count",3,"gene257",FALSE,0.105,1.024,4.981,10,0.1024
"master","low_count",3,"gene258",FALSE,0.3967,0.8052,5.618,2.309,0.3487
"mle","low_count",3,"gene258",FALSE,0.3967,1.234,5.618,3.537,0.3487
"cap_10s","low_count",3,"gene258",FALSE,0.3967,1.234,5.618,3.537,0.3487
"master","low_count",3,"gene259",FALSE,0.3767,0.8041,7.025,2.349,0.3424
"mle","low_count",3,"gene259",FALSE,0.3767,1.759,7.025,5.138,0.3424
"cap_10s","low_count",3,"gene259",FALSE,0.3767,1.759,7.025,5.138,0.3424
"cap_10s","low_count",3,"gene26",FALSE,0.4783,1.974,2.203,3.662,0.5391
"master","low_count",3,"gene26",FALSE,0.4783,1.423,2.203,2.639,0.5391
"mle","low_count",3,"gene26",FALSE,0.4783,1.974,2.203,3.662,0.5391
"mle","low_count",3,"gene260",FALSE,0.1133,1.931,5.296,19.01,0.1016
"cap_10s","low_count",3,"gene260",FALSE,0.1133,1.016,5.296,10,0.1016
"master","low_count",3,"gene260",FALSE,0.1133,0.1968,5.296,1.937,0.1016
"master","low_count",3,"gene261",FALSE,0.3333,0.9433,5.985,2.991,0.3154
"mle","low_count",3,"gene261",FALSE,0.3333,9.076,5.985,28.77,0.3154
"cap_10s","low_count",3,"gene261",FALSE,0.3333,3.154,5.985,10,0.3154
"mle","low_count",3,"gene262",FALSE,0.1717,0.6056,4.926,4.97,0.1218
"cap_10s","low_count",3,"gene262",FALSE,0.1717,0.6056,4.926,4.97,0.1218
"master","low_count",3,"gene262",FALSE,0.1717,0.2311,4.926,1.897,0.1218
"mle","low_count",3,"gene263",FALSE,0.2667,1.059,6.937,4.259,0.2486
"cap_10s","low_count",3,"gene263",FALSE,0.2667,1.059,6.937,4.259,0.2486
"master","low_count",3,"gene263",FALSE,0.2667,0.5426,6.937,2.183,0.2486
"mle","low_count",3,"gene264",FALSE,0.46,1.294,2.172,3.168,0.4083
"cap_10s","low_count",3,"gene264",FALSE,0.46,1.294,2.172,3.168,0.4083
"master","low_count",3,"gene264",FALSE,0.46,0.8026,2.172,1.966,0.4083
"master","low_count",3,"gene265",FALSE,0.4517,0.7187,4.171,1.807,0.3978
"cap_10s","low_count",3,"gene265",FALSE,0.4517,3.561,4.171,8.953,0.3978
"mle","low_count",3,"gene265",FALSE,0.4517,3.561,4.171,8.953,0.3978
"master","low_count",3,"gene266",FALSE,0.445,0.8176,2.405,2.334,0.3504
"cap_10s","low_count",3,"gene266",FALSE,0.445,1.479,2.405,4.223,0.3504
"mle","low_count",3,"gene266",FALSE,0.445,1.479,2.405,4.223,0.3504
"master","low_count",3,"gene267",FALSE,0.225,0.4246,6.036,1.939,0.219
"mle","low_count",3,"gene267",FALSE,0.225,10.46,6.036,47.76,0.219
"cap_10s","low_count",3,"gene267",FALSE,0.225,2.19,6.036,10,0.219
"master","low_count",3,"gene268",FALSE,0.5983,1.356,4.353,2.294,0.5909
"mle","low_count",3,"gene268",FALSE,0.5983,1.469,4.353,2.486,0.5909
"cap_10s","low_count",3,"gene268",FALSE,0.5983,1.469,4.353,2.486,0.5909
"mle","low_count",3,"gene269",FALSE,0.1833,0.4433,2.75,2.45,0.1809
"cap_10s","low_count",3,"gene269",FALSE,0.1833,0.4433,2.75,2.45,0.1809
"master","low_count",3,"gene269",FALSE,0.1833,0.2737,2.75,1.513,0.1809
"cap_10s","low_count",3,"gene27",FALSE,0.3283,0.8662,2.667,4.006,0.2162
"mle","low_count",3,"gene27",FALSE,0.3283,0.8662,2.667,4.006,0.2162
"master","low_count",3,"gene27",FALSE,0.3283,0.2773,2.667,1.282,0.2162
"cap_10s","low_count",3,"gene270",FALSE,0.2367,0.614,3.372,2.779,0.221
"master","low_count",3,"gene270",FALSE,0.2367,0.4121,3.372,1.865,0.221
"mle","low_count",3,"gene270",FALSE,0.2367,0.614,3.372,2.779,0.221
"master","low_count",3,"gene271",FALSE,0.2133,0.5483,6.706,2.123,0.2583
"mle","low_count",3,"gene271",FALSE,0.2133,1.847,6.706,7.151,0.2583
"cap_10s","low_count",3,"gene271",FALSE,0.2133,1.847,6.706,7.151,0.2583
"master","low_count",3,"gene272",FALSE,0.4683,0.5952,2.475,1.604,0.371
"mle","low_count",3,"gene272",FALSE,0.4683,1.528,2.475,4.119,0.371
"cap_10s","low_count",3,"gene272",FALSE,0.4683,1.528,2.475,4.119,0.371
"mle","low_count",3,"gene273",FALSE,0.34,1.377,3.979,3.668,0.3755
"master","low_count",3,"gene273",FALSE,0.34,0.6699,3.979,1.784,0.3755
"cap_10s","low_count",3,"gene273",FALSE,0.34,1.377,3.979,3.668,0.3755
"mle","low_count",3,"gene274",FALSE,0.2367,2.601,7.842,10.18,0.2556
"master","low_count",3,"gene274",FALSE,0.2367,0.3583,7.842,1.402,0.2556
"cap_10s","low_count",3,"gene274",FALSE,0.2367,2.556,7.842,10,0.2556
"master","low_count",3,"gene275",FALSE,0.325,0.7139,4.411,2.263,0.3154
"mle","low_count",3,"gene275",FALSE,0.325,2.783,4.411,8.824,0.3154
"cap_10s","low_count",3,"gene275",FALSE,0.325,2.783,4.411,8.824,0.3154
"master","low_count",3,"gene276",FALSE,0.27,0.3508,2.622,1.555,0.2256
"mle","low_count",3,"gene276",FALSE,0.27,0.5831,2.622,2.585,0.2256
"cap_10s","low_count",3,"gene276",FALSE,0.27,0.5831,2.622,2.585,0.2256
"master","low_count",3,"gene277",FALSE,0.4867,0.888,6.65,1.776,0.4999
"mle","low_count",3,"gene277",FALSE,0.4867,8.09,6.65,16.18,0.4999
"cap_10s","low_count",3,"gene277",FALSE,0.4867,4.999,6.65,10,0.4999
"master","low_count",3,"gene278",FALSE,0.2583,0.5335,2.661,2.151,0.2481
"cap_10s","low_count",3,"gene278",FALSE,0.2583,1.247,2.661,5.027,0.2481
"mle","low_count",3,"gene278",FALSE,0.2583,1.247,2.661,5.027,0.2481
"cap_10s","low_count",3,"gene279",FALSE,0.175,1.305,4.063,10,0.1305
"mle","low_count",3,"gene279",FALSE,0.175,1.871,4.063,14.33,0.1305
"master","low_count",3,"gene279",FALSE,0.175,0.3183,4.063,2.439,0.1305
"cap_10s","low_count",3,"gene28",FALSE,0.1133,1.022,3.235,10,0.1022
"mle","low_count",3,"gene28",FALSE,0.1133,1.247,3.235,12.2,0.1022
"master","low_count",3,"gene28",FALSE,0.1133,0.2504,3.235,2.45,0.1022
"mle","low_count",3,"gene280",FALSE,0.5833,2.236,4.373,3.739,0.598
"master","low_count",3,"gene280",FALSE,0.5833,1.292,4.373,2.16,0.598
"cap_10s","low_count",3,"gene280",FALSE,0.5833,2.236,4.373,3.739,0.598
"mle","low_count",3,"gene281",FALSE,0.3233,0.971,2.421,2.902,0.3346
"master","low_count",3,"gene281",FALSE,0.3233,0.7314,2.421,2.186,0.3346
"cap_10s","low_count",3,"gene281",FALSE,0.3233,0.971,2.421,2.902,0.3346
"master","low_count",3,"gene282",FALSE,0.2767,0.7576,4.564,2.759,0.2746
"cap_10s","low_count",3,"gene282",FALSE,0.2767,0.9929,4.564,3.616,0.2746
"mle","low_count",3,"gene282",FALSE,0.2767,0.9929,4.564,3.616,0.2746
"cap_10s","low_count",3,"gene283",FALSE,0.4317,0.976,2.255,2.378,0.4105
"mle","low_count",3,"gene283",FALSE,0.4317,0.976,2.255,2.378,0.4105
"master","low_count",3,"gene283",FALSE,0.4317,0.9509,2.255,2.316,0.4105
"master","low_count",3,"gene284",FALSE,0.41,0.9635,5.197,2.499,0.3855
"mle","low_count",3,"gene284",FALSE,0.41,3.251,5.197,8.434,0.3855
"cap_10s","low_count",3,"gene284",FALSE,0.41,3.251,5.197,8.434,0.3855
"master","low_count",3,"gene285",FALSE,0.3533,0.6653,2.917,2.185,0.3044
"mle","low_count",3,"gene285",FALSE,0.3533,2.268,2.917,7.451,0.3044
"cap_10s","low_count",3,"gene285",FALSE,0.3533,2.268,2.917,7.451,0.3044
"master","low_count",3,"gene286",FALSE,0.4217,0.9324,5.004,2.659,0.3507
"mle","low_count",3,"gene286",FALSE,0.4217,1.519,5.004,4.331,0.3507
"cap_10s","low_count",3,"gene286",FALSE,0.4217,1.519,5.004,4.331,0.3507
"mle","low_count",3,"gene287",FALSE,0.3667,1.137,2.41,3.309,0.3435
"cap_10s","low_count",3,"gene287",FALSE,0.3667,1.137,2.41,3.309,0.3435
"master","low_count",3,"gene287",FALSE,0.3667,0.8756,2.41,2.549,0.3435
"master","low_count",3,"gene288",FALSE,0.18,0.348,5.707,2.197,0.1584
"mle","low_count",3,"gene288",FALSE,0.18,0.7675,5.707,4.846,0.1584
"cap_10s","low_count",3,"gene288",FALSE,0.18,0.7675,5.707,4.846,0.1584
"master","low_count",3,"gene289",FALSE,0.1683,0.6271,5.735,4.196,0.1494
"mle","low_count",3,"gene289",FALSE,0.1683,4.23,5.735,28.31,0.1494
"cap_10s","low_count",3,"gene289",FALSE,0.1683,1.494,5.735,10,0.1494
"cap_10s","low_count",3,"gene29",FALSE,0.195,0.423,3.25,3.054,0.1385
"master","low_count",3,"gene29",FALSE,0.195,0.2668,3.25,1.926,0.1385
"mle","low_count",3,"gene29",FALSE,0.195,0.423,3.25,3.054,0.1385
"master","low_count",3,"gene290",FALSE,0.08167,0.1259,4.12,1.682,0.07485
"mle","low_count",3,"gene290",FALSE,0.08167,0.1971,4.12,2.633,0.07485
"cap_10s","low_count",3,"gene290",FALSE,0.08167,0.1971,4.12,2.633,0.07485
"master","low_count",3,"gene291",TRUE,0.31,0.5196,7.143,1.745,0.2977
"mle","low_count",3,"gene291",TRUE,0.31,2292000,7.143,7701000,0.2977
"cap_10s","low_count",3,"gene291",TRUE,0.31,2.977,7.143,10,0.2977
"cap_10s","low_count",3,"gene292",FALSE,0.1517,0.7835,4.432,6.161,0.1272
"master","low_count",3,"gene292",FALSE,0.1517,0.2323,4.432,1.827,0.1272
"mle","low_count",3,"gene292",FALSE,0.1517,0.7835,4.432,6.161,0.1272
"master","low_count",3,"gene293",FALSE,0.315,0.4868,2.116,1.765,0.2758
"mle","low_count",3,"gene293",FALSE,0.315,0.6063,2.116,2.199,0.2758
"cap_10s","low_count",3,"gene293",FALSE,0.315,0.6063,2.116,2.199,0.2758
"master","low_count",3,"gene294",FALSE,0.06667,0.1377,3.586,2.272,0.06062
"mle","low_count",3,"gene294",FALSE,0.06667,1.612,3.586,26.59,0.06062
"cap_10s","low_count",3,"gene294",FALSE,0.06667,0.6062,3.586,10,0.06062
"master","low_count",3,"gene295",FALSE,0.11,0.132,4.507,1.445,0.0913
"mle","low_count",3,"gene295",FALSE,0.11,2.087,4.507,22.86,0.0913
"cap_10s","low_count",3,"gene295",FALSE,0.11,0.913,4.507,10,0.0913
"cap_10s","low_count",3,"gene296",FALSE,0.6133,4.926,6.762,10,0.4926
"mle","low_count",3,"gene296",FALSE,0.6133,9.186,6.762,18.65,0.4926
"master","low_count",3,"gene296",FALSE,0.6133,0.9655,6.762,1.96,0.4926
"master","low_count",3,"gene297",FALSE,0.1883,0.3577,7.506,1.859,0.1924
"mle","low_count",3,"gene297",FALSE,0.1883,811.1,7.506,4215,0.1924
"cap_10s","low_count",3,"gene297",FALSE,0.1883,1.924,7.506,10,0.1924
"master","low_count",3,"gene298",FALSE,0.3083,0.787,4.268,2.823,0.2788
"mle","low_count",3,"gene298",FALSE,0.3083,1.003,4.268,3.599,0.2788
"cap_10s","low_count",3,"gene298",FALSE,0.3083,1.003,4.268,3.599,0.2788
"master","low_count",3,"gene299",FALSE,0.6633,1.036,4.539,1.688,0.6141
"mle","low_count",3,"gene299",FALSE,0.6633,2.625,4.539,4.274,0.6141
"cap_10s","low_count",3,"gene299",FALSE,0.6633,2.625,4.539,4.274,0.6141
"cap_10s","low_count",3,"gene3",FALSE,0.7933,5.06,5.538,10,0.506
"master","low_count",3,"gene3",FALSE,0.7933,1.134,5.538,2.241,0.506
"mle","low_count",3,"gene3",FALSE,0.7933,11.17,5.538,22.08,0.506
"cap_10s","low_count",3,"gene30",FALSE,0.075,0.5064,7.775,10,0.05064
"master","low_count",3,"gene30",FALSE,0.075,0.1996,7.775,3.943,0.05064
"mle","low_count",3,"gene30",FALSE,0.075,2.472,7.775,48.81,0.05064
"mle","low_count",3,"gene300",FALSE,0.2283,0.9394,2.878,3.789,0.2479
"cap_10s","low_count",3,"gene300",FALSE,0.2283,0.9394,2.878,3.789,0.2479
"master","low_count",3,"gene300",FALSE,0.2283,0.3627,2.878,1.463,0.2479
"master","low_count",3,"gene31",FALSE,0.155,0.2754,7.687,1.857,0.1483
"mle","low_count",3,"gene31",FALSE,0.155,2.105,7.687,14.19,0.1483
"cap_10s","low_count",3,"gene31",FALSE,0.155,1.483,7.687,10,0.1483
"mle","low_count",3,"gene32",FALSE,0.195,0.6486,3.036,3.885,0.167
"cap_10s","low_count",3,"gene32",FALSE,0.195,0.6486,3.036,3.885,0.167
"master","low_count",3,"gene32",FALSE,0.195,0.3985,3.036,2.387,0.167
"cap_10s","low_count",3,"gene33",FALSE,0.5283,1.855,4.26,3.291,0.5637
"master","low_count",3,"gene33",FALSE,0.5283,1.142,4.26,2.026,0.5637
"mle","low_count",3,"gene33",FALSE,0.5283,1.855,4.26,3.291,0.5637
"cap_10s","low_count",3,"gene34",FALSE,0.1,0.1018,2.256,1.392,0.07318
"master","low_count",3,"gene34",FALSE,0.1,0.1018,2.256,1.392,0.07318
"mle","low_count",3,"gene34",FALSE,0.1,0.1018,2.256,1.392,0.07318
"master","low_count",3,"gene35",FALSE,0.2283,0.3832,3.226,1.728,0.2217
"cap_10s","low_count",3,"gene35",FALSE,0.2283,0.8158,3.226,3.679,0.2217
"mle","low_count",3,"gene35",FALSE,0.2283,0.8158,3.226,3.679,0.2217
"master","low_count",3,"gene36",FALSE,0.2617,0.544,4.201,2.04,0.2666
"cap_10s","low_count",3,"gene36",FALSE,0.2617,1.682,4.201,6.309,0.2666
"mle","low_count",3,"gene36",FALSE,0.2617,1.682,4.201,6.309,0.2666
"mle","low_count",3,"gene37",FALSE,0.8017,5.031,2.552,8.451,0.5952
"cap_10s","low_count",3,"gene37",FALSE,0.8017,5.031,2.552,8.451,0.5952
"master","low_count",3,"gene37",FALSE,0.8017,2.201,2.552,3.698,0.5952
"mle","low_count",3,"gene38",FALSE,0.19,0.9477,3.596,6.232,0.1521
"cap_10s","low_count",3,"gene38",FALSE,0.19,0.9477,3.596,6.232,0.1521
"master","low_count",3,"gene38",FALSE,0.19,0.3773,3.596,2.481,0.1521
"mle","low_count",3,"gene39",FALSE,0.1367,1.299,3.338,14.66,0.08859
"cap_10s","low_count",3,"gene39",FALSE,0.1367,0.8859,3.338,10,0.08859
"master","low_count",3,"gene39",FALSE,0.1367,0.4156,3.338,4.691,0.08859
"cap_10s","low_count",3,"gene4",FALSE,0.07,0.6023,4.286,10,0.06023
"master","low_count",3,"gene4",FALSE,0.07,0.1252,4.286,2.078,0.06023
"mle","low_count",3,"gene4",FALSE,0.07,0.7814,4.286,12.97,0.06023
"cap_10s","low_count",3,"gene40",FALSE,0.1533,0.271,2.447,1.867,0.1451
"master","low_count",3,"gene40",FALSE,0.1533,0.271,2.447,1.867,0.1451
"mle","low_count",3,"gene40",FALSE,0.1533,0.271,2.447,1.867,0.1451
"mle","low_count",3,"gene41",FALSE,0.2567,3.752,6.186,14.33,0.2618
"cap_10s","low_count",3,"gene41",FALSE,0.2567,2.618,6.186,10,0.2618
"master","low_count",3,"gene41",FALSE,0.2567,0.5948,6.186,2.272,0.2618
"cap_10s","low_count",3,"gene42",FALSE,0.1217,0.9728,6.254,10,0.09728
"master","low_count",3,"gene42",FALSE,0.1217,0.1836,6.254,1.887,0.09728
"mle","low_count",3,"gene42",FALSE,0.1217,2.841,6.254,29.2,0.09728
"cap_10s","low_count",3,"gene43",FALSE,0.3983,2.302,2.572,7.153,0.3218
"master","low_count",3,"gene43",FALSE,0.3983,1.62,2.572,5.034,0.3218
"mle","low_count",3,"gene43",FALSE,0.3983,2.302,2.572,7.153,0.3218
"cap_10s","low_count",3,"gene44",FALSE,0.08333,0.2105,2.021,3.101,0.06787
"master","low_count",3,"gene44",FALSE,0.08333,0.111,2.021,1.635,0.06787
"mle","low_count",3,"gene44",FALSE,0.08333,0.2105,2.021,3.101,0.06787
"mle","low_count",3,"gene45",FALSE,0.54,3.092,2.734,6.144,0.5033
"master","low_count",3,"gene45",FALSE,0.54,1.168,2.734,2.321,0.5033
"cap_10s","low_count",3,"gene45",FALSE,0.54,3.092,2.734,6.144,0.5033
"cap_10s","low_count",3,"gene46",FALSE,0.105,0.4845,4.358,5.024,0.09645
"master","low_count",3,"gene46",FALSE,0.105,0.1879,4.358,1.948,0.09645
"mle","low_count",3,"gene46",FALSE,0.105,0.4845,4.358,5.024,0.09645
"cap_10s","low_count",3,"gene47",TRUE,0.1783,1.577,6.145,10,0.1577
"master","low_count",3,"gene47",TRUE,0.1783,0.2703,6.145,1.714,0.1577
"mle","low_count",3,"gene47",TRUE,0.1783,1682000,6.145,10670000,0.1577
"cap_10s","low_count",3,"gene48",FALSE,0.1133,0.8867,6.212,10,0.08867
"master","low_count",3,"gene48",FALSE,0.1133,0.2678,6.212,3.02,0.08867
"mle","low_count",3,"gene48",FALSE,0.1133,4.484,6.212,50.57,0.08867
"master","low_count",3,"gene49",FALSE,0.1967,0.3724,2.367,2.447,0.1522
"mle","low_count",3,"gene49",FALSE,0.1967,1.419,2.367,9.328,0.1522
"cap_10s","low_count",3,"gene49",FALSE,0.1967,1.419,2.367,9.328,0.1522
"mle","low_count",3,"gene5",FALSE,0.2067,0.6688,4.657,4.733,0.1413
"master","low_count",3,"gene5",FALSE,0.2067,0.2705,4.657,1.915,0.1413
"cap_10s","low_count",3,"gene5",FALSE,0.2067,0.6688,4.657,4.733,0.1413
"cap_10s","low_count",3,"gene50",FALSE,0.5183,1.525,2.952,2.865,0.5324
"master","low_count",3,"gene50",FALSE,0.5183,0.8745,2.952,1.643,0.5324
"mle","low_count",3,"gene50",FALSE,0.5183,1.525,2.952,2.865,0.5324
"cap_10s","low_count",3,"gene51",FALSE,0.1633,0.3158,3.126,2.251,0.1403
"master","low_count",3,"gene51",FALSE,0.1633,0.2804,3.126,1.998,0.1403
"mle","low_count",3,"gene51",FALSE,0.1633,0.3158,3.126,2.251,0.1403
"cap_10s","low_count",3,"gene52",FALSE,0.2367,1.823,7.783,8.306,0.2194
"master","low_count",3,"gene52",FALSE,0.2367,0.4794,7.783,2.185,0.2194
"mle","low_count",3,"gene52",FALSE,0.2367,1.823,7.783,8.306,0.2194
"cap_10s","low_count",3,"gene53",FALSE,0.17,0.5395,3.433,3.1,0.174
"master","low_count",3,"gene53",FALSE,0.17,0.3089,3.433,1.776,0.174
"mle","low_count",3,"gene53",FALSE,0.17,0.5395,3.433,3.1,0.174
"mle","low_count",3,"gene54",FALSE,0.1667,0.4397,2.793,4.11,0.107
"cap_10s","low_count",3,"gene54",FALSE,0.1667,0.4397,2.793,4.11,0.107
"master","low_count",3,"gene54",FALSE,0.1667,0.374,2.793,3.496,0.107
"cap_10s","low_count",3,"gene55",FALSE,0.615,4.343,6.642,10,0.4343
"master","low_count",3,"gene55",FALSE,0.615,2.448,6.642,5.636,0.4343
"mle","low_count",3,"gene55",FALSE,0.615,15.64,6.642,36.01,0.4343
"cap_10s","low_count",3,"gene56",FALSE,0.395,1.709,2.371,5.277,0.3239
"master","low_count",3,"gene56",FALSE,0.395,0.5792,2.371,1.788,0.3239
"mle","low_count",3,"gene56",FALSE,0.395,1.709,2.371,5.277,0.3239
"cap_10s","low_count",3,"gene57",FALSE,0.3917,1.083,2.539,3.065,0.3534
"master","low_count",3,"gene57",FALSE,0.3917,0.8758,2.539,2.478,0.3534
"mle","low_count",3,"gene57",FALSE,0.3917,1.083,2.539,3.065,0.3534
"mle","low_count",3,"gene58",FALSE,0.37,0.6615,2.259,1.976,0.3347
"master","low_count",3,"gene58",FALSE,0.37,0.6615,2.259,1.976,0.3347
"cap_10s","low_count",3,"gene58",FALSE,0.37,0.6615,2.259,1.976,0.3347
"master","low_count",3,"gene59",FALSE,0.09333,0.2287,2.482,2.263,0.101
"cap_10s","low_count",3,"gene59",FALSE,0.09333,0.4306,2.482,4.261,0.101
"mle","low_count",3,"gene59",FALSE,0.09333,0.4306,2.482,4.261,0.101
"cap_10s","low_count",3,"gene6",FALSE,0.46,2.063,3.047,3.964,0.5204
"master","low_count",3,"gene6",FALSE,0.46,1.35,3.047,2.593,0.5204
"mle","low_count",3,"gene6",FALSE,0.46,2.063,3.047,3.964,0.5204
"master","low_count",3,"gene60",FALSE,0.2217,0.4486,5.499,2.274,0.1973
"cap_10s","low_count",3,"gene60",FALSE,0.2217,1.741,5.499,8.826,0.1973
"mle","low_count",3,"gene60",FALSE,0.2217,1.741,5.499,8.826,0.1973
"cap_10s","low_count",3,"gene61",FALSE,0.42,3.543,5.436,10,0.3543
"mle","low_count",3,"gene61",FALSE,0.42,3.567,5.436,10.07,0.3543
"master","low_count",3,"gene61",FALSE,0.42,0.7338,5.436,2.071,0.3543
"mle","low_count",3,"gene62",FALSE,0.2333,0.722,2.777,3.626,0.1991
"master","low_count",3,"gene62",FALSE,0.2333,0.5602,2.777,2.814,0.1991
"cap_10s","low_count",3,"gene62",FALSE,0.2333,0.722,2.777,3.626,0.1991
"master","low_count",3,"gene63",FALSE,0.09333,0.1303,2.682,2.209,0.05897
"cap_10s","low_count",3,"gene63",FALSE,0.09333,0.5897,2.682,10,0.05897
"mle","low_count",3,"gene63",FALSE,0.09333,1.036,2.682,17.57,0.05897
"master","low_count",3,"gene64",FALSE,0.4217,1.058,5.27,2.566,0.4124
"cap_10s","low_count",3,"gene64",FALSE,0.4217,4.124,5.27,10,0.4124
"mle","low_count",3,"gene64",FALSE,0.4217,4.701,5.27,11.4,0.4124
"cap_10s","low_count",3,"gene65",FALSE,0.2967,1.58,5.092,5.417,0.2917
"master","low_count",3,"gene65",FALSE,0.2967,0.5925,5.092,2.031,0.2917
"mle","low_count",3,"gene65",FALSE,0.2967,1.58,5.092,5.417,0.2917
"cap_10s","low_count",3,"gene66",FALSE,0.08167,0.291,5.328,3.607,0.08069
"master","low_count",3,"gene66",FALSE,0.08167,0.182,5.328,2.256,0.08069
"mle","low_count",3,"gene66",FALSE,0.08167,0.291,5.328,3.607,0.08069
"cap_10s","low_count",3,"gene67",FALSE,0.4417,1.769,4.402,4.621,0.3829
"master","low_count",3,"gene67",FALSE,0.4417,0.6158,4.402,1.609,0.3829
"mle","low_count",3,"gene67",FALSE,0.4417,1.769,4.402,4.621,0.3829
"cap_10s","low_count",3,"gene68",TRUE,0.115,0.9928,3.593,10,0.09928
"master","low_count",3,"gene68",TRUE,0.115,0.1678,3.593,1.69,0.09928
"mle","low_count",3,"gene68",TRUE,0.115,1531000,3.593,15420000,0.09928
"cap_10s","low_count",3,"gene69",FALSE,0.2233,0.5046,2.691,2.794,0.1806
"master","low_count",3,"gene69",FALSE,0.2233,0.4152,2.691,2.299,0.1806
"mle","low_count",3,"gene69",FALSE,0.2233,0.5046,2.691,2.794,0.1806
"cap_10s","low_count",3,"gene7",FALSE,0.1617,0.4217,5.596,6.777,0.06223
"master","low_count",3,"gene7",FALSE,0.1617,0.156,5.596,2.506,0.06223
"mle","low_count",3,"gene7",FALSE,0.1617,0.4217,5.596,6.777,0.06223
"mle","low_count",3,"gene70",FALSE,0.565,2.277,2.88,5.567,0.4091
"cap_10s","low_count",3,"gene70",FALSE,0.565,2.277,2.88,5.567,0.4091
"master","low_count",3,"gene70",FALSE,0.565,0.8794,2.88,2.149,0.4091
"master","low_count",3,"gene71",FALSE,0.1617,0.2547,6.096,1.603,0.1589
"mle","low_count",3,"gene71",FALSE,0.1617,2.317,6.096,14.59,0.1589
"cap_10s","low_count",3,"gene71",FALSE,0.1617,1.589,6.096,10,0.1589
"master","low_count",3,"gene72",FALSE,0.2,0.3717,7.13,1.915,0.1941
"mle","low_count",3,"gene72",FALSE,0.2,0.9527,7.13,4.908,0.1941
"cap_10s","low_count",3,"gene72",FALSE,0.2,0.9527,7.13,4.908,0.1941
"master","low_count",3,"gene73",FALSE,0.37,0.5339,2.434,1.719,0.3105
"mle","low_count",3,"gene73",FALSE,0.37,0.8687,2.434,2.797,0.3105
"cap_10s","low_count",3,"gene73",FALSE,0.37,0.8687,2.434,2.797,0.3105
"master","low_count",3,"gene74",FALSE,0.115,0.2038,5.389,2.058,0.09901
"mle","low_count",3,"gene74",FALSE,0.115,0.7228,5.389,7.3,0.09901
"cap_10s","low_count",3,"gene74",FALSE,0.115,0.7228,5.389,7.3,0.09901
"master","low_count",3,"gene75",FALSE,0.2433,0.3978,2.412,1.626,0.2447
"mle","low_count",3,"gene75",FALSE,0.2433,0.8037,2.412,3.285,0.2447
"cap_10s","low_count",3,"gene75",FALSE,0.2433,0.8037,2.412,3.285,0.2447
"master","low_count",3,"gene76",FALSE,0.1183,0.228,4.368,2.035,0.112
"mle","low_count",3,"gene76",FALSE,0.1183,0.8989,4.368,8.027,0.112
"cap_10s","low_count",3,"gene76",FALSE,0.1183,0.8989,4.368,8.027,0.112
"master","low_count",3,"gene77",FALSE,0.1,0.1573,6.821,1.495,0.1053
"mle","low_count",3,"gene77",FALSE,0.1,1.901,6.821,18.06,0.1053
"cap_10s","low_count",3,"gene77",FALSE,0.1,1.053,6.821,10,0.1053
"master","low_count",3,"gene78",FALSE,0.23,0.3999,2.601,1.967,0.2033
"cap_10s","low_count",3,"gene78",FALSE,0.23,0.6309,2.601,3.103,0.2033
"mle","low_count",3,"gene78",FALSE,0.23,0.6309,2.601,3.103,0.2033
"master","low_count",3,"gene79",FALSE,0.1333,0.2782,4.406,1.974,0.141
"mle","low_count",3,"gene79",FALSE,0.1333,0.4983,4.406,3.535,0.141
"cap_10s","low_count",3,"gene79",FALSE,0.1333,0.4983,4.406,3.535,0.141
"cap_10s","low_count",3,"gene8",FALSE,0.28,1.541,3.85,4.018,0.3836
"master","low_count",3,"gene8",FALSE,0.28,0.8534,3.85,2.225,0.3836
"mle","low_count",3,"gene8",FALSE,0.28,1.541,3.85,4.018,0.3836
"mle","low_count",3,"gene80",FALSE,0.2517,1.21,6.197,5.376,0.2251
"cap_10s","low_count",3,"gene80",FALSE,0.2517,1.21,6.197,5.376,0.2251
"master","low_count",3,"gene80",FALSE,0.2517,0.3575,6.197,1.588,0.2251
"mle","low_count",3,"gene81",FALSE,0.2583,0.8024,2.262,3.044,0.2636
"cap_10s","low_count",3,"gene81",FALSE,0.2583,0.8024,2.262,3.044,0.2636
"master","low_count",3,"gene81",FALSE,0.2583,0.6345,2.262,2.407,0.2636
"cap_10s","low_count",3,"gene82",FALSE,0.1517,0.8435,2.178,7.812,0.108
"master","low_count",3,"gene82",FALSE,0.1517,0.3992,2.178,3.697,0.108
"mle","low_count",3,"gene82",FALSE,0.1517,0.8435,2.178,7.812,0.108
"master","low_count",3,"gene83",FALSE,0.2333,0.3692,2.904,1.985,0.1859
"mle","low_count",3,"gene83",FALSE,0.2333,0.7543,2.904,4.057,0.1859
"cap_10s","low_count",3,"gene83",FALSE,0.2333,0.7543,2.904,4.057,0.1859
"cap_10s","low_count",3,"gene84",FALSE,0.3533,3.185,4.099,10,0.3185
"master","low_count",3,"gene84",FALSE,0.3533,0.9234,4.099,2.9,0.3185
"mle","low_count",3,"gene84",FALSE,0.3533,6.845,4.099,21.49,0.3185
"master","low_count",3,"gene85",FALSE,0.455,1.201,2.708,2.962,0.4056
"mle","low_count",3,"gene85",FALSE,0.455,1.201,2.708,2.962,0.4056
"cap_10s","low_count",3,"gene85",FALSE,0.455,1.201,2.708,2.962,0.4056
"mle","low_count",3,"gene86",FALSE,0.1833,1.526,7.926,8.275,0.1844
"master","low_count",3,"gene86",FALSE,0.1833,0.2929,7.926,1.588,0.1844
"cap_10s","low_count",3,"gene86",FALSE,0.1833,1.526,7.926,8.275,0.1844
"master","low_count",3,"gene87",FALSE,0.3617,0.5803,6.662,2.015,0.2879
"mle","low_count",3,"gene87",FALSE,0.3617,3.308,6.662,11.49,0.2879
"cap_10s","low_count",3,"gene87",FALSE,0.3617,2.879,6.662,10,0.2879
"master","low_count",3,"gene88",FALSE,0.4783,1.368,6.286,2.834,0.4828
"cap_10s","low_count",3,"gene88",FALSE,0.4783,4.828,6.286,10,0.4828
"mle","low_count",3,"gene88",FALSE,0.4783,7.027,6.286,14.55,0.4828
"master","low_count",3,"gene89",FALSE,0.3383,0.5479,2.211,1.825,0.3003
"mle","low_count",3,"gene89",FALSE,0.3383,0.9713,2.211,3.235,0.3003
"cap_10s","low_count",3,"gene89",FALSE,0.3383,0.9713,2.211,3.235,0.3003
"master","low_count",3,"gene9",FALSE,0.34,0.3567,5.288,2.102,0.1696
"mle","low_count",3,"gene9",FALSE,0.34,3.871,5.288,22.82,0.1696
"cap_10s","low_count",3,"gene9",FALSE,0.34,1.696,5.288,10,0.1696
"master","low_count",3,"gene90",FALSE,0.2,0.6213,4.294,3.39,0.1832
"cap_10s","low_count",3,"gene90",FALSE,0.2,1.832,4.294,10,0.1832
"mle","low_count",3,"gene90",FALSE,0.2,2.033,4.294,11.09,0.1832
"cap_10s","low_count",3,"gene91",FALSE,0.2683,1.978,7.526,7.164,0.2761
"master","low_count",3,"gene91",FALSE,0.2683,0.4689,7.526,1.699,0.2761
"mle","low_count",3,"gene91",FALSE,0.2683,1.978,7.526,7.164,0.2761
"master","low_count",3,"gene92",FALSE,0.1183,0.1081,2.377,1.545,0.06996
"cap_10s","low_count",3,"gene92",FALSE,0.1183,0.1916,2.377,2.738,0.06996
"mle","low_count",3,"gene92",FALSE,0.1183,0.1916,2.377,2.738,0.06996
"cap_10s","low_count",3,"gene93",FALSE,0.1233,0.5665,5.808,4.821,0.1175
"master","low_count",3,"gene93",FALSE,0.1233,0.1851,5.808,1.575,0.1175
"mle","low_count",3,"gene93",FALSE,0.1233,0.5665,5.808,4.821,0.1175
"cap_10s","low_count",3,"gene94",FALSE,0.095,0.4335,3.699,4.928,0.08796
"mle","low_count",3,"gene94",FALSE,0.095,0.4335,3.699,4.928,0.08796
"master","low_count",3,"gene94",FALSE,0.095,0.1328,3.699,1.51,0.08796
"cap_10s","low_count",3,"gene95",FALSE,0.105,0.34,4.211,3.844,0.08845
"master","low_count",3,"gene95",FALSE,0.105,0.1472,4.211,1.664,0.08845
"mle","low_count",3,"gene95",FALSE,0.105,0.34,4.211,3.844,0.08845
"master","low_count",3,"gene96",FALSE,0.2967,0.52,4.771,1.821,0.2856
"mle","low_count",3,"gene96",FALSE,0.2967,1.773,4.771,6.208,0.2856
"cap_10s","low_count",3,"gene96",FALSE,0.2967,1.773,4.771,6.208,0.2856
"cap_10s","low_count",3,"gene97",FALSE,0.155,0.4951,3.593,3.342,0.1481
"master","low_count",3,"gene97",FALSE,0.155,0.2145,3.593,1.448,0.1481
"mle","low_count",3,"gene97",FALSE,0.155,0.4951,3.593,3.342,0.1481
"master","low_count",3,"gene98",FALSE,0.2783,0.3822,3.723,1.669,0.2289
"mle","low_count",3,"gene98",FALSE,0.2783,1.42,3.723,6.205,0.2289
"cap_10s","low_count",3,"gene98",FALSE,0.2783,1.42,3.723,6.205,0.2289
"mle","low_count",3,"gene99",FALSE,0.1717,1.164,7.538,6.829,0.1705
"cap_10s","low_count",3,"gene99",FALSE,0.1717,1.164,7.538,6.829,0.1705
"master","low_count",3,"gene99",FALSE,0.1717,0.288,7.538,1.689,0.1705
"mle","near_poisson",1,"gene1",FALSE,5.768,103.9,189,32.65,3.183
"cap_10s","near_poisson",1,"gene1",FALSE,5.768,31.83,189,10,3.183
"master","near_poisson",1,"gene1",FALSE,5.768,8.005,189,2.515,3.183
"cap_10s","near_poisson",1,"gene10",FALSE,5.193,31.82,869,10,3.182
"master","near_poisson",1,"gene10",FALSE,5.193,9.123,869,2.867,3.182
"mle","near_poisson",1,"gene10",FALSE,5.193,112.4,869,35.32,3.182
"mle","near_poisson",1,"gene100",TRUE,1.148,9959000,62.99,8666000,1.149
"cap_10s","near_poisson",1,"gene100",TRUE,1.148,11.49,62.99,10,1.149
"master","near_poisson",1,"gene100",TRUE,1.148,2.056,62.99,1.789,1.149
"cap_10s","near_poisson",1,"gene101",TRUE,1.77,18.37,161.7,10,1.837
"master","near_poisson",1,"gene101",TRUE,1.77,4.144,161.7,2.256,1.837
"mle","near_poisson",1,"gene101",TRUE,1.77,13850000,161.7,7543000,1.837
"master","near_poisson",1,"gene102",TRUE,1.358,3.06,59.79,2.561,1.195
"cap_10s","near_poisson",1,"gene102",TRUE,1.358,11.95,59.79,10,1.195
"mle","near_poisson",1,"gene102",TRUE,1.358,4998000,59.79,4183000,1.195
"cap_10s","near_poisson",1,"gene103",FALSE,2.268,22.03,231.2,10,2.203
"master","near_poisson",1,"gene103",FALSE,2.268,5.959,231.2,2.705,2.203
"mle","near_poisson",1,"gene103",FALSE,2.268,68.52,231.2,31.11,2.203
"cap_10s","near_poisson",1,"gene104",FALSE,4.045,36.12,762.6,10,3.612
"master","near_poisson",1,"gene104",FALSE,4.045,10.85,762.6,3.005,3.612
"mle","near_poisson",1,"gene104",FALSE,4.045,75.65,762.6,20.94,3.612
"cap_10s","near_poisson",1,"gene105",FALSE,3.89,35.94,344.7,10,3.594
"master","near_poisson",1,"gene105",FALSE,3.89,10.28,344.7,2.862,3.594
"mle","near_poisson",1,"gene105",FALSE,3.89,189,344.7,52.59,3.594
"cap_10s","near_poisson",1,"gene106",TRUE,3.413,31.33,241,10,3.133
"master","near_poisson",1,"gene106",TRUE,3.413,7.114,241,2.271,3.133
"mle","near_poisson",1,"gene106",TRUE,3.413,9566000,241,3054000,3.133
"cap_10s","near_poisson",1,"gene107",TRUE,2.905,27.61,317.9,10,2.761
"master","near_poisson",1,"gene107",TRUE,2.905,7.163,317.9,2.595,2.761
"mle","near_poisson",1,"gene107",TRUE,2.905,15230000,317.9,5519000,2.761
"cap_10s","near_poisson",1,"gene108",FALSE,1.07,10.07,63.55,10,1.007
"master","near_poisson",1,"gene108",FALSE,1.07,1.906,63.55,1.893,1.007
"mle","near_poisson",1,"gene108",FALSE,1.07,47.31,63.55,46.98,1.007
"cap_10s","near_poisson",1,"gene109",TRUE,3.203,31.34,142.2,10,3.134
"master","near_poisson",1,"gene109",TRUE,3.203,8.146,142.2,2.599,3.134
"mle","near_poisson",1,"gene109",TRUE,3.203,24410000,142.2,7788000,3.134
"cap_10s","near_poisson",1,"gene11",FALSE,3.212,18.77,982.2,10,1.877
"master","near_poisson",1,"gene11",FALSE,3.212,7.145,982.2,3.807,1.877
"mle","near_poisson",1,"gene11",FALSE,3.212,50.69,982.2,27.01,1.877
"mle","near_poisson",1,"gene110",TRUE,1.768,12420000,108.3,8797000,1.411
"cap_10s","near_poisson",1,"gene110",TRUE,1.768,14.11,108.3,10,1.411
"master","near_poisson",1,"gene110",TRUE,1.768,6.586,108.3,4.667,1.411
"master","near_poisson",1,"gene111",TRUE,4.433,13.64,112.1,3.328,4.099
"mle","near_poisson",1,"gene111",TRUE,4.433,10450000,112.1,2551000,4.099
"cap_10s","near_poisson",1,"gene111",TRUE,4.433,40.99,112.1,10,4.099
"master","near_poisson",1,"gene112",TRUE,3.762,7.15,685.6,1.95,3.667
"mle","near_poisson",1,"gene112",TRUE,3.762,23200000,685.6,6326000,3.667
"cap_10s","near_poisson",1,"gene112",TRUE,3.762,36.67,685.6,10,3.667
"master","near_poisson",1,"gene113",TRUE,1.657,2.91,197.6,1.898,1.533
"mle","near_poisson",1,"gene113",TRUE,1.657,8105000,197.6,5288000,1.533
"cap_10s","near_poisson",1,"gene113",TRUE,1.657,15.33,197.6,10,1.533
"master","near_poisson",1,"gene114",FALSE,1.84,3.114,438.3,1.822,1.709
"mle","near_poisson",1,"gene114",FALSE,1.84,21.58,438.3,12.62,1.709
"cap_10s","near_poisson",1,"gene114",FALSE,1.84,17.09,438.3,10,1.709
"master","near_poisson",1,"gene115",FALSE,4.11,10.69,202.4,2.777,3.848
"mle","near_poisson",1,"gene115",FALSE,4.11,48.85,202.4,12.7,3.848
"cap_10s","near_poisson",1,"gene115",FALSE,4.11,38.48,202.4,10,3.848
"master","near_poisson",1,"gene116",FALSE,2.778,5.42,827.4,2.021,2.682
"cap_10s","near_poisson",1,"gene116",FALSE,2.778,26.82,827.4,10,2.682
"mle","near_poisson",1,"gene116",FALSE,2.778,137.1,827.4,51.13,2.682
"master","near_poisson",1,"gene117",FALSE,2,4.106,198.5,2.06,1.993
"cap_10s","near_poisson",1,"gene117",FALSE,2,19.93,198.5,10,1.993
"mle","near_poisson",1,"gene117",FALSE,2,129.3,198.5,64.85,1.993
"mle","near_poisson",1,"gene118",FALSE,1.56,23.31,89.73,14.95,1.56
"cap_10s","near_poisson",1,"gene118",FALSE,1.56,15.6,89.73,10,1.56
"master","near_poisson",1,"gene118",FALSE,1.56,2.829,89.73,1.814,1.56
"mle","near_poisson",1,"gene119",TRUE,4.442,8590000,558.4,1910000,4.498
"master","near_poisson",1,"gene119",TRUE,4.442,8.189,558.4,1.82,4.498
"cap_10s","near_poisson",1,"gene119",TRUE,4.442,44.98,558.4,10,4.498
"cap_10s","near_poisson",1,"gene12",TRUE,5.43,32.13,87.02,10,3.213
"master","near_poisson",1,"gene12",TRUE,5.43,9.177,87.02,2.857,3.213
"mle","near_poisson",1,"gene12",TRUE,5.43,15640000,87.02,4867000,3.213
"master","near_poisson",1,"gene120",FALSE,3.228,9.22,868.9,2.934,3.142
"mle","near_poisson",1,"gene120",FALSE,3.228,103.9,868.9,33.07,3.142
"cap_10s","near_poisson",1,"gene120",FALSE,3.228,31.42,868.9,10,3.142
"cap_10s","near_poisson",1,"gene121",TRUE,5.278,50.83,59.93,10,5.083
"mle","near_poisson",1,"gene121",TRUE,5.278,24900000,59.93,4899000,5.083
"master","near_poisson",1,"gene121",TRUE,5.278,12.12,59.93,2.384,5.083
"cap_10s","near_poisson",1,"gene122",TRUE,2.717,27.57,418,10,2.757
"mle","near_poisson",1,"gene122",TRUE,2.717,4680000,418,1698000,2.757
"master","near_poisson",1,"gene122",TRUE,2.717,5.866,418,2.128,2.757
"master","near_poisson",1,"gene123",TRUE,1.055,1.729,116.9,1.73,0.9992
"mle","near_poisson",1,"gene123",TRUE,1.055,13710000,116.9,13720000,0.9992
"cap_10s","near_poisson",1,"gene123",TRUE,1.055,9.992,116.9,10,0.9992
"master","near_poisson",1,"gene124",TRUE,2.438,6.909,296.4,3.068,2.252
"cap_10s","near_poisson",1,"gene124",TRUE,2.438,22.52,296.4,10,2.252
"mle","near_poisson",1,"gene124",TRUE,2.438,10180000,296.4,4521000,2.252
"cap_10s","near_poisson",1,"gene125",TRUE,4.677,40.36,249.6,10,4.036
"master","near_poisson",1,"gene125",TRUE,4.677,15.71,249.6,3.892,4.036
"mle","near_poisson",1,"gene125",TRUE,4.677,8299000,249.6,2056000,4.036
"mle","near_poisson",1,"gene126",TRUE,1.2,7189000,77.61,5510000,1.305
"master","near_poisson",1,"gene126",TRUE,1.2,2.164,77.61,1.659,1.305
"cap_10s","near_poisson",1,"gene126",TRUE,1.2,13.05,77.61,10,1.305
"mle","near_poisson",1,"gene127",TRUE,2.182,16540000,934.9,7922000,2.088
"master","near_poisson",1,"gene127",TRUE,2.182,6.052,934.9,2.898,2.088
"cap_10s","near_poisson",1,"gene127",TRUE,2.182,20.88,934.9,10,2.088
"master","near_poisson",1,"gene128",TRUE,3.368,11.62,397.9,3.956,2.939
"cap_10s","near_poisson",1,"gene128",TRUE,3.368,29.39,397.9,10,2.939
"mle","near_poisson",1,"gene128",TRUE,3.368,10380000,397.9,3533000,2.939
"master","near_poisson",1,"gene129",FALSE,3.76,7.733,494.3,2.191,3.53
"cap_10s","near_poisson",1,"gene129",FALSE,3.76,35.3,494.3,10,3.53
"mle","near_poisson",1,"gene129",FALSE,3.76,1005,494.3,284.8,3.53
"cap_10s","near_poisson",1,"gene13",FALSE,3.27,19.67,497.9,10,1.967
"master","near_poisson",1,"gene13",FALSE,3.27,6.782,497.9,3.447,1.967
"mle","near_poisson",1,"gene13",FALSE,3.27,27.68,497.9,14.07,1.967
"master","near_poisson",1,"gene130",FALSE,4.393,8.588,782.3,2.122,4.047
"mle","near_poisson",1,"gene130",FALSE,4.393,137.5,782.3,33.98,4.047
"cap_10s","near_poisson",1,"gene130",FALSE,4.393,40.47,782.3,10,4.047
"cap_10s","near_poisson",1,"gene131",TRUE,3.705,34.96,71.15,10,3.496
"master","near_poisson",1,"gene131",TRUE,3.705,9.085,71.15,2.599,3.496
"mle","near_poisson",1,"gene131",TRUE,3.705,17560000,71.15,5024000,3.496
"master","near_poisson",1,"gene132",FALSE,2.61,6.659,89.46,2.691,2.474
"cap_10s","near_poisson",1,"gene132",FALSE,2.61,24.74,89.46,10,2.474
"mle","near_poisson",1,"gene132",FALSE,2.61,89.71,89.46,36.26,2.474
"master","near_poisson",1,"gene133",FALSE,4.46,8.405,430.2,1.986,4.233
"cap_10s","near_poisson",1,"gene133",FALSE,4.46,42.33,430.2,10,4.233
"mle","near_poisson",1,"gene133",FALSE,4.46,176.8,430.2,41.77,4.233
"cap_10s","near_poisson",1,"gene134",TRUE,4.223,38.98,69.21,10,3.898
"mle","near_poisson",1,"gene134",TRUE,4.223,22030,69.21,5650,3.898
"master","near_poisson",1,"gene134",TRUE,4.223,7.886,69.21,2.023,3.898
"cap_10s","near_poisson",1,"gene135",FALSE,1.605,14.12,247.8,10,1.412
"mle","near_poisson",1,"gene135",FALSE,1.605,18.89,247.8,13.37,1.412
"master","near_poisson",1,"gene135",FALSE,1.605,2.62,247.8,1.855,1.412
"master","near_poisson",1,"gene136",FALSE,4.065,8.566,770.6,2.17,3.948
"mle","near_poisson",1,"gene136",FALSE,4.065,52.02,770.6,13.18,3.948
"cap_10s","near_poisson",1,"gene136",FALSE,4.065,39.48,770.6,10,3.948
"master","near_poisson",1,"gene137",TRUE,1.59,3.693,70.69,2.425,1.523
"cap_10s","near_poisson",1,"gene137",TRUE,1.59,15.23,70.69,10,1.523
"mle","near_poisson",1,"gene137",TRUE,1.59,22030,70.69,14460,1.523
"cap_10s","near_poisson",1,"gene138",FALSE,3.618,32.36,238.3,9.359,3.458
"master","near_poisson",1,"gene138",FALSE,3.618,5.985,238.3,1.731,3.458
"mle","near_poisson",1,"gene138",FALSE,3.618,32.36,238.3,9.359,3.458
"mle","near_poisson",1,"gene139",FALSE,1.957,28.02,87.39,14.6,1.919
"master","near_poisson",1,"gene139",FALSE,1.957,4.325,87.39,2.254,1.919
"cap_10s","near_poisson",1,"gene139",FALSE,1.957,19.19,87.39,10,1.919
"mle","near_poisson",1,"gene14",FALSE,6.677,700.9,69.75,148.6,4.716
"cap_10s","near_poisson",1,"gene14",FALSE,6.677,47.16,69.75,10,4.716
"master","near_poisson",1,"gene14",FALSE,6.677,10.28,69.75,2.179,4.716
"mle","near_poisson",1,"gene140",FALSE,1.042,163.8,252.4,168.1,0.9743
"cap_10s","near_poisson",1,"gene140",FALSE,1.042,9.743,252.4,10,0.9743
"master","near_poisson",1,"gene140",FALSE,1.042,1.656,252.4,1.7,0.9743
"cap_10s","near_poisson",1,"gene141",TRUE,4.522,42.19,706.2,10,4.219
"master","near_poisson",1,"gene141",TRUE,4.522,8.165,706.2,1.935,4.219
"mle","near_poisson",1,"gene141",TRUE,4.522,15720000,706.2,3725000,4.219
"cap_10s","near_poisson",1,"gene142",FALSE,1.743,18.25,638.3,10,1.825
"master","near_poisson",1,"gene142",FALSE,1.743,2.796,638.3,1.532,1.825
"mle","near_poisson",1,"gene142",FALSE,1.743,221.9,638.3,121.6,1.825
"master","near_poisson",1,"gene143",TRUE,2.71,6.643,291.4,2.406,2.761
"cap_10s","near_poisson",1,"gene143",TRUE,2.71,27.61,291.4,10,2.761
"mle","near_poisson",1,"gene143",TRUE,2.71,21440000,291.4,7768000,2.761
"master","near_poisson",1,"gene144",FALSE,3.003,9.263,103.7,3.405,2.72
"cap_10s","near_poisson",1,"gene144",FALSE,3.003,27.2,103.7,10,2.72
"mle","near_poisson",1,"gene144",FALSE,3.003,80.37,103.7,29.54,2.72
"cap_10s","near_poisson",1,"gene145",TRUE,2.25,23.33,419,10,2.333
"master","near_poisson",1,"gene145",TRUE,2.25,3.881,419,1.664,2.333
"mle","near_poisson",1,"gene145",TRUE,2.25,11280000,419,4836000,2.333
"master","near_poisson",1,"gene146",FALSE,4.992,9.155,321.7,1.768,5.178
"cap_10s","near_poisson",1,"gene146",FALSE,4.992,51.78,321.7,10,5.178
"mle","near_poisson",1,"gene146",FALSE,4.992,122.3,321.7,23.62,5.178
"cap_10s","near_poisson",1,"gene147",FALSE,1.38,14.01,330,10,1.401
"master","near_poisson",1,"gene147",FALSE,1.38,2.798,330,1.998,1.401
"mle","near_poisson",1,"gene147",FALSE,1.38,62.47,330,44.6,1.401
"cap_10s","near_poisson",1,"gene148",TRUE,1.875,18.67,564.7,10,1.867
"mle","near_poisson",1,"gene148",TRUE,1.875,22030,564.7,11800,1.867
"master","near_poisson",1,"gene148",TRUE,1.875,3.522,564.7,1.886,1.867
"cap_10s","near_poisson",1,"gene149",TRUE,3.802,36.88,76.06,10,3.688
"master","near_poisson",1,"gene149",TRUE,3.802,8.361,76.06,2.267,3.688
"mle","near_poisson",1,"gene149",TRUE,3.802,11630000,76.06,3153000,3.688
"cap_10s","near_poisson",1,"gene15",TRUE,2.365,11.67,185.9,10,1.167
"master","near_poisson",1,"gene15",TRUE,2.365,2.111,185.9,1.808,1.167
"mle","near_poisson",1,"gene15",TRUE,2.365,6425000,185.9,5504000,1.167
"master","near_poisson",1,"gene150",TRUE,2.032,4.945,222.5,2.618,1.889
"mle","near_poisson",1,"gene150",TRUE,2.032,9040000,222.5,4786000,1.889
"cap_10s","near_poisson",1,"gene150",TRUE,2.032,18.89,222.5,10,1.889
"cap_10s","near_poisson",1,"gene151",TRUE,1.527,14.02,255.4,10,1.402
"master","near_poisson",1,"gene151",TRUE,1.527,5.589,255.4,3.985,1.402
"mle","near_poisson",1,"gene151",TRUE,1.527,10450000,255.4,7453000,1.402
"master","near_poisson",1,"gene152",FALSE,3.34,7.157,123.3,2.266,3.158
"mle","near_poisson",1,"gene152",FALSE,3.34,171.1,123.3,54.16,3.158
"cap_10s","near_poisson",1,"gene152",FALSE,3.34,31.58,123.3,10,3.158
"mle","near_poisson",1,"gene153",TRUE,4.345,11820000,182.9,3280000,3.605
"master","near_poisson",1,"gene153",TRUE,4.345,16.69,182.9,4.631,3.605
"cap_10s","near_poisson",1,"gene153",TRUE,4.345,36.05,182.9,10,3.605
"master","near_poisson",1,"gene154",FALSE,2.3,4.092,354.3,2.033,2.013
"mle","near_poisson",1,"gene154",FALSE,2.3,59.82,354.3,29.72,2.013
"cap_10s","near_poisson",1,"gene154",FALSE,2.3,20.13,354.3,10,2.013
"master","near_poisson",1,"gene155",TRUE,1.992,5.038,477.6,2.676,1.883
"cap_10s","near_poisson",1,"gene155",TRUE,1.992,18.83,477.6,10,1.883
"mle","near_poisson",1,"gene155",TRUE,1.992,18680000,477.6,9923000,1.883
"master","near_poisson",1,"gene156",FALSE,1.477,3.729,164.8,2.796,1.334
"mle","near_poisson",1,"gene156",FALSE,1.477,173.8,164.8,130.3,1.334
"cap_10s","near_poisson",1,"gene156",FALSE,1.477,13.34,164.8,10,1.334
"master","near_poisson",1,"gene157",TRUE,3.632,6.531,97.67,1.865,3.503
"cap_10s","near_poisson",1,"gene157",TRUE,3.632,35.03,97.67,10,3.503
"mle","near_poisson",1,"gene157",TRUE,3.632,1589000,97.67,453700,3.503
"master","near_poisson",1,"gene158",TRUE,3.122,8.303,171.9,2.901,2.862
"cap_10s","near_poisson",1,"gene158",TRUE,3.122,28.62,171.9,10,2.862
"mle","near_poisson",1,"gene158",TRUE,3.122,15580000,171.9,5446000,2.862
"master","near_poisson",1,"gene159",TRUE,5.238,20.21,562,4.532,4.459
"mle","near_poisson",1,"gene159",TRUE,5.238,9009000,562,2021000,4.459
"cap_10s","near_poisson",1,"gene159",TRUE,5.238,44.59,562,10,4.459
"cap_10s","near_poisson",1,"gene16",TRUE,1.627,16.34,660.2,10,1.634
"master","near_poisson",1,"gene16",TRUE,1.627,2.855,660.2,1.748,1.634
"mle","near_poisson",1,"gene16",TRUE,1.627,1.8e+07,660.2,11020000,1.634
"master","near_poisson",1,"gene160",FALSE,1.588,4.969,56.81,3.038,1.636
"mle","near_poisson",1,"gene160",FALSE,1.588,52.33,56.81,32,1.636
"cap_10s","near_poisson",1,"gene160",FALSE,1.588,16.36,56.81,10,1.636
"mle","near_poisson",1,"gene161",TRUE,3.75,9922000,425.5,2728000,3.637
"cap_10s","near_poisson",1,"gene161",TRUE,3.75,36.37,425.5,10,3.637
"master","near_poisson",1,"gene161",TRUE,3.75,7.424,425.5,2.041,3.637
"cap_10s","near_poisson",1,"gene162",FALSE,3.092,30.62,455.7,10,3.062
"mle","near_poisson",1,"gene162",FALSE,3.092,107.8,455.7,35.21,3.062
"master","near_poisson",1,"gene162",FALSE,3.092,5.467,455.7,1.786,3.062
"master","near_poisson",1,"gene163",FALSE,5.658,10.71,249,2.041,5.248
"mle","near_poisson",1,"gene163",FALSE,5.658,150.6,249,28.71,5.248
"cap_10s","near_poisson",1,"gene163",FALSE,5.658,52.48,249,10,5.248
"master","near_poisson",1,"gene164",FALSE,3.472,7.246,181.4,2.112,3.431
"cap_10s","near_poisson",1,"gene164",FALSE,3.472,34.31,181.4,10,3.431
"mle","near_poisson",1,"gene164",FALSE,3.472,395.1,181.4,115.2,3.431
"cap_10s","near_poisson",1,"gene165",FALSE,1.683,17.4,902.7,10,1.74
"master","near_poisson",1,"gene165",FALSE,1.683,3.235,902.7,1.859,1.74
"mle","near_poisson",1,"gene165",FALSE,1.683,18.55,902.7,10.66,1.74
"mle","near_poisson",1,"gene166",FALSE,4.335,52.88,247.6,13.3,3.977
"master","near_poisson",1,"gene166",FALSE,4.335,9.155,247.6,2.302,3.977
"cap_10s","near_poisson",1,"gene166",FALSE,4.335,39.77,247.6,10,3.977
"mle","near_poisson",1,"gene167",TRUE,4.842,17240000,162.6,3971000,4.341
"master","near_poisson",1,"gene167",TRUE,4.842,12.32,162.6,2.839,4.341
"cap_10s","near_poisson",1,"gene167",TRUE,4.842,43.41,162.6,10,4.341
"master","near_poisson",1,"gene168",FALSE,3.705,7.81,119.6,2.253,3.466
"cap_10s","near_poisson",1,"gene168",FALSE,3.705,34.66,119.6,10,3.466
"mle","near_poisson",1,"gene168",FALSE,3.705,81.62,119.6,23.55,3.466
"master","near_poisson",1,"gene169",TRUE,2.39,9.909,574.6,4.821,2.055
"cap_10s","near_poisson",1,"gene169",TRUE,2.39,20.55,574.6,10,2.055
"mle","near_poisson",1,"gene169",TRUE,2.39,18020000,574.6,8769000,2.055
"cap_10s","near_poisson",1,"gene17",FALSE,2.987,29.25,82.9,10,2.925
"master","near_poisson",1,"gene17",FALSE,2.987,7.809,82.9,2.67,2.925
"mle","near_poisson",1,"gene17",FALSE,2.987,39.22,82.9,13.41,2.925
"master","near_poisson",1,"gene170",FALSE,2.183,4.056,61.96,2.003,2.025
"mle","near_poisson",1,"gene170",FALSE,2.183,265.5,61.96,131.2,2.025
"cap_10s","near_poisson",1,"gene170",FALSE,2.183,20.25,61.96,10,2.025
"cap_10s","near_poisson",1,"gene171",FALSE,2.53,24.47,279.9,10,2.447
"master","near_poisson",1,"gene171",FALSE,2.53,6.79,279.9,2.775,2.447
"mle","near_poisson",1,"gene171",FALSE,2.53,109.9,279.9,44.9,2.447
"master","near_poisson",1,"gene172",TRUE,3.805,7.786,61.34,2.125,3.664
"cap_10s","near_poisson",1,"gene172",TRUE,3.805,36.64,61.34,10,3.664
"mle","near_poisson",1,"gene172",TRUE,3.805,15470000,61.34,4221000,3.664
"master","near_poisson",1,"gene173",TRUE,3.1,4.88,81.61,1.799,2.713
"cap_10s","near_poisson",1,"gene173",TRUE,3.1,27.13,81.61,10,2.713
"mle","near_poisson",1,"gene173",TRUE,3.1,2525000,81.61,930700,2.713
"cap_10s","near_poisson",1,"gene174",TRUE,2.748,26.08,690.4,10,2.608
"mle","near_poisson",1,"gene174",TRUE,2.748,9913000,690.4,3801000,2.608
"master","near_poisson",1,"gene174",TRUE,2.748,5.253,690.4,2.014,2.608
"cap_10s","near_poisson",1,"gene175",TRUE,2.745,25.98,232.5,10,2.598
"mle","near_poisson",1,"gene175",TRUE,2.745,11480000,232.5,4419000,2.598
"master","near_poisson",1,"gene175",TRUE,2.745,4.185,232.5,1.611,2.598
"master","near_poisson",1,"gene176",FALSE,1.597,3.008,294.4,2.005,1.5
"mle","near_poisson",1,"gene176",FALSE,1.597,23.16,294.4,15.44,1.5
"cap_10s","near_poisson",1,"gene176",FALSE,1.597,15,294.4,10,1.5
"master","near_poisson",1,"gene177",TRUE,1.142,1.692,56.51,1.68,1.007
"cap_10s","near_poisson",1,"gene177",TRUE,1.142,10.07,56.51,10,1.007
"mle","near_poisson",1,"gene177",TRUE,1.142,21270000,56.51,21120000,1.007
"cap_10s","near_poisson",1,"gene178",TRUE,1.802,16.76,614.1,10,1.676
"master","near_poisson",1,"gene178",TRUE,1.802,3.956,614.1,2.361,1.676
"mle","near_poisson",1,"gene178",TRUE,1.802,11250000,614.1,6714000,1.676
"mle","near_poisson",1,"gene179",FALSE,2.66,94.74,71.08,40.6,2.333
"master","near_poisson",1,"gene179",FALSE,2.66,9.59,71.08,4.11,2.333
"cap_10s","near_poisson",1,"gene179",FALSE,2.66,23.33,71.08,10,2.333
"mle","near_poisson",1,"gene18",TRUE,2.395,11080000,510.9,6028000,1.837
"master","near_poisson",1,"gene18",TRUE,2.395,11.01,510.9,5.994,1.837
"cap_10s","near_poisson",1,"gene18",TRUE,2.395,18.37,510.9,10,1.837
"mle","near_poisson",1,"gene180",FALSE,4.053,171.3,112.6,44.79,3.825
"master","near_poisson",1,"gene180",FALSE,4.053,8.061,112.6,2.107,3.825
"cap_10s","near_poisson",1,"gene180",FALSE,4.053,38.25,112.6,10,3.825
"cap_10s","near_poisson",1,"gene181",TRUE,1.373,12.09,114.2,10,1.209
"master","near_poisson",1,"gene181",TRUE,1.373,3.727,114.2,3.083,1.209
"mle","near_poisson",1,"gene181",TRUE,1.373,6878000,114.2,5688000,1.209
"cap_10s","near_poisson",1,"gene182",FALSE,2.153,19.2,183.6,10,1.92
"mle","near_poisson",1,"gene182",FALSE,2.153,55.37,183.6,28.85,1.92
"master","near_poisson",1,"gene182",FALSE,2.153,3.443,183.6,1.794,1.92
"mle","near_poisson",1,"gene183",TRUE,4.085,10290000,65.22,2710000,3.797
"cap_10s","near_poisson",1,"gene183",TRUE,4.085,37.97,65.22,10,3.797
"master","near_poisson",1,"gene183",TRUE,4.085,10.92,65.22,2.875,3.797
"master","near_poisson",1,"gene184",TRUE,2.465,4.686,162.6,2.156,2.173
"cap_10s","near_poisson",1,"gene184",TRUE,2.465,21.73,162.6,10,2.173
"mle","near_poisson",1,"gene184",TRUE,2.465,9842000,162.6,4529000,2.173
"master","near_poisson",1,"gene185",TRUE,2.015,3.706,223.6,1.891,1.96
"cap_10s","near_poisson",1,"gene185",TRUE,2.015,19.6,223.6,10,1.96
"mle","near_poisson",1,"gene185",TRUE,2.015,9899000,223.6,5051000,1.96
"cap_10s","near_poisson",1,"gene186",FALSE,3.192,30.62,70.87,10,3.062
"master","near_poisson",1,"gene186",FALSE,3.192,8.081,70.87,2.639,3.062
"mle","near_poisson",1,"gene186",FALSE,3.192,75.27,70.87,24.59,3.062
"cap_10s","near_poisson",1,"gene187",FALSE,1.765,10.72,205.8,7.53,1.424
"master","near_poisson",1,"gene187",FALSE,1.765,2.426,205.8,1.704,1.424
"mle","near_poisson",1,"gene187",FALSE,1.765,10.72,205.8,7.53,1.424
"cap_10s","near_poisson",1,"gene188",FALSE,3.983,39.22,981.4,10,3.922
"master","near_poisson",1,"gene188",FALSE,3.983,7.106,981.4,1.812,3.922
"mle","near_poisson",1,"gene188",FALSE,3.983,524.9,981.4,133.9,3.922
"cap_10s","near_poisson",1,"gene189",TRUE,4.205,42.57,975.4,10,4.257
"master","near_poisson",1,"gene189",TRUE,4.205,8.142,975.4,1.913,4.257
"mle","near_poisson",1,"gene189",TRUE,4.205,16980000,975.4,3990000,4.257
"master","near_poisson",1,"gene19",FALSE,1.785,2.73,449.5,1.66,1.644
"cap_10s","near_poisson",1,"gene19",FALSE,1.785,16.44,449.5,10,1.644
"mle","near_poisson",1,"gene19",FALSE,1.785,220.1,449.5,133.9,1.644
"cap_10s","near_poisson",1,"gene190",FALSE,3.97,39.75,356.9,10,3.975
"master","near_poisson",1,"gene190",FALSE,3.97,9.295,356.9,2.338,3.975
"mle","near_poisson",1,"gene190",FALSE,3.97,228.1,356.9,57.38,3.975
"mle","near_poisson",1,"gene191",FALSE,3.593,134.5,126.3,37.67,3.569
"cap_10s","near_poisson",1,"gene191",FALSE,3.593,35.69,126.3,10,3.569
"master","near_poisson",1,"gene191",FALSE,3.593,5.851,126.3,1.639,3.569
"master","near_poisson",1,"gene192",FALSE,1.717,3.385,119.9,1.985,1.706
"mle","near_poisson",1,"gene192",FALSE,1.717,47.06,119.9,27.59,1.706
"cap_10s","near_poisson",1,"gene192",FALSE,1.717,17.06,119.9,10,1.706
"master","near_poisson",1,"gene193",TRUE,2.288,4.618,553.9,2.132,2.166
"mle","near_poisson",1,"gene193",TRUE,2.288,10820000,553.9,4997000,2.166
"cap_10s","near_poisson",1,"gene193",TRUE,2.288,21.66,553.9,10,2.166
"master","near_poisson",1,"gene194",TRUE,2.033,5.217,844.4,2.584,2.019
"mle","near_poisson",1,"gene194",TRUE,2.033,6219000,844.4,3080000,2.019
"cap_10s","near_poisson",1,"gene194",TRUE,2.033,20.19,844.4,10,2.019
"master","near_poisson",1,"gene195",TRUE,1.407,3.191,99.64,2.504,1.274
"mle","near_poisson",1,"gene195",TRUE,1.407,22030,99.64,17290,1.274
"cap_10s","near_poisson",1,"gene195",TRUE,1.407,12.74,99.64,10,1.274
"master","near_poisson",1,"gene196",TRUE,2.24,3.312,320.7,2.017,1.642
"mle","near_poisson",1,"gene196",TRUE,2.24,11150000,320.7,6792000,1.642
"cap_10s","near_poisson",1,"gene196",TRUE,2.24,16.42,320.7,10,1.642
"master","near_poisson",1,"gene197",TRUE,2.975,6.978,403,2.402,2.905
"mle","near_poisson",1,"gene197",TRUE,2.975,21940000,403,7553000,2.905
"cap_10s","near_poisson",1,"gene197",TRUE,2.975,29.05,403,10,2.905
"master","near_poisson",1,"gene198",FALSE,3.628,7.254,367.8,2,3.627
"mle","near_poisson",1,"gene198",FALSE,3.628,118.2,367.8,32.6,3.627
"cap_10s","near_poisson",1,"gene198",FALSE,3.628,36.27,367.8,10,3.627
"master","near_poisson",1,"gene199",FALSE,4.305,7.031,79.05,1.707,4.119
"cap_10s","near_poisson",1,"gene199",FALSE,4.305,41.19,79.05,10,4.119
"mle","near_poisson",1,"gene199",FALSE,4.305,2053,79.05,498.4,4.119
"cap_10s","near_poisson",1,"gene2",FALSE,5.227,31.68,269.8,10,3.168
"master","near_poisson",1,"gene2",FALSE,5.227,6.758,269.8,2.133,3.168
"mle","near_poisson",1,"gene2",FALSE,5.227,35.17,269.8,11.1,3.168
"cap_10s","near_poisson",1,"gene20",FALSE,1.782,18.58,105.4,10,1.858
"mle","near_poisson",1,"gene20",FALSE,1.782,57.45,105.4,30.92,1.858
"master","near_poisson",1,"gene20",FALSE,1.782,4.14,105.4,2.228,1.858
"master","near_poisson",1,"gene200",TRUE,2.248,9.604,53.25,4.761,2.017
"mle","near_poisson",1,"gene200",TRUE,2.248,7739000,53.25,3837000,2.017
"cap_10s","near_poisson",1,"gene200",TRUE,2.248,20.17,53.25,10,2.017
"mle","near_poisson",1,"gene201",FALSE,2.03,43.93,74.09,21.35,2.057
"cap_10s","near_poisson",1,"gene201",FALSE,2.03,20.57,74.09,10,2.057
"master","near_poisson",1,"gene201",FALSE,2.03,4.233,74.09,2.058,2.057
"mle","near_poisson",1,"gene202",FALSE,4.268,128.2,128.7,28.61,4.48
"cap_10s","near_poisson",1,"gene202",FALSE,4.268,44.8,128.7,10,4.48
"master","near_poisson",1,"gene202",FALSE,4.268,7.57,128.7,1.69,4.48
"cap_10s","near_poisson",1,"gene203",TRUE,2.135,20.48,140.8,10,2.048
"master","near_poisson",1,"gene203",TRUE,2.135,3.849,140.8,1.879,2.048
"mle","near_poisson",1,"gene203",TRUE,2.135,8084000,140.8,3947000,2.048
"master","near_poisson",1,"gene204",TRUE,1.53,4.134,115.7,2.569,1.609
"mle","near_poisson",1,"gene204",TRUE,1.53,8207000,115.7,5100000,1.609
"cap_10s","near_poisson",1,"gene204",TRUE,1.53,16.09,115.7,10,1.609
"cap_10s","near_poisson",1,"gene205",FALSE,1.165,11.14,184.7,10,1.114
"master","near_poisson",1,"gene205",FALSE,1.165,1.675,184.7,1.503,1.114
"mle","near_poisson",1,"gene205",FALSE,1.165,11.93,184.7,10.71,1.114
"master","near_poisson",1,"gene206",TRUE,2.412,4.261,425.4,1.831,2.327
"mle","near_poisson",1,"gene206",TRUE,2.412,9814000,425.4,4217000,2.327
"cap_10s","near_poisson",1,"gene206",TRUE,2.412,23.27,425.4,10,2.327
"mle","near_poisson",1,"gene207",FALSE,1.762,26.1,126.6,15.47,1.687
"master","near_poisson",1,"gene207",FALSE,1.762,3.242,126.6,1.921,1.687
"cap_10s","near_poisson",1,"gene207",FALSE,1.762,16.87,126.6,10,1.687
"master","near_poisson",1,"gene208",TRUE,2.033,3.844,657.4,1.937,1.984
"mle","near_poisson",1,"gene208",TRUE,2.033,11290000,657.4,5692000,1.984
"cap_10s","near_poisson",1,"gene208",TRUE,2.033,19.84,657.4,10,1.984
"master","near_poisson",1,"gene209",TRUE,1.643,6.357,65.86,4.257,1.493
"cap_10s","near_poisson",1,"gene209",TRUE,1.643,14.93,65.86,10,1.493
"mle","near_poisson",1,"gene209",TRUE,1.643,9920000,65.86,6643000,1.493
"cap_10s","near_poisson",1,"gene21",TRUE,2.272,18.14,337.6,10,1.814
"mle","near_poisson",1,"gene21",TRUE,2.272,9325000,337.6,5140000,1.814
"master","near_poisson",1,"gene21",TRUE,2.272,9.831,337.6,5.419,1.814
"master","near_poisson",1,"gene210",TRUE,2.062,3.83,129.7,2.212,1.732
"mle","near_poisson",1,"gene210",TRUE,2.062,14650000,129.7,8459000,1.732
"cap_10s","near_poisson",1,"gene210",TRUE,2.062,17.32,129.7,10,1.732
"master","near_poisson",1,"gene211",TRUE,3.205,6.12,439.7,2.019,3.03
"cap_10s","near_poisson",1,"gene211",TRUE,3.205,30.3,439.7,10,3.03
"mle","near_poisson",1,"gene211",TRUE,3.205,9138000,439.7,3016000,3.03
"cap_10s","near_poisson",1,"gene212",FALSE,2.213,20.2,81.54,10,2.02
"master","near_poisson",1,"gene212",FALSE,2.213,3.743,81.54,1.853,2.02
"mle","near_poisson",1,"gene212",FALSE,2.213,44.5,81.54,22.03,2.02
"master","near_poisson",1,"gene213",FALSE,1.22,3.641,736.4,3.231,1.127
"cap_10s","near_poisson",1,"gene213",FALSE,1.22,11.27,736.4,10,1.127
"mle","near_poisson",1,"gene213",FALSE,1.22,14.94,736.4,13.26,1.127
"cap_10s","near_poisson",1,"gene214",TRUE,4.705,47.73,307.5,10,4.773
"master","near_poisson",1,"gene214",TRUE,4.705,8.158,307.5,1.709,4.773
"mle","near_poisson",1,"gene214",TRUE,4.705,24500000,307.5,5133000,4.773
"cap_10s","near_poisson",1,"gene215",TRUE,4.36,43.11,946.6,10,4.311
"mle","near_poisson",1,"gene215",TRUE,4.36,22110000,946.6,5128000,4.311
"master","near_poisson",1,"gene215",TRUE,4.36,6.683,946.6,1.55,4.311
"cap_10s","near_poisson",1,"gene216",FALSE,4.39,45.98,108.1,10,4.598
"master","near_poisson",1,"gene216",FALSE,4.39,8.213,108.1,1.786,4.598
"mle","near_poisson",1,"gene216",FALSE,4.39,203.3,108.1,44.21,4.598
"master","near_poisson",1,"gene217",TRUE,1.877,5.243,225,2.982,1.758
"mle","near_poisson",1,"gene217",TRUE,1.877,20840000,225,11850000,1.758
"cap_10s","near_poisson",1,"gene217",TRUE,1.877,17.58,225,10,1.758
"cap_10s","near_poisson",1,"gene218",TRUE,1.45,13.57,97.61,10,1.357
"master","near_poisson",1,"gene218",TRUE,1.45,2.819,97.61,2.077,1.357
"mle","near_poisson",1,"gene218",TRUE,1.45,8966000,97.61,6605000,1.357
"master","near_poisson",1,"gene219",FALSE,4.53,9.29,230.4,2.172,4.276
"mle","near_poisson",1,"gene219",FALSE,4.53,56.03,230.4,13.1,4.276
"cap_10s","near_poisson",1,"gene219",FALSE,4.53,42.76,230.4,10,4.276
"mle","near_poisson",1,"gene22",TRUE,3.343,10920000,959.2,3579000,3.051
"master","near_poisson",1,"gene22",TRUE,3.343,7.984,959.2,2.617,3.051
"cap_10s","near_poisson",1,"gene22",TRUE,3.343,30.51,959.2,10,3.051
"mle","near_poisson",1,"gene220",TRUE,3.553,11560000,211.4,3338000,3.464
"cap_10s","near_poisson",1,"gene220",TRUE,3.553,34.64,211.4,10,3.464
"master","near_poisson",1,"gene220",TRUE,3.553,11.46,211.4,3.308,3.464
"mle","near_poisson",1,"gene221",TRUE,2.943,6242000,118.7,2110000,2.958
"cap_10s","near_poisson",1,"gene221",TRUE,2.943,29.58,118.7,10,2.958
"master","near_poisson",1,"gene221",TRUE,2.943,6.061,118.7,2.049,2.958
"cap_10s","near_poisson",1,"gene222",FALSE,2.438,23.55,779.5,10,2.355
"master","near_poisson",1,"gene222",FALSE,2.438,4.638,779.5,1.969,2.355
"mle","near_poisson",1,"gene222",FALSE,2.438,69.67,779.5,29.58,2.355
"master","near_poisson",1,"gene223",TRUE,1.218,2.208,323.2,1.778,1.241
"cap_10s","near_poisson",1,"gene223",TRUE,1.218,12.41,323.2,10,1.241
"mle","near_poisson",1,"gene223",TRUE,1.218,8440000,323.2,6798000,1.241
"cap_10s","near_poisson",1,"gene224",FALSE,1.402,14.13,114.3,10,1.413
"master","near_poisson",1,"gene224",FALSE,1.402,2.445,114.3,1.731,1.413
"mle","near_poisson",1,"gene224",FALSE,1.402,18.6,114.3,13.17,1.413
"cap_10s","near_poisson",1,"gene225",FALSE,1.537,14.31,467.6,10,1.431
"master","near_poisson",1,"gene225",FALSE,1.537,3.516,467.6,2.456,1.431
"mle","near_poisson",1,"gene225",FALSE,1.537,42.68,467.6,29.81,1.431
"cap_10s","near_poisson",1,"gene226",FALSE,4.833,48.77,491.6,10,4.877
"master","near_poisson",1,"gene226",FALSE,4.833,10.07,491.6,2.065,4.877
"mle","near_poisson",1,"gene226",FALSE,4.833,288.3,491.6,59.11,4.877
"cap_10s","near_poisson",1,"gene227",TRUE,1.672,12.44,833.3,10,1.244
"master","near_poisson",1,"gene227",TRUE,1.672,2.253,833.3,1.811,1.244
"mle","near_poisson",1,"gene227",TRUE,1.672,14270000,833.3,11470000,1.244
"cap_10s","near_poisson",1,"gene228",FALSE,1.893,15.5,195.5,8.132,1.906
"master","near_poisson",1,"gene228",FALSE,1.893,4.299,195.5,2.256,1.906
"mle","near_poisson",1,"gene228",FALSE,1.893,15.5,195.5,8.132,1.906
"cap_10s","near_poisson",1,"gene229",FALSE,1.255,12.93,593.1,10,1.293
"master","near_poisson",1,"gene229",FALSE,1.255,2.235,593.1,1.729,1.293
"mle","near_poisson",1,"gene229",FALSE,1.255,53.89,593.1,41.69,1.293
"master","near_poisson",1,"gene23",TRUE,1.158,1.922,387.8,1.797,1.069
"cap_10s","near_poisson",1,"gene23",TRUE,1.158,10.69,387.8,10,1.069
"mle","near_poisson",1,"gene23",TRUE,1.158,6380000,387.8,5968000,1.069
"cap_10s","near_poisson",1,"gene230",FALSE,1.813,18.65,281.7,10,1.865
"master","near_poisson",1,"gene230",FALSE,1.813,3.224,281.7,1.729,1.865
"mle","near_poisson",1,"gene230",FALSE,1.813,1101,281.7,590.6,1.865
"mle","near_poisson",1,"gene231",FALSE,2.325,52.92,114.8,24.96,2.121
"cap_10s","near_poisson",1,"gene231",FALSE,2.325,21.21,114.8,10,2.121
"master","near_poisson",1,"gene231",FALSE,2.325,3.952,114.8,1.864,2.121
"master","near_poisson",1,"gene232",FALSE,1.335,2.717,236.3,2.077,1.308
"mle","near_poisson",1,"gene232",FALSE,1.335,121.4,236.3,92.81,1.308
"cap_10s","near_poisson",1,"gene232",FALSE,1.335,13.08,236.3,10,1.308
"master","near_poisson",1,"gene233",TRUE,2.08,3.91,178.8,1.886,2.073
"mle","near_poisson",1,"gene233",TRUE,2.08,8509000,178.8,4105000,2.073
"cap_10s","near_poisson",1,"gene233",TRUE,2.08,20.73,178.8,10,2.073
"master","near_poisson",1,"gene234",FALSE,1.793,3.259,303.8,1.728,1.886
"mle","near_poisson",1,"gene234",FALSE,1.793,33.92,303.8,17.98,1.886
"cap_10s","near_poisson",1,"gene234",FALSE,1.793,18.86,303.8,10,1.886
"master","near_poisson",1,"gene235",FALSE,1.405,2.427,51.7,1.653,1.468
"mle","near_poisson",1,"gene235",FALSE,1.405,61.68,51.7,42.01,1.468
"cap_10s","near_poisson",1,"gene235",FALSE,1.405,14.68,51.7,10,1.468
"master","near_poisson",1,"gene236",FALSE,2.915,6.089,245.5,2.003,3.04
"mle","near_poisson",1,"gene236",FALSE,2.915,339.1,245.5,111.6,3.04
"cap_10s","near_poisson",1,"gene236",FALSE,2.915,30.4,245.5,10,3.04
"master","near_poisson",1,"gene237",FALSE,2.672,4.73,380.7,1.75,2.703
"cap_10s","near_poisson",1,"gene237",FALSE,2.672,27.03,380.7,10,2.703
"mle","near_poisson",1,"gene237",FALSE,2.672,2336,380.7,864.3,2.703
"master","near_poisson",1,"gene238",TRUE,1.165,4.358,639.5,4.413,0.9873
"cap_10s","near_poisson",1,"gene238",TRUE,1.165,9.873,639.5,10,0.9873
"mle","near_poisson",1,"gene238",TRUE,1.165,8011000,639.5,8114000,0.9873
"cap_10s","near_poisson",1,"gene239",FALSE,1.52,15.4,99.55,10,1.54
"mle","near_poisson",1,"gene239",FALSE,1.52,43.19,99.55,28.05,1.54
"master","near_poisson",1,"gene239",FALSE,1.52,3.604,99.55,2.34,1.54
"cap_10s","near_poisson",1,"gene24",FALSE,1.818,17.72,57.34,10,1.772
"master","near_poisson",1,"gene24",FALSE,1.818,2.806,57.34,1.584,1.772
"mle","near_poisson",1,"gene24",FALSE,1.818,22.95,57.34,12.95,1.772
"mle","near_poisson",1,"gene240",TRUE,1.875,16040000,183.4,8932000,1.796
"master","near_poisson",1,"gene240",TRUE,1.875,3.92,183.4,2.183,1.796
"cap_10s","near_poisson",1,"gene240",TRUE,1.875,17.96,183.4,10,1.796
"master","near_poisson",1,"gene241",FALSE,1.842,3.398,671,1.787,1.902
"cap_10s","near_poisson",1,"gene241",FALSE,1.842,19.02,671,10,1.902
"mle","near_poisson",1,"gene241",FALSE,1.842,21.6,671,11.35,1.902
"master","near_poisson",1,"gene242",FALSE,3.24,8.32,88.67,2.934,2.836
"cap_10s","near_poisson",1,"gene242",FALSE,3.24,28.36,88.67,10,2.836
"mle","near_poisson",1,"gene242",FALSE,3.24,38.08,88.67,13.43,2.836
"cap_10s","near_poisson",1,"gene243",FALSE,4.008,40.41,394.8,10,4.041
"mle","near_poisson",1,"gene243",FALSE,4.008,123.7,394.8,30.6,4.041
"master","near_poisson",1,"gene243",FALSE,4.008,12.01,394.8,2.971,4.041
"master","near_poisson",1,"gene244",TRUE,3.357,9.675,563.1,3.106,3.115
"mle","near_poisson",1,"gene244",TRUE,3.357,8923000,563.1,2864000,3.115
"cap_10s","near_poisson",1,"gene244",TRUE,3.357,31.15,563.1,10,3.115
"master","near_poisson",1,"gene245",TRUE,3.358,6.036,107.5,1.872,3.224
"mle","near_poisson",1,"gene245",TRUE,3.358,3847000,107.5,1193000,3.224
"cap_10s","near_poisson",1,"gene245",TRUE,3.358,32.24,107.5,10,3.224
"master","near_poisson",1,"gene246",TRUE,2.778,6.109,215.9,2.248,2.718
"mle","near_poisson",1,"gene246",TRUE,2.778,12820000,215.9,4719000,2.718
"cap_10s","near_poisson",1,"gene246",TRUE,2.778,27.18,215.9,10,2.718
"mle","near_poisson",1,"gene247",FALSE,1.593,16.74,115.4,10.49,1.597
"cap_10s","near_poisson",1,"gene247",FALSE,1.593,15.97,115.4,10,1.597
"master","near_poisson",1,"gene247",FALSE,1.593,3.379,115.4,2.116,1.597
"master","near_poisson",1,"gene248",TRUE,1.027,2.785,654.3,2.724,1.022
"mle","near_poisson",1,"gene248",TRUE,1.027,9026000,654.3,8828000,1.022
"cap_10s","near_poisson",1,"gene248",TRUE,1.027,10.22,654.3,10,1.022
"master","near_poisson",1,"gene249",FALSE,1.782,3.317,888.4,2.036,1.629
"mle","near_poisson",1,"gene249",FALSE,1.782,16.25,888.4,9.974,1.629
"cap_10s","near_poisson",1,"gene249",FALSE,1.782,16.25,888.4,9.974,1.629
"cap_10s","near_poisson",1,"gene25",FALSE,1.19,11.53,584.2,10,1.153
"master","near_poisson",1,"gene25",FALSE,1.19,2.23,584.2,1.934,1.153
"mle","near_poisson",1,"gene25",FALSE,1.19,52.6,584.2,45.62,1.153
"master","near_poisson",1,"gene250",FALSE,1.73,4.183,359.4,2.527,1.655
"mle","near_poisson",1,"gene250",FALSE,1.73,61.93,359.4,37.42,1.655
"cap_10s","near_poisson",1,"gene250",FALSE,1.73,16.55,359.4,10,1.655
"master","near_poisson",1,"gene251",FALSE,2.885,5.431,313.7,1.892,2.871
"mle","near_poisson",1,"gene251",FALSE,2.885,1190,313.7,414.7,2.871
"cap_10s","near_poisson",1,"gene251",FALSE,2.885,28.71,313.7,10,2.871
"cap_10s","near_poisson",1,"gene252",FALSE,1.865,16.07,74.76,10,1.607
"master","near_poisson",1,"gene252",FALSE,1.865,4.107,74.76,2.556,1.607
"mle","near_poisson",1,"gene252",FALSE,1.865,25.78,74.76,16.05,1.607
"master","near_poisson",1,"gene253",FALSE,2.738,4.043,210.2,1.786,2.264
"mle","near_poisson",1,"gene253",FALSE,2.738,34.61,210.2,15.29,2.264
"cap_10s","near_poisson",1,"gene253",FALSE,2.738,22.64,210.2,10,2.264
"master","near_poisson",1,"gene254",FALSE,3.532,6.957,307.8,2.084,3.338
"mle","near_poisson",1,"gene254",FALSE,3.532,25.61,307.8,7.672,3.338
"cap_10s","near_poisson",1,"gene254",FALSE,3.532,25.61,307.8,7.672,3.338
"master","near_poisson",1,"gene255",TRUE,1.87,4.083,89.82,2.127,1.92
"mle","near_poisson",1,"gene255",TRUE,1.87,3915000,89.82,2040000,1.92
"cap_10s","near_poisson",1,"gene255",TRUE,1.87,19.2,89.82,10,1.92
"cap_10s","near_poisson",1,"gene256",FALSE,3.295,32.6,192.5,10,3.26
"mle","near_poisson",1,"gene256",FALSE,3.295,142.8,192.5,43.82,3.26
"master","near_poisson",1,"gene256",FALSE,3.295,10.11,192.5,3.101,3.26
"master","near_poisson",1,"gene257",TRUE,1.157,2.163,64.93,1.956,1.106
"mle","near_poisson",1,"gene257",TRUE,1.157,4147000,64.93,3749000,1.106
"cap_10s","near_poisson",1,"gene257",TRUE,1.157,11.06,64.93,10,1.106
"master","near_poisson",1,"gene258",FALSE,1.427,2.486,137.1,1.789,1.39
"mle","near_poisson",1,"gene258",FALSE,1.427,41.85,137.1,30.12,1.39
"cap_10s","near_poisson",1,"gene258",FALSE,1.427,13.9,137.1,10,1.39
"master","near_poisson",1,"gene259",TRUE,2.528,4.656,102.4,2.065,2.254
"mle","near_poisson",1,"gene259",TRUE,2.528,10930000,102.4,4846000,2.254
"cap_10s","near_poisson",1,"gene259",TRUE,2.528,22.54,102.4,10,2.254
"cap_10s","near_poisson",1,"gene26",TRUE,1.352,12.54,70.25,10,1.254
"master","near_poisson",1,"gene26",TRUE,1.352,3.173,70.25,2.531,1.254
"mle","near_poisson",1,"gene26",TRUE,1.352,6199000,70.25,4945000,1.254
"mle","near_poisson",1,"gene260",FALSE,0.845,8.848,61.72,12.38,0.7148
"cap_10s","near_poisson",1,"gene260",FALSE,0.845,7.148,61.72,10,0.7148
"master","near_poisson",1,"gene260",FALSE,0.845,1.973,61.72,2.76,0.7148
"master","near_poisson",1,"gene261",TRUE,4.917,8.55,509.1,1.908,4.481
"mle","near_poisson",1,"gene261",TRUE,4.917,17730000,509.1,3957000,4.481
"cap_10s","near_poisson",1,"gene261",TRUE,4.917,44.81,509.1,10,4.481
"mle","near_poisson",1,"gene262",TRUE,4.358,4593000,131.5,1241000,3.7
"cap_10s","near_poisson",1,"gene262",TRUE,4.358,37,131.5,10,3.7
"master","near_poisson",1,"gene262",TRUE,4.358,8.986,131.5,2.429,3.7
"mle","near_poisson",1,"gene263",TRUE,3.238,60370,132.5,20360,2.965
"cap_10s","near_poisson",1,"gene263",TRUE,3.238,29.65,132.5,10,2.965
"master","near_poisson",1,"gene263",TRUE,3.238,6.252,132.5,2.109,2.965
"mle","near_poisson",1,"gene264",FALSE,1.643,48.55,322,31.17,1.558
"cap_10s","near_poisson",1,"gene264",FALSE,1.643,15.58,322,10,1.558
"master","near_poisson",1,"gene264",FALSE,1.643,4.665,322,2.995,1.558
"master","near_poisson",1,"gene265",TRUE,2.597,5.79,113.3,2.28,2.54
"cap_10s","near_poisson",1,"gene265",TRUE,2.597,25.4,113.3,10,2.54
"mle","near_poisson",1,"gene265",TRUE,2.597,12230000,113.3,4816000,2.54
"master","near_poisson",1,"gene266",FALSE,2.308,4.364,424.3,1.745,2.501
"cap_10s","near_poisson",1,"gene266",FALSE,2.308,25.01,424.3,10,2.501
"mle","near_poisson",1,"gene266",FALSE,2.308,32.15,424.3,12.86,2.501
"master","near_poisson",1,"gene267",FALSE,2.763,8.206,204.7,3.492,2.35
"mle","near_poisson",1,"gene267",FALSE,2.763,24.06,204.7,10.24,2.35
"cap_10s","near_poisson",1,"gene267",FALSE,2.763,23.5,204.7,10,2.35
"master","near_poisson",1,"gene268",FALSE,1.907,3.666,179.1,1.986,1.847
"mle","near_poisson",1,"gene268",FALSE,1.907,35.68,179.1,19.32,1.847
"cap_10s","near_poisson",1,"gene268",FALSE,1.907,18.47,179.1,10,1.847
"mle","near_poisson",1,"gene269",FALSE,1.11,33.99,53.33,30.75,1.106
"cap_10s","near_poisson",1,"gene269",FALSE,1.11,11.06,53.33,10,1.106
"master","near_poisson",1,"gene269",FALSE,1.11,2.017,53.33,1.825,1.106
"cap_10s","near_poisson",1,"gene27",TRUE,3.088,31.13,127.6,10,3.113
"mle","near_poisson",1,"gene27",TRUE,3.088,10850000,127.6,3484000,3.113
"master","near_poisson",1,"gene27",TRUE,3.088,5.977,127.6,1.92,3.113
"cap_10s","near_poisson",1,"gene270",TRUE,1.142,11.05,596.9,10,1.105
"master","near_poisson",1,"gene270",TRUE,1.142,2.589,596.9,2.344,1.105
"mle","near_poisson",1,"gene270",TRUE,1.142,15760000,596.9,14270000,1.105
"master","near_poisson",1,"gene271",FALSE,1.857,10.43,67.82,6.742,1.547
"mle","near_poisson",1,"gene271",FALSE,1.857,30.07,67.82,19.44,1.547
"cap_10s","near_poisson",1,"gene271",FALSE,1.857,15.47,67.82,10,1.547
"master","near_poisson",1,"gene272",FALSE,3.955,7.158,261.2,1.899,3.77
"mle","near_poisson",1,"gene272",FALSE,3.955,67.15,261.2,17.81,3.77
"cap_10s","near_poisson",1,"gene272",FALSE,3.955,37.7,261.2,10,3.77
"mle","near_poisson",1,"gene273",FALSE,2.17,25.65,78.38,13.19,1.944
"master","near_poisson",1,"gene273",FALSE,2.17,6.067,78.38,3.121,1.944
"cap_10s","near_poisson",1,"gene273",FALSE,2.17,19.44,78.38,10,1.944
"mle","near_poisson",1,"gene274",TRUE,1.215,5906000,331.1,4951000,1.193
"master","near_poisson",1,"gene274",TRUE,1.215,2.248,331.1,1.884,1.193
"cap_10s","near_poisson",1,"gene274",TRUE,1.215,11.93,331.1,10,1.193
"master","near_poisson",1,"gene275",FALSE,1.603,5.362,85.78,3.599,1.49
"mle","near_poisson",1,"gene275",FALSE,1.603,112.8,85.78,75.73,1.49
"cap_10s","near_poisson",1,"gene275",FALSE,1.603,14.9,85.78,10,1.49
"master","near_poisson",1,"gene276",TRUE,3.03,5.78,366.1,2.054,2.814
"mle","near_poisson",1,"gene276",TRUE,3.03,10920000,366.1,3879000,2.814
"cap_10s","near_poisson",1,"gene276",TRUE,3.03,28.14,366.1,10,2.814
"master","near_poisson",1,"gene277",TRUE,4.092,8.647,292.7,2.301,3.758
"mle","near_poisson",1,"gene277",TRUE,4.092,16250000,292.7,4323000,3.758
"cap_10s","near_poisson",1,"gene277",TRUE,4.092,37.58,292.7,10,3.758
"master","near_poisson",1,"gene278",TRUE,2.253,8.373,625.9,4.876,1.717
"cap_10s","near_poisson",1,"gene278",TRUE,2.253,17.17,625.9,10,1.717
"mle","near_poisson",1,"gene278",TRUE,2.253,9658000,625.9,5624000,1.717
"cap_10s","near_poisson",1,"gene279",FALSE,3.473,31.73,402.3,10,3.173
"mle","near_poisson",1,"gene279",FALSE,3.473,198.7,402.3,62.62,3.173
"master","near_poisson",1,"gene279",FALSE,3.473,5.349,402.3,1.686,3.173
"cap_10s","near_poisson",1,"gene28",TRUE,2.083,21.17,356.5,10,2.117
"mle","near_poisson",1,"gene28",TRUE,2.083,9950000,356.5,4700000,2.117
"master","near_poisson",1,"gene28",TRUE,2.083,4.922,356.5,2.325,2.117
"mle","near_poisson",1,"gene280",TRUE,2.653,14080000,171.4,5511000,2.555
"master","near_poisson",1,"gene280",TRUE,2.653,5.011,171.4,1.961,2.555
"cap_10s","near_poisson",1,"gene280",TRUE,2.653,25.55,171.4,10,2.555
"mle","near_poisson",1,"gene281",FALSE,3.562,2370,279.9,669,3.543
"master","near_poisson",1,"gene281",FALSE,3.562,8.971,279.9,2.532,3.543
"cap_10s","near_poisson",1,"gene281",FALSE,3.562,35.43,279.9,10,3.543
"master","near_poisson",1,"gene282",TRUE,2.387,4.35,256.9,1.835,2.371
"cap_10s","near_poisson",1,"gene282",TRUE,2.387,23.71,256.9,10,2.371
"mle","near_poisson",1,"gene282",TRUE,2.387,14320000,256.9,6041000,2.371
"cap_10s","near_poisson",1,"gene283",FALSE,2.097,18.9,787.2,10,1.89
"mle","near_poisson",1,"gene283",FALSE,2.097,123.6,787.2,65.38,1.89
"master","near_poisson",1,"gene283",FALSE,2.097,5.361,787.2,2.837,1.89
"master","near_poisson",1,"gene284",FALSE,2.002,8.161,166.4,4.016,2.032
"mle","near_poisson",1,"gene284",FALSE,2.002,70.35,166.4,34.62,2.032
"cap_10s","near_poisson",1,"gene284",FALSE,2.002,20.32,166.4,10,2.032
"master","near_poisson",1,"gene285",FALSE,1.88,3.876,321.5,2.127,1.822
"mle","near_poisson",1,"gene285",FALSE,1.88,44.07,321.5,24.19,1.822
"cap_10s","near_poisson",1,"gene285",FALSE,1.88,18.22,321.5,10,1.822
"master","near_poisson",1,"gene286",TRUE,2.015,3.281,721.9,1.726,1.9
"mle","near_poisson",1,"gene286",TRUE,2.015,8863000,721.9,4664000,1.9
"cap_10s","near_poisson",1,"gene286",TRUE,2.015,19,721.9,10,1.9
"mle","near_poisson",1,"gene287",FALSE,4.202,124.9,506.4,31.99,3.904
"cap_10s","near_poisson",1,"gene287",FALSE,4.202,39.04,506.4,10,3.904
"master","near_poisson",1,"gene287",FALSE,4.202,9.97,506.4,2.554,3.904
"master","near_poisson",1,"gene288",FALSE,3.578,9.302,363.7,2.869,3.243
"mle","near_poisson",1,"gene288",FALSE,3.578,590.6,363.7,182.1,3.243
"cap_10s","near_poisson",1,"gene288",FALSE,3.578,32.43,363.7,10,3.243
"master","near_poisson",1,"gene289",FALSE,2.438,5.349,56.77,2.254,2.374
"mle","near_poisson",1,"gene289",FALSE,2.438,143.9,56.77,60.61,2.374
"cap_10s","near_poisson",1,"gene289",FALSE,2.438,23.74,56.77,10,2.374
"cap_10s","near_poisson",1,"gene29",TRUE,2.355,23.37,152.3,10,2.337
"master","near_poisson",1,"gene29",TRUE,2.355,7.991,152.3,3.419,2.337
"mle","near_poisson",1,"gene29",TRUE,2.355,7638000,152.3,3269000,2.337
"master","near_poisson",1,"gene290",FALSE,0.9767,2.402,504.4,2.437,0.9855
"mle","near_poisson",1,"gene290",FALSE,0.9767,30.32,504.4,30.76,0.9855
"cap_10s","near_poisson",1,"gene290",FALSE,0.9767,9.855,504.4,10,0.9855
"master","near_poisson",1,"gene291",FALSE,1.152,2.277,97.45,2.094,1.088
"mle","near_poisson",1,"gene291",FALSE,1.152,13.05,97.45,12,1.088
"cap_10s","near_poisson",1,"gene291",FALSE,1.152,10.88,97.45,10,1.088
"cap_10s","near_poisson",1,"gene292",TRUE,2.597,23.16,224.1,10,2.316
"master","near_poisson",1,"gene292",TRUE,2.597,12,224.1,5.183,2.316
"mle","near_poisson",1,"gene292",TRUE,2.597,22030,224.1,9511,2.316
"master","near_poisson",1,"gene293",FALSE,4.273,9.21,183.3,2.274,4.05
"mle","near_poisson",1,"gene293",FALSE,4.273,55.83,183.3,13.79,4.05
"cap_10s","near_poisson",1,"gene293",FALSE,4.273,40.5,183.3,10,4.05
"master","near_poisson",1,"gene294",FALSE,2.125,5.079,649.6,2.674,1.899
"mle","near_poisson",1,"gene294",FALSE,2.125,65.84,649.6,34.66,1.899
"cap_10s","near_poisson",1,"gene294",FALSE,2.125,18.99,649.6,10,1.899
"master","near_poisson",1,"gene295",FALSE,2.985,9.621,175.9,3.524,2.73
"mle","near_poisson",1,"gene295",FALSE,2.985,45.21,175.9,16.56,2.73
"cap_10s","near_poisson",1,"gene295",FALSE,2.985,27.3,175.9,10,2.73
"cap_10s","near_poisson",1,"gene296",TRUE,1.977,15.51,149.7,10,1.551
"mle","near_poisson",1,"gene296",TRUE,1.977,26430000,149.7,17050000,1.551
"master","near_poisson",1,"gene296",TRUE,1.977,7.388,149.7,4.765,1.551
"master","near_poisson",1,"gene297",FALSE,4.665,7.41,460.4,1.673,4.43
"mle","near_poisson",1,"gene297",FALSE,4.665,104.8,460.4,23.66,4.43
"cap_10s","near_poisson",1,"gene297",FALSE,4.665,44.3,460.4,10,4.43
"master","near_poisson",1,"gene298",FALSE,3.912,6.502,626.2,1.772,3.67
"mle","near_poisson",1,"gene298",FALSE,3.912,111.3,626.2,30.34,3.67
"cap_10s","near_poisson",1,"gene298",FALSE,3.912,36.7,626.2,10,3.67
"master","near_poisson",1,"gene299",TRUE,4.86,10.35,136.2,2.449,4.227
"mle","near_poisson",1,"gene299",TRUE,4.86,10080000,136.2,2384000,4.227
"cap_10s","near_poisson",1,"gene299",TRUE,4.86,42.27,136.2,10,4.227
"cap_10s","near_poisson",1,"gene3",FALSE,3.75,20.56,68.71,10,2.056
"master","near_poisson",1,"gene3",FALSE,3.75,10.99,68.71,5.345,2.056
"mle","near_poisson",1,"gene3",FALSE,3.75,880.6,68.71,428.2,2.056
"cap_10s","near_poisson",1,"gene30",FALSE,1.373,11.78,465,10,1.178
"master","near_poisson",1,"gene30",FALSE,1.373,3.322,465,2.82,1.178
"mle","near_poisson",1,"gene30",FALSE,1.373,31,465,26.32,1.178
"mle","near_poisson",1,"gene300",TRUE,1.132,4673000,595.5,4347000,1.075
"cap_10s","near_poisson",1,"gene300",TRUE,1.132,10.75,595.5,10,1.075
"master","near_poisson",1,"gene300",TRUE,1.132,1.92,595.5,1.786,1.075
"master","near_poisson",1,"gene31",FALSE,3.043,5.576,330.9,1.857,3.003
"mle","near_poisson",1,"gene31",FALSE,3.043,204.4,330.9,68.07,3.003
"cap_10s","near_poisson",1,"gene31",FALSE,3.043,30.03,330.9,10,3.003
"mle","near_poisson",1,"gene32",FALSE,1.547,16.18,382.8,11.45,1.413
"cap_10s","near_poisson",1,"gene32",FALSE,1.547,14.13,382.8,10,1.413
"master","near_poisson",1,"gene32",FALSE,1.547,3.03,382.8,2.144,1.413
"cap_10s","near_poisson",1,"gene33",TRUE,4.178,42.12,517.1,10,4.212
"master","near_poisson",1,"gene33",TRUE,4.178,8.374,517.1,1.988,4.212
"mle","near_poisson",1,"gene33",TRUE,4.178,41090000,517.1,9755000,4.212
"cap_10s","near_poisson",1,"gene34",TRUE,4.315,39.83,523.8,10,3.983
"master","near_poisson",1,"gene34",TRUE,4.315,15.08,523.8,3.787,3.983
"mle","near_poisson",1,"gene34",TRUE,4.315,12040000,523.8,3023000,3.983
"master","near_poisson",1,"gene35",TRUE,1.975,3.418,322.3,1.773,1.927
"cap_10s","near_poisson",1,"gene35",TRUE,1.975,19.27,322.3,10,1.927
"mle","near_poisson",1,"gene35",TRUE,1.975,3570000,322.3,1852000,1.927
"master","near_poisson",1,"gene36",TRUE,3.777,11.92,304.5,3.567,3.342
"cap_10s","near_poisson",1,"gene36",TRUE,3.777,33.42,304.5,10,3.342
"mle","near_poisson",1,"gene36",TRUE,3.777,22030,304.5,6591,3.342
"mle","near_poisson",1,"gene37",FALSE,1.735,59.8,105.2,40.6,1.473
"cap_10s","near_poisson",1,"gene37",FALSE,1.735,14.73,105.2,10,1.473
"master","near_poisson",1,"gene37",FALSE,1.735,5.794,105.2,3.933,1.473
"mle","near_poisson",1,"gene38",TRUE,4.443,8459000,64.18,1902000,4.448
"cap_10s","near_poisson",1,"gene38",TRUE,4.443,44.48,64.18,10,4.448
"master","near_poisson",1,"gene38",TRUE,4.443,8.066,64.18,1.813,4.448
"mle","near_poisson",1,"gene39",TRUE,1.662,5661000,63.37,3466000,1.633
"cap_10s","near_poisson",1,"gene39",TRUE,1.662,16.33,63.37,10,1.633
"master","near_poisson",1,"gene39",TRUE,1.662,2.864,63.37,1.754,1.633
"cap_10s","near_poisson",1,"gene4",FALSE,6.553,34,127.3,10,3.4
"master","near_poisson",1,"gene4",FALSE,6.553,12.79,127.3,3.763,3.4
"mle","near_poisson",1,"gene4",FALSE,6.553,42.15,127.3,12.4,3.4
"cap_10s","near_poisson",1,"gene40",FALSE,2.79,27.51,913,10,2.751
"master","near_poisson",1,"gene40",FALSE,2.79,6.422,913,2.335,2.751
"mle","near_poisson",1,"gene40",FALSE,2.79,116.3,913,42.26,2.751
"mle","near_poisson",1,"gene41",TRUE,1.43,10460000,273.7,8082000,1.294
"cap_10s","near_poisson",1,"gene41",TRUE,1.43,12.94,273.7,10,1.294
"master","near_poisson",1,"gene41",TRUE,1.43,3.214,273.7,2.484,1.294
"cap_10s","near_poisson",1,"gene42",TRUE,1.053,9.402,100.1,10,0.9402
"master","near_poisson",1,"gene42",TRUE,1.053,1.811,100.1,1.926,0.9402
"mle","near_poisson",1,"gene42",TRUE,1.053,22030,100.1,23430,0.9402
"cap_10s","near_poisson",1,"gene43",FALSE,2.167,16.91,119,10,1.691
"master","near_poisson",1,"gene43",FALSE,2.167,6.391,119,3.78,1.691
"mle","near_poisson",1,"gene43",FALSE,2.167,58.5,119,34.6,1.691
"cap_10s","near_poisson",1,"gene44",TRUE,1.788,15.02,490.6,10,1.502
"master","near_poisson",1,"gene44",TRUE,1.788,4.055,490.6,2.699,1.502
"mle","near_poisson",1,"gene44",TRUE,1.788,6761000,490.6,4501000,1.502
"mle","near_poisson",1,"gene45",FALSE,3.345,66.21,564.5,21.41,3.092
"master","near_poisson",1,"gene45",FALSE,3.345,7.392,564.5,2.391,3.092
"cap_10s","near_poisson",1,"gene45",FALSE,3.345,30.92,564.5,10,3.092
"cap_10s","near_poisson",1,"gene46",TRUE,2.173,19.65,792,10,1.965
"master","near_poisson",1,"gene46",TRUE,2.173,4.05,792,2.061,1.965
"mle","near_poisson",1,"gene46",TRUE,2.173,26980000,792,13730000,1.965
"cap_10s","near_poisson",1,"gene47",FALSE,2.69,26.42,558,10,2.642
"master","near_poisson",1,"gene47",FALSE,2.69,9.37,558,3.547,2.642
"mle","near_poisson",1,"gene47",FALSE,2.69,104.3,558,39.48,2.642
"cap_10s","near_poisson",1,"gene48",TRUE,3.027,30.23,599.8,10,3.023
"master","near_poisson",1,"gene48",TRUE,3.027,5.571,599.8,1.843,3.023
"mle","near_poisson",1,"gene48",TRUE,3.027,20020000,599.8,6624000,3.023
"master","near_poisson",1,"gene49",TRUE,1.13,2.881,445.1,2.651,1.087
"mle","near_poisson",1,"gene49",TRUE,1.13,22030,445.1,20270,1.087
"cap_10s","near_poisson",1,"gene49",TRUE,1.13,10.87,445.1,10,1.087
"mle","near_poisson",1,"gene5",FALSE,1.838,12.54,845,11.59,1.082
"master","near_poisson",1,"gene5",FALSE,1.838,3.068,845,2.836,1.082
"cap_10s","near_poisson",1,"gene5",FALSE,1.838,10.82,845,10,1.082
"cap_10s","near_poisson",1,"gene50",FALSE,4.262,43.58,67.17,10,4.358
"master","near_poisson",1,"gene50",FALSE,4.262,9.718,67.17,2.23,4.358
"mle","near_poisson",1,"gene50",FALSE,4.262,161.6,67.17,37.08,4.358
"cap_10s","near_poisson",1,"gene51",FALSE,2.777,29.55,119.8,10,2.955
"master","near_poisson",1,"gene51",FALSE,2.777,6.194,119.8,2.096,2.955
"mle","near_poisson",1,"gene51",FALSE,2.777,263,119.8,89.01,2.955
"cap_10s","near_poisson",1,"gene52",TRUE,1.515,12.56,142,10,1.256
"master","near_poisson",1,"gene52",TRUE,1.515,8.974,142,7.145,1.256
"mle","near_poisson",1,"gene52",TRUE,1.515,9351000,142,7446000,1.256
"cap_10s","near_poisson",1,"gene53",FALSE,1.468,13.08,248.2,10,1.308
"master","near_poisson",1,"gene53",FALSE,1.468,3.183,248.2,2.433,1.308
"mle","near_poisson",1,"gene53",FALSE,1.468,32.08,248.2,24.53,1.308
"mle","near_poisson",1,"gene54",FALSE,1.232,22.83,62.14,18.17,1.257
"cap_10s","near_poisson",1,"gene54",FALSE,1.232,12.57,62.14,10,1.257
"master","near_poisson",1,"gene54",FALSE,1.232,2.183,62.14,1.737,1.257
"cap_10s","near_poisson",1,"gene55",TRUE,1.712,16.3,371.8,10,1.63
"master","near_poisson",1,"gene55",TRUE,1.712,2.767,371.8,1.698,1.63
"mle","near_poisson",1,"gene55",TRUE,1.712,5675000,371.8,3482000,1.63
"cap_10s","near_poisson",1,"gene56",FALSE,1.95,20.63,402.6,10,2.063
"master","near_poisson",1,"gene56",FALSE,1.95,4.471,402.6,2.168,2.063
"mle","near_poisson",1,"gene56",FALSE,1.95,3204,402.6,1553,2.063
"cap_10s","near_poisson",1,"gene57",TRUE,1.07,8.884,537.4,10,0.8884
"master","near_poisson",1,"gene57",TRUE,1.07,5.276,537.4,5.939,0.8884
"mle","near_poisson",1,"gene57",TRUE,1.07,8345000,537.4,9393000,0.8884
"mle","near_poisson",1,"gene58",TRUE,1.953,5604000,148.8,3042000,1.842
"master","near_poisson",1,"gene58",TRUE,1.953,6.215,148.8,3.374,1.842
"cap_10s","near_poisson",1,"gene58",TRUE,1.953,18.42,148.8,10,1.842
"master","near_poisson",1,"gene59",FALSE,2.133,6.159,57.19,2.974,2.071
"cap_10s","near_poisson",1,"gene59",FALSE,2.133,20.71,57.19,10,2.071
"mle","near_poisson",1,"gene59",FALSE,2.133,253.4,57.19,122.4,2.071
"cap_10s","near_poisson",1,"gene6",TRUE,1.718,10.49,274.4,10,1.049
"master","near_poisson",1,"gene6",TRUE,1.718,2.494,274.4,2.377,1.049
"mle","near_poisson",1,"gene6",TRUE,1.718,8366000,274.4,7976000,1.049
"master","near_poisson",1,"gene60",FALSE,1.232,2.359,494.6,2.09,1.129
"cap_10s","near_poisson",1,"gene60",FALSE,1.232,11.29,494.6,10,1.129
"mle","near_poisson",1,"gene60",FALSE,1.232,556,494.6,492.5,1.129
"cap_10s","near_poisson",1,"gene61",TRUE,3.003,28.42,270.2,10,2.842
"mle","near_poisson",1,"gene61",TRUE,3.003,15990000,270.2,5626000,2.842
"master","near_poisson",1,"gene61",TRUE,3.003,9.624,270.2,3.387,2.842
"mle","near_poisson",1,"gene62",FALSE,4.635,76.71,883.9,16.8,4.567
"master","near_poisson",1,"gene62",FALSE,4.635,9.196,883.9,2.014,4.567
"cap_10s","near_poisson",1,"gene62",FALSE,4.635,45.67,883.9,10,4.567
"master","near_poisson",1,"gene63",TRUE,2.758,6.77,915.4,2.72,2.489
"cap_10s","near_poisson",1,"gene63",TRUE,2.758,24.89,915.4,10,2.489
"mle","near_poisson",1,"gene63",TRUE,2.758,9081000,915.4,3648000,2.489
"master","near_poisson",1,"gene64",FALSE,1.907,4.612,145.9,3.087,1.494
"cap_10s","near_poisson",1,"gene64",FALSE,1.907,14.94,145.9,10,1.494
"mle","near_poisson",1,"gene64",FALSE,1.907,41.02,145.9,27.45,1.494
"cap_10s","near_poisson",1,"gene65",TRUE,1.287,12.97,533.9,10,1.297
"master","near_poisson",1,"gene65",TRUE,1.287,2.362,533.9,1.821,1.297
"mle","near_poisson",1,"gene65",TRUE,1.287,7097000,533.9,5470000,1.297
"cap_10s","near_poisson",1,"gene66",TRUE,2.623,23.14,122.9,10,2.314
"master","near_poisson",1,"gene66",TRUE,2.623,4.658,122.9,2.013,2.314
"mle","near_poisson",1,"gene66",TRUE,2.623,9502000,122.9,4106000,2.314
"cap_10s","near_poisson",1,"gene67",FALSE,2.185,21.82,93.04,10,2.182
"master","near_poisson",1,"gene67",FALSE,2.185,4.585,93.04,2.101,2.182
"mle","near_poisson",1,"gene67",FALSE,2.185,51.28,93.04,23.5,2.182
"cap_10s","near_poisson",1,"gene68",TRUE,1.158,11.05,84.6,10,1.105
"master","near_poisson",1,"gene68",TRUE,1.158,2.583,84.6,2.338,1.105
"mle","near_poisson",1,"gene68",TRUE,1.158,3075000,84.6,2784000,1.105
"cap_10s","near_poisson",1,"gene69",FALSE,2.402,19.95,73.39,10,1.995
"master","near_poisson",1,"gene69",FALSE,2.402,6.985,73.39,3.501,1.995
"mle","near_poisson",1,"gene69",FALSE,2.402,76.46,73.39,38.33,1.995
"cap_10s","near_poisson",1,"gene7",TRUE,8.087,46.77,54.05,10,4.677
"master","near_poisson",1,"gene7",TRUE,8.087,9.977,54.05,2.133,4.677
"mle","near_poisson",1,"gene7",TRUE,8.087,12250000,54.05,2619000,4.677
"mle","near_poisson",1,"gene70",TRUE,2.125,16420000,89.88,8099000,2.027
"cap_10s","near_poisson",1,"gene70",TRUE,2.125,20.27,89.88,10,2.027
"master","near_poisson",1,"gene70",TRUE,2.125,3.633,89.88,1.792,2.027
"master","near_poisson",1,"gene71",FALSE,2.495,6.441,80.81,2.881,2.235
"mle","near_poisson",1,"gene71",FALSE,2.495,204.9,80.81,91.64,2.235
"cap_10s","near_poisson",1,"gene71",FALSE,2.495,22.35,80.81,10,2.235
"master","near_poisson",1,"gene72",FALSE,4.78,9.134,647.2,2.032,4.495
"mle","near_poisson",1,"gene72",FALSE,4.78,63.83,647.2,14.2,4.495
"cap_10s","near_poisson",1,"gene72",FALSE,4.78,44.95,647.2,10,4.495
"master","near_poisson",1,"gene73",FALSE,1.933,3.442,673.4,1.791,1.922
"mle","near_poisson",1,"gene73",FALSE,1.933,58.51,673.4,30.44,1.922
"cap_10s","near_poisson",1,"gene73",FALSE,1.933,19.22,673.4,10,1.922
"master","near_poisson",1,"gene74",TRUE,2.508,4.783,406.6,1.982,2.413
"mle","near_poisson",1,"gene74",TRUE,2.508,9910000,406.6,4106000,2.413
"cap_10s","near_poisson",1,"gene74",TRUE,2.508,24.13,406.6,10,2.413
"master","near_poisson",1,"gene75",FALSE,2.695,5.376,112.9,2.134,2.52
"mle","near_poisson",1,"gene75",FALSE,2.695,52.82,112.9,20.96,2.52
"cap_10s","near_poisson",1,"gene75",FALSE,2.695,25.2,112.9,10,2.52
"master","near_poisson",1,"gene76",TRUE,1.387,2.72,712,2.028,1.341
"mle","near_poisson",1,"gene76",TRUE,1.387,22730000,712,16940000,1.341
"cap_10s","near_poisson",1,"gene76",TRUE,1.387,13.41,712,10,1.341
"master","near_poisson",1,"gene77",FALSE,1.105,4.139,998,3.868,1.07
"mle","near_poisson",1,"gene77",FALSE,1.105,228.9,998,213.9,1.07
"cap_10s","near_poisson",1,"gene77",FALSE,1.105,10.7,998,10,1.07
"master","near_poisson",1,"gene78",FALSE,2.16,5.028,621.8,2.418,2.079
"cap_10s","near_poisson",1,"gene78",FALSE,2.16,20.79,621.8,10,2.079
"mle","near_poisson",1,"gene78",FALSE,2.16,58.72,621.8,28.24,2.079
"master","near_poisson",1,"gene79",FALSE,3.903,7.089,197,1.811,3.914
"mle","near_poisson",1,"gene79",FALSE,3.903,43.2,197,11.04,3.914
"cap_10s","near_poisson",1,"gene79",FALSE,3.903,39.14,197,10,3.914
"cap_10s","near_poisson",1,"gene8",FALSE,2.202,11.71,939.5,10,1.171
"master","near_poisson",1,"gene8",FALSE,2.202,3.389,939.5,2.895,1.171
"mle","near_poisson",1,"gene8",FALSE,2.202,28.55,939.5,24.39,1.171
"mle","near_poisson",1,"gene80",FALSE,1.212,419.8,880.6,337.2,1.245
"cap_10s","near_poisson",1,"gene80",FALSE,1.212,12.45,880.6,10,1.245
"master","near_poisson",1,"gene80",FALSE,1.212,2.525,880.6,2.028,1.245
"mle","near_poisson",1,"gene81",TRUE,2.633,14970000,59.96,5589000,2.679
"cap_10s","near_poisson",1,"gene81",TRUE,2.633,26.79,59.96,10,2.679
"master","near_poisson",1,"gene81",TRUE,2.633,4.402,59.96,1.643,2.679
"cap_10s","near_poisson",1,"gene82",FALSE,2.335,18.96,428.7,10,1.896
"master","near_poisson",1,"gene82",FALSE,2.335,4.969,428.7,2.621,1.896
"mle","near_poisson",1,"gene82",FALSE,2.335,30.07,428.7,15.86,1.896
"master","near_poisson",1,"gene83",TRUE,3.005,5.977,57.84,1.859,3.215
"mle","near_poisson",1,"gene83",TRUE,3.005,10930000,57.84,3399000,3.215
"cap_10s","near_poisson",1,"gene83",TRUE,3.005,32.15,57.84,10,3.215
"cap_10s","near_poisson",1,"gene84",TRUE,2.683,25.26,57.45,10,2.526
"master","near_poisson",1,"gene84",TRUE,2.683,6.388,57.45,2.529,2.526
"mle","near_poisson",1,"gene84",TRUE,2.683,9453000,57.45,3742000,2.526
"master","near_poisson",1,"gene85",TRUE,2.923,6.837,265.5,2.399,2.85
"mle","near_poisson",1,"gene85",TRUE,2.923,12020000,265.5,4218000,2.85
"cap_10s","near_poisson",1,"gene85",TRUE,2.923,28.5,265.5,10,2.85
"mle","near_poisson",1,"gene86",FALSE,2.408,71.98,667.1,31.49,2.286
"master","near_poisson",1,"gene86",FALSE,2.408,4.147,667.1,1.814,2.286
"cap_10s","near_poisson",1,"gene86",FALSE,2.408,22.86,667.1,10,2.286
"master","near_poisson",1,"gene87",TRUE,2.58,5.113,187.3,1.87,2.734
"mle","near_poisson",1,"gene87",TRUE,2.58,10720000,187.3,3920000,2.734
"cap_10s","near_poisson",1,"gene87",TRUE,2.58,27.34,187.3,10,2.734
"master","near_poisson",1,"gene88",TRUE,1.83,5.496,393.3,3.258,1.687
"cap_10s","near_poisson",1,"gene88",TRUE,1.83,16.87,393.3,10,1.687
"mle","near_poisson",1,"gene88",TRUE,1.83,11260000,393.3,6676000,1.687
"master","near_poisson",1,"gene89",FALSE,3.515,6.502,51.38,1.876,3.465
"mle","near_poisson",1,"gene89",FALSE,3.515,286.2,51.38,82.6,3.465
"cap_10s","near_poisson",1,"gene89",FALSE,3.515,34.65,51.38,10,3.465
"master","near_poisson",1,"gene9",FALSE,2.108,4.17,227.6,3.348,1.245
"mle","near_poisson",1,"gene9",FALSE,2.108,57.17,227.6,45.9,1.245
"cap_10s","near_poisson",1,"gene9",FALSE,2.108,12.45,227.6,10,1.245
"master","near_poisson",1,"gene90",TRUE,1.458,6.472,237.1,5.284,1.225
"cap_10s","near_poisson",1,"gene90",TRUE,1.458,12.25,237.1,10,1.225
"mle","near_poisson",1,"gene90",TRUE,1.458,6742000,237.1,5504000,1.225
"cap_10s","near_poisson",1,"gene91",TRUE,4.085,34.9,242.1,10,3.49
"master","near_poisson",1,"gene91",TRUE,4.085,9.593,242.1,2.748,3.49
"mle","near_poisson",1,"gene91",TRUE,4.085,10760000,242.1,3083000,3.49
"master","near_poisson",1,"gene92",TRUE,2.295,4.168,58.59,1.928,2.162
"cap_10s","near_poisson",1,"gene92",TRUE,2.295,21.62,58.59,10,2.162
"mle","near_poisson",1,"gene92",TRUE,2.295,14570000,58.59,6742000,2.162
"cap_10s","near_poisson",1,"gene93",FALSE,3.028,24.77,320.6,10,2.477
"master","near_poisson",1,"gene93",FALSE,3.028,8.656,320.6,3.495,2.477
"mle","near_poisson",1,"gene93",FALSE,3.028,52.53,320.6,21.21,2.477
"cap_10s","near_poisson",1,"gene94",FALSE,4.572,39.03,873.1,8.449,4.619
"mle","near_poisson",1,"gene94",FALSE,4.572,39.03,873.1,8.449,4.619
"master","near_poisson",1,"gene94",FALSE,4.572,8.129,873.1,1.76,4.619
"cap_10s","near_poisson",1,"gene95",FALSE,2.727,23.78,71.97,10,2.378
"master","near_poisson",1,"gene95",FALSE,2.727,7.167,71.97,3.014,2.378
"mle","near_poisson",1,"gene95",FALSE,2.727,33.04,71.97,13.89,2.378
"master","near_poisson",1,"gene96",TRUE,3.108,5.526,663.8,1.83,3.02
"mle","near_poisson",1,"gene96",TRUE,3.108,19150000,663.8,6340000,3.02
"cap_10s","near_poisson",1,"gene96",TRUE,3.108,30.2,663.8,10,3.02
"cap_10s","near_poisson",1,"gene97",FALSE,4.425,44.67,73.8,10,4.467
"master","near_poisson",1,"gene97",FALSE,4.425,8.286,73.8,1.855,4.467
"mle","near_poisson",1,"gene97",FALSE,4.425,302.3,73.8,67.67,4.467
"master","near_poisson",1,"gene98",FALSE,1.242,2.333,810.4,1.913,1.219
"mle","near_poisson",1,"gene98",FALSE,1.242,142.3,810.4,116.7,1.219
"cap_10s","near_poisson",1,"gene98",FALSE,1.242,12.19,810.4,10,1.219
"mle","near_poisson",1,"gene99",TRUE,2.415,16820000,309.7,9045000,1.86
"cap_10s","near_poisson",1,"gene99",TRUE,2.415,18.6,309.7,10,1.86
"master","near_poisson",1,"gene99",TRUE,2.415,4.32,309.7,2.323,1.86
"mle","near_poisson",2,"gene1",TRUE,5.093,21430000,52.69,7712000,2.779
"cap_10s","near_poisson",2,"gene1",TRUE,5.093,27.79,52.69,10,2.779
"master","near_poisson",2,"gene1",TRUE,5.093,5.107,52.69,1.838,2.779
"cap_10s","near_poisson",2,"gene10",TRUE,3.647,19.18,155.8,10,1.918
"master","near_poisson",2,"gene10",TRUE,3.647,3.992,155.8,2.082,1.918
"mle","near_poisson",2,"gene10",TRUE,3.647,16020000,155.8,8355000,1.918
"mle","near_poisson",2,"gene100",FALSE,3.94,38.85,442.1,9.502,4.088
"cap_10s","near_poisson",2,"gene100",FALSE,3.94,38.85,442.1,9.502,4.088
"master","near_poisson",2,"gene100",FALSE,3.94,6.982,442.1,1.708,4.088
"cap_10s","near_poisson",2,"gene101",FALSE,4.317,37.99,79.33,9.957,3.815
"master","near_poisson",2,"gene101",FALSE,4.317,9.659,79.33,2.532,3.815
"mle","near_poisson",2,"gene101",FALSE,4.317,37.99,79.33,9.957,3.815
"master","near_poisson",2,"gene102",FALSE,4.402,13,193.3,3.3,3.94
"cap_10s","near_poisson",2,"gene102",FALSE,4.402,39.4,193.3,10,3.94
"mle","near_poisson",2,"gene102",FALSE,4.402,121.4,193.3,30.82,3.94
"cap_10s","near_poisson",2,"gene103",TRUE,1.255,10.7,735.9,10,1.07
"master","near_poisson",2,"gene103",TRUE,1.255,3.23,735.9,3.019,1.07
"mle","near_poisson",2,"gene103",TRUE,1.255,6332000,735.9,5919000,1.07
"cap_10s","near_poisson",2,"gene104",FALSE,2.24,17.97,107.1,10,1.797
"master","near_poisson",2,"gene104",FALSE,2.24,7.911,107.1,4.402,1.797
"mle","near_poisson",2,"gene104",FALSE,2.24,178.4,107.1,99.27,1.797
"cap_10s","near_poisson",2,"gene105",TRUE,1.5,14.96,771.5,10,1.496
"master","near_poisson",2,"gene105",TRUE,1.5,2.42,771.5,1.617,1.496
"mle","near_poisson",2,"gene105",TRUE,1.5,22030,771.5,14720,1.496
"cap_10s","near_poisson",2,"gene106",TRUE,3.27,27.27,198.9,10,2.727
"master","near_poisson",2,"gene106",TRUE,3.27,6.187,198.9,2.269,2.727
"mle","near_poisson",2,"gene106",TRUE,3.27,7692000,198.9,2821000,2.727
"cap_10s","near_poisson",2,"gene107",TRUE,3.785,34,310.7,10,3.4
"master","near_poisson",2,"gene107",TRUE,3.785,8.48,310.7,2.494,3.4
"mle","near_poisson",2,"gene107",TRUE,3.785,14580000,310.7,4287000,3.4
"cap_10s","near_poisson",2,"gene108",FALSE,2.192,20.84,458.6,10,2.084
"master","near_poisson",2,"gene108",FALSE,2.192,3.374,458.6,1.619,2.084
"mle","near_poisson",2,"gene108",FALSE,2.192,50.68,458.6,24.31,2.084
"cap_10s","near_poisson",2,"gene109",TRUE,1.048,11.02,122.2,10,1.102
"master","near_poisson",2,"gene109",TRUE,1.048,1.848,122.2,1.678,1.102
"mle","near_poisson",2,"gene109",TRUE,1.048,2339000,122.2,2123000,1.102
"cap_10s","near_poisson",2,"gene11",FALSE,1.873,11.28,424.2,10,1.128
"master","near_poisson",2,"gene11",FALSE,1.873,2.914,424.2,2.583,1.128
"mle","near_poisson",2,"gene11",FALSE,1.873,17.6,424.2,15.6,1.128
"mle","near_poisson",2,"gene110",TRUE,2.882,16300000,536.4,5934000,2.746
"cap_10s","near_poisson",2,"gene110",TRUE,2.882,27.46,536.4,10,2.746
"master","near_poisson",2,"gene110",TRUE,2.882,5.11,536.4,1.861,2.746
"master","near_poisson",2,"gene111",FALSE,3.58,7.159,88.81,1.907,3.754
"mle","near_poisson",2,"gene111",FALSE,3.58,71.18,88.81,18.96,3.754
"cap_10s","near_poisson",2,"gene111",FALSE,3.58,37.54,88.81,10,3.754
"master","near_poisson",2,"gene112",FALSE,3.68,6.033,149.3,1.778,3.393
"mle","near_poisson",2,"gene112",FALSE,3.68,224.7,149.3,66.23,3.393
"cap_10s","near_poisson",2,"gene112",FALSE,3.68,33.93,149.3,10,3.393
"master","near_poisson",2,"gene113",TRUE,1.73,3.403,56.96,2.476,1.374
"mle","near_poisson",2,"gene113",TRUE,1.73,22030,56.96,16030,1.374
"cap_10s","near_poisson",2,"gene113",TRUE,1.73,13.74,56.96,10,1.374
"master","near_poisson",2,"gene114",TRUE,1.337,3.596,161.2,2.771,1.298
"mle","near_poisson",2,"gene114",TRUE,1.337,11510000,161.2,8869000,1.298
"cap_10s","near_poisson",2,"gene114",TRUE,1.337,12.98,161.2,10,1.298
"master","near_poisson",2,"gene115",FALSE,1.84,3.622,102.5,2.161,1.676
"mle","near_poisson",2,"gene115",FALSE,1.84,26,102.5,15.51,1.676
"cap_10s","near_poisson",2,"gene115",FALSE,1.84,16.76,102.5,10,1.676
"master","near_poisson",2,"gene116",TRUE,3.735,7.111,55.02,1.99,3.574
"cap_10s","near_poisson",2,"gene116",TRUE,3.735,35.74,55.02,10,3.574
"mle","near_poisson",2,"gene116",TRUE,3.735,22460000,55.02,6283000,3.574
"master","near_poisson",2,"gene117",TRUE,2.733,5.131,659,2.058,2.494
"cap_10s","near_poisson",2,"gene117",TRUE,2.733,24.94,659,10,2.494
"mle","near_poisson",2,"gene117",TRUE,2.733,11570000,659,4638000,2.494
"mle","near_poisson",2,"gene118",FALSE,4.323,412.7,179.3,105.4,3.917
"cap_10s","near_poisson",2,"gene118",FALSE,4.323,39.17,179.3,10,3.917
"master","near_poisson",2,"gene118",FALSE,4.323,6.628,179.3,1.692,3.917
"mle","near_poisson",2,"gene119",TRUE,1.538,12440000,63.89,8248000,1.508
"master","near_poisson",2,"gene119",TRUE,1.538,3.191,63.89,2.116,1.508
"cap_10s","near_poisson",2,"gene119",TRUE,1.538,15.08,63.89,10,1.508
"cap_10s","near_poisson",2,"gene12",TRUE,1.493,9.441,501.2,10,0.9441
"master","near_poisson",2,"gene12",TRUE,1.493,2.166,501.2,2.294,0.9441
"mle","near_poisson",2,"gene12",TRUE,1.493,8879000,501.2,9405000,0.9441
"master","near_poisson",2,"gene120",TRUE,3.89,12.98,141.7,3.929,3.303
"mle","near_poisson",2,"gene120",TRUE,3.89,22030,141.7,6668,3.303
"cap_10s","near_poisson",2,"gene120",TRUE,3.89,33.03,141.7,10,3.303
"cap_10s","near_poisson",2,"gene121",FALSE,1.387,14.2,178.8,10,1.42
"mle","near_poisson",2,"gene121",FALSE,1.387,72.3,178.8,50.93,1.42
"master","near_poisson",2,"gene121",FALSE,1.387,2.813,178.8,1.982,1.42
"cap_10s","near_poisson",2,"gene122",FALSE,4.297,24.69,124.2,6.081,4.061
"mle","near_poisson",2,"gene122",FALSE,4.297,24.69,124.2,6.081,4.061
"master","near_poisson",2,"gene122",FALSE,4.297,7.112,124.2,1.752,4.061
"master","near_poisson",2,"gene123",FALSE,4.867,10.02,562.9,2.13,4.705
"mle","near_poisson",2,"gene123",FALSE,4.867,147.7,562.9,31.4,4.705
"cap_10s","near_poisson",2,"gene123",FALSE,4.867,47.05,562.9,10,4.705
"master","near_poisson",2,"gene124",TRUE,2.167,4.21,358.5,2.032,2.072
"cap_10s","near_poisson",2,"gene124",TRUE,2.167,20.72,358.5,10,2.072
"mle","near_poisson",2,"gene124",TRUE,2.167,17120000,358.5,8262000,2.072
"cap_10s","near_poisson",2,"gene125",TRUE,1.758,18.02,102.8,10,1.802
"master","near_poisson",2,"gene125",TRUE,1.758,3.078,102.8,1.708,1.802
"mle","near_poisson",2,"gene125",TRUE,1.758,8601000,102.8,4773000,1.802
"mle","near_poisson",2,"gene126",TRUE,1.583,12580000,140.3,7595000,1.656
"master","near_poisson",2,"gene126",TRUE,1.583,2.822,140.3,1.704,1.656
"cap_10s","near_poisson",2,"gene126",TRUE,1.583,16.56,140.3,10,1.656
"mle","near_poisson",2,"gene127",FALSE,1.858,113.1,488.8,65.68,1.722
"master","near_poisson",2,"gene127",FALSE,1.858,4.814,488.8,2.796,1.722
"cap_10s","near_poisson",2,"gene127",FALSE,1.858,17.22,488.8,10,1.722
"master","near_poisson",2,"gene128",FALSE,1.58,6.177,460.3,4.927,1.254
"cap_10s","near_poisson",2,"gene128",FALSE,1.58,12.54,460.3,10,1.254
"mle","near_poisson",2,"gene128",FALSE,1.58,26.12,460.3,20.83,1.254
"master","near_poisson",2,"gene129",FALSE,1.513,3.019,158.1,2.193,1.376
"cap_10s","near_poisson",2,"gene129",FALSE,1.513,13.76,158.1,10,1.376
"mle","near_poisson",2,"gene129",FALSE,1.513,50.92,158.1,36.99,1.376
"cap_10s","near_poisson",2,"gene13",TRUE,3.445,19.26,618,10,1.926
"master","near_poisson",2,"gene13",TRUE,3.445,5.362,618,2.783,1.926
"mle","near_poisson",2,"gene13",TRUE,3.445,7915000,618,4109000,1.926
"master","near_poisson",2,"gene130",FALSE,3.227,10.48,636,3.859,2.715
"mle","near_poisson",2,"gene130",FALSE,3.227,1260,636,464,2.715
"cap_10s","near_poisson",2,"gene130",FALSE,3.227,27.15,636,10,2.715
"cap_10s","near_poisson",2,"gene131",FALSE,3.688,36.4,85.14,10,3.64
"master","near_poisson",2,"gene131",FALSE,3.688,5.971,85.14,1.64,3.64
"mle","near_poisson",2,"gene131",FALSE,3.688,119.5,85.14,32.84,3.64
"master","near_poisson",2,"gene132",FALSE,1.807,4.926,228.7,2.725,1.808
"cap_10s","near_poisson",2,"gene132",FALSE,1.807,18.08,228.7,10,1.808
"mle","near_poisson",2,"gene132",FALSE,1.807,746.2,228.7,412.8,1.808
"master","near_poisson",2,"gene133",TRUE,3.032,6.776,203.7,2.409,2.813
"cap_10s","near_poisson",2,"gene133",TRUE,3.032,28.13,203.7,10,2.813
"mle","near_poisson",2,"gene133",TRUE,3.032,13580000,203.7,4827000,2.813
"cap_10s","near_poisson",2,"gene134",TRUE,1.323,11.33,386.1,10,1.133
"mle","near_poisson",2,"gene134",TRUE,1.323,16820000,386.1,14850000,1.133
"master","near_poisson",2,"gene134",TRUE,1.323,5.619,386.1,4.961,1.133
"cap_10s","near_poisson",2,"gene135",FALSE,4.272,43.2,85.82,10,4.32
"mle","near_poisson",2,"gene135",FALSE,4.272,108.9,85.82,25.22,4.32
"master","near_poisson",2,"gene135",FALSE,4.272,8.882,85.82,2.056,4.32
"master","near_poisson",2,"gene136",TRUE,1.48,4.372,154.5,3.133,1.395
"mle","near_poisson",2,"gene136",TRUE,1.48,4443000,154.5,3184000,1.395
"cap_10s","near_poisson",2,"gene136",TRUE,1.48,13.95,154.5,10,1.395
"master","near_poisson",2,"gene137",FALSE,1.93,4.84,784.9,2.741,1.766
"cap_10s","near_poisson",2,"gene137",FALSE,1.93,17.66,784.9,10,1.766
"mle","near_poisson",2,"gene137",FALSE,1.93,83.77,784.9,47.44,1.766
"cap_10s","near_poisson",2,"gene138",TRUE,2.233,22.68,240.8,10,2.268
"master","near_poisson",2,"gene138",TRUE,2.233,4.838,240.8,2.133,2.268
"mle","near_poisson",2,"gene138",TRUE,2.233,5083000,240.8,2241000,2.268
"mle","near_poisson",2,"gene139",FALSE,1.183,20.55,655,16.37,1.255
"master","near_poisson",2,"gene139",FALSE,1.183,1.775,655,1.415,1.255
"cap_10s","near_poisson",2,"gene139",FALSE,1.183,12.55,655,10,1.255
"mle","near_poisson",2,"gene14",FALSE,2.415,19.21,225,12.62,1.522
"cap_10s","near_poisson",2,"gene14",FALSE,2.415,15.22,225,10,1.522
"master","near_poisson",2,"gene14",FALSE,2.415,2.939,225,1.93,1.522
"mle","near_poisson",2,"gene140",TRUE,1.45,13270000,309.5,10990000,1.208
"cap_10s","near_poisson",2,"gene140",TRUE,1.45,12.08,309.5,10,1.208
"master","near_poisson",2,"gene140",TRUE,1.45,4.152,309.5,3.437,1.208
"cap_10s","near_poisson",2,"gene141",TRUE,3.76,31.75,219.1,10,3.175
"master","near_poisson",2,"gene141",TRUE,3.76,9.658,219.1,3.041,3.175
"mle","near_poisson",2,"gene141",TRUE,3.76,18230000,219.1,5741000,3.175
"cap_10s","near_poisson",2,"gene142",FALSE,1.453,11.99,209.4,10,1.199
"master","near_poisson",2,"gene142",FALSE,1.453,3.693,209.4,3.08,1.199
"mle","near_poisson",2,"gene142",FALSE,1.453,74.42,209.4,62.07,1.199
"master","near_poisson",2,"gene143",FALSE,3.223,5.874,463.8,1.789,3.283
"cap_10s","near_poisson",2,"gene143",FALSE,3.223,32.83,463.8,10,3.283
"mle","near_poisson",2,"gene143",FALSE,3.223,604.7,463.8,184.2,3.283
"master","near_poisson",2,"gene144",FALSE,1.973,4.147,303,2.243,1.849
"cap_10s","near_poisson",2,"gene144",FALSE,1.973,18.49,303,10,1.849
"mle","near_poisson",2,"gene144",FALSE,1.973,171.6,303,92.83,1.849
"cap_10s","near_poisson",2,"gene145",TRUE,4.39,38.61,85.58,10,3.861
"master","near_poisson",2,"gene145",TRUE,4.39,8.201,85.58,2.124,3.861
"mle","near_poisson",2,"gene145",TRUE,4.39,15660000,85.58,4057000,3.861
"master","near_poisson",2,"gene146",FALSE,1.007,1.778,397.6,2.044,0.8698
"cap_10s","near_poisson",2,"gene146",FALSE,1.007,8.698,397.6,10,0.8698
"mle","near_poisson",2,"gene146",FALSE,1.007,13.68,397.6,15.73,0.8698
"cap_10s","near_poisson",2,"gene147",TRUE,3.148,30.32,77.1,10,3.032
"master","near_poisson",2,"gene147",TRUE,3.148,6.454,77.1,2.129,3.032
"mle","near_poisson",2,"gene147",TRUE,3.148,10910000,77.1,3599000,3.032
"cap_10s","near_poisson",2,"gene148",FALSE,3.607,33.77,59.56,10,3.377
"mle","near_poisson",2,"gene148",FALSE,3.607,73.35,59.56,21.72,3.377
"master","near_poisson",2,"gene148",FALSE,3.607,7.425,59.56,2.199,3.377
"cap_10s","near_poisson",2,"gene149",TRUE,1.987,16.43,53.83,10,1.643
"master","near_poisson",2,"gene149",TRUE,1.987,6.129,53.83,3.731,1.643
"mle","near_poisson",2,"gene149",TRUE,1.987,1546000,53.83,940900,1.643
"cap_10s","near_poisson",2,"gene15",FALSE,2.302,14.98,60.23,10,1.498
"master","near_poisson",2,"gene15",FALSE,2.302,2.989,60.23,1.995,1.498
"mle","near_poisson",2,"gene15",FALSE,2.302,31.95,60.23,21.32,1.498
"master","near_poisson",2,"gene150",FALSE,3.058,7.3,141.7,2.941,2.482
"mle","near_poisson",2,"gene150",FALSE,3.058,84.97,141.7,34.23,2.482
"cap_10s","near_poisson",2,"gene150",FALSE,3.058,24.82,141.7,10,2.482
"cap_10s","near_poisson",2,"gene151",TRUE,2.515,24.4,228.8,10,2.44
"master","near_poisson",2,"gene151",TRUE,2.515,4.646,228.8,1.904,2.44
"mle","near_poisson",2,"gene151",TRUE,2.515,6791000,228.8,2783000,2.44
"master","near_poisson",2,"gene152",TRUE,2.86,4.365,239.8,1.644,2.655
"mle","near_poisson",2,"gene152",TRUE,2.86,3193000,239.8,1203000,2.655
"cap_10s","near_poisson",2,"gene152",TRUE,2.86,26.55,239.8,10,2.655
"mle","near_poisson",2,"gene153",TRUE,2.768,13310000,56.03,4803000,2.77
"master","near_poisson",2,"gene153",TRUE,2.768,6.35,56.03,2.292,2.77
"cap_10s","near_poisson",2,"gene153",TRUE,2.768,27.7,56.03,10,2.77
"master","near_poisson",2,"gene154",FALSE,3.353,7.698,614.8,2.541,3.029
"mle","near_poisson",2,"gene154",FALSE,3.353,114.7,614.8,37.87,3.029
"cap_10s","near_poisson",2,"gene154",FALSE,3.353,30.29,614.8,10,3.029
"master","near_poisson",2,"gene155",FALSE,2.685,4.55,119,1.664,2.734
"cap_10s","near_poisson",2,"gene155",FALSE,2.685,27.34,119,10,2.734
"mle","near_poisson",2,"gene155",FALSE,2.685,2617,119,957.4,2.734
"master","near_poisson",2,"gene156",TRUE,3.815,7.032,339.6,1.978,3.555
"mle","near_poisson",2,"gene156",TRUE,3.815,28290000,339.6,7958000,3.555
"cap_10s","near_poisson",2,"gene156",TRUE,3.815,35.55,339.6,10,3.555
"master","near_poisson",2,"gene157",FALSE,2.89,6.581,467.2,2.648,2.486
"cap_10s","near_poisson",2,"gene157",FALSE,2.89,24.86,467.2,10,2.486
"mle","near_poisson",2,"gene157",FALSE,2.89,37.81,467.2,15.21,2.486
"master","near_poisson",2,"gene158",FALSE,1.775,4.467,63.16,2.933,1.523
"cap_10s","near_poisson",2,"gene158",FALSE,1.775,15.23,63.16,10,1.523
"mle","near_poisson",2,"gene158",FALSE,1.775,50.26,63.16,33,1.523
"master","near_poisson",2,"gene159",FALSE,3.82,8.374,114.8,2.617,3.2
"mle","near_poisson",2,"gene159",FALSE,3.82,265.5,114.8,82.98,3.2
"cap_10s","near_poisson",2,"gene159",FALSE,3.82,32,114.8,10,3.2
"cap_10s","near_poisson",2,"gene16",FALSE,1.772,13.34,374.9,7.906,1.688
"master","near_poisson",2,"gene16",FALSE,1.772,3.686,374.9,2.184,1.688
"mle","near_poisson",2,"gene16",FALSE,1.772,13.34,374.9,7.906,1.688
"master","near_poisson",2,"gene160",FALSE,2.387,3.897,177.2,1.697,2.296
"mle","near_poisson",2,"gene160",FALSE,2.387,31.11,177.2,13.55,2.296
"cap_10s","near_poisson",2,"gene160",FALSE,2.387,22.96,177.2,10,2.296
"mle","near_poisson",2,"gene161",TRUE,4.422,11730000,360,2602000,4.506
"cap_10s","near_poisson",2,"gene161",TRUE,4.422,45.06,360,10,4.506
"master","near_poisson",2,"gene161",TRUE,4.422,7.585,360,1.683,4.506
"cap_10s","near_poisson",2,"gene162",FALSE,0.8917,5.384,291,6.551,0.8219
"mle","near_poisson",2,"gene162",FALSE,0.8917,5.384,291,6.551,0.8219
"master","near_poisson",2,"gene162",FALSE,0.8917,1.861,291,2.264,0.8219
"master","near_poisson",2,"gene163",FALSE,1.38,2.231,84.09,1.513,1.475
"mle","near_poisson",2,"gene163",FALSE,1.38,106.2,84.09,72.02,1.475
"cap_10s","near_poisson",2,"gene163",FALSE,1.38,14.75,84.09,10,1.475
"master","near_poisson",2,"gene164",FALSE,3.028,6.189,87.13,2.352,2.631
"cap_10s","near_poisson",2,"gene164",FALSE,3.028,25.16,87.13,9.561,2.631
"mle","near_poisson",2,"gene164",FALSE,3.028,25.16,87.13,9.561,2.631
"cap_10s","near_poisson",2,"gene165",FALSE,2.865,26.86,53.39,10,2.686
"master","near_poisson",2,"gene165",FALSE,2.865,5.063,53.39,1.885,2.686
"mle","near_poisson",2,"gene165",FALSE,2.865,48.84,53.39,18.18,2.686
"mle","near_poisson",2,"gene166",TRUE,1.5,9251000,216.5,6591000,1.404
"master","near_poisson",2,"gene166",TRUE,1.5,2.867,216.5,2.043,1.404
"cap_10s","near_poisson",2,"gene166",TRUE,1.5,14.04,216.5,10,1.404
"mle","near_poisson",2,"gene167",TRUE,3.512,8706000,271.6,2599000,3.349
"master","near_poisson",2,"gene167",TRUE,3.512,9.213,271.6,2.751,3.349
"cap_10s","near_poisson",2,"gene167",TRUE,3.512,33.49,271.6,10,3.349
"master","near_poisson",2,"gene168",FALSE,3.335,5.718,196,1.761,3.248
"cap_10s","near_poisson",2,"gene168",FALSE,3.335,32.48,196,10,3.248
"mle","near_poisson",2,"gene168",FALSE,3.335,233.2,196,71.8,3.248
"master","near_poisson",2,"gene169",TRUE,1.772,2.937,841.3,1.661,1.768
"cap_10s","near_poisson",2,"gene169",TRUE,1.772,17.68,841.3,10,1.768
"mle","near_poisson",2,"gene169",TRUE,1.772,15670000,841.3,8860000,1.768
"cap_10s","near_poisson",2,"gene17",FALSE,1.71,13.56,179.8,8.35,1.624
"master","near_poisson",2,"gene17",FALSE,1.71,2.959,179.8,1.822,1.624
"mle","near_poisson",2,"gene17",FALSE,1.71,13.56,179.8,8.35,1.624
"master","near_poisson",2,"gene170",FALSE,3.318,7.193,222.8,2.16,3.33
"mle","near_poisson",2,"gene170",FALSE,3.318,49.57,222.8,14.89,3.33
"cap_10s","near_poisson",2,"gene170",FALSE,3.318,33.3,222.8,10,3.33
"cap_10s","near_poisson",2,"gene171",TRUE,1.597,14.22,554.5,10,1.422
"master","near_poisson",2,"gene171",TRUE,1.597,2.654,554.5,1.867,1.422
"mle","near_poisson",2,"gene171",TRUE,1.597,8338000,554.5,5864000,1.422
"master","near_poisson",2,"gene172",FALSE,2.277,5.601,204.6,2.675,2.094
"cap_10s","near_poisson",2,"gene172",FALSE,2.277,20.94,204.6,10,2.094
"mle","near_poisson",2,"gene172",FALSE,2.277,38.23,204.6,18.26,2.094
"master","near_poisson",2,"gene173",FALSE,1.762,3.62,116.1,2.123,1.705
"cap_10s","near_poisson",2,"gene173",FALSE,1.762,17.05,116.1,10,1.705
"mle","near_poisson",2,"gene173",FALSE,1.762,37.19,116.1,21.82,1.705
"cap_10s","near_poisson",2,"gene174",FALSE,1.225,9.013,83.75,10,0.9013
"mle","near_poisson",2,"gene174",FALSE,1.225,10.49,83.75,11.64,0.9013
"master","near_poisson",2,"gene174",FALSE,1.225,6.26,83.75,6.946,0.9013
"cap_10s","near_poisson",2,"gene175",TRUE,4.132,40.36,370.1,10,4.036
"mle","near_poisson",2,"gene175",TRUE,4.132,8934000,370.1,2214000,4.036
"master","near_poisson",2,"gene175",TRUE,4.132,9.39,370.1,2.327,4.036
"master","near_poisson",2,"gene176",FALSE,1.583,3.011,68.54,1.844,1.633
"mle","near_poisson",2,"gene176",FALSE,1.583,170.5,68.54,104.4,1.633
"cap_10s","near_poisson",2,"gene176",FALSE,1.583,16.33,68.54,10,1.633
"master","near_poisson",2,"gene177",TRUE,3.107,8.474,661.7,3.246,2.61
"cap_10s","near_poisson",2,"gene177",TRUE,3.107,26.1,661.7,10,2.61
"mle","near_poisson",2,"gene177",TRUE,3.107,12490000,661.7,4787000,2.61
"cap_10s","near_poisson",2,"gene178",FALSE,1.327,13.35,255.4,10,1.335
"master","near_poisson",2,"gene178",FALSE,1.327,2.182,255.4,1.635,1.335
"mle","near_poisson",2,"gene178",FALSE,1.327,15.68,255.4,11.75,1.335
"mle","near_poisson",2,"gene179",FALSE,2.21,430.7,71.57,201.8,2.135
"master","near_poisson",2,"gene179",FALSE,2.21,5.061,71.57,2.371,2.135
"cap_10s","near_poisson",2,"gene179",FALSE,2.21,21.35,71.57,10,2.135
"mle","near_poisson",2,"gene18",FALSE,3.205,99.97,577.7,35.05,2.852
"master","near_poisson",2,"gene18",FALSE,3.205,9.327,577.7,3.27,2.852
"cap_10s","near_poisson",2,"gene18",FALSE,3.205,28.52,577.7,10,2.852
"mle","near_poisson",2,"gene180",TRUE,3.677,2.1e+07,919.5,5506000,3.814
"master","near_poisson",2,"gene180",TRUE,3.677,6.944,919.5,1.821,3.814
"cap_10s","near_poisson",2,"gene180",TRUE,3.677,38.14,919.5,10,3.814
"cap_10s","near_poisson",2,"gene181",TRUE,5.067,43.83,897.3,10,4.383
"master","near_poisson",2,"gene181",TRUE,5.067,9.642,897.3,2.2,4.383
"mle","near_poisson",2,"gene181",TRUE,5.067,12900000,897.3,2943000,4.383
"cap_10s","near_poisson",2,"gene182",FALSE,4.16,41.46,114.9,10,4.146
"mle","near_poisson",2,"gene182",FALSE,4.16,66.28,114.9,15.99,4.146
"master","near_poisson",2,"gene182",FALSE,4.16,12.07,114.9,2.911,4.146
"mle","near_poisson",2,"gene183",FALSE,3.312,50.57,50.53,15.08,3.354
"cap_10s","near_poisson",2,"gene183",FALSE,3.312,33.54,50.53,10,3.354
"master","near_poisson",2,"gene183",FALSE,3.312,6.051,50.53,1.804,3.354
"master","near_poisson",2,"gene184",FALSE,4.453,6.944,614.7,1.636,4.244
"cap_10s","near_poisson",2,"gene184",FALSE,4.453,42.44,614.7,10,4.244
"mle","near_poisson",2,"gene184",FALSE,4.453,96.47,614.7,22.73,4.244
"master","near_poisson",2,"gene185",TRUE,1.153,2.507,65.42,2.361,1.062
"cap_10s","near_poisson",2,"gene185",TRUE,1.153,10.62,65.42,10,1.062
"mle","near_poisson",2,"gene185",TRUE,1.153,11750000,65.42,11060000,1.062
"cap_10s","near_poisson",2,"gene186",TRUE,2.657,26.18,231.7,10,2.618
"master","near_poisson",2,"gene186",TRUE,2.657,4.924,231.7,1.881,2.618
"mle","near_poisson",2,"gene186",TRUE,2.657,9290000,231.7,3548000,2.618
"cap_10s","near_poisson",2,"gene187",FALSE,2.945,27.5,55.13,10,2.75
"master","near_poisson",2,"gene187",FALSE,2.945,7.933,55.13,2.885,2.75
"mle","near_poisson",2,"gene187",FALSE,2.945,72.14,55.13,26.23,2.75
"cap_10s","near_poisson",2,"gene188",TRUE,2.487,23.02,97.57,10,2.302
"master","near_poisson",2,"gene188",TRUE,2.487,4.448,97.57,1.932,2.302
"mle","near_poisson",2,"gene188",TRUE,2.487,12410000,97.57,5392000,2.302
"cap_10s","near_poisson",2,"gene189",FALSE,3.555,34.68,71.61,10,3.468
"master","near_poisson",2,"gene189",FALSE,3.555,7.595,71.61,2.19,3.468
"mle","near_poisson",2,"gene189",FALSE,3.555,61.56,71.61,17.75,3.468
"master","near_poisson",2,"gene19",FALSE,2.175,3.721,50.82,1.856,2.005
"cap_10s","near_poisson",2,"gene19",FALSE,2.175,20.05,50.82,10,2.005
"mle","near_poisson",2,"gene19",FALSE,2.175,27.73,50.82,13.83,2.005
"cap_10s","near_poisson",2,"gene190",FALSE,2.542,24.49,105.4,10,2.449
"master","near_poisson",2,"gene190",FALSE,2.542,5.952,105.4,2.43,2.449
"mle","near_poisson",2,"gene190",FALSE,2.542,71.27,105.4,29.1,2.449
"mle","near_poisson",2,"gene191",TRUE,1.95,7249000,184.1,3769000,1.923
"cap_10s","near_poisson",2,"gene191",TRUE,1.95,19.23,184.1,10,1.923
"master","near_poisson",2,"gene191",TRUE,1.95,3.972,184.1,2.065,1.923
"master","near_poisson",2,"gene192",FALSE,6.102,12.19,112.2,2.252,5.415
"mle","near_poisson",2,"gene192",FALSE,6.102,132.3,112.2,24.43,5.415
"cap_10s","near_poisson",2,"gene192",FALSE,6.102,54.15,112.2,10,5.415
"master","near_poisson",2,"gene193",FALSE,0.9217,1.616,287.9,2.015,0.8019
"mle","near_poisson",2,"gene193",FALSE,0.9217,24.83,287.9,30.97,0.8019
"cap_10s","near_poisson",2,"gene193",FALSE,0.9217,8.019,287.9,10,0.8019
"master","near_poisson",2,"gene194",FALSE,1.247,2.573,98.1,1.985,1.296
"mle","near_poisson",2,"gene194",FALSE,1.247,49.36,98.1,38.08,1.296
"cap_10s","near_poisson",2,"gene194",FALSE,1.247,12.96,98.1,10,1.296
"master","near_poisson",2,"gene195",TRUE,2.115,4.351,137.9,2.027,2.147
"mle","near_poisson",2,"gene195",TRUE,2.115,1.7e+07,137.9,7919000,2.147
"cap_10s","near_poisson",2,"gene195",TRUE,2.115,21.47,137.9,10,2.147
"master","near_poisson",2,"gene196",TRUE,1.662,3.638,69.71,2.374,1.532
"mle","near_poisson",2,"gene196",TRUE,1.662,6763000,69.71,4414000,1.532
"cap_10s","near_poisson",2,"gene196",TRUE,1.662,15.32,69.71,10,1.532
"master","near_poisson",2,"gene197",FALSE,2.478,5.094,213.7,2.41,2.114
"mle","near_poisson",2,"gene197",FALSE,2.478,200.5,213.7,94.86,2.114
"cap_10s","near_poisson",2,"gene197",FALSE,2.478,21.14,213.7,10,2.114
"master","near_poisson",2,"gene198",FALSE,3.918,7.858,150,1.906,4.122
"mle","near_poisson",2,"gene198",FALSE,3.918,1561,150,378.6,4.122
"cap_10s","near_poisson",2,"gene198",FALSE,3.918,41.22,150,10,4.122
"master","near_poisson",2,"gene199",TRUE,2.418,3.745,167.2,1.634,2.291
"cap_10s","near_poisson",2,"gene199",TRUE,2.418,22.91,167.2,10,2.291
"mle","near_poisson",2,"gene199",TRUE,2.418,15170000,167.2,6622000,2.291
"cap_10s","near_poisson",2,"gene2",TRUE,4.297,25.85,210.4,10,2.585
"master","near_poisson",2,"gene2",TRUE,4.297,5.51,210.4,2.131,2.585
"mle","near_poisson",2,"gene2",TRUE,4.297,680500,210.4,263200,2.585
"cap_10s","near_poisson",2,"gene20",TRUE,1.78,15.87,64.34,10,1.587
"mle","near_poisson",2,"gene20",TRUE,1.78,6884000,64.34,4338000,1.587
"master","near_poisson",2,"gene20",TRUE,1.78,3.479,64.34,2.192,1.587
"master","near_poisson",2,"gene200",FALSE,3.333,10.21,141.6,3.447,2.962
"mle","near_poisson",2,"gene200",FALSE,3.333,32.1,141.6,10.84,2.962
"cap_10s","near_poisson",2,"gene200",FALSE,3.333,29.62,141.6,10,2.962
"mle","near_poisson",2,"gene201",FALSE,2.092,26.94,139.9,12.16,2.216
"cap_10s","near_poisson",2,"gene201",FALSE,2.092,22.16,139.9,10,2.216
"master","near_poisson",2,"gene201",FALSE,2.092,4.695,139.9,2.119,2.216
"mle","near_poisson",2,"gene202",TRUE,3.53,8883000,79.32,2732000,3.252
"cap_10s","near_poisson",2,"gene202",TRUE,3.53,32.52,79.32,10,3.252
"master","near_poisson",2,"gene202",TRUE,3.53,7.43,79.32,2.285,3.252
"cap_10s","near_poisson",2,"gene203",TRUE,1.575,14,506.6,10,1.4
"master","near_poisson",2,"gene203",TRUE,1.575,3.387,506.6,2.42,1.4
"mle","near_poisson",2,"gene203",TRUE,1.575,5181000,506.6,3701000,1.4
"master","near_poisson",2,"gene204",FALSE,1.697,3.066,61.27,1.862,1.647
"mle","near_poisson",2,"gene204",FALSE,1.697,18.97,61.27,11.52,1.647
"cap_10s","near_poisson",2,"gene204",FALSE,1.697,16.47,61.27,10,1.647
"cap_10s","near_poisson",2,"gene205",TRUE,2.992,27.51,542.5,10,2.751
"master","near_poisson",2,"gene205",TRUE,2.992,6.529,542.5,2.374,2.751
"mle","near_poisson",2,"gene205",TRUE,2.992,12360000,542.5,4495000,2.751
"master","near_poisson",2,"gene206",TRUE,3.547,7.782,140,2.148,3.622
"mle","near_poisson",2,"gene206",TRUE,3.547,4341000,140,1199000,3.622
"cap_10s","near_poisson",2,"gene206",TRUE,3.547,36.22,140,10,3.622
"mle","near_poisson",2,"gene207",TRUE,1.938,23890000,762.1,13450000,1.776
"master","near_poisson",2,"gene207",TRUE,1.938,5.994,762.1,3.375,1.776
"cap_10s","near_poisson",2,"gene207",TRUE,1.938,17.76,762.1,10,1.776
"master","near_poisson",2,"gene208",TRUE,2.057,6.178,181.3,4.008,1.541
"mle","near_poisson",2,"gene208",TRUE,2.057,17600000,181.3,11420000,1.541
"cap_10s","near_poisson",2,"gene208",TRUE,2.057,15.41,181.3,10,1.541
"master","near_poisson",2,"gene209",FALSE,3.815,11.72,981.3,3.525,3.324
"cap_10s","near_poisson",2,"gene209",FALSE,3.815,33.24,981.3,10,3.324
"mle","near_poisson",2,"gene209",FALSE,3.815,37.68,981.3,11.33,3.324
"cap_10s","near_poisson",2,"gene21",TRUE,1.352,12.3,177.9,10,1.23
"mle","near_poisson",2,"gene21",TRUE,1.352,4717000,177.9,3835000,1.23
"master","near_poisson",2,"gene21",TRUE,1.352,3.423,177.9,2.783,1.23
"master","near_poisson",2,"gene210",FALSE,1.862,4.304,403.4,2.317,1.857
"mle","near_poisson",2,"gene210",FALSE,1.862,21.95,403.4,11.82,1.857
"cap_10s","near_poisson",2,"gene210",FALSE,1.862,18.57,403.4,10,1.857
"master","near_poisson",2,"gene211",TRUE,2.763,7.278,913.3,2.886,2.521
"cap_10s","near_poisson",2,"gene211",TRUE,2.763,25.21,913.3,10,2.521
"mle","near_poisson",2,"gene211",TRUE,2.763,17210000,913.3,6826000,2.521
"cap_10s","near_poisson",2,"gene212",FALSE,2.678,27.14,58.94,10,2.714
"master","near_poisson",2,"gene212",FALSE,2.678,5.168,58.94,1.904,2.714
"mle","near_poisson",2,"gene212",FALSE,2.678,44.86,58.94,16.53,2.714
"master","near_poisson",2,"gene213",TRUE,1.365,3.024,220.3,2.343,1.291
"cap_10s","near_poisson",2,"gene213",TRUE,1.365,12.91,220.3,10,1.291
"mle","near_poisson",2,"gene213",TRUE,1.365,6331000,220.3,4905000,1.291
"cap_10s","near_poisson",2,"gene214",FALSE,1.815,18.34,841.8,10,1.834
"master","near_poisson",2,"gene214",FALSE,1.815,2.803,841.8,1.528,1.834
"mle","near_poisson",2,"gene214",FALSE,1.815,192.9,841.8,105.2,1.834
"cap_10s","near_poisson",2,"gene215",TRUE,2.247,18.9,765.6,10,1.89
"mle","near_poisson",2,"gene215",TRUE,2.247,8589000,765.6,4545000,1.89
"master","near_poisson",2,"gene215",TRUE,2.247,7.14,765.6,3.778,1.89
"cap_10s","near_poisson",2,"gene216",TRUE,2.442,22.52,472,10,2.252
"master","near_poisson",2,"gene216",TRUE,2.442,4.109,472,1.825,2.252
"mle","near_poisson",2,"gene216",TRUE,2.442,22030,472,9782,2.252
"master","near_poisson",2,"gene217",FALSE,1.417,3.354,281.1,3.115,1.077
"mle","near_poisson",2,"gene217",FALSE,1.417,51.46,281.1,47.79,1.077
"cap_10s","near_poisson",2,"gene217",FALSE,1.417,10.77,281.1,10,1.077
"cap_10s","near_poisson",2,"gene218",FALSE,2.192,17.7,592.4,10,1.77
"master","near_poisson",2,"gene218",FALSE,2.192,3.216,592.4,1.817,1.77
"mle","near_poisson",2,"gene218",FALSE,2.192,95.89,592.4,54.17,1.77
"master","near_poisson",2,"gene219",FALSE,1.927,4.971,100.5,2.695,1.845
"mle","near_poisson",2,"gene219",FALSE,1.927,54.71,100.5,29.66,1.845
"cap_10s","near_poisson",2,"gene219",FALSE,1.927,18.45,100.5,10,1.845
"mle","near_poisson",2,"gene22",TRUE,1.905,7292000,403.7,4214000,1.731
"master","near_poisson",2,"gene22",TRUE,1.905,5.384,403.7,3.111,1.731
"cap_10s","near_poisson",2,"gene22",TRUE,1.905,17.31,403.7,10,1.731
"mle","near_poisson",2,"gene220",TRUE,2.437,25340000,486,13620000,1.86
"cap_10s","near_poisson",2,"gene220",TRUE,2.437,18.6,486,10,1.86
"master","near_poisson",2,"gene220",TRUE,2.437,7.811,486,4.199,1.86
"mle","near_poisson",2,"gene221",FALSE,2.803,44.41,547.5,15.85,2.802
"cap_10s","near_poisson",2,"gene221",FALSE,2.803,28.02,547.5,10,2.802
"master","near_poisson",2,"gene221",FALSE,2.803,5.028,547.5,1.794,2.802
"cap_10s","near_poisson",2,"gene222",FALSE,2.423,24.93,126.6,10,2.493
"master","near_poisson",2,"gene222",FALSE,2.423,3.991,126.6,1.601,2.493
"mle","near_poisson",2,"gene222",FALSE,2.423,41.74,126.6,16.74,2.493
"master","near_poisson",2,"gene223",FALSE,2.872,5.068,151.8,1.84,2.755
"cap_10s","near_poisson",2,"gene223",FALSE,2.872,27.55,151.8,10,2.755
"mle","near_poisson",2,"gene223",FALSE,2.872,80.79,151.8,29.33,2.755
"cap_10s","near_poisson",2,"gene224",FALSE,1.58,14.42,779.1,10,1.442
"master","near_poisson",2,"gene224",FALSE,1.58,3.323,779.1,2.304,1.442
"mle","near_poisson",2,"gene224",FALSE,1.58,33.62,779.1,23.31,1.442
"cap_10s","near_poisson",2,"gene225",FALSE,4.327,38.88,165.5,10,3.888
"master","near_poisson",2,"gene225",FALSE,4.327,12.96,165.5,3.335,3.888
"mle","near_poisson",2,"gene225",FALSE,4.327,73.89,165.5,19.01,3.888
"cap_10s","near_poisson",2,"gene226",TRUE,2.262,23.08,261.4,10,2.308
"master","near_poisson",2,"gene226",TRUE,2.262,4.029,261.4,1.746,2.308
"mle","near_poisson",2,"gene226",TRUE,2.262,11570000,261.4,5014000,2.308
"cap_10s","near_poisson",2,"gene227",FALSE,1.78,17.23,240.7,10,1.723
"master","near_poisson",2,"gene227",FALSE,1.78,3.104,240.7,1.801,1.723
"mle","near_poisson",2,"gene227",FALSE,1.78,107.6,240.7,62.45,1.723
"cap_10s","near_poisson",2,"gene228",FALSE,2.078,21.72,699.6,10,2.172
"master","near_poisson",2,"gene228",FALSE,2.078,5.428,699.6,2.499,2.172
"mle","near_poisson",2,"gene228",FALSE,2.078,166.2,699.6,76.5,2.172
"cap_10s","near_poisson",2,"gene229",TRUE,1.15,11.32,102.2,10,1.132
"master","near_poisson",2,"gene229",TRUE,1.15,1.881,102.2,1.662,1.132
"mle","near_poisson",2,"gene229",TRUE,1.15,13890000,102.2,12280000,1.132
"master","near_poisson",2,"gene23",TRUE,1.835,3.079,81.21,1.95,1.579
"cap_10s","near_poisson",2,"gene23",TRUE,1.835,15.79,81.21,10,1.579
"mle","near_poisson",2,"gene23",TRUE,1.835,12670000,81.21,8024000,1.579
"cap_10s","near_poisson",2,"gene230",FALSE,4.758,46.46,292.4,10,4.646
"master","near_poisson",2,"gene230",FALSE,4.758,8.855,292.4,1.906,4.646
"mle","near_poisson",2,"gene230",FALSE,4.758,83.59,292.4,17.99,4.646
"mle","near_poisson",2,"gene231",FALSE,4.053,480,270.5,124.2,3.864
"cap_10s","near_poisson",2,"gene231",FALSE,4.053,38.64,270.5,10,3.864
"master","near_poisson",2,"gene231",FALSE,4.053,11.15,270.5,2.886,3.864
"master","near_poisson",2,"gene232",FALSE,2.337,4.79,354.5,1.972,2.429
"mle","near_poisson",2,"gene232",FALSE,2.337,33.08,354.5,13.62,2.429
"cap_10s","near_poisson",2,"gene232",FALSE,2.337,24.29,354.5,10,2.429
"master","near_poisson",2,"gene233",FALSE,2.662,7.095,81.66,3.02,2.349
"mle","near_poisson",2,"gene233",FALSE,2.662,93.35,81.66,39.73,2.349
"cap_10s","near_poisson",2,"gene233",FALSE,2.662,23.49,81.66,10,2.349
"master","near_poisson",2,"gene234",TRUE,1.725,3.004,416.2,1.74,1.726
"mle","near_poisson",2,"gene234",TRUE,1.725,6277000,416.2,3637000,1.726
"cap_10s","near_poisson",2,"gene234",TRUE,1.725,17.26,416.2,10,1.726
"master","near_poisson",2,"gene235",FALSE,3.947,7.104,960.5,1.75,4.059
"mle","near_poisson",2,"gene235",FALSE,3.947,49.91,960.5,12.3,4.059
"cap_10s","near_poisson",2,"gene235",FALSE,3.947,40.59,960.5,10,4.059
"master","near_poisson",2,"gene236",FALSE,2.957,4.649,203.2,1.57,2.961
"mle","near_poisson",2,"gene236",FALSE,2.957,145.3,203.2,49.08,2.961
"cap_10s","near_poisson",2,"gene236",FALSE,2.957,29.61,203.2,10,2.961
"master","near_poisson",2,"gene237",FALSE,2.067,3.741,107,1.818,2.058
"cap_10s","near_poisson",2,"gene237",FALSE,2.067,20.58,107,10,2.058
"mle","near_poisson",2,"gene237",FALSE,2.067,80.15,107,38.95,2.058
"master","near_poisson",2,"gene238",FALSE,1.113,1.949,380.9,1.814,1.074
"cap_10s","near_poisson",2,"gene238",FALSE,1.113,10.74,380.9,10,1.074
"mle","near_poisson",2,"gene238",FALSE,1.113,39.09,380.9,36.38,1.074
"cap_10s","near_poisson",2,"gene239",TRUE,4.312,37.71,253.2,10,3.771
"mle","near_poisson",2,"gene239",TRUE,4.312,18340000,253.2,4863000,3.771
"master","near_poisson",2,"gene239",TRUE,4.312,13.11,253.2,3.477,3.771
"cap_10s","near_poisson",2,"gene24",TRUE,4.373,38.8,575.4,10,3.88
"master","near_poisson",2,"gene24",TRUE,4.373,9.213,575.4,2.375,3.88
"mle","near_poisson",2,"gene24",TRUE,4.373,18740000,575.4,4830000,3.88
"mle","near_poisson",2,"gene240",FALSE,4.502,35.05,117.5,8.49,4.129
"master","near_poisson",2,"gene240",FALSE,4.502,10,117.5,2.422,4.129
"cap_10s","near_poisson",2,"gene240",FALSE,4.502,35.05,117.5,8.49,4.129
"master","near_poisson",2,"gene241",FALSE,1.072,1.826,126.3,1.629,1.121
"cap_10s","near_poisson",2,"gene241",FALSE,1.072,11.21,126.3,10,1.121
"mle","near_poisson",2,"gene241",FALSE,1.072,328.8,126.3,293.3,1.121
"master","near_poisson",2,"gene242",TRUE,1.085,2.163,55.91,2.204,0.9815
"cap_10s","near_poisson",2,"gene242",TRUE,1.085,9.815,55.91,10,0.9815
"mle","near_poisson",2,"gene242",TRUE,1.085,10430000,55.91,10630000,0.9815
"cap_10s","near_poisson",2,"gene243",TRUE,2.23,22.06,93.83,10,2.206
"mle","near_poisson",2,"gene243",TRUE,2.23,11170000,93.83,5064000,2.206
"master","near_poisson",2,"gene243",TRUE,2.23,4.477,93.83,2.03,2.206
"master","near_poisson",2,"gene244",FALSE,4.287,7.764,319.2,1.841,4.217
"mle","near_poisson",2,"gene244",FALSE,4.287,420.3,319.2,99.66,4.217
"cap_10s","near_poisson",2,"gene244",FALSE,4.287,42.17,319.2,10,4.217
"master","near_poisson",2,"gene245",FALSE,3.718,6.042,282.8,1.622,3.724
"mle","near_poisson",2,"gene245",FALSE,3.718,54.23,282.8,14.56,3.724
"cap_10s","near_poisson",2,"gene245",FALSE,3.718,37.24,282.8,10,3.724
"master","near_poisson",2,"gene246",TRUE,1.825,2.823,104.6,1.662,1.698
"mle","near_poisson",2,"gene246",TRUE,1.825,22290000,104.6,13130000,1.698
"cap_10s","near_poisson",2,"gene246",TRUE,1.825,16.98,104.6,10,1.698
"mle","near_poisson",2,"gene247",TRUE,1.457,29200000,162.7,24290000,1.202
"cap_10s","near_poisson",2,"gene247",TRUE,1.457,12.02,162.7,10,1.202
"master","near_poisson",2,"gene247",TRUE,1.457,4.05,162.7,3.369,1.202
"master","near_poisson",2,"gene248",TRUE,2.108,3.367,286.2,1.702,1.978
"mle","near_poisson",2,"gene248",TRUE,2.108,12580000,286.2,6359000,1.978
"cap_10s","near_poisson",2,"gene248",TRUE,2.108,19.78,286.2,10,1.978
"master","near_poisson",2,"gene249",FALSE,1.298,2.886,246.5,2.385,1.21
"mle","near_poisson",2,"gene249",FALSE,1.298,70.25,246.5,58.05,1.21
"cap_10s","near_poisson",2,"gene249",FALSE,1.298,12.1,246.5,10,1.21
"cap_10s","near_poisson",2,"gene25",TRUE,2.48,18.34,711.9,10,1.834
"master","near_poisson",2,"gene25",TRUE,2.48,11.91,711.9,6.494,1.834
"mle","near_poisson",2,"gene25",TRUE,2.48,8901000,711.9,4853000,1.834
"master","near_poisson",2,"gene250",TRUE,2.473,6.751,211.8,2.846,2.372
"mle","near_poisson",2,"gene250",TRUE,2.473,13440000,211.8,5668000,2.372
"cap_10s","near_poisson",2,"gene250",TRUE,2.473,23.72,211.8,10,2.372
"master","near_poisson",2,"gene251",TRUE,0.9867,1.888,56.39,2.066,0.9137
"mle","near_poisson",2,"gene251",TRUE,0.9867,8220000,56.39,8997000,0.9137
"cap_10s","near_poisson",2,"gene251",TRUE,0.9867,9.137,56.39,10,0.9137
"cap_10s","near_poisson",2,"gene252",TRUE,5.52,45.13,99.24,10,4.513
"master","near_poisson",2,"gene252",TRUE,5.52,16.79,99.24,3.722,4.513
"mle","near_poisson",2,"gene252",TRUE,5.52,34980000,99.24,7751000,4.513
"master","near_poisson",2,"gene253",FALSE,1.743,3.387,119,1.825,1.856
"mle","near_poisson",2,"gene253",FALSE,1.743,30.47,119,16.41,1.856
"cap_10s","near_poisson",2,"gene253",FALSE,1.743,18.56,119,10,1.856
"master","near_poisson",2,"gene254",TRUE,1.453,5.017,613.4,3.931,1.276
"mle","near_poisson",2,"gene254",TRUE,1.453,12090000,613.4,9470000,1.276
"cap_10s","near_poisson",2,"gene254",TRUE,1.453,12.76,613.4,10,1.276
"master","near_poisson",2,"gene255",FALSE,1.128,1.904,328,1.568,1.215
"mle","near_poisson",2,"gene255",FALSE,1.128,28.92,328,23.8,1.215
"cap_10s","near_poisson",2,"gene255",FALSE,1.128,12.15,328,10,1.215
"cap_10s","near_poisson",2,"gene256",FALSE,2.315,22.58,349.6,10,2.258
"mle","near_poisson",2,"gene256",FALSE,2.315,132.6,349.6,58.72,2.258
"master","near_poisson",2,"gene256",FALSE,2.315,6.746,349.6,2.988,2.258
"master","near_poisson",2,"gene257",TRUE,4.338,13.67,152,3.736,3.658
"mle","near_poisson",2,"gene257",TRUE,4.338,12970000,152,3547000,3.658
"cap_10s","near_poisson",2,"gene257",TRUE,4.338,36.58,152,10,3.658
"master","near_poisson",2,"gene258",FALSE,4.253,8.822,964.1,2.064,4.274
"mle","near_poisson",2,"gene258",FALSE,4.253,67.55,964.1,15.81,4.274
"cap_10s","near_poisson",2,"gene258",FALSE,4.253,42.74,964.1,10,4.274
"master","near_poisson",2,"gene259",TRUE,2.863,5.269,161.6,1.788,2.947
"mle","near_poisson",2,"gene259",TRUE,2.863,15810000,161.6,5363000,2.947
"cap_10s","near_poisson",2,"gene259",TRUE,2.863,29.47,161.6,10,2.947
"cap_10s","near_poisson",2,"gene26",TRUE,1.392,12.77,73.11,10,1.277
"master","near_poisson",2,"gene26",TRUE,1.392,2.744,73.11,2.149,1.277
"mle","near_poisson",2,"gene26",TRUE,1.392,7212000,73.11,5647000,1.277
"mle","near_poisson",2,"gene260",TRUE,1.048,11170000,62.05,12100000,0.9231
"cap_10s","near_poisson",2,"gene260",TRUE,1.048,9.231,62.05,10,0.9231
"master","near_poisson",2,"gene260",TRUE,1.048,1.751,62.05,1.896,0.9231
"master","near_poisson",2,"gene261",FALSE,3.277,5.489,458.2,1.668,3.29
"mle","near_poisson",2,"gene261",FALSE,3.277,51.3,458.2,15.59,3.29
"cap_10s","near_poisson",2,"gene261",FALSE,3.277,32.9,458.2,10,3.29
"mle","near_poisson",2,"gene262",FALSE,2.175,16.26,57.88,7.881,2.063
"cap_10s","near_poisson",2,"gene262",FALSE,2.175,16.26,57.88,7.881,2.063
"master","near_poisson",2,"gene262",FALSE,2.175,3.489,57.88,1.691,2.063
"mle","near_poisson",2,"gene263",TRUE,2.352,8566000,79.18,3921000,2.185
"cap_10s","near_poisson",2,"gene263",TRUE,2.352,21.85,79.18,10,2.185
"master","near_poisson",2,"gene263",TRUE,2.352,4.316,79.18,1.976,2.185
"mle","near_poisson",2,"gene264",FALSE,2.727,69.41,900.1,26.12,2.657
"cap_10s","near_poisson",2,"gene264",FALSE,2.727,26.57,900.1,10,2.657
"master","near_poisson",2,"gene264",FALSE,2.727,4.979,900.1,1.874,2.657
"master","near_poisson",2,"gene265",FALSE,1.575,4.102,85.42,2.809,1.461
"cap_10s","near_poisson",2,"gene265",FALSE,1.575,14.61,85.42,10,1.461
"mle","near_poisson",2,"gene265",FALSE,1.575,617.2,85.42,422.5,1.461
"master","near_poisson",2,"gene266",TRUE,1.627,3.705,366.5,2.57,1.442
"cap_10s","near_poisson",2,"gene266",TRUE,1.627,14.42,366.5,10,1.442
"mle","near_poisson",2,"gene266",TRUE,1.627,6369000,366.5,4417000,1.442
"master","near_poisson",2,"gene267",FALSE,1.123,2.785,81.02,2.859,0.974
"mle","near_poisson",2,"gene267",FALSE,1.123,56.12,81.02,57.62,0.974
"cap_10s","near_poisson",2,"gene267",FALSE,1.123,9.74,81.02,10,0.974
"master","near_poisson",2,"gene268",FALSE,1.265,4.454,317.2,4.225,1.054
"mle","near_poisson",2,"gene268",FALSE,1.265,456.4,317.2,433,1.054
"cap_10s","near_poisson",2,"gene268",FALSE,1.265,10.54,317.2,10,1.054
"mle","near_poisson",2,"gene269",TRUE,2.235,15300000,107,7012000,2.183
"cap_10s","near_poisson",2,"gene269",TRUE,2.235,21.83,107,10,2.183
"master","near_poisson",2,"gene269",TRUE,2.235,4.765,107,2.183,2.183
"cap_10s","near_poisson",2,"gene27",FALSE,2.492,19.44,59.44,10,1.944
"mle","near_poisson",2,"gene27",FALSE,2.492,120.4,59.44,61.9,1.944
"master","near_poisson",2,"gene27",FALSE,2.492,9.343,59.44,4.805,1.944
"cap_10s","near_poisson",2,"gene270",FALSE,5.707,47.96,444.1,10,4.796
"master","near_poisson",2,"gene270",FALSE,5.707,9.931,444.1,2.07,4.796
"mle","near_poisson",2,"gene270",FALSE,5.707,420.4,444.1,87.65,4.796
"master","near_poisson",2,"gene271",TRUE,3.542,7.818,295.7,2.233,3.501
"mle","near_poisson",2,"gene271",TRUE,3.542,14530000,295.7,4152000,3.501
"cap_10s","near_poisson",2,"gene271",TRUE,3.542,35.01,295.7,10,3.501
"master","near_poisson",2,"gene272",TRUE,1.4,2.493,687.5,1.922,1.297
"mle","near_poisson",2,"gene272",TRUE,1.4,9512000,687.5,7333000,1.297
"cap_10s","near_poisson",2,"gene272",TRUE,1.4,12.97,687.5,10,1.297
"mle","near_poisson",2,"gene273",FALSE,2.302,42.08,106.6,20.42,2.06
"master","near_poisson",2,"gene273",FALSE,2.302,5.578,106.6,2.707,2.06
"cap_10s","near_poisson",2,"gene273",FALSE,2.302,20.6,106.6,10,2.06
"mle","near_poisson",2,"gene274",TRUE,3.627,22610000,617.5,7072000,3.197
"master","near_poisson",2,"gene274",TRUE,3.627,8.495,617.5,2.657,3.197
"cap_10s","near_poisson",2,"gene274",TRUE,3.627,31.97,617.5,10,3.197
"master","near_poisson",2,"gene275",FALSE,1.633,3.127,270.6,1.935,1.616
"mle","near_poisson",2,"gene275",FALSE,1.633,175.3,270.6,108.5,1.616
"cap_10s","near_poisson",2,"gene275",FALSE,1.633,16.16,270.6,10,1.616
"master","near_poisson",2,"gene276",FALSE,1.265,2.432,66.56,2.067,1.177
"mle","near_poisson",2,"gene276",FALSE,1.265,441.5,66.56,375.2,1.177
"cap_10s","near_poisson",2,"gene276",FALSE,1.265,11.77,66.56,10,1.177
"master","near_poisson",2,"gene277",TRUE,1.945,4.087,156.3,2.143,1.907
"mle","near_poisson",2,"gene277",TRUE,1.945,14410000,156.3,7556000,1.907
"cap_10s","near_poisson",2,"gene277",TRUE,1.945,19.07,156.3,10,1.907
"master","near_poisson",2,"gene278",FALSE,3.127,7.231,533.1,2.322,3.114
"cap_10s","near_poisson",2,"gene278",FALSE,3.127,20.07,533.1,6.443,3.114
"mle","near_poisson",2,"gene278",FALSE,3.127,20.07,533.1,6.443,3.114
"cap_10s","near_poisson",2,"gene279",TRUE,2.818,27.82,653.6,10,2.782
"mle","near_poisson",2,"gene279",TRUE,2.818,9735000,653.6,3499000,2.782
"master","near_poisson",2,"gene279",TRUE,2.818,5.255,653.6,1.888,2.782
"cap_10s","near_poisson",2,"gene28",TRUE,1.848,16.91,163.4,10,1.691
"mle","near_poisson",2,"gene28",TRUE,1.848,9780000,163.4,5782000,1.691
"master","near_poisson",2,"gene28",TRUE,1.848,3.81,163.4,2.252,1.691
"mle","near_poisson",2,"gene280",TRUE,1.933,10540000,187.9,6005000,1.756
"master","near_poisson",2,"gene280",TRUE,1.933,2.922,187.9,1.664,1.756
"cap_10s","near_poisson",2,"gene280",TRUE,1.933,17.56,187.9,10,1.756
"mle","near_poisson",2,"gene281",TRUE,2.427,10030000,437.8,4352000,2.305
"master","near_poisson",2,"gene281",TRUE,2.427,5.451,437.8,2.365,2.305
"cap_10s","near_poisson",2,"gene281",TRUE,2.427,23.05,437.8,10,2.305
"master","near_poisson",2,"gene282",TRUE,1.973,3.255,115,1.859,1.751
"cap_10s","near_poisson",2,"gene282",TRUE,1.973,17.51,115,10,1.751
"mle","near_poisson",2,"gene282",TRUE,1.973,8284000,115,4732000,1.751
"cap_10s","near_poisson",2,"gene283",TRUE,1.195,11.83,680.3,10,1.183
"mle","near_poisson",2,"gene283",TRUE,1.195,13050000,680.3,11030000,1.183
"master","near_poisson",2,"gene283",TRUE,1.195,3.109,680.3,2.628,1.183
"master","near_poisson",2,"gene284",TRUE,2.053,5.825,302.2,3.344,1.742
"mle","near_poisson",2,"gene284",TRUE,2.053,9099000,302.2,5224000,1.742
"cap_10s","near_poisson",2,"gene284",TRUE,2.053,17.42,302.2,10,1.742
"master","near_poisson",2,"gene285",TRUE,3.575,12.32,856.2,4.088,3.014
"mle","near_poisson",2,"gene285",TRUE,3.575,10490000,856.2,3479000,3.014
"cap_10s","near_poisson",2,"gene285",TRUE,3.575,30.14,856.2,10,3.014
"master","near_poisson",2,"gene286",TRUE,5.397,12.54,354.4,2.776,4.519
"mle","near_poisson",2,"gene286",TRUE,5.397,11060000,354.4,2449000,4.519
"cap_10s","near_poisson",2,"gene286",TRUE,5.397,45.19,354.4,10,4.519
"mle","near_poisson",2,"gene287",FALSE,3.453,56.41,174.1,16.06,3.512
"cap_10s","near_poisson",2,"gene287",FALSE,3.453,35.12,174.1,10,3.512
"master","near_poisson",2,"gene287",FALSE,3.453,6.453,174.1,1.837,3.512
"master","near_poisson",2,"gene288",TRUE,1.543,5.082,189.3,3.739,1.359
"mle","near_poisson",2,"gene288",TRUE,1.543,16320000,189.3,12010000,1.359
"cap_10s","near_poisson",2,"gene288",TRUE,1.543,13.59,189.3,10,1.359
"master","near_poisson",2,"gene289",TRUE,3.605,7.804,88.12,2.4,3.251
"mle","near_poisson",2,"gene289",TRUE,3.605,13040000,88.12,4011000,3.251
"cap_10s","near_poisson",2,"gene289",TRUE,3.605,32.51,88.12,10,3.251
"cap_10s","near_poisson",2,"gene29",TRUE,2.485,23.29,376.9,10,2.329
"master","near_poisson",2,"gene29",TRUE,2.485,4.9,376.9,2.104,2.329
"mle","near_poisson",2,"gene29",TRUE,2.485,17270000,376.9,7415000,2.329
"master","near_poisson",2,"gene290",FALSE,1.415,2.702,50.31,1.781,1.517
"mle","near_poisson",2,"gene290",FALSE,1.415,43.12,50.31,28.43,1.517
"cap_10s","near_poisson",2,"gene290",FALSE,1.415,15.17,50.31,10,1.517
"master","near_poisson",2,"gene291",FALSE,2.51,4.889,92.75,1.846,2.648
"mle","near_poisson",2,"gene291",FALSE,2.51,61.33,92.75,23.16,2.648
"cap_10s","near_poisson",2,"gene291",FALSE,2.51,26.48,92.75,10,2.648
"cap_10s","near_poisson",2,"gene292",FALSE,1.862,19.07,267.8,10,1.907
"master","near_poisson",2,"gene292",FALSE,1.862,5.323,267.8,2.791,1.907
"mle","near_poisson",2,"gene292",FALSE,1.862,332,267.8,174.1,1.907
"master","near_poisson",2,"gene293",FALSE,1.97,3.885,830.2,1.994,1.948
"mle","near_poisson",2,"gene293",FALSE,1.97,56.45,830.2,28.97,1.948
"cap_10s","near_poisson",2,"gene293",FALSE,1.97,19.48,830.2,10,1.948
"master","near_poisson",2,"gene294",FALSE,1.702,4.163,66.09,2.813,1.48
"mle","near_poisson",2,"gene294",FALSE,1.702,29.59,66.09,20,1.48
"cap_10s","near_poisson",2,"gene294",FALSE,1.702,14.8,66.09,10,1.48
"master","near_poisson",2,"gene295",FALSE,1.108,2.113,367.4,2.073,1.019
"mle","near_poisson",2,"gene295",FALSE,1.108,23.71,367.4,23.27,1.019
"cap_10s","near_poisson",2,"gene295",FALSE,1.108,10.19,367.4,10,1.019
"cap_10s","near_poisson",2,"gene296",FALSE,3.847,32.94,84.6,8.56,3.848
"mle","near_poisson",2,"gene296",FALSE,3.847,32.94,84.6,8.56,3.848
"master","near_poisson",2,"gene296",FALSE,3.847,8.922,84.6,2.319,3.848
"master","near_poisson",2,"gene297",TRUE,3.95,6.723,809.4,1.745,3.853
"mle","near_poisson",2,"gene297",TRUE,3.95,19810000,809.4,5142000,3.853
"cap_10s","near_poisson",2,"gene297",TRUE,3.95,38.53,809.4,10,3.853
"master","near_poisson",2,"gene298",TRUE,3.137,6.671,203.2,2.237,2.982
"mle","near_poisson",2,"gene298",TRUE,3.137,9748000,203.2,3269000,2.982
"cap_10s","near_poisson",2,"gene298",TRUE,3.137,29.82,203.2,10,2.982
"master","near_poisson",2,"gene299",FALSE,2.922,6.067,421,2.036,2.979
"mle","near_poisson",2,"gene299",FALSE,2.922,50.79,421,17.05,2.979
"cap_10s","near_poisson",2,"gene299",FALSE,2.922,29.79,421,10,2.979
"cap_10s","near_poisson",2,"gene3",TRUE,2.337,14.71,78.73,10,1.471
"master","near_poisson",2,"gene3",TRUE,2.337,2.472,78.73,1.681,1.471
"mle","near_poisson",2,"gene3",TRUE,2.337,8177000,78.73,5560000,1.471
"cap_10s","near_poisson",2,"gene30",TRUE,2.958,24.66,647.9,10,2.466
"master","near_poisson",2,"gene30",TRUE,2.958,4.124,647.9,1.672,2.466
"mle","near_poisson",2,"gene30",TRUE,2.958,11440000,647.9,4638000,2.466
"mle","near_poisson",2,"gene300",FALSE,4.64,325.5,779.5,79.81,4.079
"cap_10s","near_poisson",2,"gene300",FALSE,4.64,40.79,779.5,10,4.079
"master","near_poisson",2,"gene300",FALSE,4.64,15.09,779.5,3.7,4.079
"master","near_poisson",2,"gene31",FALSE,2,4.688,661.7,2.254,2.08
"mle","near_poisson",2,"gene31",FALSE,2,12.14,661.7,5.836,2.08
"cap_10s","near_poisson",2,"gene31",FALSE,2,12.14,661.7,5.836,2.08
"mle","near_poisson",2,"gene32",TRUE,4.58,16180000,193.6,3437000,4.707
"cap_10s","near_poisson",2,"gene32",TRUE,4.58,47.07,193.6,10,4.707
"master","near_poisson",2,"gene32",TRUE,4.58,8.041,193.6,1.708,4.707
"cap_10s","near_poisson",2,"gene33",TRUE,3.033,29.79,134.3,10,2.979
"master","near_poisson",2,"gene33",TRUE,3.033,8.349,134.3,2.803,2.979
"mle","near_poisson",2,"gene33",TRUE,3.033,9205000,134.3,3090000,2.979
"cap_10s","near_poisson",2,"gene34",FALSE,1.268,13.07,307.7,10,1.307
"master","near_poisson",2,"gene34",FALSE,1.268,2.456,307.7,1.879,1.307
"mle","near_poisson",2,"gene34",FALSE,1.268,37.28,307.7,28.52,1.307
"master","near_poisson",2,"gene35",FALSE,3.362,7.621,512.2,2.326,3.276
"cap_10s","near_poisson",2,"gene35",FALSE,3.362,32.76,512.2,10,3.276
"mle","near_poisson",2,"gene35",FALSE,3.362,89.83,512.2,27.42,3.276
"master","near_poisson",2,"gene36",FALSE,2.647,5.143,405.7,1.94,2.651
"cap_10s","near_poisson",2,"gene36",FALSE,2.647,26.51,405.7,10,2.651
"mle","near_poisson",2,"gene36",FALSE,2.647,44.77,405.7,16.89,2.651
"mle","near_poisson",2,"gene37",TRUE,1.823,12290000,455.6,7335000,1.675
"cap_10s","near_poisson",2,"gene37",TRUE,1.823,16.75,455.6,10,1.675
"master","near_poisson",2,"gene37",TRUE,1.823,3.077,455.6,1.837,1.675
"mle","near_poisson",2,"gene38",TRUE,2.585,15200000,211.9,5720000,2.657
"cap_10s","near_poisson",2,"gene38",TRUE,2.585,26.57,211.9,10,2.657
"master","near_poisson",2,"gene38",TRUE,2.585,4.955,211.9,1.865,2.657
"mle","near_poisson",2,"gene39",FALSE,3.02,50.95,307.9,16.71,3.049
"cap_10s","near_poisson",2,"gene39",FALSE,3.02,30.49,307.9,10,3.049
"master","near_poisson",2,"gene39",FALSE,3.02,7.304,307.9,2.396,3.049
"cap_10s","near_poisson",2,"gene4",FALSE,2.523,15.3,217.5,10,1.53
"master","near_poisson",2,"gene4",FALSE,2.523,2.765,217.5,1.807,1.53
"mle","near_poisson",2,"gene4",FALSE,2.523,43.5,217.5,28.43,1.53
"cap_10s","near_poisson",2,"gene40",TRUE,5.935,53.79,108.1,10,5.379
"master","near_poisson",2,"gene40",TRUE,5.935,9.956,108.1,1.851,5.379
"mle","near_poisson",2,"gene40",TRUE,5.935,13960000,108.1,2596000,5.379
"mle","near_poisson",2,"gene41",TRUE,3.177,14060000,63.75,4851000,2.897
"cap_10s","near_poisson",2,"gene41",TRUE,3.177,28.97,63.75,10,2.897
"master","near_poisson",2,"gene41",TRUE,3.177,7.658,63.75,2.643,2.897
"cap_10s","near_poisson",2,"gene42",TRUE,2.877,26.38,356.5,10,2.638
"master","near_poisson",2,"gene42",TRUE,2.877,6.93,356.5,2.627,2.638
"mle","near_poisson",2,"gene42",TRUE,2.877,7193000,356.5,2727000,2.638
"cap_10s","near_poisson",2,"gene43",TRUE,2.813,26.74,263.2,10,2.674
"master","near_poisson",2,"gene43",TRUE,2.813,4.479,263.2,1.675,2.674
"mle","near_poisson",2,"gene43",TRUE,2.813,21900000,263.2,8191000,2.674
"cap_10s","near_poisson",2,"gene44",TRUE,4.367,39.32,71.64,10,3.932
"master","near_poisson",2,"gene44",TRUE,4.367,6.432,71.64,1.636,3.932
"mle","near_poisson",2,"gene44",TRUE,4.367,17490000,71.64,4448000,3.932
"mle","near_poisson",2,"gene45",FALSE,1.953,34.33,142.6,17.79,1.929
"master","near_poisson",2,"gene45",FALSE,1.953,3.45,142.6,1.788,1.929
"cap_10s","near_poisson",2,"gene45",FALSE,1.953,19.29,142.6,10,1.929
"cap_10s","near_poisson",2,"gene46",TRUE,4.567,44.94,562.8,10,4.494
"master","near_poisson",2,"gene46",TRUE,4.567,11.08,562.8,2.466,4.494
"mle","near_poisson",2,"gene46",TRUE,4.567,11250000,562.8,2503000,4.494
"cap_10s","near_poisson",2,"gene47",FALSE,1.465,13.97,129.3,10,1.397
"master","near_poisson",2,"gene47",FALSE,1.465,2.626,129.3,1.88,1.397
"mle","near_poisson",2,"gene47",FALSE,1.465,52.77,129.3,37.77,1.397
"cap_10s","near_poisson",2,"gene48",FALSE,2.107,20.1,407.3,10,2.01
"master","near_poisson",2,"gene48",FALSE,2.107,4.977,407.3,2.476,2.01
"mle","near_poisson",2,"gene48",FALSE,2.107,69.87,407.3,34.77,2.01
"master","near_poisson",2,"gene49",TRUE,5.107,8.539,685.4,1.753,4.87
"mle","near_poisson",2,"gene49",TRUE,5.107,8918000,685.4,1831000,4.87
"cap_10s","near_poisson",2,"gene49",TRUE,5.107,48.7,685.4,10,4.87
"mle","near_poisson",2,"gene5",TRUE,5.442,11570000,75.02,3463000,3.341
"master","near_poisson",2,"gene5",TRUE,5.442,5.946,75.02,1.78,3.341
"cap_10s","near_poisson",2,"gene5",TRUE,5.442,33.41,75.02,10,3.341
"cap_10s","near_poisson",2,"gene50",FALSE,1.123,11.64,400,10,1.164
"master","near_poisson",2,"gene50",FALSE,1.123,2.025,400,1.74,1.164
"mle","near_poisson",2,"gene50",FALSE,1.123,38.7,400,33.25,1.164
"cap_10s","near_poisson",2,"gene51",FALSE,1.622,14.93,593.4,10,1.493
"master","near_poisson",2,"gene51",FALSE,1.622,2.348,593.4,1.573,1.493
"mle","near_poisson",2,"gene51",FALSE,1.622,45.81,593.4,30.68,1.493
"cap_10s","near_poisson",2,"gene52",FALSE,1.443,14.24,216.1,10,1.424
"master","near_poisson",2,"gene52",FALSE,1.443,3.388,216.1,2.379,1.424
"mle","near_poisson",2,"gene52",FALSE,1.443,72.93,216.1,51.2,1.424
"cap_10s","near_poisson",2,"gene53",TRUE,4.238,35.12,86,10,3.512
"master","near_poisson",2,"gene53",TRUE,4.238,9.48,86,2.699,3.512
"mle","near_poisson",2,"gene53",TRUE,4.238,19930000,86,5674000,3.512
"mle","near_poisson",2,"gene54",FALSE,5.102,227.4,58.59,50.26,4.524
"cap_10s","near_poisson",2,"gene54",FALSE,5.102,45.24,58.59,10,4.524
"master","near_poisson",2,"gene54",FALSE,5.102,20.15,58.59,4.455,4.524
"cap_10s","near_poisson",2,"gene55",TRUE,1.42,12.68,217.2,10,1.268
"master","near_poisson",2,"gene55",TRUE,1.42,2.357,217.2,1.858,1.268
"mle","near_poisson",2,"gene55",TRUE,1.42,8985000,217.2,7085000,1.268
"cap_10s","near_poisson",2,"gene56",FALSE,2.925,25.32,282.7,10,2.532
"master","near_poisson",2,"gene56",FALSE,2.925,7.148,282.7,2.823,2.532
"mle","near_poisson",2,"gene56",FALSE,2.925,30.42,282.7,12.01,2.532
"cap_10s","near_poisson",2,"gene57",FALSE,1.412,14.05,77.77,10,1.405
"master","near_poisson",2,"gene57",FALSE,1.412,2.893,77.77,2.059,1.405
"mle","near_poisson",2,"gene57",FALSE,1.412,39.02,77.77,27.78,1.405
"mle","near_poisson",2,"gene58",FALSE,1.92,84.13,50.4,49.06,1.715
"master","near_poisson",2,"gene58",FALSE,1.92,2.723,50.4,1.588,1.715
"cap_10s","near_poisson",2,"gene58",FALSE,1.92,17.15,50.4,10,1.715
"master","near_poisson",2,"gene59",TRUE,3.51,5.713,956,1.623,3.52
"cap_10s","near_poisson",2,"gene59",TRUE,3.51,35.2,956,10,3.52
"mle","near_poisson",2,"gene59",TRUE,3.51,13910000,956,3953000,3.52
"cap_10s","near_poisson",2,"gene6",FALSE,2.298,11.76,110.7,10,1.176
"master","near_poisson",2,"gene6",FALSE,2.298,3.623,110.7,3.081,1.176
"mle","near_poisson",2,"gene6",FALSE,2.298,37.66,110.7,32.02,1.176
"master","near_poisson",2,"gene60",FALSE,1.262,3.675,191.4,3.575,1.028
"cap_10s","near_poisson",2,"gene60",FALSE,1.262,10.28,191.4,10,1.028
"mle","near_poisson",2,"gene60",FALSE,1.262,222.2,191.4,216.2,1.028
"cap_10s","near_poisson",2,"gene61",TRUE,0.9633,9.08,469.5,10,0.908
"mle","near_poisson",2,"gene61",TRUE,0.9633,9714000,469.5,10700000,0.908
"master","near_poisson",2,"gene61",TRUE,0.9633,1.504,469.5,1.657,0.908
"mle","near_poisson",2,"gene62",FALSE,4.173,39.95,874.9,9.692,4.122
"master","near_poisson",2,"gene62",FALSE,4.173,7.528,874.9,1.826,4.122
"cap_10s","near_poisson",2,"gene62",FALSE,4.173,39.95,874.9,9.692,4.122
"master","near_poisson",2,"gene63",TRUE,1.262,2.215,62.22,1.809,1.224
"cap_10s","near_poisson",2,"gene63",TRUE,1.262,12.24,62.22,10,1.224
"mle","near_poisson",2,"gene63",TRUE,1.262,16280000,62.22,13300000,1.224
"master","near_poisson",2,"gene64",TRUE,1.853,3.325,238.7,1.885,1.764
"cap_10s","near_poisson",2,"gene64",TRUE,1.853,17.64,238.7,10,1.764
"mle","near_poisson",2,"gene64",TRUE,1.853,8430000,238.7,4779000,1.764
"cap_10s","near_poisson",2,"gene65",FALSE,3.83,35.99,120.3,10,3.599
"master","near_poisson",2,"gene65",FALSE,3.83,9.156,120.3,2.544,3.599
"mle","near_poisson",2,"gene65",FALSE,3.83,682.6,120.3,189.7,3.599
"cap_10s","near_poisson",2,"gene66",TRUE,3.008,25.64,252.7,10,2.564
"master","near_poisson",2,"gene66",TRUE,3.008,15.12,252.7,5.896,2.564
"mle","near_poisson",2,"gene66",TRUE,3.008,15280000,252.7,5960000,2.564
"cap_10s","near_poisson",2,"gene67",FALSE,1.618,17.28,309.5,10,1.728
"master","near_poisson",2,"gene67",FALSE,1.618,3.215,309.5,1.861,1.728
"mle","near_poisson",2,"gene67",FALSE,1.618,73.4,309.5,42.48,1.728
"cap_10s","near_poisson",2,"gene68",TRUE,2.858,27.82,423.4,10,2.782
"master","near_poisson",2,"gene68",TRUE,2.858,4.358,423.4,1.566,2.782
"mle","near_poisson",2,"gene68",TRUE,2.858,18200000,423.4,6541000,2.782
"cap_10s","near_poisson",2,"gene69",TRUE,1.513,15.43,704.7,10,1.543
"master","near_poisson",2,"gene69",TRUE,1.513,2.658,704.7,1.723,1.543
"mle","near_poisson",2,"gene69",TRUE,1.513,6129000,704.7,3972000,1.543
"cap_10s","near_poisson",2,"gene7",TRUE,1.545,9.667,518.3,10,0.9667
"master","near_poisson",2,"gene7",TRUE,1.545,1.898,518.3,1.964,0.9667
"mle","near_poisson",2,"gene7",TRUE,1.545,6478000,518.3,6701000,0.9667
"mle","near_poisson",2,"gene70",FALSE,1.492,55.65,81.61,40.17,1.385
"cap_10s","near_poisson",2,"gene70",FALSE,1.492,13.85,81.61,10,1.385
"master","near_poisson",2,"gene70",FALSE,1.492,3.36,81.61,2.425,1.385
"master","near_poisson",2,"gene71",FALSE,4.81,11.17,794.3,2.209,5.054
"mle","near_poisson",2,"gene71",FALSE,4.81,36.69,794.3,7.259,5.054
"cap_10s","near_poisson",2,"gene71",FALSE,4.81,36.69,794.3,7.259,5.054
"master","near_poisson",2,"gene72",FALSE,3.923,9.24,97.51,2.425,3.811
"mle","near_poisson",2,"gene72",FALSE,3.923,212.7,97.51,55.82,3.811
"cap_10s","near_poisson",2,"gene72",FALSE,3.923,38.11,97.51,10,3.811
"master","near_poisson",2,"gene73",TRUE,1.035,2.105,366.3,1.885,1.117
"mle","near_poisson",2,"gene73",TRUE,1.035,8336000,366.3,7465000,1.117
"cap_10s","near_poisson",2,"gene73",TRUE,1.035,11.17,366.3,10,1.117
"master","near_poisson",2,"gene74",FALSE,2.102,3.738,545.5,1.74,2.149
"mle","near_poisson",2,"gene74",FALSE,2.102,30.48,545.5,14.19,2.149
"cap_10s","near_poisson",2,"gene74",FALSE,2.102,21.49,545.5,10,2.149
"master","near_poisson",2,"gene75",TRUE,1.303,2.766,667.6,2.017,1.371
"mle","near_poisson",2,"gene75",TRUE,1.303,38740000,667.6,28250000,1.371
"cap_10s","near_poisson",2,"gene75",TRUE,1.303,13.71,667.6,10,1.371
"master","near_poisson",2,"gene76",FALSE,2.375,4.766,67.81,2.073,2.3
"mle","near_poisson",2,"gene76",FALSE,2.375,67.95,67.81,29.55,2.3
"cap_10s","near_poisson",2,"gene76",FALSE,2.375,23,67.81,10,2.3
"master","near_poisson",2,"gene77",FALSE,2.448,6.042,536.2,2.559,2.362
"mle","near_poisson",2,"gene77",FALSE,2.448,176.5,536.2,74.75,2.362
"cap_10s","near_poisson",2,"gene77",FALSE,2.448,23.62,536.2,10,2.362
"master","near_poisson",2,"gene78",TRUE,2.41,4.642,433.4,1.913,2.426
"cap_10s","near_poisson",2,"gene78",TRUE,2.41,24.26,433.4,10,2.426
"mle","near_poisson",2,"gene78",TRUE,2.41,6995000,433.4,2883000,2.426
"master","near_poisson",2,"gene79",FALSE,1.912,3.659,824.9,2.034,1.799
"mle","near_poisson",2,"gene79",FALSE,1.912,37.25,824.9,20.71,1.799
"cap_10s","near_poisson",2,"gene79",FALSE,1.912,17.99,824.9,10,1.799
"cap_10s","near_poisson",2,"gene8",FALSE,4.788,22.51,208.5,8.069,2.79
"master","near_poisson",2,"gene8",FALSE,4.788,8.184,208.5,2.933,2.79
"mle","near_poisson",2,"gene8",FALSE,4.788,22.51,208.5,8.069,2.79
"mle","near_poisson",2,"gene80",FALSE,1.992,27.71,205.9,13.78,2.011
"cap_10s","near_poisson",2,"gene80",FALSE,1.992,20.11,205.9,10,2.011
"master","near_poisson",2,"gene80",FALSE,1.992,3.962,205.9,1.97,2.011
"mle","near_poisson",2,"gene81",FALSE,3.702,165.4,271.2,53.9,3.068
"cap_10s","near_poisson",2,"gene81",FALSE,3.702,30.68,271.2,10,3.068
"master","near_poisson",2,"gene81",FALSE,3.702,8.824,271.2,2.876,3.068
"cap_10s","near_poisson",2,"gene82",TRUE,3.493,33.62,948,10,3.362
"master","near_poisson",2,"gene82",TRUE,3.493,7.51,948,2.234,3.362
"mle","near_poisson",2,"gene82",TRUE,3.493,7459000,948,2219000,3.362
"master","near_poisson",2,"gene83",FALSE,2.082,4.187,145,2.05,2.042
"mle","near_poisson",2,"gene83",FALSE,2.082,87.36,145,42.77,2.042
"cap_10s","near_poisson",2,"gene83",FALSE,2.082,20.42,145,10,2.042
"cap_10s","near_poisson",2,"gene84",FALSE,2.715,27.55,359.1,10,2.755
"master","near_poisson",2,"gene84",FALSE,2.715,4.441,359.1,1.612,2.755
"mle","near_poisson",2,"gene84",FALSE,2.715,38.16,359.1,13.85,2.755
"master","near_poisson",2,"gene85",FALSE,2.18,4.361,145.6,2.027,2.151
"mle","near_poisson",2,"gene85",FALSE,2.18,33.17,145.6,15.42,2.151
"cap_10s","near_poisson",2,"gene85",FALSE,2.18,21.51,145.6,10,2.151
"mle","near_poisson",2,"gene86",FALSE,1.333,43.61,67.37,32.67,1.335
"master","near_poisson",2,"gene86",FALSE,1.333,2.494,67.37,1.868,1.335
"cap_10s","near_poisson",2,"gene86",FALSE,1.333,13.35,67.37,10,1.335
"master","near_poisson",2,"gene87",TRUE,5.467,9.234,149.3,2.433,3.796
"mle","near_poisson",2,"gene87",TRUE,5.467,30370000,149.3,8002000,3.796
"cap_10s","near_poisson",2,"gene87",TRUE,5.467,37.96,149.3,10,3.796
"master","near_poisson",2,"gene88",TRUE,2.532,7.153,251.9,2.988,2.394
"cap_10s","near_poisson",2,"gene88",TRUE,2.532,23.94,251.9,10,2.394
"mle","near_poisson",2,"gene88",TRUE,2.532,29770000,251.9,12440000,2.394
"master","near_poisson",2,"gene89",TRUE,1.128,4.587,77.07,5.317,0.8627
"mle","near_poisson",2,"gene89",TRUE,1.128,7518000,77.07,8714000,0.8627
"cap_10s","near_poisson",2,"gene89",TRUE,1.128,8.627,77.07,10,0.8627
"master","near_poisson",2,"gene9",TRUE,2.087,2.888,289.5,2.322,1.244
"mle","near_poisson",2,"gene9",TRUE,2.087,10040000,289.5,8069000,1.244
"cap_10s","near_poisson",2,"gene9",TRUE,2.087,12.44,289.5,10,1.244
"master","near_poisson",2,"gene90",TRUE,2.317,5.321,178.3,2.565,2.074
"cap_10s","near_poisson",2,"gene90",TRUE,2.317,20.74,178.3,10,2.074
"mle","near_poisson",2,"gene90",TRUE,2.317,14310000,178.3,6899000,2.074
"cap_10s","near_poisson",2,"gene91",FALSE,2.667,25.32,59.44,10,2.532
"master","near_poisson",2,"gene91",FALSE,2.667,4.361,59.44,1.722,2.532
"mle","near_poisson",2,"gene91",FALSE,2.667,34.16,59.44,13.49,2.532
"master","near_poisson",2,"gene92",TRUE,2.127,6.502,126.9,3.382,1.923
"cap_10s","near_poisson",2,"gene92",TRUE,2.127,19.23,126.9,10,1.923
"mle","near_poisson",2,"gene92",TRUE,2.127,10420000,126.9,5421000,1.923
"cap_10s","near_poisson",2,"gene93",TRUE,1.703,15.66,417.4,10,1.566
"master","near_poisson",2,"gene93",TRUE,1.703,3.403,417.4,2.174,1.566
"mle","near_poisson",2,"gene93",TRUE,1.703,25480000,417.4,16270000,1.566
"cap_10s","near_poisson",2,"gene94",FALSE,2.263,17.7,816.7,10,1.77
"mle","near_poisson",2,"gene94",FALSE,2.263,47.63,816.7,26.91,1.77
"master","near_poisson",2,"gene94",FALSE,2.263,9.989,816.7,5.643,1.77
"cap_10s","near_poisson",2,"gene95",FALSE,4.585,29.92,229.5,7.669,3.901
"master","near_poisson",2,"gene95",FALSE,4.585,12.35,229.5,3.167,3.901
"mle","near_poisson",2,"gene95",FALSE,4.585,29.92,229.5,7.669,3.901
"master","near_poisson",2,"gene96",TRUE,1.56,2.447,185.7,1.599,1.531
"mle","near_poisson",2,"gene96",TRUE,1.56,9467000,185.7,6184000,1.531
"cap_10s","near_poisson",2,"gene96",TRUE,1.56,15.31,185.7,10,1.531
"cap_10s","near_poisson",2,"gene97",TRUE,2.26,20.49,507.4,10,2.049
"master","near_poisson",2,"gene97",TRUE,2.26,4.591,507.4,2.241,2.049
"mle","near_poisson",2,"gene97",TRUE,2.26,9628000,507.4,4700000,2.049
"master","near_poisson",2,"gene98",FALSE,1.737,4.066,95.79,2.291,1.774
"mle","near_poisson",2,"gene98",FALSE,1.737,23.54,95.79,13.27,1.774
"cap_10s","near_poisson",2,"gene98",FALSE,1.737,17.74,95.79,10,1.774
"mle","near_poisson",2,"gene99",FALSE,2.557,55.85,183.5,22.71,2.459
"cap_10s","near_poisson",2,"gene99",FALSE,2.557,24.59,183.5,10,2.459
"master","near_poisson",2,"gene99",FALSE,2.557,7.065,183.5,2.872,2.459
"mle","near_poisson",3,"gene1",TRUE,7.818,14360000,527.8,3514000,4.086
"cap_10s","near_poisson",3,"gene1",TRUE,7.818,40.86,527.8,10,4.086
"master","near_poisson",3,"gene1",TRUE,7.818,23.68,527.8,5.796,4.086
"cap_10s","near_poisson",3,"gene10",TRUE,5.575,34.91,277.9,10,3.491
"master","near_poisson",3,"gene10",TRUE,5.575,8.381,277.9,2.401,3.491
"mle","near_poisson",3,"gene10",TRUE,5.575,7482000,277.9,2143000,3.491
"mle","near_poisson",3,"gene100",TRUE,2.628,7271000,55.66,2823000,2.575
"cap_10s","near_poisson",3,"gene100",TRUE,2.628,25.75,55.66,10,2.575
"master","near_poisson",3,"gene100",TRUE,2.628,4.669,55.66,1.813,2.575
"cap_10s","near_poisson",3,"gene101",TRUE,1.613,14.32,393.6,10,1.432
"master","near_poisson",3,"gene101",TRUE,1.613,3.208,393.6,2.24,1.432
"mle","near_poisson",3,"gene101",TRUE,1.613,22030,393.6,15380,1.432
"master","near_poisson",3,"gene102",FALSE,1.6,4.842,105.6,3.337,1.451
"cap_10s","near_poisson",3,"gene102",FALSE,1.6,14.51,105.6,10,1.451
"mle","near_poisson",3,"gene102",FALSE,1.6,354.2,105.6,244.1,1.451
"cap_10s","near_poisson",3,"gene103",FALSE,2.803,27.41,97.38,10,2.741
"master","near_poisson",3,"gene103",FALSE,2.803,5.968,97.38,2.177,2.741
"mle","near_poisson",3,"gene103",FALSE,2.803,57.43,97.38,20.95,2.741
"cap_10s","near_poisson",3,"gene104",FALSE,2.465,21.39,849.3,10,2.139
"master","near_poisson",3,"gene104",FALSE,2.465,7.352,849.3,3.437,2.139
"mle","near_poisson",3,"gene104",FALSE,2.465,68.89,849.3,32.21,2.139
"cap_10s","near_poisson",3,"gene105",TRUE,1.307,12.55,247.2,10,1.255
"master","near_poisson",3,"gene105",TRUE,1.307,2.565,247.2,2.044,1.255
"mle","near_poisson",3,"gene105",TRUE,1.307,9856000,247.2,7854000,1.255
"cap_10s","near_poisson",3,"gene106",FALSE,2.447,22.83,722.4,10,2.283
"master","near_poisson",3,"gene106",FALSE,2.447,5.061,722.4,2.217,2.283
"mle","near_poisson",3,"gene106",FALSE,2.447,44.18,722.4,19.35,2.283
"cap_10s","near_poisson",3,"gene107",TRUE,1.837,16.63,759,10,1.663
"master","near_poisson",3,"gene107",TRUE,1.837,4.863,759,2.924,1.663
"mle","near_poisson",3,"gene107",TRUE,1.837,19540000,759,11750000,1.663
"cap_10s","near_poisson",3,"gene108",FALSE,1.86,17.98,259.2,10,1.798
"master","near_poisson",3,"gene108",FALSE,1.86,5.234,259.2,2.911,1.798
"mle","near_poisson",3,"gene108",FALSE,1.86,22.57,259.2,12.56,1.798
"cap_10s","near_poisson",3,"gene109",FALSE,2.898,27.89,403.8,10,2.789
"master","near_poisson",3,"gene109",FALSE,2.898,6.581,403.8,2.359,2.789
"mle","near_poisson",3,"gene109",FALSE,2.898,47.45,403.8,17.01,2.789
"cap_10s","near_poisson",3,"gene11",TRUE,5.25,31.81,727.8,10,3.181
"master","near_poisson",3,"gene11",TRUE,5.25,7.017,727.8,2.206,3.181
"mle","near_poisson",3,"gene11",TRUE,5.25,17670000,727.8,5555000,3.181
"mle","near_poisson",3,"gene110",TRUE,2.687,12800000,211.2,5194000,2.465
"cap_10s","near_poisson",3,"gene110",TRUE,2.687,24.65,211.2,10,2.465
"master","near_poisson",3,"gene110",TRUE,2.687,5.656,211.2,2.295,2.465
"master","near_poisson",3,"gene111",TRUE,1.868,4.292,689.8,2.524,1.701
"mle","near_poisson",3,"gene111",TRUE,1.868,14250000,689.8,8379000,1.701
"cap_10s","near_poisson",3,"gene111",TRUE,1.868,17.01,689.8,10,1.701
"master","near_poisson",3,"gene112",TRUE,2.472,9.407,99.97,4.123,2.281
"mle","near_poisson",3,"gene112",TRUE,2.472,30080000,99.97,13180000,2.281
"cap_10s","near_poisson",3,"gene112",TRUE,2.472,22.81,99.97,10,2.281
"master","near_poisson",3,"gene113",FALSE,1.893,7.126,234.2,4.323,1.648
"mle","near_poisson",3,"gene113",FALSE,1.893,57.87,234.2,35.11,1.648
"cap_10s","near_poisson",3,"gene113",FALSE,1.893,16.48,234.2,10,1.648
"master","near_poisson",3,"gene114",FALSE,3.46,6.138,59.18,1.783,3.442
"mle","near_poisson",3,"gene114",FALSE,3.46,58.3,59.18,16.94,3.442
"cap_10s","near_poisson",3,"gene114",FALSE,3.46,34.42,59.18,10,3.442
"master","near_poisson",3,"gene115",FALSE,2.94,8.768,84.58,3.224,2.72
"mle","near_poisson",3,"gene115",FALSE,2.94,40.2,84.58,14.78,2.72
"cap_10s","near_poisson",3,"gene115",FALSE,2.94,27.2,84.58,10,2.72
"master","near_poisson",3,"gene116",FALSE,4.208,9.114,238.8,2.313,3.94
"cap_10s","near_poisson",3,"gene116",FALSE,4.208,39.4,238.8,10,3.94
"mle","near_poisson",3,"gene116",FALSE,4.208,60.57,238.8,15.37,3.94
"master","near_poisson",3,"gene117",FALSE,5.69,13.18,63.42,2.579,5.111
"cap_10s","near_poisson",3,"gene117",FALSE,5.69,51.11,63.42,10,5.111
"mle","near_poisson",3,"gene117",FALSE,5.69,102.5,63.42,20.05,5.111
"mle","near_poisson",3,"gene118",TRUE,1.018,8189000,280.1,7931000,1.033
"cap_10s","near_poisson",3,"gene118",TRUE,1.018,10.33,280.1,10,1.033
"master","near_poisson",3,"gene118",TRUE,1.018,2.249,280.1,2.178,1.033
"mle","near_poisson",3,"gene119",FALSE,3.012,87.05,155.7,30.45,2.859
"master","near_poisson",3,"gene119",FALSE,3.012,6.676,155.7,2.335,2.859
"cap_10s","near_poisson",3,"gene119",FALSE,3.012,28.59,155.7,10,2.859
"cap_10s","near_poisson",3,"gene12",FALSE,2.863,16.94,635.2,10,1.694
"master","near_poisson",3,"gene12",FALSE,2.863,5.794,635.2,3.42,1.694
"mle","near_poisson",3,"gene12",FALSE,2.863,48.25,635.2,28.48,1.694
"master","near_poisson",3,"gene120",FALSE,4.662,8.824,375.5,2.208,3.996
"mle","near_poisson",3,"gene120",FALSE,4.662,124.1,375.5,31.07,3.996
"cap_10s","near_poisson",3,"gene120",FALSE,4.662,39.96,375.5,10,3.996
"cap_10s","near_poisson",3,"gene121",TRUE,4.322,40.39,118.7,10,4.039
"mle","near_poisson",3,"gene121",TRUE,4.322,2124000,118.7,525800,4.039
"master","near_poisson",3,"gene121",TRUE,4.322,12.56,118.7,3.109,4.039
"cap_10s","near_poisson",3,"gene122",TRUE,4.82,41.94,810.7,10,4.194
"mle","near_poisson",3,"gene122",TRUE,4.82,9894000,810.7,2359000,4.194
"master","near_poisson",3,"gene122",TRUE,4.82,12.28,810.7,2.927,4.194
"master","near_poisson",3,"gene123",TRUE,3.002,7.065,358,2.302,3.07
"mle","near_poisson",3,"gene123",TRUE,3.002,10740000,358,3499000,3.07
"cap_10s","near_poisson",3,"gene123",TRUE,3.002,30.7,358,10,3.07
"master","near_poisson",3,"gene124",FALSE,1.425,2.732,53.67,2.37,1.152
"cap_10s","near_poisson",3,"gene124",FALSE,1.425,11.52,53.67,10,1.152
"mle","near_poisson",3,"gene124",FALSE,1.425,54.42,53.67,47.22,1.152
"cap_10s","near_poisson",3,"gene125",FALSE,4.3,43,66.57,10,4.3
"master","near_poisson",3,"gene125",FALSE,4.3,10.58,66.57,2.46,4.3
"mle","near_poisson",3,"gene125",FALSE,4.3,67.4,66.57,15.67,4.3
"mle","near_poisson",3,"gene126",FALSE,1.008,51.81,974.9,50.1,1.034
"master","near_poisson",3,"gene126",FALSE,1.008,1.999,974.9,1.933,1.034
"cap_10s","near_poisson",3,"gene126",FALSE,1.008,10.34,974.9,10,1.034
"mle","near_poisson",3,"gene127",FALSE,4.81,246.6,123.3,51.86,4.755
"master","near_poisson",3,"gene127",FALSE,4.81,9.312,123.3,1.958,4.755
"cap_10s","near_poisson",3,"gene127",FALSE,4.81,47.55,123.3,10,4.755
"master","near_poisson",3,"gene128",TRUE,1.735,5.533,798.4,3.266,1.694
"cap_10s","near_poisson",3,"gene128",TRUE,1.735,16.94,798.4,10,1.694
"mle","near_poisson",3,"gene128",TRUE,1.735,19600000,798.4,11570000,1.694
"master","near_poisson",3,"gene129",FALSE,1.82,2.861,137.1,1.523,1.878
"cap_10s","near_poisson",3,"gene129",FALSE,1.82,18.78,137.1,10,1.878
"mle","near_poisson",3,"gene129",FALSE,1.82,30.41,137.1,16.19,1.878
"cap_10s","near_poisson",3,"gene13",FALSE,6.46,42.24,341.9,10,4.224
"master","near_poisson",3,"gene13",FALSE,6.46,7.814,341.9,1.85,4.224
"mle","near_poisson",3,"gene13",FALSE,6.46,350,341.9,82.85,4.224
"master","near_poisson",3,"gene130",TRUE,3.217,6.982,894.8,2.313,3.018
"mle","near_poisson",3,"gene130",TRUE,3.217,14980000,894.8,4963000,3.018
"cap_10s","near_poisson",3,"gene130",TRUE,3.217,30.18,894.8,10,3.018
"cap_10s","near_poisson",3,"gene131",TRUE,3.302,31.71,154.2,10,3.171
"master","near_poisson",3,"gene131",TRUE,3.302,7.49,154.2,2.362,3.171
"mle","near_poisson",3,"gene131",TRUE,3.302,12170000,154.2,3838000,3.171
"master","near_poisson",3,"gene132",FALSE,2.405,4.476,75.61,2.006,2.231
"cap_10s","near_poisson",3,"gene132",FALSE,2.405,22.31,75.61,10,2.231
"mle","near_poisson",3,"gene132",FALSE,2.405,42.28,75.61,18.95,2.231
"master","near_poisson",3,"gene133",TRUE,1.333,3.175,80.36,2.742,1.158
"cap_10s","near_poisson",3,"gene133",TRUE,1.333,11.58,80.36,10,1.158
"mle","near_poisson",3,"gene133",TRUE,1.333,22030,80.36,19030,1.158
"cap_10s","near_poisson",3,"gene134",FALSE,1.697,13.33,179,10,1.333
"mle","near_poisson",3,"gene134",FALSE,1.697,42.52,179,31.9,1.333
"master","near_poisson",3,"gene134",FALSE,1.697,6.611,179,4.96,1.333
"cap_10s","near_poisson",3,"gene135",FALSE,3.53,34.09,135.2,10,3.409
"mle","near_poisson",3,"gene135",FALSE,3.53,112.9,135.2,33.12,3.409
"master","near_poisson",3,"gene135",FALSE,3.53,6.993,135.2,2.051,3.409
"master","near_poisson",3,"gene136",FALSE,2.775,6.056,539.4,2.399,2.524
"mle","near_poisson",3,"gene136",FALSE,2.775,155.9,539.4,61.77,2.524
"cap_10s","near_poisson",3,"gene136",FALSE,2.775,25.24,539.4,10,2.524
"master","near_poisson",3,"gene137",TRUE,2.527,6.762,86.23,3.096,2.184
"cap_10s","near_poisson",3,"gene137",TRUE,2.527,21.84,86.23,10,2.184
"mle","near_poisson",3,"gene137",TRUE,2.527,10360000,86.23,4745000,2.184
"cap_10s","near_poisson",3,"gene138",TRUE,2.415,24.21,88.75,10,2.421
"master","near_poisson",3,"gene138",TRUE,2.415,4.559,88.75,1.883,2.421
"mle","near_poisson",3,"gene138",TRUE,2.415,12480000,88.75,5154000,2.421
"mle","near_poisson",3,"gene139",FALSE,1.213,123.4,111.8,110,1.121
"master","near_poisson",3,"gene139",FALSE,1.213,2.981,111.8,2.658,1.121
"cap_10s","near_poisson",3,"gene139",FALSE,1.213,11.21,111.8,10,1.121
"mle","near_poisson",3,"gene14",FALSE,1.928,15.1,265.5,13.09,1.153
"cap_10s","near_poisson",3,"gene14",FALSE,1.928,11.53,265.5,10,1.153
"master","near_poisson",3,"gene14",FALSE,1.928,4.47,265.5,3.876,1.153
"mle","near_poisson",3,"gene140",FALSE,1.303,18.89,436.5,14.66,1.289
"cap_10s","near_poisson",3,"gene140",FALSE,1.303,12.89,436.5,10,1.289
"master","near_poisson",3,"gene140",FALSE,1.303,2.37,436.5,1.839,1.289
"cap_10s","near_poisson",3,"gene141",TRUE,1.585,14.17,718,10,1.417
"master","near_poisson",3,"gene141",TRUE,1.585,3.707,718,2.615,1.417
"mle","near_poisson",3,"gene141",TRUE,1.585,9438000,718,6659000,1.417
"cap_10s","near_poisson",3,"gene142",FALSE,2.552,21.84,55.54,10,2.184
"master","near_poisson",3,"gene142",FALSE,2.552,7.621,55.54,3.489,2.184
"mle","near_poisson",3,"gene142",FALSE,2.552,671.3,55.54,307.3,2.184
"master","near_poisson",3,"gene143",FALSE,3.233,6.471,760.1,2.014,3.214
"cap_10s","near_poisson",3,"gene143",FALSE,3.233,32.14,760.1,10,3.214
"mle","near_poisson",3,"gene143",FALSE,3.233,1243,760.1,386.7,3.214
"master","near_poisson",3,"gene144",TRUE,2.778,6.26,635,2.362,2.65
"cap_10s","near_poisson",3,"gene144",TRUE,2.778,26.5,635,10,2.65
"mle","near_poisson",3,"gene144",TRUE,2.778,8538000,635,3222000,2.65
"cap_10s","near_poisson",3,"gene145",FALSE,3.863,36.79,178.1,10,3.679
"master","near_poisson",3,"gene145",FALSE,3.863,7.46,178.1,2.027,3.679
"mle","near_poisson",3,"gene145",FALSE,3.863,70.78,178.1,19.24,3.679
"master","near_poisson",3,"gene146",FALSE,2.233,5.922,337,2.787,2.125
"cap_10s","near_poisson",3,"gene146",FALSE,2.233,21.25,337,10,2.125
"mle","near_poisson",3,"gene146",FALSE,2.233,38.72,337,18.22,2.125
"cap_10s","near_poisson",3,"gene147",TRUE,3.425,30.44,695.3,10,3.044
"master","near_poisson",3,"gene147",TRUE,3.425,7.041,695.3,2.313,3.044
"mle","near_poisson",3,"gene147",TRUE,3.425,11830000,695.3,3888000,3.044
"cap_10s","near_poisson",3,"gene148",TRUE,2.22,19.31,119.4,10,1.931
"mle","near_poisson",3,"gene148",TRUE,2.22,16060000,119.4,8315000,1.931
"master","near_poisson",3,"gene148",TRUE,2.22,7.151,119.4,3.702,1.931
"cap_10s","near_poisson",3,"gene149",TRUE,2.437,24.09,155.1,10,2.409
"master","near_poisson",3,"gene149",TRUE,2.437,5.06,155.1,2.101,2.409
"mle","near_poisson",3,"gene149",TRUE,2.437,9931000,155.1,4123000,2.409
"cap_10s","near_poisson",3,"gene15",FALSE,5.12,31.93,160.4,10,3.193
"master","near_poisson",3,"gene15",FALSE,5.12,7.273,160.4,2.278,3.193
"mle","near_poisson",3,"gene15",FALSE,5.12,144,160.4,45.1,3.193
"master","near_poisson",3,"gene150",TRUE,2.04,3.624,206.1,1.996,1.815
"mle","near_poisson",3,"gene150",TRUE,2.04,15680000,206.1,8635000,1.815
"cap_10s","near_poisson",3,"gene150",TRUE,2.04,18.15,206.1,10,1.815
"cap_10s","near_poisson",3,"gene151",TRUE,2.657,24.53,810.5,10,2.453
"master","near_poisson",3,"gene151",TRUE,2.657,7.554,810.5,3.08,2.453
"mle","near_poisson",3,"gene151",TRUE,2.657,15750000,810.5,6421000,2.453
"master","near_poisson",3,"gene152",FALSE,1.435,2.986,142,2.151,1.388
"mle","near_poisson",3,"gene152",FALSE,1.435,19.39,142,13.97,1.388
"cap_10s","near_poisson",3,"gene152",FALSE,1.435,13.88,142,10,1.388
"mle","near_poisson",3,"gene153",FALSE,1.235,9.307,292.9,7.211,1.291
"master","near_poisson",3,"gene153",FALSE,1.235,2.312,292.9,1.791,1.291
"cap_10s","near_poisson",3,"gene153",FALSE,1.235,9.307,292.9,7.211,1.291
"master","near_poisson",3,"gene154",FALSE,2.708,6.473,76.49,2.306,2.808
"mle","near_poisson",3,"gene154",FALSE,2.708,59.68,76.49,21.26,2.808
"cap_10s","near_poisson",3,"gene154",FALSE,2.708,28.08,76.49,10,2.808
"master","near_poisson",3,"gene155",TRUE,1.047,2.553,327.8,2.45,1.042
"cap_10s","near_poisson",3,"gene155",TRUE,1.047,10.42,327.8,10,1.042
"mle","near_poisson",3,"gene155",TRUE,1.047,3337000,327.8,3202000,1.042
"master","near_poisson",3,"gene156",FALSE,2.377,7.567,324.7,3.699,2.046
"mle","near_poisson",3,"gene156",FALSE,2.377,432.7,324.7,211.5,2.046
"cap_10s","near_poisson",3,"gene156",FALSE,2.377,20.46,324.7,10,2.046
"master","near_poisson",3,"gene157",TRUE,1.813,4.246,895.4,2.25,1.887
"cap_10s","near_poisson",3,"gene157",TRUE,1.813,18.87,895.4,10,1.887
"mle","near_poisson",3,"gene157",TRUE,1.813,8908000,895.4,4720000,1.887
"master","near_poisson",3,"gene158",FALSE,1.052,1.773,134.7,1.657,1.07
"cap_10s","near_poisson",3,"gene158",FALSE,1.052,10.7,134.7,10,1.07
"mle","near_poisson",3,"gene158",FALSE,1.052,39.68,134.7,37.1,1.07
"master","near_poisson",3,"gene159",TRUE,5.515,24.48,507.8,5.749,4.258
"mle","near_poisson",3,"gene159",TRUE,5.515,11390000,507.8,2675000,4.258
"cap_10s","near_poisson",3,"gene159",TRUE,5.515,42.58,507.8,10,4.258
"cap_10s","near_poisson",3,"gene16",FALSE,1.52,14.34,539.2,10,1.434
"master","near_poisson",3,"gene16",FALSE,1.52,3.764,539.2,2.625,1.434
"mle","near_poisson",3,"gene16",FALSE,1.52,406.2,539.2,283.4,1.434
"master","near_poisson",3,"gene160",TRUE,3.387,7.738,174.5,2.48,3.121
"mle","near_poisson",3,"gene160",TRUE,3.387,14540000,174.5,4661000,3.121
"cap_10s","near_poisson",3,"gene160",TRUE,3.387,31.21,174.5,10,3.121
"mle","near_poisson",3,"gene161",FALSE,3.165,133.6,83.67,44.66,2.992
"cap_10s","near_poisson",3,"gene161",FALSE,3.165,29.92,83.67,10,2.992
"master","near_poisson",3,"gene161",FALSE,3.165,5.808,83.67,1.941,2.992
"cap_10s","near_poisson",3,"gene162",FALSE,2.77,27.53,805.9,10,2.753
"mle","near_poisson",3,"gene162",FALSE,2.77,114.8,805.9,41.69,2.753
"master","near_poisson",3,"gene162",FALSE,2.77,4.978,805.9,1.808,2.753
"master","near_poisson",3,"gene163",TRUE,2.812,6.027,431.3,2.169,2.778
"mle","near_poisson",3,"gene163",TRUE,2.812,8513000,431.3,3064000,2.778
"cap_10s","near_poisson",3,"gene163",TRUE,2.812,27.78,431.3,10,2.778
"master","near_poisson",3,"gene164",TRUE,1.363,2.06,264.2,1.683,1.224
"cap_10s","near_poisson",3,"gene164",TRUE,1.363,12.24,264.2,10,1.224
"mle","near_poisson",3,"gene164",TRUE,1.363,25310000,264.2,20680000,1.224
"cap_10s","near_poisson",3,"gene165",TRUE,3.232,28.73,345.7,10,2.873
"master","near_poisson",3,"gene165",TRUE,3.232,7.931,345.7,2.761,2.873
"mle","near_poisson",3,"gene165",TRUE,3.232,7942000,345.7,2764000,2.873
"mle","near_poisson",3,"gene166",TRUE,3.267,9112000,438.6,3155000,2.888
"master","near_poisson",3,"gene166",TRUE,3.267,10.51,438.6,3.639,2.888
"cap_10s","near_poisson",3,"gene166",TRUE,3.267,28.88,438.6,10,2.888
"mle","near_poisson",3,"gene167",FALSE,1.438,10.03,102.4,7.473,1.342
"master","near_poisson",3,"gene167",FALSE,1.438,2.665,102.4,1.986,1.342
"cap_10s","near_poisson",3,"gene167",FALSE,1.438,10.03,102.4,7.473,1.342
"master","near_poisson",3,"gene168",TRUE,1.228,3.327,81.63,2.976,1.118
"cap_10s","near_poisson",3,"gene168",TRUE,1.228,11.18,81.63,10,1.118
"mle","near_poisson",3,"gene168",TRUE,1.228,19180000,81.63,17160000,1.118
"master","near_poisson",3,"gene169",TRUE,1.198,3.066,197.8,2.54,1.207
"cap_10s","near_poisson",3,"gene169",TRUE,1.198,12.07,197.8,10,1.207
"mle","near_poisson",3,"gene169",TRUE,1.198,8807000,197.8,7297000,1.207
"cap_10s","near_poisson",3,"gene17",TRUE,1.287,13.83,63.3,10,1.383
"master","near_poisson",3,"gene17",TRUE,1.287,2.418,63.3,1.748,1.383
"mle","near_poisson",3,"gene17",TRUE,1.287,10770000,63.3,7785000,1.383
"master","near_poisson",3,"gene170",FALSE,2.428,5.085,99.35,2.221,2.29
"mle","near_poisson",3,"gene170",FALSE,2.428,41.71,99.35,18.22,2.29
"cap_10s","near_poisson",3,"gene170",FALSE,2.428,22.9,99.35,10,2.29
"cap_10s","near_poisson",3,"gene171",FALSE,3.205,21.05,105.9,7.486,2.812
"master","near_poisson",3,"gene171",FALSE,3.205,10.03,105.9,3.566,2.812
"mle","near_poisson",3,"gene171",FALSE,3.205,21.05,105.9,7.486,2.812
"master","near_poisson",3,"gene172",FALSE,3.598,6.796,206.6,1.879,3.616
"cap_10s","near_poisson",3,"gene172",FALSE,3.598,36.16,206.6,10,3.616
"mle","near_poisson",3,"gene172",FALSE,3.598,87.48,206.6,24.19,3.616
"master","near_poisson",3,"gene173",FALSE,4.925,10.95,401.5,2.393,4.577
"cap_10s","near_poisson",3,"gene173",FALSE,4.925,45.77,401.5,10,4.577
"mle","near_poisson",3,"gene173",FALSE,4.925,3601,401.5,786.7,4.577
"cap_10s","near_poisson",3,"gene174",FALSE,1.293,11.03,589,10,1.103
"mle","near_poisson",3,"gene174",FALSE,1.293,18.02,589,16.34,1.103
"master","near_poisson",3,"gene174",FALSE,1.293,2.725,589,2.47,1.103
"cap_10s","near_poisson",3,"gene175",FALSE,2.187,19.84,73.92,10,1.984
"mle","near_poisson",3,"gene175",FALSE,2.187,191.5,73.92,96.53,1.984
"master","near_poisson",3,"gene175",FALSE,2.187,8.252,73.92,4.16,1.984
"master","near_poisson",3,"gene176",TRUE,1.723,2.945,118.1,1.727,1.706
"mle","near_poisson",3,"gene176",TRUE,1.723,17020000,118.1,9980000,1.706
"cap_10s","near_poisson",3,"gene176",TRUE,1.723,17.06,118.1,10,1.706
"master","near_poisson",3,"gene177",TRUE,2.445,6.618,78.71,3,2.206
"cap_10s","near_poisson",3,"gene177",TRUE,2.445,22.06,78.71,10,2.206
"mle","near_poisson",3,"gene177",TRUE,2.445,9023000,78.71,4089000,2.206
"cap_10s","near_poisson",3,"gene178",TRUE,1.23,10.17,743,10,1.017
"master","near_poisson",3,"gene178",TRUE,1.23,2.541,743,2.497,1.017
"mle","near_poisson",3,"gene178",TRUE,1.23,9063000,743,8908000,1.017
"mle","near_poisson",3,"gene179",TRUE,2.393,9720000,624.9,4090000,2.376
"master","near_poisson",3,"gene179",TRUE,2.393,4.255,624.9,1.79,2.376
"cap_10s","near_poisson",3,"gene179",TRUE,2.393,23.76,624.9,10,2.376
"mle","near_poisson",3,"gene18",TRUE,1.115,10690000,211.9,9831000,1.087
"master","near_poisson",3,"gene18",TRUE,1.115,2.359,211.9,2.17,1.087
"cap_10s","near_poisson",3,"gene18",TRUE,1.115,10.87,211.9,10,1.087
"mle","near_poisson",3,"gene180",TRUE,1.493,10210000,262.5,6800000,1.501
"master","near_poisson",3,"gene180",TRUE,1.493,2.434,262.5,1.621,1.501
"cap_10s","near_poisson",3,"gene180",TRUE,1.493,15.01,262.5,10,1.501
"cap_10s","near_poisson",3,"gene181",TRUE,2.052,19.63,218.2,10,1.963
"master","near_poisson",3,"gene181",TRUE,2.052,5.048,218.2,2.572,1.963
"mle","near_poisson",3,"gene181",TRUE,2.052,10510000,218.2,5354000,1.963
"cap_10s","near_poisson",3,"gene182",FALSE,2.468,24.62,503.4,10,2.462
"mle","near_poisson",3,"gene182",FALSE,2.468,1860,503.4,755.6,2.462
"master","near_poisson",3,"gene182",FALSE,2.468,7.968,503.4,3.236,2.462
"mle","near_poisson",3,"gene183",FALSE,4.643,73.95,126.2,17.52,4.222
"cap_10s","near_poisson",3,"gene183",FALSE,4.643,42.22,126.2,10,4.222
"master","near_poisson",3,"gene183",FALSE,4.643,10.85,126.2,2.571,4.222
"master","near_poisson",3,"gene184",TRUE,2.74,4.415,538.4,1.794,2.461
"cap_10s","near_poisson",3,"gene184",TRUE,2.74,24.61,538.4,10,2.461
"mle","near_poisson",3,"gene184",TRUE,2.74,15190000,538.4,6172000,2.461
"master","near_poisson",3,"gene185",FALSE,2.993,6.763,511.1,2.182,3.099
"cap_10s","near_poisson",3,"gene185",FALSE,2.993,30.99,511.1,10,3.099
"mle","near_poisson",3,"gene185",FALSE,2.993,189.2,511.1,61.05,3.099
"cap_10s","near_poisson",3,"gene186",FALSE,1.572,16.66,173.8,10,1.666
"master","near_poisson",3,"gene186",FALSE,1.572,2.906,173.8,1.744,1.666
"mle","near_poisson",3,"gene186",FALSE,1.572,76.86,173.8,46.14,1.666
"cap_10s","near_poisson",3,"gene187",TRUE,1.193,10.76,112,10,1.076
"master","near_poisson",3,"gene187",TRUE,1.193,2.623,112,2.439,1.076
"mle","near_poisson",3,"gene187",TRUE,1.193,5287000,112,4915000,1.076
"cap_10s","near_poisson",3,"gene188",TRUE,3.888,37.55,404.7,10,3.755
"master","near_poisson",3,"gene188",TRUE,3.888,8.778,404.7,2.338,3.755
"mle","near_poisson",3,"gene188",TRUE,3.888,15600000,404.7,4155000,3.755
"cap_10s","near_poisson",3,"gene189",TRUE,1.578,15.17,332.1,10,1.517
"master","near_poisson",3,"gene189",TRUE,1.578,2.736,332.1,1.804,1.517
"mle","near_poisson",3,"gene189",TRUE,1.578,10780000,332.1,7110000,1.517
"master","near_poisson",3,"gene19",FALSE,3.832,13.33,70,4.175,3.193
"cap_10s","near_poisson",3,"gene19",FALSE,3.832,31.93,70,10,3.193
"mle","near_poisson",3,"gene19",FALSE,3.832,47.99,70,15.03,3.193
"cap_10s","near_poisson",3,"gene190",FALSE,1.187,11.05,373.9,10,1.105
"master","near_poisson",3,"gene190",FALSE,1.187,2.257,373.9,2.042,1.105
"mle","near_poisson",3,"gene190",FALSE,1.187,32.36,373.9,29.28,1.105
"mle","near_poisson",3,"gene191",FALSE,2.008,13.69,151.9,6.966,1.966
"cap_10s","near_poisson",3,"gene191",FALSE,2.008,13.69,151.9,6.966,1.966
"master","near_poisson",3,"gene191",FALSE,2.008,4.747,151.9,2.415,1.966
"master","near_poisson",3,"gene192",TRUE,1.3,3.142,157.5,2.719,1.156
"mle","near_poisson",3,"gene192",TRUE,1.3,22030,157.5,19060,1.156
"cap_10s","near_poisson",3,"gene192",TRUE,1.3,11.56,157.5,10,1.156
"master","near_poisson",3,"gene193",FALSE,4.287,11.77,793.2,2.833,4.153
"mle","near_poisson",3,"gene193",FALSE,4.287,233.5,793.2,56.22,4.153
"cap_10s","near_poisson",3,"gene193",FALSE,4.287,41.53,793.2,10,4.153
"master","near_poisson",3,"gene194",FALSE,1.588,5.43,653.4,4.198,1.294
"mle","near_poisson",3,"gene194",FALSE,1.588,16.1,653.4,12.45,1.294
"cap_10s","near_poisson",3,"gene194",FALSE,1.588,12.94,653.4,10,1.294
"master","near_poisson",3,"gene195",TRUE,3.562,5.493,746.1,1.623,3.385
"mle","near_poisson",3,"gene195",TRUE,3.562,11090000,746.1,3276000,3.385
"cap_10s","near_poisson",3,"gene195",TRUE,3.562,33.85,746.1,10,3.385
"master","near_poisson",3,"gene196",FALSE,1.215,2.196,434,2.002,1.097
"mle","near_poisson",3,"gene196",FALSE,1.215,39.92,434,36.39,1.097
"cap_10s","near_poisson",3,"gene196",FALSE,1.215,10.97,434,10,1.097
"master","near_poisson",3,"gene197",TRUE,3.07,6.121,415.1,1.973,3.102
"mle","near_poisson",3,"gene197",TRUE,3.07,20370000,415.1,6566000,3.102
"cap_10s","near_poisson",3,"gene197",TRUE,3.07,31.02,415.1,10,3.102
"master","near_poisson",3,"gene198",TRUE,2.493,7.092,197,2.933,2.418
"mle","near_poisson",3,"gene198",TRUE,2.493,26080000,197,10790000,2.418
"cap_10s","near_poisson",3,"gene198",TRUE,2.493,24.18,197,10,2.418
"master","near_poisson",3,"gene199",FALSE,1.565,2.447,203.7,1.588,1.541
"cap_10s","near_poisson",3,"gene199",FALSE,1.565,15.41,203.7,10,1.541
"mle","near_poisson",3,"gene199",FALSE,1.565,772.2,203.7,501.1,1.541
"cap_10s","near_poisson",3,"gene2",FALSE,3.665,22.62,287.4,10,2.262
"master","near_poisson",3,"gene2",FALSE,3.665,4.299,287.4,1.901,2.262
"mle","near_poisson",3,"gene2",FALSE,3.665,39.13,287.4,17.3,2.262
"cap_10s","near_poisson",3,"gene20",FALSE,4.202,42.34,370.6,10,4.234
"mle","near_poisson",3,"gene20",FALSE,4.202,554.4,370.6,130.9,4.234
"master","near_poisson",3,"gene20",FALSE,4.202,8.689,370.6,2.052,4.234
"master","near_poisson",3,"gene200",FALSE,1.845,4.515,478.9,2.631,1.716
"mle","near_poisson",3,"gene200",FALSE,1.845,36.95,478.9,21.53,1.716
"cap_10s","near_poisson",3,"gene200",FALSE,1.845,17.16,478.9,10,1.716
"mle","near_poisson",3,"gene201",FALSE,4.06,156.4,720.5,42.14,3.712
"cap_10s","near_poisson",3,"gene201",FALSE,4.06,37.12,720.5,10,3.712
"master","near_poisson",3,"gene201",FALSE,4.06,10.56,720.5,2.845,3.712
"mle","near_poisson",3,"gene202",TRUE,2.2,6695000,212.1,3330000,2.011
"cap_10s","near_poisson",3,"gene202",TRUE,2.2,20.11,212.1,10,2.011
"master","near_poisson",3,"gene202",TRUE,2.2,3.546,212.1,1.763,2.011
"cap_10s","near_poisson",3,"gene203",TRUE,1.382,14.07,711.6,10,1.407
"master","near_poisson",3,"gene203",TRUE,1.382,3.269,711.6,2.323,1.407
"mle","near_poisson",3,"gene203",TRUE,1.382,6680000,711.6,4747000,1.407
"master","near_poisson",3,"gene204",FALSE,3.045,9.078,926.4,2.993,3.033
"mle","near_poisson",3,"gene204",FALSE,3.045,400.5,926.4,132,3.033
"cap_10s","near_poisson",3,"gene204",FALSE,3.045,30.33,926.4,10,3.033
"cap_10s","near_poisson",3,"gene205",TRUE,1.565,12.56,58.57,10,1.256
"master","near_poisson",3,"gene205",TRUE,1.565,2.262,58.57,1.801,1.256
"mle","near_poisson",3,"gene205",TRUE,1.565,8951000,58.57,7127000,1.256
"master","near_poisson",3,"gene206",TRUE,2.52,4.886,867.1,1.98,2.468
"mle","near_poisson",3,"gene206",TRUE,2.52,7173000,867.1,2907000,2.468
"cap_10s","near_poisson",3,"gene206",TRUE,2.52,24.68,867.1,10,2.468
"mle","near_poisson",3,"gene207",FALSE,4.383,110.7,76.99,26.34,4.204
"master","near_poisson",3,"gene207",FALSE,4.383,9.24,76.99,2.198,4.204
"cap_10s","near_poisson",3,"gene207",FALSE,4.383,42.04,76.99,10,4.204
"master","near_poisson",3,"gene208",TRUE,1.225,3.739,92.16,3.319,1.126
"mle","near_poisson",3,"gene208",TRUE,1.225,13390000,92.16,11890000,1.126
"cap_10s","near_poisson",3,"gene208",TRUE,1.225,11.26,92.16,10,1.126
"master","near_poisson",3,"gene209",TRUE,4.72,18.44,968.2,4.406,4.185
"cap_10s","near_poisson",3,"gene209",TRUE,4.72,41.85,968.2,10,4.185
"mle","near_poisson",3,"gene209",TRUE,4.72,34880000,968.2,8334000,4.185
"cap_10s","near_poisson",3,"gene21",TRUE,4.425,41.32,76.44,10,4.132
"mle","near_poisson",3,"gene21",TRUE,4.425,10630000,76.44,2573000,4.132
"master","near_poisson",3,"gene21",TRUE,4.425,7.635,76.44,1.848,4.132
"master","near_poisson",3,"gene210",FALSE,1.253,2.427,549.9,1.998,1.215
"mle","near_poisson",3,"gene210",FALSE,1.253,32.64,549.9,26.87,1.215
"cap_10s","near_poisson",3,"gene210",FALSE,1.253,12.15,549.9,10,1.215
"master","near_poisson",3,"gene211",FALSE,1.18,3.575,50.7,3.115,1.148
"cap_10s","near_poisson",3,"gene211",FALSE,1.18,11.48,50.7,10,1.148
"mle","near_poisson",3,"gene211",FALSE,1.18,26.86,50.7,23.41,1.148
"cap_10s","near_poisson",3,"gene212",TRUE,1.635,13.64,392.8,10,1.364
"master","near_poisson",3,"gene212",TRUE,1.635,6.725,392.8,4.93,1.364
"mle","near_poisson",3,"gene212",TRUE,1.635,11910000,392.8,8728000,1.364
"master","near_poisson",3,"gene213",FALSE,4.03,9.572,74.93,2.587,3.701
"cap_10s","near_poisson",3,"gene213",FALSE,4.03,37.01,74.93,10,3.701
"mle","near_poisson",3,"gene213",FALSE,4.03,65.97,74.93,17.83,3.701
"cap_10s","near_poisson",3,"gene214",TRUE,2.657,24.1,65.57,10,2.41
"master","near_poisson",3,"gene214",TRUE,2.657,4.378,65.57,1.816,2.41
"mle","near_poisson",3,"gene214",TRUE,2.657,8528000,65.57,3539000,2.41
"cap_10s","near_poisson",3,"gene215",TRUE,1.477,11.28,203.5,10,1.128
"mle","near_poisson",3,"gene215",TRUE,1.477,7754000,203.5,6871000,1.128
"master","near_poisson",3,"gene215",TRUE,1.477,7.389,203.5,6.548,1.128
"cap_10s","near_poisson",3,"gene216",TRUE,3.357,31.32,818.1,10,3.132
"master","near_poisson",3,"gene216",TRUE,3.357,6.353,818.1,2.029,3.132
"mle","near_poisson",3,"gene216",TRUE,3.357,14790000,818.1,4721000,3.132
"master","near_poisson",3,"gene217",TRUE,1.687,3.242,234.5,2.061,1.573
"mle","near_poisson",3,"gene217",TRUE,1.687,26330000,234.5,16740000,1.573
"cap_10s","near_poisson",3,"gene217",TRUE,1.687,15.73,234.5,10,1.573
"cap_10s","near_poisson",3,"gene218",TRUE,1.205,11.02,229,10,1.102
"master","near_poisson",3,"gene218",TRUE,1.205,2.741,229,2.487,1.102
"mle","near_poisson",3,"gene218",TRUE,1.205,9877000,229,8959000,1.102
"master","near_poisson",3,"gene219",TRUE,4.108,11.12,295.8,2.868,3.878
"mle","near_poisson",3,"gene219",TRUE,4.108,11650000,295.8,3005000,3.878
"cap_10s","near_poisson",3,"gene219",TRUE,4.108,38.78,295.8,10,3.878
"mle","near_poisson",3,"gene22",FALSE,1.133,15.85,85.14,14.91,1.063
"master","near_poisson",3,"gene22",FALSE,1.133,2.666,85.14,2.509,1.063
"cap_10s","near_poisson",3,"gene22",FALSE,1.133,10.63,85.14,10,1.063
"mle","near_poisson",3,"gene220",TRUE,1.557,12790000,266.4,9515000,1.345
"cap_10s","near_poisson",3,"gene220",TRUE,1.557,13.45,266.4,10,1.345
"master","near_poisson",3,"gene220",TRUE,1.557,4.021,266.4,2.99,1.345
"mle","near_poisson",3,"gene221",TRUE,0.9467,22340000,173.9,23530000,0.9494
"cap_10s","near_poisson",3,"gene221",TRUE,0.9467,9.494,173.9,10,0.9494
"master","near_poisson",3,"gene221",TRUE,0.9467,1.628,173.9,1.714,0.9494
"cap_10s","near_poisson",3,"gene222",FALSE,1.555,14.59,89.84,10,1.459
"master","near_poisson",3,"gene222",FALSE,1.555,3.885,89.84,2.663,1.459
"mle","near_poisson",3,"gene222",FALSE,1.555,20.34,89.84,13.94,1.459
"master","near_poisson",3,"gene223",TRUE,1.555,5.908,399.8,4.358,1.356
"cap_10s","near_poisson",3,"gene223",TRUE,1.555,13.56,399.8,10,1.356
"mle","near_poisson",3,"gene223",TRUE,1.555,8850000,399.8,6529000,1.356
"cap_10s","near_poisson",3,"gene224",TRUE,1.937,18.21,408.9,10,1.821
"master","near_poisson",3,"gene224",TRUE,1.937,3.176,408.9,1.744,1.821
"mle","near_poisson",3,"gene224",TRUE,1.937,15050000,408.9,8262000,1.821
"cap_10s","near_poisson",3,"gene225",FALSE,1.048,9.916,428.5,10,0.9916
"master","near_poisson",3,"gene225",FALSE,1.048,2.002,428.5,2.019,0.9916
"mle","near_poisson",3,"gene225",FALSE,1.048,41.89,428.5,42.25,0.9916
"cap_10s","near_poisson",3,"gene226",FALSE,3.05,29.71,51.61,10,2.971
"master","near_poisson",3,"gene226",FALSE,3.05,5.416,51.61,1.823,2.971
"mle","near_poisson",3,"gene226",FALSE,3.05,104.4,51.61,35.14,2.971
"cap_10s","near_poisson",3,"gene227",TRUE,1.688,15.42,491.5,10,1.542
"master","near_poisson",3,"gene227",TRUE,1.688,3.006,491.5,1.949,1.542
"mle","near_poisson",3,"gene227",TRUE,1.688,21260000,491.5,13790000,1.542
"cap_10s","near_poisson",3,"gene228",FALSE,3.888,36.55,671,10,3.655
"master","near_poisson",3,"gene228",FALSE,3.888,9.363,671,2.562,3.655
"mle","near_poisson",3,"gene228",FALSE,3.888,1161,671,317.6,3.655
"cap_10s","near_poisson",3,"gene229",FALSE,4.057,39.57,183.3,10,3.957
"master","near_poisson",3,"gene229",FALSE,4.057,8.612,183.3,2.177,3.957
"mle","near_poisson",3,"gene229",FALSE,4.057,130,183.3,32.86,3.957
"master","near_poisson",3,"gene23",FALSE,1.198,2.371,81.6,1.957,1.211
"cap_10s","near_poisson",3,"gene23",FALSE,1.198,12.11,81.6,10,1.211
"mle","near_poisson",3,"gene23",FALSE,1.198,21.73,81.6,17.94,1.211
"cap_10s","near_poisson",3,"gene230",TRUE,3.837,37.2,295.5,10,3.72
"master","near_poisson",3,"gene230",TRUE,3.837,9.189,295.5,2.47,3.72
"mle","near_poisson",3,"gene230",TRUE,3.837,22070000,295.5,5932000,3.72
"mle","near_poisson",3,"gene231",FALSE,2.663,45.58,845,18.68,2.439
"cap_10s","near_poisson",3,"gene231",FALSE,2.663,24.39,845,10,2.439
"master","near_poisson",3,"gene231",FALSE,2.663,4.812,845,1.972,2.439
"master","near_poisson",3,"gene232",TRUE,2.005,3.709,89.61,2.082,1.781
"mle","near_poisson",3,"gene232",TRUE,2.005,7459000,89.61,4188000,1.781
"cap_10s","near_poisson",3,"gene232",TRUE,2.005,17.81,89.61,10,1.781
"master","near_poisson",3,"gene233",FALSE,1.737,4.706,511,3.179,1.48
"mle","near_poisson",3,"gene233",FALSE,1.737,142,511,95.92,1.48
"cap_10s","near_poisson",3,"gene233",FALSE,1.737,14.8,511,10,1.48
"master","near_poisson",3,"gene234",TRUE,2.28,5.492,256.9,2.67,2.057
"mle","near_poisson",3,"gene234",TRUE,2.28,16470000,256.9,8009000,2.057
"cap_10s","near_poisson",3,"gene234",TRUE,2.28,20.57,256.9,10,2.057
"master","near_poisson",3,"gene235",FALSE,4.223,13.04,351.7,3.583,3.639
"mle","near_poisson",3,"gene235",FALSE,4.223,73.3,351.7,20.14,3.639
"cap_10s","near_poisson",3,"gene235",FALSE,4.223,36.39,351.7,10,3.639
"master","near_poisson",3,"gene236",TRUE,3.827,7.834,130.3,2.215,3.537
"mle","near_poisson",3,"gene236",TRUE,3.827,15730000,130.3,4447000,3.537
"cap_10s","near_poisson",3,"gene236",TRUE,3.827,35.37,130.3,10,3.537
"master","near_poisson",3,"gene237",TRUE,3.113,5.694,994.3,1.832,3.109
"cap_10s","near_poisson",3,"gene237",TRUE,3.113,31.09,994.3,10,3.109
"mle","near_poisson",3,"gene237",TRUE,3.113,17460000,994.3,5617000,3.109
"master","near_poisson",3,"gene238",TRUE,1.692,3.036,72.87,1.885,1.611
"cap_10s","near_poisson",3,"gene238",TRUE,1.692,16.11,72.87,10,1.611
"mle","near_poisson",3,"gene238",TRUE,1.692,13580000,72.87,8428000,1.611
"cap_10s","near_poisson",3,"gene239",FALSE,1.613,15.91,54.52,10,1.591
"mle","near_poisson",3,"gene239",FALSE,1.613,96.45,54.52,60.61,1.591
"master","near_poisson",3,"gene239",FALSE,1.613,4.077,54.52,2.562,1.591
"cap_10s","near_poisson",3,"gene24",TRUE,4.218,39.74,350.9,10,3.974
"master","near_poisson",3,"gene24",TRUE,4.218,7.245,350.9,1.823,3.974
"mle","near_poisson",3,"gene24",TRUE,4.218,6050000,350.9,1522000,3.974
"mle","near_poisson",3,"gene240",TRUE,3.595,1.4e+07,379.2,4637000,3.019
"master","near_poisson",3,"gene240",TRUE,3.595,7.237,379.2,2.397,3.019
"cap_10s","near_poisson",3,"gene240",TRUE,3.595,30.19,379.2,10,3.019
"master","near_poisson",3,"gene241",FALSE,3.385,8.712,85.52,2.635,3.306
"cap_10s","near_poisson",3,"gene241",FALSE,3.385,33.06,85.52,10,3.306
"mle","near_poisson",3,"gene241",FALSE,3.385,67.96,85.52,20.56,3.306
"master","near_poisson",3,"gene242",TRUE,2.423,7.426,856.4,3.458,2.148
"cap_10s","near_poisson",3,"gene242",TRUE,2.423,21.48,856.4,10,2.148
"mle","near_poisson",3,"gene242",TRUE,2.423,9955000,856.4,4635000,2.148
"cap_10s","near_poisson",3,"gene243",TRUE,1.51,12.5,808.7,10,1.25
"mle","near_poisson",3,"gene243",TRUE,1.51,22030,808.7,17630,1.25
"master","near_poisson",3,"gene243",TRUE,1.51,4.151,808.7,3.322,1.25
"master","near_poisson",3,"gene244",FALSE,1.305,2.301,86.06,1.833,1.255
"mle","near_poisson",3,"gene244",FALSE,1.305,86.57,86.06,68.97,1.255
"cap_10s","near_poisson",3,"gene244",FALSE,1.305,12.55,86.06,10,1.255
"master","near_poisson",3,"gene245",TRUE,3.793,12.81,760.9,4.079,3.142
"mle","near_poisson",3,"gene245",TRUE,3.793,18540000,760.9,5903000,3.142
"cap_10s","near_poisson",3,"gene245",TRUE,3.793,31.42,760.9,10,3.142
"master","near_poisson",3,"gene246",FALSE,1.22,1.9,293.7,1.658,1.146
"mle","near_poisson",3,"gene246",FALSE,1.22,12.12,293.7,10.57,1.146
"cap_10s","near_poisson",3,"gene246",FALSE,1.22,11.46,293.7,10,1.146
"mle","near_poisson",3,"gene247",FALSE,1.837,46.76,68.3,25.92,1.804
"cap_10s","near_poisson",3,"gene247",FALSE,1.837,18.04,68.3,10,1.804
"master","near_poisson",3,"gene247",FALSE,1.837,3.724,68.3,2.064,1.804
"master","near_poisson",3,"gene248",FALSE,1.803,4.434,69.33,2.423,1.83
"mle","near_poisson",3,"gene248",FALSE,1.803,24.58,69.33,13.43,1.83
"cap_10s","near_poisson",3,"gene248",FALSE,1.803,18.3,69.33,10,1.83
"master","near_poisson",3,"gene249",TRUE,1.973,3.363,669.3,1.685,1.996
"mle","near_poisson",3,"gene249",TRUE,1.973,13030000,669.3,6529000,1.996
"cap_10s","near_poisson",3,"gene249",TRUE,1.973,19.96,669.3,10,1.996
"cap_10s","near_poisson",3,"gene25",TRUE,2.46,21.54,202.7,10,2.154
"master","near_poisson",3,"gene25",TRUE,2.46,7.838,202.7,3.639,2.154
"mle","near_poisson",3,"gene25",TRUE,2.46,16170000,202.7,7505000,2.154
"master","near_poisson",3,"gene250",FALSE,1.715,5.262,402.4,3.965,1.327
"mle","near_poisson",3,"gene250",FALSE,1.715,51.9,402.4,39.11,1.327
"cap_10s","near_poisson",3,"gene250",FALSE,1.715,13.27,402.4,10,1.327
"master","near_poisson",3,"gene251",TRUE,1.01,3.266,515,3.707,0.8808
"mle","near_poisson",3,"gene251",TRUE,1.01,6152000,515,6984000,0.8808
"cap_10s","near_poisson",3,"gene251",TRUE,1.01,8.808,515,10,0.8808
"cap_10s","near_poisson",3,"gene252",FALSE,2.625,22.59,109,10,2.259
"master","near_poisson",3,"gene252",FALSE,2.625,5.572,109,2.466,2.259
"mle","near_poisson",3,"gene252",FALSE,2.625,49.45,109,21.89,2.259
"master","near_poisson",3,"gene253",FALSE,1.105,2.475,316.4,2.474,1
"mle","near_poisson",3,"gene253",FALSE,1.105,49.49,316.4,49.47,1
"cap_10s","near_poisson",3,"gene253",FALSE,1.105,10,316.4,10,1
"master","near_poisson",3,"gene254",FALSE,2.31,6.854,133.2,3.416,2.006
"mle","near_poisson",3,"gene254",FALSE,2.31,146.7,133.2,73.13,2.006
"cap_10s","near_poisson",3,"gene254",FALSE,2.31,20.06,133.2,10,2.006
"master","near_poisson",3,"gene255",TRUE,4.24,8.36,524.5,2.083,4.012
"mle","near_poisson",3,"gene255",TRUE,4.24,16130000,524.5,4020000,4.012
"cap_10s","near_poisson",3,"gene255",TRUE,4.24,40.12,524.5,10,4.012
"cap_10s","near_poisson",3,"gene256",TRUE,1.418,14.39,250.2,10,1.439
"mle","near_poisson",3,"gene256",TRUE,1.418,6721000,250.2,4671000,1.439
"master","near_poisson",3,"gene256",TRUE,1.418,3.401,250.2,2.364,1.439
"master","near_poisson",3,"gene257",TRUE,2.007,4.751,198.4,2.46,1.931
"mle","near_poisson",3,"gene257",TRUE,2.007,9941000,198.4,5147000,1.931
"cap_10s","near_poisson",3,"gene257",TRUE,2.007,19.31,198.4,10,1.931
"master","near_poisson",3,"gene258",FALSE,3.983,11.9,987.9,3.332,3.572
"mle","near_poisson",3,"gene258",FALSE,3.983,682.8,987.9,191.1,3.572
"cap_10s","near_poisson",3,"gene258",FALSE,3.983,35.72,987.9,10,3.572
"master","near_poisson",3,"gene259",FALSE,2.4,6.539,74.3,2.866,2.282
"mle","near_poisson",3,"gene259",FALSE,2.4,138.6,74.3,60.75,2.282
"cap_10s","near_poisson",3,"gene259",FALSE,2.4,22.82,74.3,10,2.282
"cap_10s","near_poisson",3,"gene26",FALSE,4.31,39.5,298.7,10,3.95
"master","near_poisson",3,"gene26",FALSE,4.31,10.43,298.7,2.639,3.95
"mle","near_poisson",3,"gene26",FALSE,4.31,112.8,298.7,28.55,3.95
"mle","near_poisson",3,"gene260",FALSE,1.838,292.5,62.34,170,1.721
"cap_10s","near_poisson",3,"gene260",FALSE,1.838,17.21,62.34,10,1.721
"master","near_poisson",3,"gene260",FALSE,1.838,6.353,62.34,3.692,1.721
"master","near_poisson",3,"gene261",TRUE,1.852,3.347,121.3,1.988,1.684
"mle","near_poisson",3,"gene261",TRUE,1.852,9517000,121.3,5651000,1.684
"cap_10s","near_poisson",3,"gene261",TRUE,1.852,16.84,121.3,10,1.684
"mle","near_poisson",3,"gene262",FALSE,1.782,33.66,308.3,21.65,1.555
"cap_10s","near_poisson",3,"gene262",FALSE,1.782,15.55,308.3,10,1.555
"master","near_poisson",3,"gene262",FALSE,1.782,3.293,308.3,2.118,1.555
"mle","near_poisson",3,"gene263",TRUE,1.937,14150000,950.2,7273000,1.946
"cap_10s","near_poisson",3,"gene263",TRUE,1.937,19.46,950.2,10,1.946
"master","near_poisson",3,"gene263",TRUE,1.937,3.335,950.2,1.714,1.946
"mle","near_poisson",3,"gene264",TRUE,1.658,20750000,105.5,11890000,1.745
"cap_10s","near_poisson",3,"gene264",TRUE,1.658,17.45,105.5,10,1.745
"master","near_poisson",3,"gene264",TRUE,1.658,2.738,105.5,1.569,1.745
"master","near_poisson",3,"gene265",TRUE,1.743,4.811,756.7,3.094,1.555
"cap_10s","near_poisson",3,"gene265",TRUE,1.743,15.55,756.7,10,1.555
"mle","near_poisson",3,"gene265",TRUE,1.743,10100000,756.7,6493000,1.555
"master","near_poisson",3,"gene266",FALSE,1.827,3.559,983.6,2.134,1.668
"cap_10s","near_poisson",3,"gene266",FALSE,1.827,16.68,983.6,10,1.668
"mle","near_poisson",3,"gene266",FALSE,1.827,18.05,983.6,10.82,1.668
"master","near_poisson",3,"gene267",TRUE,2.62,7.381,151.1,3.13,2.358
"mle","near_poisson",3,"gene267",TRUE,2.62,12990000,151.1,5511000,2.358
"cap_10s","near_poisson",3,"gene267",TRUE,2.62,23.58,151.1,10,2.358
"master","near_poisson",3,"gene268",TRUE,3.548,6.282,260.6,1.803,3.483
"mle","near_poisson",3,"gene268",TRUE,3.548,23790000,260.6,6829000,3.483
"cap_10s","near_poisson",3,"gene268",TRUE,3.548,34.83,260.6,10,3.483
"mle","near_poisson",3,"gene269",TRUE,1.247,23280000,220.2,20460000,1.138
"cap_10s","near_poisson",3,"gene269",TRUE,1.247,11.38,220.2,10,1.138
"master","near_poisson",3,"gene269",TRUE,1.247,3,220.2,2.638,1.138
"cap_10s","near_poisson",3,"gene27",TRUE,2.66,24.78,884.5,10,2.478
"mle","near_poisson",3,"gene27",TRUE,2.66,22540000,884.5,9093000,2.478
"master","near_poisson",3,"gene27",TRUE,2.66,5.219,884.5,2.106,2.478
"cap_10s","near_poisson",3,"gene270",FALSE,3.335,28.08,93.59,8.743,3.212
"master","near_poisson",3,"gene270",FALSE,3.335,6.681,93.59,2.08,3.212
"mle","near_poisson",3,"gene270",FALSE,3.335,28.08,93.59,8.743,3.212
"master","near_poisson",3,"gene271",FALSE,4.418,9.913,321.2,2.317,4.278
"mle","near_poisson",3,"gene271",FALSE,4.418,105.7,321.2,24.7,4.278
"cap_10s","near_poisson",3,"gene271",FALSE,4.418,42.78,321.2,10,4.278
"master","near_poisson",3,"gene272",TRUE,1.513,3.227,594.2,2.275,1.418
"mle","near_poisson",3,"gene272",TRUE,1.513,11940000,594.2,8415000,1.418
"cap_10s","near_poisson",3,"gene272",TRUE,1.513,14.18,594.2,10,1.418
"mle","near_poisson",3,"gene273",TRUE,2.393,9040000,62.69,3617000,2.5
"master","near_poisson",3,"gene273",TRUE,2.393,4.647,62.69,1.859,2.5
"cap_10s","near_poisson",3,"gene273",TRUE,2.393,25,62.69,10,2.5
"mle","near_poisson",3,"gene274",FALSE,1.078,43.22,693.8,40.89,1.057
"master","near_poisson",3,"gene274",FALSE,1.078,3.022,693.8,2.859,1.057
"cap_10s","near_poisson",3,"gene274",FALSE,1.078,10.57,693.8,10,1.057
"master","near_poisson",3,"gene275",TRUE,4.675,6.717,168.3,1.634,4.111
"mle","near_poisson",3,"gene275",TRUE,4.675,15310000,168.3,3725000,4.111
"cap_10s","near_poisson",3,"gene275",TRUE,4.675,41.11,168.3,10,4.111
"master","near_poisson",3,"gene276",FALSE,4.518,15.84,63.43,3.881,4.081
"mle","near_poisson",3,"gene276",FALSE,4.518,40.94,63.43,10.03,4.081
"cap_10s","near_poisson",3,"gene276",FALSE,4.518,40.81,63.43,10,4.081
"master","near_poisson",3,"gene277",FALSE,3.445,8.731,513.1,2.735,3.193
"mle","near_poisson",3,"gene277",FALSE,3.445,35.42,513.1,11.1,3.193
"cap_10s","near_poisson",3,"gene277",FALSE,3.445,31.93,513.1,10,3.193
"master","near_poisson",3,"gene278",FALSE,1.25,4.455,732.2,4.203,1.06
"cap_10s","near_poisson",3,"gene278",FALSE,1.25,10.6,732.2,10,1.06
"mle","near_poisson",3,"gene278",FALSE,1.25,63.78,732.2,60.17,1.06
"cap_10s","near_poisson",3,"gene279",TRUE,1.393,10.74,216.4,10,1.074
"mle","near_poisson",3,"gene279",TRUE,1.393,5687000,216.4,5295000,1.074
"master","near_poisson",3,"gene279",TRUE,1.393,2.842,216.4,2.647,1.074
"cap_10s","near_poisson",3,"gene28",FALSE,1.678,16.24,186.3,10,1.624
"mle","near_poisson",3,"gene28",FALSE,1.678,18.08,186.3,11.14,1.624
"master","near_poisson",3,"gene28",FALSE,1.678,4.18,186.3,2.575,1.624
"mle","near_poisson",3,"gene280",TRUE,2.128,9683000,108.4,4798000,2.018
"master","near_poisson",3,"gene280",TRUE,2.128,5.675,108.4,2.812,2.018
"cap_10s","near_poisson",3,"gene280",TRUE,2.128,20.18,108.4,10,2.018
"mle","near_poisson",3,"gene281",TRUE,1.948,25170000,67.3,13420000,1.876
"master","near_poisson",3,"gene281",TRUE,1.948,4.163,67.3,2.218,1.876
"cap_10s","near_poisson",3,"gene281",TRUE,1.948,18.76,67.3,10,1.876
"master","near_poisson",3,"gene282",FALSE,1.603,4.023,553.4,2.395,1.679
"cap_10s","near_poisson",3,"gene282",FALSE,1.603,16.79,553.4,10,1.679
"mle","near_poisson",3,"gene282",FALSE,1.603,26.31,553.4,15.67,1.679
"cap_10s","near_poisson",3,"gene283",FALSE,1.598,16.23,140.8,10,1.623
"mle","near_poisson",3,"gene283",FALSE,1.598,477.4,140.8,294.2,1.623
"master","near_poisson",3,"gene283",FALSE,1.598,2.662,140.8,1.641,1.623
"master","near_poisson",3,"gene284",TRUE,2.115,4.016,754.9,1.931,2.08
"mle","near_poisson",3,"gene284",TRUE,2.115,9224000,754.9,4434000,2.08
"cap_10s","near_poisson",3,"gene284",TRUE,2.115,20.8,754.9,10,2.08
"master","near_poisson",3,"gene285",TRUE,2.128,3.838,103.6,1.723,2.228
"mle","near_poisson",3,"gene285",TRUE,2.128,7947000,103.6,3567000,2.228
"cap_10s","near_poisson",3,"gene285",TRUE,2.128,22.28,103.6,10,2.228
"master","near_poisson",3,"gene286",FALSE,1.053,1.902,76.27,1.929,0.986
"mle","near_poisson",3,"gene286",FALSE,1.053,43.56,76.27,44.18,0.986
"cap_10s","near_poisson",3,"gene286",FALSE,1.053,9.86,76.27,10,0.986
"mle","near_poisson",3,"gene287",FALSE,2.613,23.23,603,9.919,2.342
"cap_10s","near_poisson",3,"gene287",FALSE,2.613,23.23,603,9.919,2.342
"master","near_poisson",3,"gene287",FALSE,2.613,7.017,603,2.996,2.342
"master","near_poisson",3,"gene288",TRUE,1.197,2.093,142,1.669,1.254
"mle","near_poisson",3,"gene288",TRUE,1.197,8640000,142,6890000,1.254
"cap_10s","near_poisson",3,"gene288",TRUE,1.197,12.54,142,10,1.254
"master","near_poisson",3,"gene289",FALSE,3.077,5.775,303.2,1.916,3.014
"mle","near_poisson",3,"gene289",FALSE,3.077,2782,303.2,923.1,3.014
"cap_10s","near_poisson",3,"gene289",FALSE,3.077,30.14,303.2,10,3.014
"cap_10s","near_poisson",3,"gene29",FALSE,2.628,24.18,748,10,2.418
"master","near_poisson",3,"gene29",FALSE,2.628,4.594,748,1.9,2.418
"mle","near_poisson",3,"gene29",FALSE,2.628,37.11,748,15.35,2.418
"master","near_poisson",3,"gene290",FALSE,2.128,4.948,298.1,2.866,1.726
"mle","near_poisson",3,"gene290",FALSE,2.128,24.65,298.1,14.28,1.726
"cap_10s","near_poisson",3,"gene290",FALSE,2.128,17.26,298.1,10,1.726
"master","near_poisson",3,"gene291",TRUE,4.585,8.845,547.4,2.018,4.384
"mle","near_poisson",3,"gene291",TRUE,4.585,7016000,547.4,1600000,4.384
"cap_10s","near_poisson",3,"gene291",TRUE,4.585,43.84,547.4,10,4.384
"cap_10s","near_poisson",3,"gene292",TRUE,1.302,12.75,731.6,10,1.275
"master","near_poisson",3,"gene292",TRUE,1.302,2.743,731.6,2.152,1.275
"mle","near_poisson",3,"gene292",TRUE,1.302,7721000,731.6,6058000,1.275
"master","near_poisson",3,"gene293",TRUE,1.118,1.969,201.1,1.879,1.048
"mle","near_poisson",3,"gene293",TRUE,1.118,18830000,201.1,17960000,1.048
"cap_10s","near_poisson",3,"gene293",TRUE,1.118,10.48,201.1,10,1.048
"master","near_poisson",3,"gene294",TRUE,2.378,6.743,498.7,3.252,2.073
"mle","near_poisson",3,"gene294",TRUE,2.378,17460000,498.7,8420000,2.073
"cap_10s","near_poisson",3,"gene294",TRUE,2.378,20.73,498.7,10,2.073
"master","near_poisson",3,"gene295",FALSE,4.667,9.371,723.2,2.124,4.413
"mle","near_poisson",3,"gene295",FALSE,4.667,55.96,723.2,12.68,4.413
"cap_10s","near_poisson",3,"gene295",FALSE,4.667,44.13,723.2,10,4.413
"cap_10s","near_poisson",3,"gene296",FALSE,1.095,10.92,193.8,10,1.092
"mle","near_poisson",3,"gene296",FALSE,1.095,32.15,193.8,29.42,1.092
"master","near_poisson",3,"gene296",FALSE,1.095,1.746,193.8,1.599,1.092
"master","near_poisson",3,"gene297",FALSE,1.302,2.089,80.36,1.851,1.129
"mle","near_poisson",3,"gene297",FALSE,1.302,66.07,80.36,58.52,1.129
"cap_10s","near_poisson",3,"gene297",FALSE,1.302,11.29,80.36,10,1.129
"master","near_poisson",3,"gene298",FALSE,0.98,2.199,195,2.356,0.9335
"mle","near_poisson",3,"gene298",FALSE,0.98,33.58,195,35.97,0.9335
"cap_10s","near_poisson",3,"gene298",FALSE,0.98,9.335,195,10,0.9335
"master","near_poisson",3,"gene299",FALSE,1.758,4.414,399.8,2.716,1.625
"mle","near_poisson",3,"gene299",FALSE,1.758,45.65,399.8,28.09,1.625
"cap_10s","near_poisson",3,"gene299",FALSE,1.758,16.25,399.8,10,1.625
"cap_10s","near_poisson",3,"gene3",TRUE,2.375,15.32,54.14,10,1.532
"master","near_poisson",3,"gene3",TRUE,2.375,4.392,54.14,2.866,1.532
"mle","near_poisson",3,"gene3",TRUE,2.375,8777000,54.14,5727000,1.532
"cap_10s","near_poisson",3,"gene30",TRUE,2.827,24.93,189.1,10,2.493
"master","near_poisson",3,"gene30",TRUE,2.827,8.45,189.1,3.39,2.493
"mle","near_poisson",3,"gene30",TRUE,2.827,12640000,189.1,5070000,2.493
"mle","near_poisson",3,"gene300",TRUE,3.513,11970000,191.1,3465000,3.454
"cap_10s","near_poisson",3,"gene300",TRUE,3.513,34.54,191.1,10,3.454
"master","near_poisson",3,"gene300",TRUE,3.513,7.21,191.1,2.087,3.454
"master","near_poisson",3,"gene31",TRUE,3.822,8.462,656.6,2.758,3.068
"mle","near_poisson",3,"gene31",TRUE,3.822,8445000,656.6,2753000,3.068
"cap_10s","near_poisson",3,"gene31",TRUE,3.822,30.68,656.6,10,3.068
"mle","near_poisson",3,"gene32",TRUE,2.245,15040000,687.2,6331000,2.376
"cap_10s","near_poisson",3,"gene32",TRUE,2.245,23.76,687.2,10,2.376
"master","near_poisson",3,"gene32",TRUE,2.245,4.315,687.2,1.816,2.376
"cap_10s","near_poisson",3,"gene33",FALSE,1.693,12.86,154.9,10,1.286
"master","near_poisson",3,"gene33",FALSE,1.693,7.303,154.9,5.68,1.286
"mle","near_poisson",3,"gene33",FALSE,1.693,428,154.9,332.9,1.286
"cap_10s","near_poisson",3,"gene34",TRUE,1.302,13.34,410.7,10,1.334
"master","near_poisson",3,"gene34",TRUE,1.302,2.138,410.7,1.603,1.334
"mle","near_poisson",3,"gene34",TRUE,1.302,7154000,410.7,5364000,1.334
"master","near_poisson",3,"gene35",FALSE,1.902,3.541,890.1,2.224,1.593
"cap_10s","near_poisson",3,"gene35",FALSE,1.902,15.93,890.1,10,1.593
"mle","near_poisson",3,"gene35",FALSE,1.902,33.98,890.1,21.34,1.593
"master","near_poisson",3,"gene36",TRUE,2.535,7.836,623.5,3.33,2.353
"cap_10s","near_poisson",3,"gene36",TRUE,2.535,23.53,623.5,10,2.353
"mle","near_poisson",3,"gene36",TRUE,2.535,10570000,623.5,4490000,2.353
"mle","near_poisson",3,"gene37",FALSE,1.965,84.14,940.6,47.59,1.768
"cap_10s","near_poisson",3,"gene37",FALSE,1.965,17.68,940.6,10,1.768
"master","near_poisson",3,"gene37",FALSE,1.965,5.984,940.6,3.384,1.768
"mle","near_poisson",3,"gene38",FALSE,2.028,37,95.91,19.51,1.896
"cap_10s","near_poisson",3,"gene38",FALSE,2.028,18.96,95.91,10,1.896
"master","near_poisson",3,"gene38",FALSE,2.028,4.823,95.91,2.543,1.896
"mle","near_poisson",3,"gene39",TRUE,1.455,9845000,76.46,7452000,1.321
"cap_10s","near_poisson",3,"gene39",TRUE,1.455,13.21,76.46,10,1.321
"master","near_poisson",3,"gene39",TRUE,1.455,3.299,76.46,2.497,1.321
"cap_10s","near_poisson",3,"gene4",FALSE,4.818,25.5,299.9,10,2.55
"master","near_poisson",3,"gene4",FALSE,4.818,9.703,299.9,3.806,2.55
"mle","near_poisson",3,"gene4",FALSE,4.818,248.7,299.9,97.53,2.55
"cap_10s","near_poisson",3,"gene40",FALSE,1.597,15.31,55.38,10,1.531
"master","near_poisson",3,"gene40",FALSE,1.597,2.76,55.38,1.803,1.531
"mle","near_poisson",3,"gene40",FALSE,1.597,16.95,55.38,11.07,1.531
"mle","near_poisson",3,"gene41",TRUE,2.508,8592000,465.2,3674000,2.339
"cap_10s","near_poisson",3,"gene41",TRUE,2.508,23.39,465.2,10,2.339
"master","near_poisson",3,"gene41",TRUE,2.508,4.622,465.2,1.976,2.339
"cap_10s","near_poisson",3,"gene42",FALSE,2.062,20.69,635.5,10,2.069
"master","near_poisson",3,"gene42",FALSE,2.062,3.992,635.5,1.93,2.069
"mle","near_poisson",3,"gene42",FALSE,2.062,32.11,635.5,15.52,2.069
"cap_10s","near_poisson",3,"gene43",FALSE,1.767,12.52,412.9,7.513,1.666
"master","near_poisson",3,"gene43",FALSE,1.767,2.785,412.9,1.672,1.666
"mle","near_poisson",3,"gene43",FALSE,1.767,12.52,412.9,7.513,1.666
"cap_10s","near_poisson",3,"gene44",FALSE,1.695,16.17,97.9,10,1.617
"master","near_poisson",3,"gene44",FALSE,1.695,4.448,97.9,2.751,1.617
"mle","near_poisson",3,"gene44",FALSE,1.695,437.6,97.9,270.7,1.617
"mle","near_poisson",3,"gene45",TRUE,2.24,2236000,69.47,1093000,2.046
"master","near_poisson",3,"gene45",TRUE,2.24,7.703,69.47,3.764,2.046
"cap_10s","near_poisson",3,"gene45",TRUE,2.24,20.46,69.47,10,2.046
"cap_10s","near_poisson",3,"gene46",FALSE,3.118,27.95,195.7,10,2.795
"master","near_poisson",3,"gene46",FALSE,3.118,12.46,195.7,4.457,2.795
"mle","near_poisson",3,"gene46",FALSE,3.118,102.6,195.7,36.71,2.795
"cap_10s","near_poisson",3,"gene47",TRUE,0.9633,8.989,306.8,10,0.8989
"master","near_poisson",3,"gene47",TRUE,0.9633,2.254,306.8,2.507,0.8989
"mle","near_poisson",3,"gene47",TRUE,0.9633,14660000,306.8,16310000,0.8989
"cap_10s","near_poisson",3,"gene48",FALSE,1.402,12.83,335,10,1.283
"master","near_poisson",3,"gene48",FALSE,1.402,2.576,335,2.008,1.283
"mle","near_poisson",3,"gene48",FALSE,1.402,53.82,335,41.94,1.283
"master","near_poisson",3,"gene49",FALSE,3.723,8.516,576.7,2.576,3.306
"mle","near_poisson",3,"gene49",FALSE,3.723,220.1,576.7,66.58,3.306
"cap_10s","near_poisson",3,"gene49",FALSE,3.723,33.06,576.7,10,3.306
"mle","near_poisson",3,"gene5",TRUE,2.497,12350000,467.9,7411000,1.666
"master","near_poisson",3,"gene5",TRUE,2.497,3.291,467.9,1.975,1.666
"cap_10s","near_poisson",3,"gene5",TRUE,2.497,16.66,467.9,10,1.666
"cap_10s","near_poisson",3,"gene50",TRUE,1.825,16.32,131.4,10,1.632
"master","near_poisson",3,"gene50",TRUE,1.825,4.296,131.4,2.633,1.632
"mle","near_poisson",3,"gene50",TRUE,1.825,22030,131.4,13500,1.632
"cap_10s","near_poisson",3,"gene51",TRUE,5.865,56.11,87.32,10,5.611
"master","near_poisson",3,"gene51",TRUE,5.865,13.31,87.32,2.373,5.611
"mle","near_poisson",3,"gene51",TRUE,5.865,5170000,87.32,921500,5.611
"cap_10s","near_poisson",3,"gene52",FALSE,1.445,14.39,169.7,9.253,1.555
"master","near_poisson",3,"gene52",FALSE,1.445,2.831,169.7,1.821,1.555
"mle","near_poisson",3,"gene52",FALSE,1.445,14.39,169.7,9.253,1.555
"cap_10s","near_poisson",3,"gene53",FALSE,4.478,26.73,53.47,6.261,4.27
"master","near_poisson",3,"gene53",FALSE,4.478,10.29,53.47,2.41,4.27
"mle","near_poisson",3,"gene53",FALSE,4.478,26.73,53.47,6.261,4.27
"mle","near_poisson",3,"gene54",FALSE,2.478,51.27,645.5,21.71,2.361
"cap_10s","near_poisson",3,"gene54",FALSE,2.478,23.61,645.5,10,2.361
"master","near_poisson",3,"gene54",FALSE,2.478,6.548,645.5,2.773,2.361
"cap_10s","near_poisson",3,"gene55",FALSE,3.858,36.71,938.2,10,3.671
"master","near_poisson",3,"gene55",FALSE,3.858,7.497,938.2,2.042,3.671
"mle","near_poisson",3,"gene55",FALSE,3.858,86.56,938.2,23.58,3.671
"cap_10s","near_poisson",3,"gene56",FALSE,3.467,35.2,225.6,10,3.52
"master","near_poisson",3,"gene56",FALSE,3.467,7.567,225.6,2.15,3.52
"mle","near_poisson",3,"gene56",FALSE,3.467,37.25,225.6,10.59,3.52
"cap_10s","near_poisson",3,"gene57",FALSE,1.948,17.73,668.4,10,1.773
"master","near_poisson",3,"gene57",FALSE,1.948,3.733,668.4,2.105,1.773
"mle","near_poisson",3,"gene57",FALSE,1.948,135.7,668.4,76.5,1.773
"mle","near_poisson",3,"gene58",FALSE,3.598,106.3,154.8,35.5,2.995
"master","near_poisson",3,"gene58",FALSE,3.598,6.868,154.8,2.293,2.995
"cap_10s","near_poisson",3,"gene58",FALSE,3.598,29.95,154.8,10,2.995
"master","near_poisson",3,"gene59",FALSE,3.4,8.209,121.7,2.524,3.253
"cap_10s","near_poisson",3,"gene59",FALSE,3.4,32.53,121.7,10,3.253
"mle","near_poisson",3,"gene59",FALSE,3.4,67.29,121.7,20.69,3.253
"cap_10s","near_poisson",3,"gene6",FALSE,3.867,23.72,663.6,10,2.372
"master","near_poisson",3,"gene6",FALSE,3.867,6.619,663.6,2.791,2.372
"mle","near_poisson",3,"gene6",FALSE,3.867,47.05,663.6,19.84,2.372
"master","near_poisson",3,"gene60",FALSE,3.225,8.968,415.2,2.996,2.993
"cap_10s","near_poisson",3,"gene60",FALSE,3.225,29.93,415.2,10,2.993
"mle","near_poisson",3,"gene60",FALSE,3.225,39.49,415.2,13.19,2.993
"cap_10s","near_poisson",3,"gene61",TRUE,3.803,29.89,881.1,10,2.989
"mle","near_poisson",3,"gene61",TRUE,3.803,13950000,881.1,4669000,2.989
"master","near_poisson",3,"gene61",TRUE,3.803,5.291,881.1,1.77,2.989
"mle","near_poisson",3,"gene62",FALSE,3.747,51.31,528.1,14.11,3.637
"master","near_poisson",3,"gene62",FALSE,3.747,7.302,528.1,2.008,3.637
"cap_10s","near_poisson",3,"gene62",FALSE,3.747,36.37,528.1,10,3.637
"master","near_poisson",3,"gene63",FALSE,2.657,5.245,469.7,1.9,2.761
"cap_10s","near_poisson",3,"gene63",FALSE,2.657,27.61,469.7,10,2.761
"mle","near_poisson",3,"gene63",FALSE,2.657,86.8,469.7,31.44,2.761
"master","near_poisson",3,"gene64",FALSE,2.277,5.591,634.3,2.708,2.064
"cap_10s","near_poisson",3,"gene64",FALSE,2.277,20.64,634.3,10,2.064
"mle","near_poisson",3,"gene64",FALSE,2.277,105.2,634.3,50.97,2.064
"cap_10s","near_poisson",3,"gene65",FALSE,1.107,10.1,179.1,10,1.01
"master","near_poisson",3,"gene65",FALSE,1.107,3.6,179.1,3.562,1.01
"mle","near_poisson",3,"gene65",FALSE,1.107,57.48,179.1,56.89,1.01
"cap_10s","near_poisson",3,"gene66",TRUE,3.868,30.21,51.66,10,3.021
"master","near_poisson",3,"gene66",TRUE,3.868,7.969,51.66,2.638,3.021
"mle","near_poisson",3,"gene66",TRUE,3.868,16210000,51.66,5365000,3.021
"cap_10s","near_poisson",3,"gene67",TRUE,2.775,26.5,358.7,10,2.65
"master","near_poisson",3,"gene67",TRUE,2.775,6.465,358.7,2.44,2.65
"mle","near_poisson",3,"gene67",TRUE,2.775,9900000,358.7,3736000,2.65
"cap_10s","near_poisson",3,"gene68",TRUE,2.115,20.51,464.6,10,2.051
"master","near_poisson",3,"gene68",TRUE,2.115,4.486,464.6,2.187,2.051
"mle","near_poisson",3,"gene68",TRUE,2.115,7567000,464.6,3690000,2.051
"cap_10s","near_poisson",3,"gene69",FALSE,4.252,41.81,495.1,10,4.181
"master","near_poisson",3,"gene69",FALSE,4.252,7.492,495.1,1.792,4.181
"mle","near_poisson",3,"gene69",FALSE,4.252,71.16,495.1,17.02,4.181
"cap_10s","near_poisson",3,"gene7",TRUE,2.347,13.52,479.2,10,1.352
"master","near_poisson",3,"gene7",TRUE,2.347,2.585,479.2,1.912,1.352
"mle","near_poisson",3,"gene7",TRUE,2.347,22030,479.2,16300,1.352
"mle","near_poisson",3,"gene70",FALSE,1.892,56.09,81.32,30.76,1.824
"cap_10s","near_poisson",3,"gene70",FALSE,1.892,18.24,81.32,10,1.824
"master","near_poisson",3,"gene70",FALSE,1.892,3.979,81.32,2.182,1.824
"master","near_poisson",3,"gene71",TRUE,0.9033,1.564,58.12,2.118,0.7386
"mle","near_poisson",3,"gene71",TRUE,0.9033,6339000,58.12,8582000,0.7386
"cap_10s","near_poisson",3,"gene71",TRUE,0.9033,7.386,58.12,10,0.7386
"master","near_poisson",3,"gene72",TRUE,2.41,6.005,445.1,2.635,2.279
"mle","near_poisson",3,"gene72",TRUE,2.41,12530000,445.1,5500000,2.279
"cap_10s","near_poisson",3,"gene72",TRUE,2.41,22.79,445.1,10,2.279
"master","near_poisson",3,"gene73",TRUE,1.59,2.671,892.1,1.719,1.553
"mle","near_poisson",3,"gene73",TRUE,1.59,8469000,892.1,5451000,1.553
"cap_10s","near_poisson",3,"gene73",TRUE,1.59,15.53,892.1,10,1.553
"master","near_poisson",3,"gene74",FALSE,1.51,4.109,149.9,2.815,1.46
"mle","near_poisson",3,"gene74",FALSE,1.51,905.5,149.9,620.4,1.46
"cap_10s","near_poisson",3,"gene74",FALSE,1.51,14.6,149.9,10,1.46
"master","near_poisson",3,"gene75",FALSE,4.743,8.967,728.4,2.095,4.28
"mle","near_poisson",3,"gene75",FALSE,4.743,50.57,728.4,11.82,4.28
"cap_10s","near_poisson",3,"gene75",FALSE,4.743,42.8,728.4,10,4.28
"master","near_poisson",3,"gene76",TRUE,1.97,4.004,55.38,2.013,1.988
"mle","near_poisson",3,"gene76",TRUE,1.97,15890000,55.38,7992000,1.988
"cap_10s","near_poisson",3,"gene76",TRUE,1.97,19.89,55.38,10,1.988
"master","near_poisson",3,"gene77",TRUE,5.018,10.05,323.7,2.124,4.734
"mle","near_poisson",3,"gene77",TRUE,5.018,20640000,323.7,4360000,4.734
"cap_10s","near_poisson",3,"gene77",TRUE,5.018,47.34,323.7,10,4.734
"master","near_poisson",3,"gene78",FALSE,1.817,2.835,331.6,1.684,1.684
"cap_10s","near_poisson",3,"gene78",FALSE,1.817,16.84,331.6,10,1.684
"mle","near_poisson",3,"gene78",FALSE,1.817,56.43,331.6,33.51,1.684
"master","near_poisson",3,"gene79",FALSE,3.308,9.486,385.1,3.506,2.706
"mle","near_poisson",3,"gene79",FALSE,3.308,428.7,385.1,158.4,2.706
"cap_10s","near_poisson",3,"gene79",FALSE,3.308,27.06,385.1,10,2.706
"cap_10s","near_poisson",3,"gene8",TRUE,1.462,7.156,542.5,10,0.7156
"master","near_poisson",3,"gene8",TRUE,1.462,2.387,542.5,3.336,0.7156
"mle","near_poisson",3,"gene8",TRUE,1.462,9191000,542.5,12840000,0.7156
"mle","near_poisson",3,"gene80",TRUE,1.873,23340000,241.4,13030000,1.791
"cap_10s","near_poisson",3,"gene80",TRUE,1.873,17.91,241.4,10,1.791
"master","near_poisson",3,"gene80",TRUE,1.873,6.668,241.4,3.724,1.791
"mle","near_poisson",3,"gene81",FALSE,4.912,194.8,51.81,42.73,4.558
"cap_10s","near_poisson",3,"gene81",FALSE,4.912,45.58,51.81,10,4.558
"master","near_poisson",3,"gene81",FALSE,4.912,12.82,51.81,2.813,4.558
"cap_10s","near_poisson",3,"gene82",TRUE,1.25,12.52,67.9,10,1.252
"master","near_poisson",3,"gene82",TRUE,1.25,3.263,67.9,2.605,1.252
"mle","near_poisson",3,"gene82",TRUE,1.25,13070000,67.9,10440000,1.252
"master","near_poisson",3,"gene83",FALSE,1.7,4.188,232,2.47,1.696
"mle","near_poisson",3,"gene83",FALSE,1.7,29.92,232,17.64,1.696
"cap_10s","near_poisson",3,"gene83",FALSE,1.7,16.96,232,10,1.696
"cap_10s","near_poisson",3,"gene84",FALSE,3.388,29.73,666.7,10,2.973
"master","near_poisson",3,"gene84",FALSE,3.388,6.943,666.7,2.335,2.973
"mle","near_poisson",3,"gene84",FALSE,3.388,107.4,666.7,36.13,2.973
"master","near_poisson",3,"gene85",TRUE,4.505,7.865,140.5,1.922,4.092
"mle","near_poisson",3,"gene85",TRUE,4.505,27760000,140.5,6785000,4.092
"cap_10s","near_poisson",3,"gene85",TRUE,4.505,40.92,140.5,10,4.092
"mle","near_poisson",3,"gene86",FALSE,4.922,129.9,391.8,29.17,4.452
"master","near_poisson",3,"gene86",FALSE,4.922,12.12,391.8,2.722,4.452
"cap_10s","near_poisson",3,"gene86",FALSE,4.922,44.52,391.8,10,4.452
"master","near_poisson",3,"gene87",FALSE,3.443,10.03,260.8,3.34,3.002
"mle","near_poisson",3,"gene87",FALSE,3.443,66.82,260.8,22.25,3.002
"cap_10s","near_poisson",3,"gene87",FALSE,3.443,30.02,260.8,10,3.002
"master","near_poisson",3,"gene88",TRUE,1.573,3.21,142.9,2.115,1.518
"cap_10s","near_poisson",3,"gene88",TRUE,1.573,15.18,142.9,10,1.518
"mle","near_poisson",3,"gene88",TRUE,1.573,22720000,142.9,14970000,1.518
"master","near_poisson",3,"gene89",TRUE,3.377,5.811,153.6,1.719,3.38
"mle","near_poisson",3,"gene89",TRUE,3.377,11870000,153.6,3511000,3.38
"cap_10s","near_poisson",3,"gene89",TRUE,3.377,33.8,153.6,10,3.38
"master","near_poisson",3,"gene9",TRUE,2.797,3.928,77.73,2.414,1.627
"mle","near_poisson",3,"gene9",TRUE,2.797,8795000,77.73,5405000,1.627
"cap_10s","near_poisson",3,"gene9",TRUE,2.797,16.27,77.73,10,1.627
"master","near_poisson",3,"gene90",TRUE,2.442,4.355,440.9,1.933,2.253
"cap_10s","near_poisson",3,"gene90",TRUE,2.442,22.53,440.9,10,2.253
"mle","near_poisson",3,"gene90",TRUE,2.442,13210000,440.9,5866000,2.253
"cap_10s","near_poisson",3,"gene91",FALSE,1.455,13.11,241.6,10,1.311
"master","near_poisson",3,"gene91",FALSE,1.455,3.634,241.6,2.772,1.311
"mle","near_poisson",3,"gene91",FALSE,1.455,35.22,241.6,26.87,1.311
"master","near_poisson",3,"gene92",TRUE,2.233,4.755,482.1,2.271,2.094
"cap_10s","near_poisson",3,"gene92",TRUE,2.233,20.94,482.1,10,2.094
"mle","near_poisson",3,"gene92",TRUE,2.233,16800000,482.1,8023000,2.094
"cap_10s","near_poisson",3,"gene93",FALSE,1.043,10.16,211.9,10,1.016
"master","near_poisson",3,"gene93",FALSE,1.043,1.892,211.9,1.861,1.016
"mle","near_poisson",3,"gene93",FALSE,1.043,121.5,211.9,119.6,1.016
"cap_10s","near_poisson",3,"gene94",TRUE,2.367,23.85,56.95,10,2.385
"mle","near_poisson",3,"gene94",TRUE,2.367,4855000,56.95,2035000,2.385
"master","near_poisson",3,"gene94",TRUE,2.367,4.621,56.95,1.937,2.385
"cap_10s","near_poisson",3,"gene95",FALSE,2.1,20.82,573.8,10,2.082
"master","near_poisson",3,"gene95",FALSE,2.1,4.993,573.8,2.398,2.082
"mle","near_poisson",3,"gene95",FALSE,2.1,46.18,573.8,22.18,2.082
"master","near_poisson",3,"gene96",TRUE,2.11,3.675,472.4,1.746,2.104
"mle","near_poisson",3,"gene96",TRUE,2.11,7464000,472.4,3547000,2.104
"cap_10s","near_poisson",3,"gene96",TRUE,2.11,21.04,472.4,10,2.104
"cap_10s","near_poisson",3,"gene97",FALSE,3.168,29.53,64.26,10,2.953
"master","near_poisson",3,"gene97",FALSE,3.168,5.396,64.26,1.827,2.953
"mle","near_poisson",3,"gene97",FALSE,3.168,151.1,64.26,51.18,2.953
"master","near_poisson",3,"gene98",FALSE,2.178,4.46,958.7,2.263,1.97
"mle","near_poisson",3,"gene98",FALSE,2.178,599.9,958.7,304.5,1.97
"cap_10s","near_poisson",3,"gene98",FALSE,2.178,19.7,958.7,10,1.97
"mle","near_poisson",3,"gene99",TRUE,1.277,20200000,68.07,17410000,1.16
"cap_10s","near_poisson",3,"gene99",TRUE,1.277,11.6,68.07,10,1.16
"master","near_poisson",3,"gene99",TRUE,1.277,3.187,68.07,2.747,1.16
"mle","trend",1,"gene1",FALSE,5.013,12.94,2.327,3.749,3.451
"cap_10s","trend",1,"gene1",FALSE,5.013,12.94,2.327,3.749,3.451
"master","trend",1,"gene1",FALSE,5.013,6.475,2.327,1.876,3.451
"cap_10s","trend",1,"gene10",FALSE,1.19,7.217,6.016,5.045,1.43
"master","trend",1,"gene10",FALSE,1.19,3.35,6.016,2.342,1.43
"mle","trend",1,"gene10",FALSE,1.19,7.217,6.016,5.045,1.43
"mle","trend",1,"gene100",FALSE,0.3317,5.19,18.54,13.59,0.3818
"cap_10s","trend",1,"gene100",FALSE,0.3317,3.818,18.54,10,0.3818
"master","trend",1,"gene100",FALSE,0.3317,0.7897,18.54,2.069,0.3818
"cap_10s","trend",1,"gene101",FALSE,0.2033,1.195,14.95,7.365,0.1623
"master","trend",1,"gene101",FALSE,0.2033,0.2779,14.95,1.713,0.1623
"mle","trend",1,"gene101",FALSE,0.2033,1.195,14.95,7.365,0.1623
"master","trend",1,"gene102",FALSE,1.777,3.98,3.211,2.595,1.534
"cap_10s","trend",1,"gene102",FALSE,1.777,5.738,3.211,3.74,1.534
"mle","trend",1,"gene102",FALSE,1.777,5.738,3.211,3.74,1.534
"cap_10s","trend",1,"gene103",FALSE,0.3717,4.064,29.34,10,0.4064
"master","trend",1,"gene103",FALSE,0.3717,0.6587,29.34,1.621,0.4064
"mle","trend",1,"gene103",FALSE,0.3717,14.06,29.34,34.6,0.4064
"cap_10s","trend",1,"gene104",FALSE,1.743,11.02,5.939,6.47,1.703
"master","trend",1,"gene104",FALSE,1.743,3.522,5.939,2.068,1.703
"mle","trend",1,"gene104",FALSE,1.743,11.02,5.939,6.47,1.703
"cap_10s","trend",1,"gene105",FALSE,1.758,10.67,6.828,6.145,1.736
"master","trend",1,"gene105",FALSE,1.758,4.452,6.828,2.564,1.736
"mle","trend",1,"gene105",FALSE,1.758,10.67,6.828,6.145,1.736
"cap_10s","trend",1,"gene106",FALSE,1.303,6.89,6.067,5.74,1.2
"master","trend",1,"gene106",FALSE,1.303,2.014,6.067,1.678,1.2
"mle","trend",1,"gene106",FALSE,1.303,6.89,6.067,5.74,1.2
"cap_10s","trend",1,"gene107",TRUE,0.82,8.551,10.26,10,0.8551
"master","trend",1,"gene107",TRUE,0.82,1.514,10.26,1.77,0.8551
"mle","trend",1,"gene107",TRUE,0.82,8311000,10.26,9719000,0.8551
"cap_10s","trend",1,"gene108",FALSE,5.31,11.48,2.034,2.284,5.028
"master","trend",1,"gene108",FALSE,5.31,11.48,2.034,2.284,5.028
"mle","trend",1,"gene108",FALSE,5.31,11.48,2.034,2.284,5.028
"cap_10s","trend",1,"gene109",FALSE,5.44,9.541,1.913,1.85,5.157
"master","trend",1,"gene109",FALSE,5.44,9.541,1.913,1.85,5.157
"mle","trend",1,"gene109",FALSE,5.44,9.541,1.913,1.85,5.157
"cap_10s","trend",1,"gene11",FALSE,0.9917,3.66,7.097,4.707,0.7775
"master","trend",1,"gene11",FALSE,0.9917,1.268,7.097,1.63,0.7775
"mle","trend",1,"gene11",FALSE,0.9917,3.66,7.097,4.707,0.7775
"mle","trend",1,"gene110",FALSE,0.39,19.45,16.89,48.17,0.4038
"cap_10s","trend",1,"gene110",FALSE,0.39,4.038,16.89,10,0.4038
"master","trend",1,"gene110",FALSE,0.39,0.674,16.89,1.669,0.4038
"master","trend",1,"gene111",FALSE,0.9617,1.838,5.724,1.84,0.9988
"mle","trend",1,"gene111",FALSE,0.9617,9.38,5.724,9.391,0.9988
"cap_10s","trend",1,"gene111",FALSE,0.9617,9.38,5.724,9.391,0.9988
"master","trend",1,"gene112",FALSE,0.9383,1.369,9.121,1.752,0.7816
"mle","trend",1,"gene112",FALSE,0.9383,5.103,9.121,6.529,0.7816
"cap_10s","trend",1,"gene112",FALSE,0.9383,5.103,9.121,6.529,0.7816
"master","trend",1,"gene113",FALSE,0.305,0.5257,17.68,1.64,0.3206
"mle","trend",1,"gene113",FALSE,0.305,282,17.68,879.5,0.3206
"cap_10s","trend",1,"gene113",FALSE,0.305,3.206,17.68,10,0.3206
"master","trend",1,"gene114",FALSE,6.938,19.31,2.108,3.717,5.195
"mle","trend",1,"gene114",FALSE,6.938,19.31,2.108,3.717,5.195
"cap_10s","trend",1,"gene114",FALSE,6.938,19.31,2.108,3.717,5.195
"master","trend",1,"gene115",FALSE,1.278,2.868,8.376,2.258,1.27
"mle","trend",1,"gene115",FALSE,1.278,513.1,8.376,404.1,1.27
"cap_10s","trend",1,"gene115",FALSE,1.278,12.7,8.376,10,1.27
"master","trend",1,"gene116",FALSE,3.53,7.071,3.633,2.218,3.188
"cap_10s","trend",1,"gene116",FALSE,3.53,12.32,3.633,3.864,3.188
"mle","trend",1,"gene116",FALSE,3.53,12.32,3.633,3.864,3.188
"master","trend",1,"gene117",FALSE,0.37,0.5975,14.43,1.625,0.3678
"cap_10s","trend",1,"gene117",FALSE,0.37,3.678,14.43,10,0.3678
"mle","trend",1,"gene117",FALSE,0.37,38.69,14.43,105.2,0.3678
"mle","trend",1,"gene118",TRUE,0.27,2699000,30.03,12840000,0.2102
"cap_10s","trend",1,"gene118",TRUE,0.27,2.102,30.03,10,0.2102
"master","trend",1,"gene118",TRUE,0.27,0.5088,30.03,2.421,0.2102
"mle","trend",1,"gene119",FALSE,0.1967,4.198,34.35,30.86,0.136
"master","trend",1,"gene119",FALSE,0.1967,0.4303,34.35,3.164,0.136
"cap_10s","trend",1,"gene119",FALSE,0.1967,1.36,34.35,10,0.136
"cap_10s","trend",1,"gene12",FALSE,0.8433,5.457,6.723,5.45,1.001
"master","trend",1,"gene12",FALSE,0.8433,2.074,6.723,2.071,1.001
"mle","trend",1,"gene12",FALSE,0.8433,5.457,6.723,5.45,1.001
"master","trend",1,"gene120",FALSE,1.6,3.441,5.562,2.363,1.456
"mle","trend",1,"gene120",FALSE,1.6,5.602,5.562,3.847,1.456
"cap_10s","trend",1,"gene120",FALSE,1.6,5.602,5.562,3.847,1.456
"cap_10s","trend",1,"gene121",FALSE,3.482,18.72,2.908,5.954,3.145
"mle","trend",1,"gene121",FALSE,3.482,18.72,2.908,5.954,3.145
"master","trend",1,"gene121",FALSE,3.482,6.865,2.908,2.183,3.145
"cap_10s","trend",1,"gene122",FALSE,7.183,11.03,1.416,1.604,6.879
"mle","trend",1,"gene122",FALSE,7.183,11.03,1.416,1.604,6.879
"master","trend",1,"gene122",FALSE,7.183,11.03,1.416,1.604,6.879
"master","trend",1,"gene123",FALSE,0.35,0.6548,17.88,1.931,0.3392
"mle","trend",1,"gene123",FALSE,0.35,16.3,17.88,48.07,0.3392
"cap_10s","trend",1,"gene123",FALSE,0.35,3.392,17.88,10,0.3392
"master","trend",1,"gene124",FALSE,1.35,2.184,4.97,1.809,1.207
"cap_10s","trend",1,"gene124",FALSE,1.35,7.109,4.97,5.888,1.207
"mle","trend",1,"gene124",FALSE,1.35,7.109,4.97,5.888,1.207
"cap_10s","trend",1,"gene125",FALSE,4.495,4.909,1.06,1.319,3.723
"master","trend",1,"gene125",FALSE,4.495,4.909,1.06,1.319,3.723
"mle","trend",1,"gene125",FALSE,4.495,4.909,1.06,1.319,3.723
"mle","trend",1,"gene126",FALSE,4.602,20.53,2.585,5.082,4.04
"master","trend",1,"gene126",FALSE,4.602,10.8,2.585,2.674,4.04
"cap_10s","trend",1,"gene126",FALSE,4.602,20.53,2.585,5.082,4.04
"mle","trend",1,"gene127",FALSE,0.1683,3.539,26.63,21.91,0.1615
"master","trend",1,"gene127",FALSE,0.1683,0.2513,26.63,1.556,0.1615
"cap_10s","trend",1,"gene127",FALSE,0.1683,1.615,26.63,10,0.1615
"master","trend",1,"gene128",FALSE,0.675,1.206,17.25,1.824,0.661
"cap_10s","trend",1,"gene128",FALSE,0.675,6.61,17.25,10,0.661
"mle","trend",1,"gene128",FALSE,0.675,6.945,17.25,10.51,0.661
"master","trend",1,"gene129",FALSE,6.653,5.586,0.8022,0.9231,6.051
"cap_10s","trend",1,"gene129",FALSE,6.653,5.586,0.8022,0.9231,6.051
"mle","trend",1,"gene129",FALSE,6.653,5.586,0.8022,0.9231,6.051
"cap_10s","trend",1,"gene13",FALSE,4.188,17.1,5.031,6.587,2.597
"master","trend",1,"gene13",FALSE,4.188,6.694,5.031,2.578,2.597
"mle","trend",1,"gene13",FALSE,4.188,17.1,5.031,6.587,2.597
"master","trend",1,"gene130",FALSE,0.265,0.3817,30.9,1.572,0.2428
"mle","trend",1,"gene130",FALSE,0.265,814.8,30.9,3356,0.2428
"cap_10s","trend",1,"gene130",FALSE,0.265,2.428,30.9,10,0.2428
"cap_10s","trend",1,"gene131",FALSE,3.192,11.83,3.317,4.181,2.83
"master","trend",1,"gene131",FALSE,3.192,8.597,3.317,3.038,2.83
"mle","trend",1,"gene131",FALSE,3.192,11.83,3.317,4.181,2.83
"master","trend",1,"gene132",FALSE,5.35,6.505,1.132,1.24,5.247
"cap_10s","trend",1,"gene132",FALSE,5.35,6.505,1.132,1.24,5.247
"mle","trend",1,"gene132",FALSE,5.35,6.505,1.132,1.24,5.247
"master","trend",1,"gene133",TRUE,1.077,2.781,9.936,2.832,0.9821
"cap_10s","trend",1,"gene133",TRUE,1.077,9.821,9.936,10,0.9821
"mle","trend",1,"gene133",TRUE,1.077,4180000,9.936,4257000,0.9821
"cap_10s","trend",1,"gene134",FALSE,0.4417,4.515,14.45,10,0.4515
"mle","trend",1,"gene134",FALSE,0.4417,216.6,14.45,479.7,0.4515
"master","trend",1,"gene134",FALSE,0.4417,0.927,14.45,2.053,0.4515
"cap_10s","trend",1,"gene135",FALSE,0.4033,3.912,28.72,9.423,0.4151
"mle","trend",1,"gene135",FALSE,0.4033,3.912,28.72,9.423,0.4151
"master","trend",1,"gene135",FALSE,0.4033,0.8115,28.72,1.955,0.4151
"master","trend",1,"gene136",FALSE,1.308,3.361,8.874,2.823,1.191
"mle","trend",1,"gene136",FALSE,1.308,11.25,8.874,9.448,1.191
"cap_10s","trend",1,"gene136",FALSE,1.308,11.25,8.874,9.448,1.191
"master","trend",1,"gene137",FALSE,0.39,0.8538,18.84,2.249,0.3796
"cap_10s","trend",1,"gene137",FALSE,0.39,3.796,18.84,10,0.3796
"mle","trend",1,"gene137",FALSE,0.39,10.98,18.84,28.91,0.3796
"cap_10s","trend",1,"gene138",FALSE,0.2617,2.453,21.78,9.17,0.2675
"master","trend",1,"gene138",FALSE,0.2617,0.3523,21.78,1.317,0.2675
"mle","trend",1,"gene138",FALSE,0.2617,2.453,21.78,9.17,0.2675
"mle","trend",1,"gene139",FALSE,0.48,18.95,20.94,42.39,0.447
"master","trend",1,"gene139",FALSE,0.48,0.5915,20.94,1.323,0.447
"cap_10s","trend",1,"gene139",FALSE,0.48,4.47,20.94,10,0.447
"mle","trend",1,"gene14",FALSE,0.1533,4.799,17.11,29.61,0.162
"cap_10s","trend",1,"gene14",FALSE,0.1533,1.62,17.11,10,0.162
"master","trend",1,"gene14",FALSE,0.1533,0.2654,17.11,1.638,0.162
"mle","trend",1,"gene140",FALSE,2.222,5.013,3.392,2.4,2.089
"cap_10s","trend",1,"gene140",FALSE,2.222,5.013,3.392,2.4,2.089
"master","trend",1,"gene140",FALSE,2.222,3.247,3.392,1.555,2.089
"cap_10s","trend",1,"gene141",FALSE,0.6183,5.976,13.55,10,0.5976
"master","trend",1,"gene141",FALSE,0.6183,1.214,13.55,2.032,0.5976
"mle","trend",1,"gene141",FALSE,0.6183,29.78,13.55,49.83,0.5976
"cap_10s","trend",1,"gene142",FALSE,0.3783,3.319,23.84,10,0.3319
"master","trend",1,"gene142",FALSE,0.3783,0.6251,23.84,1.884,0.3319
"mle","trend",1,"gene142",FALSE,0.3783,5.281,23.84,15.91,0.3319
"master","trend",1,"gene143",FALSE,0.535,0.8722,16.6,1.967,0.4434
"cap_10s","trend",1,"gene143",FALSE,0.535,4.434,16.6,10,0.4434
"mle","trend",1,"gene143",FALSE,0.535,22.34,16.6,50.38,0.4434
"master","trend",1,"gene144",FALSE,6.568,8.217,1.515,1.438,5.715
"cap_10s","trend",1,"gene144",FALSE,6.568,8.217,1.515,1.438,5.715
"mle","trend",1,"gene144",FALSE,6.568,8.217,1.515,1.438,5.715
"cap_10s","trend",1,"gene145",FALSE,0.7867,5.891,17.89,7.179,0.8206
"master","trend",1,"gene145",FALSE,0.7867,1.922,17.89,2.342,0.8206
"mle","trend",1,"gene145",FALSE,0.7867,5.891,17.89,7.179,0.8206
"master","trend",1,"gene146",FALSE,0.2417,0.459,25.02,1.742,0.2635
"cap_10s","trend",1,"gene146",FALSE,0.2417,2.635,25.02,10,0.2635
"mle","trend",1,"gene146",FALSE,0.2417,23.86,25.02,90.57,0.2635
"cap_10s","trend",1,"gene147",FALSE,0.3133,2.636,14.06,10,0.2636
"master","trend",1,"gene147",FALSE,0.3133,0.7425,14.06,2.817,0.2636
"mle","trend",1,"gene147",FALSE,0.3133,2.864,14.06,10.86,0.2636
"cap_10s","trend",1,"gene148",FALSE,6.122,7.163,1.161,1.39,5.154
"mle","trend",1,"gene148",FALSE,6.122,7.163,1.161,1.39,5.154
"master","trend",1,"gene148",FALSE,6.122,7.163,1.161,1.39,5.154
"cap_10s","trend",1,"gene149",FALSE,0.1267,1.354,37.66,10,0.1354
"master","trend",1,"gene149",FALSE,0.1267,0.1804,37.66,1.332,0.1354
"mle","trend",1,"gene149",FALSE,0.1267,2.827,37.66,20.88,0.1354
"cap_10s","trend",1,"gene15",TRUE,0.5667,4.254,20.88,10,0.4254
"master","trend",1,"gene15",TRUE,0.5667,1.135,20.88,2.668,0.4254
"mle","trend",1,"gene15",TRUE,0.5667,8622000,20.88,20270000,0.4254
"master","trend",1,"gene150",FALSE,1.33,3.476,3.895,3.155,1.102
"mle","trend",1,"gene150",FALSE,1.33,5.07,3.895,4.603,1.102
"cap_10s","trend",1,"gene150",FALSE,1.33,5.07,3.895,4.603,1.102
"cap_10s","trend",1,"gene151",FALSE,0.905,7.565,5.714,8.11,0.9328
"master","trend",1,"gene151",FALSE,0.905,1.524,5.714,1.634,0.9328
"mle","trend",1,"gene151",FALSE,0.905,7.565,5.714,8.11,0.9328
"master","trend",1,"gene152",FALSE,0.1767,0.3694,38.94,1.945,0.1899
"mle","trend",1,"gene152",FALSE,0.1767,3.373,38.94,17.76,0.1899
"cap_10s","trend",1,"gene152",FALSE,0.1767,1.899,38.94,10,0.1899
"mle","trend",1,"gene153",FALSE,0.745,5.039,11.77,7.13,0.7067
"master","trend",1,"gene153",FALSE,0.745,1.235,11.77,1.748,0.7067
"cap_10s","trend",1,"gene153",FALSE,0.745,5.039,11.77,7.13,0.7067
"master","trend",1,"gene154",FALSE,2.182,5.066,4.452,2.261,2.24
"mle","trend",1,"gene154",FALSE,2.182,15.88,4.452,7.087,2.24
"cap_10s","trend",1,"gene154",FALSE,2.182,15.88,4.452,7.087,2.24
"master","trend",1,"gene155",FALSE,1.567,2.5,6.401,1.659,1.507
"cap_10s","trend",1,"gene155",FALSE,1.567,6.708,6.401,4.452,1.507
"mle","trend",1,"gene155",FALSE,1.567,6.708,6.401,4.452,1.507
"master","trend",1,"gene156",FALSE,3.668,9.957,3.736,3.007,3.311
"mle","trend",1,"gene156",FALSE,3.668,16.14,3.736,4.873,3.311
"cap_10s","trend",1,"gene156",FALSE,3.668,16.14,3.736,4.873,3.311
"master","trend",1,"gene157",FALSE,1.355,2.468,7.427,1.913,1.29
"cap_10s","trend",1,"gene157",FALSE,1.355,12.9,7.427,10,1.29
"mle","trend",1,"gene157",FALSE,1.355,36.61,7.427,28.38,1.29
"master","trend",1,"gene158",FALSE,3.587,7.022,3.292,2.036,3.448
"cap_10s","trend",1,"gene158",FALSE,3.587,9.977,3.292,2.893,3.448
"mle","trend",1,"gene158",FALSE,3.587,9.977,3.292,2.893,3.448
"master","trend",1,"gene159",FALSE,0.4217,0.9402,12.87,2.285,0.4115
"mle","trend",1,"gene159",FALSE,0.4217,8.851,12.87,21.51,0.4115
"cap_10s","trend",1,"gene159",FALSE,0.4217,4.115,12.87,10,0.4115
"cap_10s","trend",1,"gene16",FALSE,0.125,1.349,38.72,10,0.1349
"master","trend",1,"gene16",FALSE,0.125,0.1614,38.72,1.197,0.1349
"mle","trend",1,"gene16",FALSE,0.125,3.856,38.72,28.6,0.1349
"master","trend",1,"gene160",FALSE,0.71,1.378,6.117,1.926,0.7158
"mle","trend",1,"gene160",FALSE,0.71,9.22,6.117,12.88,0.7158
"cap_10s","trend",1,"gene160",FALSE,0.71,7.158,6.117,10,0.7158
"mle","trend",1,"gene161",FALSE,0.3167,9.776,18.96,34.94,0.2798
"cap_10s","trend",1,"gene161",FALSE,0.3167,2.798,18.96,10,0.2798
"master","trend",1,"gene161",FALSE,0.3167,0.5336,18.96,1.907,0.2798
"cap_10s","trend",1,"gene162",FALSE,5.558,14.54,2.236,2.825,5.147
"mle","trend",1,"gene162",FALSE,5.558,14.54,2.236,2.825,5.147
"master","trend",1,"gene162",FALSE,5.558,9.126,2.236,1.773,5.147
"master","trend",1,"gene163",FALSE,0.2133,0.3014,20.03,1.428,0.2111
"mle","trend",1,"gene163",FALSE,0.2133,6.855,20.03,32.47,0.2111
"cap_10s","trend",1,"gene163",FALSE,0.2133,2.111,20.03,10,0.2111
"master","trend",1,"gene164",FALSE,4.662,9.938,2.629,2.405,4.133
"cap_10s","trend",1,"gene164",FALSE,4.662,15.22,2.629,3.683,4.133
"mle","trend",1,"gene164",FALSE,4.662,15.22,2.629,3.683,4.133
"cap_10s","trend",1,"gene165",FALSE,5.085,7.507,2.139,1.813,4.142
"master","trend",1,"gene165",FALSE,5.085,7.507,2.139,1.813,4.142
"mle","trend",1,"gene165",FALSE,5.085,7.507,2.139,1.813,4.142
"mle","trend",1,"gene166",FALSE,4.242,9.096,2.085,2.279,3.992
"master","trend",1,"gene166",FALSE,4.242,9.096,2.085,2.279,3.992
"cap_10s","trend",1,"gene166",FALSE,4.242,9.096,2.085,2.279,3.992
"mle","trend",1,"gene167",FALSE,1.093,27.33,9.359,27.59,0.9904
"master","trend",1,"gene167",FALSE,1.093,1.802,9.359,1.819,0.9904
"cap_10s","trend",1,"gene167",FALSE,1.093,9.904,9.359,10,0.9904
"master","trend",1,"gene168",FALSE,4.47,11.99,2.432,3.569,3.36
"cap_10s","trend",1,"gene168",FALSE,4.47,29.8,2.432,8.87,3.36
"mle","trend",1,"gene168",FALSE,4.47,29.8,2.432,8.87,3.36
"master","trend",1,"gene169",FALSE,0.25,0.4745,23.86,2.185,0.2172
"cap_10s","trend",1,"gene169",FALSE,0.25,1.882,23.86,8.669,0.2172
"mle","trend",1,"gene169",FALSE,0.25,1.882,23.86,8.669,0.2172
"cap_10s","trend",1,"gene17",FALSE,3.74,8.899,3.341,3.557,2.502
"master","trend",1,"gene17",FALSE,3.74,4.686,3.341,1.873,2.502
"mle","trend",1,"gene17",FALSE,3.74,8.899,3.341,3.557,2.502
"master","trend",1,"gene170",FALSE,5.1,9.069,1.848,1.895,4.787
"mle","trend",1,"gene170",FALSE,5.1,9.069,1.848,1.895,4.787
"cap_10s","trend",1,"gene170",FALSE,5.1,9.069,1.848,1.895,4.787
"cap_10s","trend",1,"gene171",FALSE,0.2667,2.98,18.26,10,0.298
"master","trend",1,"gene171",FALSE,0.2667,0.5134,18.26,1.723,0.298
"mle","trend",1,"gene171",FALSE,0.2667,14.83,18.26,49.75,0.298
"master","trend",1,"gene172",FALSE,0.7367,1.904,11.84,2.826,0.6738
"cap_10s","trend",1,"gene172",FALSE,0.7367,6.738,11.84,10,0.6738
"mle","trend",1,"gene172",FALSE,0.7367,12.07,11.84,17.91,0.6738
"master","trend",1,"gene173",FALSE,0.3683,0.8465,14.87,2.264,0.374
"cap_10s","trend",1,"gene173",FALSE,0.3683,3.74,14.87,10,0.374
"mle","trend",1,"gene173",FALSE,0.3683,6.015,14.87,16.08,0.374
"cap_10s","trend",1,"gene174",FALSE,3.495,5.306,1.406,1.623,3.27
"mle","trend",1,"gene174",FALSE,3.495,5.306,1.406,1.623,3.27
"master","trend",1,"gene174",FALSE,3.495,5.306,1.406,1.623,3.27
"cap_10s","trend",1,"gene175",FALSE,0.3383,3.823,11.26,10,0.3823
"mle","trend",1,"gene175",FALSE,0.3383,5.689,11.26,14.88,0.3823
"master","trend",1,"gene175",FALSE,0.3383,0.7626,11.26,1.995,0.3823
"master","trend",1,"gene176",FALSE,1.995,3.196,6.727,1.642,1.946
"mle","trend",1,"gene176",FALSE,1.995,7.577,6.727,3.893,1.946
"cap_10s","trend",1,"gene176",FALSE,1.995,7.577,6.727,3.893,1.946
"master","trend",1,"gene177",FALSE,0.59,1.125,6.823,1.945,0.5781
"cap_10s","trend",1,"gene177",FALSE,0.59,3.43,6.823,5.933,0.5781
"mle","trend",1,"gene177",FALSE,0.59,3.43,6.823,5.933,0.5781
"cap_10s","trend",1,"gene178",FALSE,1.02,5.382,5.481,5.575,0.9653
"master","trend",1,"gene178",FALSE,1.02,1.865,5.481,1.932,0.9653
"mle","trend",1,"gene178",FALSE,1.02,5.382,5.481,5.575,0.9653
"mle","trend",1,"gene179",FALSE,2.952,11.71,4.597,5.048,2.319
"master","trend",1,"gene179",FALSE,2.952,8.635,4.597,3.723,2.319
"cap_10s","trend",1,"gene179",FALSE,2.952,11.71,4.597,5.048,2.319
"mle","trend",1,"gene18",FALSE,1.4,7.527,6.751,4.388,1.715
"master","trend",1,"gene18",FALSE,1.4,3.215,6.751,1.874,1.715
"cap_10s","trend",1,"gene18",FALSE,1.4,7.527,6.751,4.388,1.715
"mle","trend",1,"gene180",FALSE,0.175,6.485,42.97,44.98,0.1442
"master","trend",1,"gene180",FALSE,0.175,0.283,42.97,1.963,0.1442
"cap_10s","trend",1,"gene180",FALSE,0.175,1.442,42.97,10,0.1442
"cap_10s","trend",1,"gene181",FALSE,2.058,18.7,8.651,9.61,1.946
"master","trend",1,"gene181",FALSE,2.058,3.63,8.651,1.865,1.946
"mle","trend",1,"gene181",FALSE,2.058,18.7,8.651,9.61,1.946
"cap_10s","trend",1,"gene182",FALSE,0.5083,4.907,20.63,10,0.4907
"mle","trend",1,"gene182",FALSE,0.5083,5.74,20.63,11.7,0.4907
"master","trend",1,"gene182",FALSE,0.5083,0.8922,20.63,1.818,0.4907
"mle","trend",1,"gene183",TRUE,1.198,3450000,17.36,3012000,1.145
"cap_10s","trend",1,"gene183",TRUE,1.198,11.45,17.36,10,1.145
"master","trend",1,"gene183",TRUE,1.198,2.503,17.36,2.186,1.145
"master","trend",1,"gene184",FALSE,1.448,3.609,5.31,2.923,1.235
"cap_10s","trend",1,"gene184",FALSE,1.448,7.998,5.31,6.477,1.235
"mle","trend",1,"gene184",FALSE,1.448,7.998,5.31,6.477,1.235
"master","trend",1,"gene185",FALSE,0.3767,0.7317,14.93,2.151,0.3402
"cap_10s","trend",1,"gene185",FALSE,0.3767,3.402,14.93,10,0.3402
"mle","trend",1,"gene185",FALSE,0.3767,6.787,14.93,19.95,0.3402
"cap_10s","trend",1,"gene186",TRUE,0.585,6.646,13.81,10,0.6646
"master","trend",1,"gene186",TRUE,0.585,1.232,13.81,1.853,0.6646
"mle","trend",1,"gene186",TRUE,0.585,8793000,13.81,13230000,0.6646
"cap_10s","trend",1,"gene187",FALSE,6.67,14.4,1.762,2.489,5.785
"master","trend",1,"gene187",FALSE,6.67,11.05,1.762,1.91,5.785
"mle","trend",1,"gene187",FALSE,6.67,14.4,1.762,2.489,5.785
"cap_10s","trend",1,"gene188",FALSE,1.432,6.835,8.13,4.78,1.43
"master","trend",1,"gene188",FALSE,1.432,2.644,8.13,1.849,1.43
"mle","trend",1,"gene188",FALSE,1.432,6.835,8.13,4.78,1.43
"cap_10s","trend",1,"gene189",FALSE,1.647,15.29,8.245,10,1.529
"master","trend",1,"gene189",FALSE,1.647,3.335,8.245,2.181,1.529
"mle","trend",1,"gene189",FALSE,1.647,21.41,8.245,14.01,1.529
"master","trend",1,"gene19",FALSE,1.05,1.738,10.44,2.464,0.7054
"cap_10s","trend",1,"gene19",FALSE,1.05,7.054,10.44,10,0.7054
"mle","trend",1,"gene19",FALSE,1.05,18.88,10.44,26.77,0.7054
"cap_10s","trend",1,"gene190",FALSE,3.555,14.7,3.71,4.328,3.395
"master","trend",1,"gene190",FALSE,3.555,7.693,3.71,2.266,3.395
"mle","trend",1,"gene190",FALSE,3.555,14.7,3.71,4.328,3.395
"mle","trend",1,"gene191",FALSE,2.49,13.61,6.762,5.761,2.363
"cap_10s","trend",1,"gene191",FALSE,2.49,13.61,6.762,5.761,2.363
"master","trend",1,"gene191",FALSE,2.49,4.813,6.762,2.037,2.363
"master","trend",1,"gene192",FALSE,6.317,10.39,1.39,1.758,5.911
"mle","trend",1,"gene192",FALSE,6.317,10.39,1.39,1.758,5.911
"cap_10s","trend",1,"gene192",FALSE,6.317,10.39,1.39,1.758,5.911
"master","trend",1,"gene193",FALSE,0.2883,0.5622,14.33,1.789,0.3143
"mle","trend",1,"gene193",FALSE,0.2883,2.839,14.33,9.034,0.3143
"cap_10s","trend",1,"gene193",FALSE,0.2883,2.839,14.33,9.034,0.3143
"master","trend",1,"gene194",FALSE,1.158,1.939,7.888,1.787,1.085
"mle","trend",1,"gene194",FALSE,1.158,9.224,7.888,8.501,1.085
"cap_10s","trend",1,"gene194",FALSE,1.158,9.224,7.888,8.501,1.085
"master","trend",1,"gene195",FALSE,1.577,2.801,3.445,1.928,1.453
"mle","trend",1,"gene195",FALSE,1.577,5.635,3.445,3.878,1.453
"cap_10s","trend",1,"gene195",FALSE,1.577,5.635,3.445,3.878,1.453
"master","trend",1,"gene196",FALSE,1.168,2.633,14.29,2.455,1.073
"mle","trend",1,"gene196",FALSE,1.168,55.84,14.29,52.06,1.073
"cap_10s","trend",1,"gene196",FALSE,1.168,10.73,14.29,10,1.073
"master","trend",1,"gene197",FALSE,0.6433,1.178,10.86,1.674,0.7039
"mle","trend",1,"gene197",FALSE,0.6433,4.81,10.86,6.834,0.7039
"cap_10s","trend",1,"gene197",FALSE,0.6433,4.81,10.86,6.834,0.7039
"master","trend",1,"gene198",FALSE,0.2517,0.4965,26.9,1.962,0.253
"mle","trend",1,"gene198",FALSE,0.2517,6.822,26.9,26.96,0.253
"cap_10s","trend",1,"gene198",FALSE,0.2517,2.53,26.9,10,0.253
"master","trend",1,"gene199",FALSE,1.522,2.522,5.578,1.736,1.453
"cap_10s","trend",1,"gene199",FALSE,1.522,14.53,5.578,10,1.453
"mle","trend",1,"gene199",FALSE,1.522,119.9,5.578,82.54,1.453
"cap_10s","trend",1,"gene2",FALSE,4.192,9.964,1.616,2.016,4.942
"master","trend",1,"gene2",FALSE,4.192,9.964,1.616,2.016,4.942
"mle","trend",1,"gene2",FALSE,4.192,9.964,1.616,2.016,4.942
"cap_10s","trend",1,"gene20",TRUE,0.6117,6.522,19.72,10,0.6522
"mle","trend",1,"gene20",TRUE,0.6117,14030000,19.72,21510000,0.6522
"master","trend",1,"gene20",TRUE,0.6117,1.216,19.72,1.864,0.6522
"master","trend",1,"gene200",FALSE,0.2917,0.3913,25.78,1.456,0.2687
"mle","trend",1,"gene200",FALSE,0.2917,4.317,25.78,16.07,0.2687
"cap_10s","trend",1,"gene200",FALSE,0.2917,2.687,25.78,10,0.2687
"mle","trend",1,"gene201",FALSE,2.218,5.159,5.48,2.726,1.893
"cap_10s","trend",1,"gene201",FALSE,2.218,5.159,5.48,2.726,1.893
"master","trend",1,"gene201",FALSE,2.218,3.106,5.48,1.641,1.893
"mle","trend",1,"gene202",FALSE,3.832,12.22,2.521,3.336,3.664
"cap_10s","trend",1,"gene202",FALSE,3.832,12.22,2.521,3.336,3.664
"master","trend",1,"gene202",FALSE,3.832,7.028,2.521,1.918,3.664
"cap_10s","trend",1,"gene203",FALSE,0.1683,1.482,21.45,10,0.1482
"master","trend",1,"gene203",FALSE,0.1683,0.4439,21.45,2.996,0.1482
"mle","trend",1,"gene203",FALSE,0.1683,2.956,21.45,19.95,0.1482
"master","trend",1,"gene204",FALSE,0.2033,0.3166,19.73,1.646,0.1924
"mle","trend",1,"gene204",FALSE,0.2033,7.808,19.73,40.58,0.1924
"cap_10s","trend",1,"gene204",FALSE,0.2033,1.924,19.73,10,0.1924
"cap_10s","trend",1,"gene205",FALSE,1.315,10.5,8.436,7.992,1.314
"master","trend",1,"gene205",FALSE,1.315,2.105,8.436,1.602,1.314
"mle","trend",1,"gene205",FALSE,1.315,10.5,8.436,7.992,1.314
"master","trend",1,"gene206",FALSE,2.292,4.409,5.198,2.092,2.108
"mle","trend",1,"gene206",FALSE,2.292,12.48,5.198,5.918,2.108
"cap_10s","trend",1,"gene206",FALSE,2.292,12.48,5.198,5.918,2.108
"mle","trend",1,"gene207",FALSE,1.828,11.78,5.772,6.228,1.891
"master","trend",1,"gene207",FALSE,1.828,3.966,5.772,2.097,1.891
"cap_10s","trend",1,"gene207",FALSE,1.828,11.78,5.772,6.228,1.891
"master","trend",1,"gene208",TRUE,0.175,0.3612,31.68,2.016,0.1791
"mle","trend",1,"gene208",TRUE,0.175,6009000,31.68,33540000,0.1791
"cap_10s","trend",1,"gene208",TRUE,0.175,1.791,31.68,10,0.1791
"master","trend",1,"gene209",FALSE,0.2017,0.2294,34.37,1.374,0.167
"cap_10s","trend",1,"gene209",FALSE,0.2017,1.67,34.37,10,0.167
"mle","trend",1,"gene209",FALSE,0.2017,10.78,34.37,64.54,0.167
"cap_10s","trend",1,"gene21",FALSE,3.852,7.127,3.774,2.66,2.68
"mle","trend",1,"gene21",FALSE,3.852,7.127,3.774,2.66,2.68
"master","trend",1,"gene21",FALSE,3.852,4.667,3.774,1.742,2.68
"master","trend",1,"gene210",FALSE,5.003,10.25,2.345,2.167,4.731
"mle","trend",1,"gene210",FALSE,5.003,13.52,2.345,2.858,4.731
"cap_10s","trend",1,"gene210",FALSE,5.003,13.52,2.345,2.858,4.731
"master","trend",1,"gene211",FALSE,2.68,4.352,2.241,1.83,2.379
"cap_10s","trend",1,"gene211",FALSE,2.68,8.853,2.241,3.722,2.379
"mle","trend",1,"gene211",FALSE,2.68,8.853,2.241,3.722,2.379
"cap_10s","trend",1,"gene212",FALSE,0.28,2.644,10.9,10,0.2644
"master","trend",1,"gene212",FALSE,0.28,0.6232,10.9,2.357,0.2644
"mle","trend",1,"gene212",FALSE,0.28,10.24,10.9,38.71,0.2644
"master","trend",1,"gene213",TRUE,0.3317,0.5097,28.02,1.751,0.291
"cap_10s","trend",1,"gene213",TRUE,0.3317,2.91,28.02,10,0.291
"mle","trend",1,"gene213",TRUE,0.3317,577500,28.02,1985000,0.291
"cap_10s","trend",1,"gene214",FALSE,3.948,12.97,3.332,4.344,2.985
"master","trend",1,"gene214",FALSE,3.948,12.45,3.332,4.171,2.985
"mle","trend",1,"gene214",FALSE,3.948,12.97,3.332,4.344,2.985
"cap_10s","trend",1,"gene215",TRUE,0.3967,3.632,18.36,10,0.3632
"mle","trend",1,"gene215",TRUE,0.3967,7107000,18.36,19570000,0.3632
"master","trend",1,"gene215",TRUE,0.3967,0.6577,18.36,1.811,0.3632
"cap_10s","trend",1,"gene216",FALSE,0.215,2.181,20.53,10,0.2181
"master","trend",1,"gene216",FALSE,0.215,0.4001,20.53,1.835,0.2181
"mle","trend",1,"gene216",FALSE,0.215,4.005,20.53,18.37,0.2181
"master","trend",1,"gene217",FALSE,1.655,2.988,4.121,2.037,1.467
"mle","trend",1,"gene217",FALSE,1.655,7.772,4.121,5.299,1.467
"cap_10s","trend",1,"gene217",FALSE,1.655,7.772,4.121,5.299,1.467
"cap_10s","trend",1,"gene218",TRUE,0.2567,2.689,33.25,10,0.2689
"master","trend",1,"gene218",TRUE,0.2567,0.3925,33.25,1.46,0.2689
"mle","trend",1,"gene218",TRUE,0.2567,4627000,33.25,17210000,0.2689
"master","trend",1,"gene219",FALSE,0.47,1.033,16.44,2.278,0.4536
"mle","trend",1,"gene219",FALSE,0.47,11.48,16.44,25.3,0.4536
"cap_10s","trend",1,"gene219",FALSE,0.47,4.536,16.44,10,0.4536
"mle","trend",1,"gene22",FALSE,1.355,9.095,4.767,6.358,1.43
"master","trend",1,"gene22",FALSE,1.355,4.545,4.767,3.177,1.43
"cap_10s","trend",1,"gene22",FALSE,1.355,9.095,4.767,6.358,1.43
"mle","trend",1,"gene220",FALSE,0.5833,16.34,11.94,31.63,0.5165
"cap_10s","trend",1,"gene220",FALSE,0.5833,5.165,11.94,10,0.5165
"master","trend",1,"gene220",FALSE,0.5833,1.504,11.94,2.912,0.5165
"mle","trend",1,"gene221",FALSE,0.6983,5.1,10.3,9.288,0.549
"cap_10s","trend",1,"gene221",FALSE,0.6983,5.1,10.3,9.288,0.549
"master","trend",1,"gene221",FALSE,0.6983,1.741,10.3,3.171,0.549
"cap_10s","trend",1,"gene222",FALSE,1.802,7.249,4.502,4.232,1.713
"master","trend",1,"gene222",FALSE,1.802,3.398,4.502,1.984,1.713
"mle","trend",1,"gene222",FALSE,1.802,7.249,4.502,4.232,1.713
"master","trend",1,"gene223",FALSE,0.195,0.3955,57.71,2.241,0.1765
"cap_10s","trend",1,"gene223",FALSE,0.195,1.273,57.71,7.21,0.1765
"mle","trend",1,"gene223",FALSE,0.195,1.273,57.71,7.21,0.1765
"cap_10s","trend",1,"gene224",FALSE,1.233,9.995,10.79,10,0.9995
"master","trend",1,"gene224",FALSE,1.233,1.719,10.79,1.72,0.9995
"mle","trend",1,"gene224",FALSE,1.233,35.67,10.79,35.69,0.9995
"cap_10s","trend",1,"gene225",FALSE,1.072,10.39,8.357,10,1.039
"master","trend",1,"gene225",FALSE,1.072,1.849,8.357,1.779,1.039
"mle","trend",1,"gene225",FALSE,1.072,32.69,8.357,31.45,1.039
"cap_10s","trend",1,"gene226",FALSE,5.233,13.05,1.906,2.576,5.066
"master","trend",1,"gene226",FALSE,5.233,8.985,1.906,1.773,5.066
"mle","trend",1,"gene226",FALSE,5.233,13.05,1.906,2.576,5.066
"cap_10s","trend",1,"gene227",FALSE,2.097,11.16,4.782,5.989,1.863
"master","trend",1,"gene227",FALSE,2.097,3.681,4.782,1.976,1.863
"mle","trend",1,"gene227",FALSE,2.097,11.16,4.782,5.989,1.863
"cap_10s","trend",1,"gene228",FALSE,4.723,9.805,1.624,2.158,4.544
"master","trend",1,"gene228",FALSE,4.723,9.805,1.624,2.158,4.544
"mle","trend",1,"gene228",FALSE,4.723,9.805,1.624,2.158,4.544
"cap_10s","trend",1,"gene229",FALSE,0.1917,1.397,30.11,7.452,0.1875
"master","trend",1,"gene229",FALSE,0.1917,0.2758,30.11,1.471,0.1875
"mle","trend",1,"gene229",FALSE,0.1917,1.397,30.11,7.452,0.1875
"master","trend",1,"gene23",FALSE,3.292,5.515,4.844,2.173,2.538
"cap_10s","trend",1,"gene23",FALSE,3.292,13.44,4.844,5.294,2.538
"mle","trend",1,"gene23",FALSE,3.292,13.44,4.844,5.294,2.538
"cap_10s","trend",1,"gene230",FALSE,0.4567,5.004,15.15,10,0.5004
"master","trend",1,"gene230",FALSE,0.4567,0.9114,15.15,1.821,0.5004
"mle","trend",1,"gene230",FALSE,0.4567,36.55,15.15,73.05,0.5004
"mle","trend",1,"gene231",FALSE,0.65,5.36,17.79,9.679,0.5538
"cap_10s","trend",1,"gene231",FALSE,0.65,5.36,17.79,9.679,0.5538
"master","trend",1,"gene231",FALSE,0.65,0.9223,17.79,1.665,0.5538
"master","trend",1,"gene232",FALSE,2.005,5.33,4.91,2.811,1.896
"mle","trend",1,"gene232",FALSE,2.005,14.55,4.91,7.677,1.896
"cap_10s","trend",1,"gene232",FALSE,2.005,14.55,4.91,7.677,1.896
"master","trend",1,"gene233",FALSE,2.147,3.995,7.369,1.799,2.221
"mle","trend",1,"gene233",FALSE,2.147,16.37,7.369,7.369,2.221
"cap_10s","trend",1,"gene233",FALSE,2.147,16.37,7.369,7.369,2.221
"master","trend",1,"gene234",FALSE,0.19,0.2625,30.27,1.583,0.1658
"mle","trend",1,"gene234",FALSE,0.19,1.017,30.27,6.136,0.1658
"cap_10s","trend",1,"gene234",FALSE,0.19,1.017,30.27,6.136,0.1658
"master","trend",1,"gene235",FALSE,3.21,5.184,2.883,1.828,2.836
"mle","trend",1,"gene235",FALSE,3.21,11.25,2.883,3.965,2.836
"cap_10s","trend",1,"gene235",FALSE,3.21,11.25,2.883,3.965,2.836
"master","trend",1,"gene236",TRUE,0.4333,0.7749,15.3,1.725,0.4491
"mle","trend",1,"gene236",TRUE,0.4333,5474000,15.3,12190000,0.4491
"cap_10s","trend",1,"gene236",TRUE,0.4333,4.491,15.3,10,0.4491
"master","trend",1,"gene237",FALSE,0.295,0.6189,20.79,2.03,0.3048
"cap_10s","trend",1,"gene237",FALSE,0.295,3.048,20.79,10,0.3048
"mle","trend",1,"gene237",FALSE,0.295,4.393,20.79,14.41,0.3048
"master","trend",1,"gene238",FALSE,4.967,9.346,3.064,2.055,4.549
"cap_10s","trend",1,"gene238",FALSE,4.967,21.22,3.064,4.666,4.549
"mle","trend",1,"gene238",FALSE,4.967,21.22,3.064,4.666,4.549
"cap_10s","trend",1,"gene239",TRUE,0.1433,1.094,22.45,10,0.1094
"mle","trend",1,"gene239",TRUE,0.1433,22030,22.45,201300,0.1094
"master","trend",1,"gene239",TRUE,0.1433,0.2271,22.45,2.075,0.1094
"cap_10s","trend",1,"gene24",FALSE,3.728,8.45,1.79,2.023,4.178
"master","trend",1,"gene24",FALSE,3.728,8.45,1.79,2.023,4.178
"mle","trend",1,"gene24",FALSE,3.728,8.45,1.79,2.023,4.178
"mle","trend",1,"gene240",FALSE,0.3317,11.67,23.96,38.9,0.3
"master","trend",1,"gene240",FALSE,0.3317,0.506,23.96,1.687,0.3
"cap_10s","trend",1,"gene240",FALSE,0.3317,3,23.96,10,0.3
"master","trend",1,"gene241",FALSE,1.127,2.62,4.963,2.58,1.016
"cap_10s","trend",1,"gene241",FALSE,1.127,9.233,4.963,9.089,1.016
"mle","trend",1,"gene241",FALSE,1.127,9.233,4.963,9.089,1.016
"master","trend",1,"gene242",FALSE,1.838,4.55,4.727,2.934,1.551
"cap_10s","trend",1,"gene242",FALSE,1.838,13.97,4.727,9.01,1.551
"mle","trend",1,"gene242",FALSE,1.838,13.97,4.727,9.01,1.551
"cap_10s","trend",1,"gene243",FALSE,5.185,14.14,3.039,3.092,4.572
"mle","trend",1,"gene243",FALSE,5.185,14.14,3.039,3.092,4.572
"master","trend",1,"gene243",FALSE,5.185,8.147,3.039,1.782,4.572
"master","trend",1,"gene244",FALSE,0.2233,0.3892,26.53,2.419,0.1609
"mle","trend",1,"gene244",FALSE,0.2233,1.561,26.53,9.702,0.1609
"cap_10s","trend",1,"gene244",FALSE,0.2233,1.561,26.53,9.702,0.1609
"master","trend",1,"gene245",TRUE,0.4067,1.269,23.52,2.93,0.433
"mle","trend",1,"gene245",TRUE,0.4067,8925000,23.52,20610000,0.433
"cap_10s","trend",1,"gene245",TRUE,0.4067,4.33,23.52,10,0.433
"master","trend",1,"gene246",FALSE,0.2317,0.3787,28.43,1.832,0.2067
"mle","trend",1,"gene246",FALSE,0.2317,0.77,28.43,3.724,0.2067
"cap_10s","trend",1,"gene246",FALSE,0.2317,0.77,28.43,3.724,0.2067
"mle","trend",1,"gene247",FALSE,4.965,15.52,2.135,3.595,4.316
"cap_10s","trend",1,"gene247",FALSE,4.965,15.52,2.135,3.595,4.316
"master","trend",1,"gene247",FALSE,4.965,10.66,2.135,2.469,4.316
"master","trend",1,"gene248",TRUE,1.248,2.062,13.66,1.572,1.312
"mle","trend",1,"gene248",TRUE,1.248,9024000,13.66,6878000,1.312
"cap_10s","trend",1,"gene248",TRUE,1.248,13.12,13.66,10,1.312
"master","trend",1,"gene249",FALSE,0.6467,1.277,7.808,1.843,0.6929
"mle","trend",1,"gene249",FALSE,0.6467,4.457,7.808,6.432,0.6929
"cap_10s","trend",1,"gene249",FALSE,0.6467,4.457,7.808,6.432,0.6929
"cap_10s","trend",1,"gene25",FALSE,5.215,9.761,2.245,2.655,3.676
"master","trend",1,"gene25",FALSE,5.215,7.994,2.245,2.174,3.676
"mle","trend",1,"gene25",FALSE,5.215,9.761,2.245,2.655,3.676
"master","trend",1,"gene250",FALSE,4.265,9.286,3.084,2.343,3.963
"mle","trend",1,"gene250",FALSE,4.265,14.1,3.084,3.559,3.963
"cap_10s","trend",1,"gene250",FALSE,4.265,14.1,3.084,3.559,3.963
"master","trend",1,"gene251",FALSE,1.382,3.868,6.91,2.998,1.29
"mle","trend",1,"gene251",FALSE,1.382,7.77,6.91,6.024,1.29
"cap_10s","trend",1,"gene251",FALSE,1.382,7.77,6.91,6.024,1.29
"cap_10s","trend",1,"gene252",TRUE,0.7633,7.038,11.43,10,0.7038
"master","trend",1,"gene252",TRUE,0.7633,1.318,11.43,1.872,0.7038
"mle","trend",1,"gene252",TRUE,0.7633,7395000,11.43,10510000,0.7038
"master","trend",1,"gene253",FALSE,4.962,11.93,3.114,2.653,4.496
"mle","trend",1,"gene253",FALSE,4.962,17.34,3.114,3.858,4.496
"cap_10s","trend",1,"gene253",FALSE,4.962,17.34,3.114,3.858,4.496
"master","trend",1,"gene254",FALSE,4.717,8.113,1.68,1.927,4.21
"mle","trend",1,"gene254",FALSE,4.717,9.106,1.68,2.163,4.21
"cap_10s","trend",1,"gene254",FALSE,4.717,9.106,1.68,2.163,4.21
"master","trend",1,"gene255",FALSE,4.988,8.042,1.883,1.767,4.552
"mle","trend",1,"gene255",FALSE,4.988,11.33,1.883,2.489,4.552
"cap_10s","trend",1,"gene255",FALSE,4.988,11.33,1.883,2.489,4.552
"cap_10s","trend",1,"gene256",TRUE,0.3833,3.409,10.33,10,0.3409
"mle","trend",1,"gene256",TRUE,0.3833,5221000,10.33,15310000,0.3409
"master","trend",1,"gene256",TRUE,0.3833,0.8144,10.33,2.389,0.3409
"master","trend",1,"gene257",FALSE,8.13,14.92,1.041,2.176,6.859
"mle","trend",1,"gene257",FALSE,8.13,14.92,1.041,2.176,6.859
"cap_10s","trend",1,"gene257",FALSE,8.13,14.92,1.041,2.176,6.859
"master","trend",1,"gene258",FALSE,3.34,6.716,1.791,1.968,3.412
"mle","trend",1,"gene258",FALSE,3.34,6.716,1.791,1.968,3.412
"cap_10s","trend",1,"gene258",FALSE,3.34,6.716,1.791,1.968,3.412
"master","trend",1,"gene259",FALSE,4.187,7.628,3.386,2.045,3.729
"mle","trend",1,"gene259",FALSE,4.187,15.43,3.386,4.137,3.729
"cap_10s","trend",1,"gene259",FALSE,4.187,15.43,3.386,4.137,3.729
"cap_10s","trend",1,"gene26",FALSE,2.085,25.76,3.945,10,2.576
"master","trend",1,"gene26",FALSE,2.085,4.624,3.945,1.795,2.576
"mle","trend",1,"gene26",FALSE,2.085,26.21,3.945,10.17,2.576
"mle","trend",1,"gene260",FALSE,1.423,10.99,5.413,8.026,1.37
"cap_10s","trend",1,"gene260",FALSE,1.423,10.99,5.413,8.026,1.37
"master","trend",1,"gene260",FALSE,1.423,3.028,5.413,2.211,1.37
"master","trend",1,"gene261",FALSE,0.4167,1.124,14.14,3.721,0.302
"mle","trend",1,"gene261",FALSE,0.4167,6.35,14.14,21.02,0.302
"cap_10s","trend",1,"gene261",FALSE,0.4167,3.02,14.14,10,0.302
"mle","trend",1,"gene262",FALSE,1.298,25,12.69,21.6,1.157
"cap_10s","trend",1,"gene262",FALSE,1.298,11.57,12.69,10,1.157
"master","trend",1,"gene262",FALSE,1.298,2.277,12.69,1.967,1.157
"mle","trend",1,"gene263",FALSE,3.365,17.44,3.237,5.761,3.027
"cap_10s","trend",1,"gene263",FALSE,3.365,17.44,3.237,5.761,3.027
"master","trend",1,"gene263",FALSE,3.365,7.27,3.237,2.402,3.027
"mle","trend",1,"gene264",TRUE,0.1467,5027000,31.74,31070000,0.1618
"cap_10s","trend",1,"gene264",TRUE,0.1467,1.618,31.74,10,0.1618
"master","trend",1,"gene264",TRUE,0.1467,0.2831,31.74,1.75,0.1618
"master","trend",1,"gene265",FALSE,1.555,3.061,3.671,2.21,1.385
"cap_10s","trend",1,"gene265",FALSE,1.555,4.903,3.671,3.54,1.385
"mle","trend",1,"gene265",FALSE,1.555,4.903,3.671,3.54,1.385
"master","trend",1,"gene266",FALSE,0.1383,0.2647,27.28,2.803,0.09444
"cap_10s","trend",1,"gene266",FALSE,0.1383,0.9444,27.28,10,0.09444
"mle","trend",1,"gene266",FALSE,0.1383,31.24,27.28,330.8,0.09444
"master","trend",1,"gene267",FALSE,4.033,7.481,2.109,2.105,3.554
"mle","trend",1,"gene267",FALSE,4.033,7.481,2.109,2.105,3.554
"cap_10s","trend",1,"gene267",FALSE,4.033,7.481,2.109,2.105,3.554
"master","trend",1,"gene268",FALSE,1.967,4.308,4.7,2.343,1.838
"mle","trend",1,"gene268",FALSE,1.967,15.99,4.7,8.697,1.838
"cap_10s","trend",1,"gene268",FALSE,1.967,15.99,4.7,8.697,1.838
"mle","trend",1,"gene269",FALSE,0.595,10.51,9.448,20.63,0.5096
"cap_10s","trend",1,"gene269",FALSE,0.595,5.096,9.448,10,0.5096
"master","trend",1,"gene269",FALSE,0.595,1.13,9.448,2.218,0.5096
"cap_10s","trend",1,"gene27",FALSE,0.385,2.853,31.33,10,0.2853
"mle","trend",1,"gene27",FALSE,0.385,4.529,31.33,15.87,0.2853
"master","trend",1,"gene27",FALSE,0.385,0.6782,31.33,2.377,0.2853
"cap_10s","trend",1,"gene270",FALSE,1.787,8.251,4.399,4.57,1.806
"master","trend",1,"gene270",FALSE,1.787,4.157,4.399,2.302,1.806
"mle","trend",1,"gene270",FALSE,1.787,8.251,4.399,4.57,1.806
"master","trend",1,"gene271",FALSE,0.295,0.7823,14.34,2.663,0.2938
"mle","trend",1,"gene271",FALSE,0.295,2.863,14.34,9.748,0.2938
"cap_10s","trend",1,"gene271",FALSE,0.295,2.863,14.34,9.748,0.2938
"master","trend",1,"gene272",FALSE,0.2483,0.4147,21.95,2.019,0.2054
"mle","trend",1,"gene272",FALSE,0.2483,18.81,21.95,91.56,0.2054
"cap_10s","trend",1,"gene272",FALSE,0.2483,2.054,21.95,10,0.2054
"mle","trend",1,"gene273",FALSE,8.112,11.94,1.061,1.502,7.954
"master","trend",1,"gene273",FALSE,8.112,11.94,1.061,1.502,7.954
"cap_10s","trend",1,"gene273",FALSE,8.112,11.94,1.061,1.502,7.954
"mle","trend",1,"gene274",FALSE,2.15,6.212,4.644,3.592,1.729
"master","trend",1,"gene274",FALSE,2.15,3.643,4.644,2.107,1.729
"cap_10s","trend",1,"gene274",FALSE,2.15,6.212,4.644,3.592,1.729
"master","trend",1,"gene275",FALSE,2.013,4.869,6.335,2.687,1.812
"mle","trend",1,"gene275",FALSE,2.013,9.915,6.335,5.472,1.812
"cap_10s","trend",1,"gene275",FALSE,2.013,9.915,6.335,5.472,1.812
"master","trend",1,"gene276",FALSE,0.1683,0.2986,37.11,1.645,0.1816
"mle","trend",1,"gene276",FALSE,0.1683,2.747,37.11,15.13,0.1816
"cap_10s","trend",1,"gene276",FALSE,0.1683,1.816,37.11,10,0.1816
"master","trend",1,"gene277",FALSE,0.9983,1.89,8.187,2.186,0.8646
"mle","trend",1,"gene277",FALSE,0.9983,9.191,8.187,10.63,0.8646
"cap_10s","trend",1,"gene277",FALSE,0.9983,8.646,8.187,10,0.8646
"master","trend",1,"gene278",FALSE,0.4033,0.6665,35.77,1.581,0.4216
"cap_10s","trend",1,"gene278",FALSE,0.4033,4.216,35.77,10,0.4216
"mle","trend",1,"gene278",FALSE,0.4033,5.218,35.77,12.38,0.4216
"cap_10s","trend",1,"gene279",FALSE,0.6783,6.583,9.808,10,0.6583
"mle","trend",1,"gene279",FALSE,0.6783,12.75,9.808,19.38,0.6583
"master","trend",1,"gene279",FALSE,0.6783,1.432,9.808,2.175,0.6583
"cap_10s","trend",1,"gene28",FALSE,1.177,14.43,7.073,10,1.443
"mle","trend",1,"gene28",FALSE,1.177,646,7.073,447.7,1.443
"master","trend",1,"gene28",FALSE,1.177,3.693,7.073,2.559,1.443
"mle","trend",1,"gene280",FALSE,5.92,7.902,1.2,1.411,5.601
"master","trend",1,"gene280",FALSE,5.92,7.902,1.2,1.411,5.601
"cap_10s","trend",1,"gene280",FALSE,5.92,7.902,1.2,1.411,5.601
"mle","trend",1,"gene281",TRUE,0.225,22030,32.3,107700,0.2045
"master","trend",1,"gene281",TRUE,0.225,0.3175,32.3,1.553,0.2045
"cap_10s","trend",1,"gene281",TRUE,0.225,2.045,32.3,10,0.2045
"master","trend",1,"gene282",FALSE,0.9833,1.834,9.683,1.79,1.024
"cap_10s","trend",1,"gene282",FALSE,0.9833,7.114,9.683,6.945,1.024
"mle","trend",1,"gene282",FALSE,0.9833,7.114,9.683,6.945,1.024
"cap_10s","trend",1,"gene283",FALSE,6.61,9.46,1.424,1.585,5.968
"mle","trend",1,"gene283",FALSE,6.61,9.46,1.424,1.585,5.968
"master","trend",1,"gene283",FALSE,6.61,9.46,1.424,1.585,5.968
"master","trend",1,"gene284",TRUE,0.5217,0.9757,14.19,2.012,0.485
"mle","trend",1,"gene284",TRUE,0.5217,9799000,14.19,20200000,0.485
"cap_10s","trend",1,"gene284",TRUE,0.5217,4.85,14.19,10,0.485
"master","trend",1,"gene285",TRUE,0.3333,0.5213,21.05,1.824,0.2858
"mle","trend",1,"gene285",TRUE,0.3333,10030000,21.05,35090000,0.2858
"cap_10s","trend",1,"gene285",TRUE,0.3333,2.858,21.05,10,0.2858
"master","trend",1,"gene286",TRUE,0.88,1.718,8.329,2.037,0.843
"mle","trend",1,"gene286",TRUE,0.88,3604000,8.329,4275000,0.843
"cap_10s","trend",1,"gene286",TRUE,0.88,8.43,8.329,10,0.843
"mle","trend",1,"gene287",FALSE,2.873,16.27,4.41,6.27,2.595
"cap_10s","trend",1,"gene287",FALSE,2.873,16.27,4.41,6.27,2.595
"master","trend",1,"gene287",FALSE,2.873,9.461,4.41,3.645,2.595
"master","trend",1,"gene288",FALSE,8.103,15.65,1.855,2.056,7.614
"mle","trend",1,"gene288",FALSE,8.103,17.53,1.855,2.302,7.614
"cap_10s","trend",1,"gene288",FALSE,8.103,17.53,1.855,2.302,7.614
"master","trend",1,"gene289",FALSE,0.99,1.329,6.225,1.502,0.8848
"mle","trend",1,"gene289",FALSE,0.99,5.423,6.225,6.129,0.8848
"cap_10s","trend",1,"gene289",FALSE,0.99,5.423,6.225,6.129,0.8848
"cap_10s","trend",1,"gene29",TRUE,0.17,1.208,47.66,10,0.1208
"master","trend",1,"gene29",TRUE,0.17,0.1868,47.66,1.546,0.1208
"mle","trend",1,"gene29",TRUE,0.17,8231000,47.66,68130000,0.1208
"master","trend",1,"gene290",TRUE,0.2817,0.3712,22.7,1.533,0.2422
"mle","trend",1,"gene290",TRUE,0.2817,1225000,22.7,5060000,0.2422
"cap_10s","trend",1,"gene290",TRUE,0.2817,2.422,22.7,10,0.2422
"master","trend",1,"gene291",TRUE,0.28,0.367,20.73,1.241,0.2957
"mle","trend",1,"gene291",TRUE,0.28,22030,20.73,74490,0.2957
"cap_10s","trend",1,"gene291",TRUE,0.28,2.957,20.73,10,0.2957
"cap_10s","trend",1,"gene292",TRUE,0.1433,1.193,23.76,10,0.1193
"master","trend",1,"gene292",TRUE,0.1433,0.3627,23.76,3.041,0.1193
"mle","trend",1,"gene292",TRUE,0.1433,3442000,23.76,28860000,0.1193
"master","trend",1,"gene293",FALSE,2.395,4.73,4.119,2.156,2.194
"mle","trend",1,"gene293",FALSE,2.395,25.56,4.119,11.65,2.194
"cap_10s","trend",1,"gene293",FALSE,2.395,21.94,4.119,10,2.194
"master","trend",1,"gene294",FALSE,3.327,5.132,4.334,1.668,3.076
"mle","trend",1,"gene294",FALSE,3.327,12.58,4.334,4.088,3.076
"cap_10s","trend",1,"gene294",FALSE,3.327,12.58,4.334,4.088,3.076
"master","trend",1,"gene295",FALSE,4.7,11.43,1.708,2.655,4.304
"mle","trend",1,"gene295",FALSE,4.7,11.43,1.708,2.655,4.304
"cap_10s","trend",1,"gene295",FALSE,4.7,11.43,1.708,2.655,4.304
"cap_10s","trend",1,"gene296",FALSE,3.84,11.57,2.433,2.888,4.004
"mle","trend",1,"gene296",FALSE,3.84,11.57,2.433,2.888,4.004
"master","trend",1,"gene296",FALSE,3.84,8.58,2.433,2.143,4.004
"master","trend",1,"gene297",FALSE,2.06,4.135,6.878,2.434,1.699
"mle","trend",1,"gene297",FALSE,2.06,26.89,6.878,15.82,1.699
"cap_10s","trend",1,"gene297",FALSE,2.06,16.99,6.878,10,1.699
"master","trend",1,"gene298",FALSE,0.985,1.8,9.572,2.019,0.8916
"mle","trend",1,"gene298",FALSE,0.985,8.745,9.572,9.808,0.8916
"cap_10s","trend",1,"gene298",FALSE,0.985,8.745,9.572,9.808,0.8916
"master","trend",1,"gene299",FALSE,1.125,1.806,5.003,1.873,0.9642
"mle","trend",1,"gene299",FALSE,1.125,8.339,5.003,8.649,0.9642
"cap_10s","trend",1,"gene299",FALSE,1.125,8.339,5.003,8.649,0.9642
"cap_10s","trend",1,"gene3",FALSE,0.245,1.598,41.04,10,0.1598
"master","trend",1,"gene3",FALSE,0.245,0.272,41.04,1.703,0.1598
"mle","trend",1,"gene3",FALSE,0.245,4.552,41.04,28.49,0.1598
"cap_10s","trend",1,"gene30",FALSE,2.673,14.1,4.565,4.32,3.264
"master","trend",1,"gene30",FALSE,2.673,7.339,4.565,2.249,3.264
"mle","trend",1,"gene30",FALSE,2.673,14.1,4.565,4.32,3.264
"mle","trend",1,"gene300",FALSE,0.2617,3.359,29.26,13.46,0.2495
"cap_10s","trend",1,"gene300",FALSE,0.2617,2.495,29.26,10,0.2495
"master","trend",1,"gene300",FALSE,0.2617,0.4107,29.26,1.646,0.2495
"master","trend",1,"gene31",FALSE,0.135,0.2707,17.75,1.566,0.1728
"mle","trend",1,"gene31",FALSE,0.135,5.442,17.75,31.48,0.1728
"cap_10s","trend",1,"gene31",FALSE,0.135,1.728,17.75,10,0.1728
"mle","trend",1,"gene32",TRUE,0.675,8690000,8.241,13390000,0.6488
"cap_10s","trend",1,"gene32",TRUE,0.675,6.488,8.241,10,0.6488
"master","trend",1,"gene32",TRUE,0.675,1.111,8.241,1.713,0.6488
"cap_10s","trend",1,"gene33",FALSE,5.833,10.76,1.736,1.919,5.607
"master","trend",1,"gene33",FALSE,5.833,10.76,1.736,1.919,5.607
"mle","trend",1,"gene33",FALSE,5.833,10.76,1.736,1.919,5.607
"cap_10s","trend",1,"gene34",FALSE,5.613,10.33,1.985,1.878,5.502
"master","trend",1,"gene34",FALSE,5.613,9.801,1.985,1.781,5.502
"mle","trend",1,"gene34",FALSE,5.613,10.33,1.985,1.878,5.502
"master","trend",1,"gene35",FALSE,0.3533,0.6033,19.33,1.772,0.3404
"cap_10s","trend",1,"gene35",FALSE,0.3533,3.404,19.33,10,0.3404
"mle","trend",1,"gene35",FALSE,0.3533,7.897,19.33,23.2,0.3404
"master","trend",1,"gene36",FALSE,7.343,14.3,1.55,2.101,6.807
"cap_10s","trend",1,"gene36",FALSE,7.343,14.3,1.55,2.101,6.807
"mle","trend",1,"gene36",FALSE,7.343,14.3,1.55,2.101,6.807
"mle","trend",1,"gene37",FALSE,6.29,8.996,1.43,1.507,5.971
"cap_10s","trend",1,"gene37",FALSE,6.29,8.996,1.43,1.507,5.971
"master","trend",1,"gene37",FALSE,6.29,8.996,1.43,1.507,5.971
"mle","trend",1,"gene38",FALSE,0.6917,5.844,10.33,8.219,0.7109
"cap_10s","trend",1,"gene38",FALSE,0.6917,5.844,10.33,8.219,0.7109
"master","trend",1,"gene38",FALSE,0.6917,1.195,10.33,1.681,0.7109
"mle","trend",1,"gene39",FALSE,0.32,3.867,39.52,14.34,0.2696
"cap_10s","trend",1,"gene39",FALSE,0.32,2.696,39.52,10,0.2696
"master","trend",1,"gene39",FALSE,0.32,0.7511,39.52,2.785,0.2696
"cap_10s","trend",1,"gene4",FALSE,0.495,4.715,13.14,7.448,0.6331
"master","trend",1,"gene4",FALSE,0.495,1.155,13.14,1.824,0.6331
"mle","trend",1,"gene4",FALSE,0.495,4.715,13.14,7.448,0.6331
"cap_10s","trend",1,"gene40",FALSE,0.325,2.956,31.11,10,0.2956
"master","trend",1,"gene40",FALSE,0.325,0.4287,31.11,1.45,0.2956
"mle","trend",1,"gene40",FALSE,0.325,5.443,31.11,18.41,0.2956
"mle","trend",1,"gene41",FALSE,4.697,5.951,1.442,1.333,4.464
"cap_10s","trend",1,"gene41",FALSE,4.697,5.951,1.442,1.333,4.464
"master","trend",1,"gene41",FALSE,4.697,5.951,1.442,1.333,4.464
"cap_10s","trend",1,"gene42",FALSE,0.1117,0.9484,37.4,10,0.09484
"master","trend",1,"gene42",FALSE,0.1117,0.1569,37.4,1.654,0.09484
"mle","trend",1,"gene42",FALSE,0.1117,5.558,37.4,58.61,0.09484
"cap_10s","trend",1,"gene43",FALSE,3.278,10.84,2.701,3.236,3.352
"master","trend",1,"gene43",FALSE,3.278,5.489,2.701,1.638,3.352
"mle","trend",1,"gene43",FALSE,3.278,10.84,2.701,3.236,3.352
"cap_10s","trend",1,"gene44",FALSE,2.318,8.23,5.808,4.13,1.993
"master","trend",1,"gene44",FALSE,2.318,3.803,5.808,1.909,1.993
"mle","trend",1,"gene44",FALSE,2.318,8.23,5.808,4.13,1.993
"mle","trend",1,"gene45",FALSE,0.4667,19.25,10.61,39.21,0.4911
"master","trend",1,"gene45",FALSE,0.4667,0.8806,10.61,1.793,0.4911
"cap_10s","trend",1,"gene45",FALSE,0.4667,4.911,10.61,10,0.4911
"cap_10s","trend",1,"gene46",FALSE,1.885,5.215,3.925,3.002,1.737
"master","trend",1,"gene46",FALSE,1.885,3.671,3.925,2.113,1.737
"mle","trend",1,"gene46",FALSE,1.885,5.215,3.925,3.002,1.737
"cap_10s","trend",1,"gene47",TRUE,0.115,1.207,33.59,10,0.1207
"master","trend",1,"gene47",TRUE,0.115,0.2923,33.59,2.422,0.1207
"mle","trend",1,"gene47",TRUE,0.115,1851000,33.59,15340000,0.1207
"cap_10s","trend",1,"gene48",FALSE,2.96,8.732,3.064,3.372,2.589
"master","trend",1,"gene48",FALSE,2.96,4.368,3.064,1.687,2.589
"mle","trend",1,"gene48",FALSE,2.96,8.732,3.064,3.372,2.589
"master","trend",1,"gene49",FALSE,3.215,8.602,3.33,2.858,3.01
"mle","trend",1,"gene49",FALSE,3.215,11.32,3.33,3.759,3.01
"cap_10s","trend",1,"gene49",FALSE,3.215,11.32,3.33,3.759,3.01
"mle","trend",1,"gene5",FALSE,2.835,10.81,4.725,5.179,2.086
"master","trend",1,"gene5",FALSE,2.835,5.086,4.725,2.438,2.086
"cap_10s","trend",1,"gene5",FALSE,2.835,10.81,4.725,5.179,2.086
"cap_10s","trend",1,"gene50",FALSE,0.6483,6.188,11.97,10,0.6188
"master","trend",1,"gene50",FALSE,0.6483,1.312,11.97,2.121,0.6188
"mle","trend",1,"gene50",FALSE,0.6483,8.041,11.97,12.99,0.6188
"cap_10s","trend",1,"gene51",FALSE,3.338,9.45,2.938,3.129,3.021
"master","trend",1,"gene51",FALSE,3.338,5.628,2.938,1.863,3.021
"mle","trend",1,"gene51",FALSE,3.338,9.45,2.938,3.129,3.021
"cap_10s","trend",1,"gene52",FALSE,0.285,1.595,41.5,7.289,0.2188
"master","trend",1,"gene52",FALSE,0.285,0.4647,41.5,2.124,0.2188
"mle","trend",1,"gene52",FALSE,0.285,1.595,41.5,7.289,0.2188
"cap_10s","trend",1,"gene53",FALSE,0.7083,5.58,13.02,7.025,0.7942
"master","trend",1,"gene53",FALSE,0.7083,1.324,13.02,1.667,0.7942
"mle","trend",1,"gene53",FALSE,0.7083,5.58,13.02,7.025,0.7942
"mle","trend",1,"gene54",FALSE,4.258,9.704,2.15,2.421,4.008
"cap_10s","trend",1,"gene54",FALSE,4.258,9.704,2.15,2.421,4.008
"master","trend",1,"gene54",FALSE,4.258,7.876,2.15,1.965,4.008
"cap_10s","trend",1,"gene55",FALSE,6.292,13.78,1.811,2.171,6.346
"master","trend",1,"gene55",FALSE,6.292,12.06,1.811,1.9,6.346
"mle","trend",1,"gene55",FALSE,6.292,13.78,1.811,2.171,6.346
"cap_10s","trend",1,"gene56",FALSE,1.637,10.22,4.053,6.976,1.465
"master","trend",1,"gene56",FALSE,1.637,4.474,4.053,3.054,1.465
"mle","trend",1,"gene56",FALSE,1.637,10.22,4.053,6.976,1.465
"cap_10s","trend",1,"gene57",FALSE,3.393,12.7,3.272,3.834,3.312
"master","trend",1,"gene57",FALSE,3.393,7.253,3.272,2.19,3.312
"mle","trend",1,"gene57",FALSE,3.393,12.7,3.272,3.834,3.312
"mle","trend",1,"gene58",FALSE,5.205,18.09,2.878,3.772,4.795
"master","trend",1,"gene58",FALSE,5.205,8.539,2.878,1.781,4.795
"cap_10s","trend",1,"gene58",FALSE,5.205,18.09,2.878,3.772,4.795
"master","trend",1,"gene59",FALSE,6.17,7.764,1.265,1.33,5.836
"cap_10s","trend",1,"gene59",FALSE,6.17,7.764,1.265,1.33,5.836
"mle","trend",1,"gene59",FALSE,6.17,7.764,1.265,1.33,5.836
"cap_10s","trend",1,"gene6",FALSE,3.803,24.78,2.651,5.81,4.264
"master","trend",1,"gene6",FALSE,3.803,8.288,2.651,1.944,4.264
"mle","trend",1,"gene6",FALSE,3.803,24.78,2.651,5.81,4.264
"master","trend",1,"gene60",FALSE,0.125,0.17,29.38,1.66,0.1024
"cap_10s","trend",1,"gene60",FALSE,0.125,1.024,29.38,10,0.1024
"mle","trend",1,"gene60",FALSE,0.125,1.734,29.38,16.94,0.1024
"cap_10s","trend",1,"gene61",FALSE,3.978,11.07,2.656,3.008,3.682
"mle","trend",1,"gene61",FALSE,3.978,11.07,2.656,3.008,3.682
"master","trend",1,"gene61",FALSE,3.978,8.358,2.656,2.27,3.682
"mle","trend",1,"gene62",FALSE,3.668,7.696,1.483,2.215,3.475
"master","trend",1,"gene62",FALSE,3.668,6.67,1.483,1.92,3.475
"cap_10s","trend",1,"gene62",FALSE,3.668,7.696,1.483,2.215,3.475
"master","trend",1,"gene63",FALSE,0.485,1.118,12.55,2.504,0.4465
"cap_10s","trend",1,"gene63",FALSE,0.485,3.157,12.55,7.07,0.4465
"mle","trend",1,"gene63",FALSE,0.485,3.157,12.55,7.07,0.4465
"master","trend",1,"gene64",FALSE,0.705,1.374,10.99,2.197,0.6252
"cap_10s","trend",1,"gene64",FALSE,0.705,6.252,10.99,10,0.6252
"mle","trend",1,"gene64",FALSE,0.705,10.03,10.99,16.03,0.6252
"cap_10s","trend",1,"gene65",FALSE,2.35,6.537,2.737,2.823,2.316
"master","trend",1,"gene65",FALSE,2.35,6.277,2.737,2.71,2.316
"mle","trend",1,"gene65",FALSE,2.35,6.537,2.737,2.823,2.316
"cap_10s","trend",1,"gene66",FALSE,1.875,17.41,8.827,10,1.741
"master","trend",1,"gene66",FALSE,1.875,5.135,8.827,2.95,1.741
"mle","trend",1,"gene66",FALSE,1.875,26.45,8.827,15.2,1.741
"cap_10s","trend",1,"gene67",FALSE,0.7933,7.858,14.8,10,0.7858
"master","trend",1,"gene67",FALSE,0.7933,1.205,14.8,1.534,0.7858
"mle","trend",1,"gene67",FALSE,0.7933,8.326,14.8,10.6,0.7858
"cap_10s","trend",1,"gene68",TRUE,0.2417,2.357,32.85,10,0.2357
"master","trend",1,"gene68",TRUE,0.2417,0.3085,32.85,1.309,0.2357
"mle","trend",1,"gene68",TRUE,0.2417,18470,32.85,78340,0.2357
"cap_10s","trend",1,"gene69",FALSE,1.21,4.427,4.273,3.439,1.287
"master","trend",1,"gene69",FALSE,1.21,2.239,4.273,1.739,1.287
"mle","trend",1,"gene69",FALSE,1.21,4.427,4.273,3.439,1.287
"cap_10s","trend",1,"gene7",FALSE,1.353,3.735,4.898,3.724,1.003
"master","trend",1,"gene7",FALSE,1.353,2.271,4.898,2.264,1.003
"mle","trend",1,"gene7",FALSE,1.353,3.735,4.898,3.724,1.003
"mle","trend",1,"gene70",FALSE,1.248,19.8,9.813,16.77,1.181
"cap_10s","trend",1,"gene70",FALSE,1.248,11.81,9.813,10,1.181
"master","trend",1,"gene70",FALSE,1.248,1.841,9.813,1.559,1.181
"master","trend",1,"gene71",TRUE,0.245,0.474,29.21,1.931,0.2455
"mle","trend",1,"gene71",TRUE,0.245,14470000,29.21,58940000,0.2455
"cap_10s","trend",1,"gene71",TRUE,0.245,2.455,29.21,10,0.2455
"master","trend",1,"gene72",FALSE,0.5917,1.182,13.04,1.822,0.6488
"mle","trend",1,"gene72",FALSE,0.5917,13.99,13.04,21.56,0.6488
"cap_10s","trend",1,"gene72",FALSE,0.5917,6.488,13.04,10,0.6488
"master","trend",1,"gene73",FALSE,0.3617,0.4264,17.26,1.57,0.2716
"mle","trend",1,"gene73",FALSE,0.3617,14.04,17.26,51.7,0.2716
"cap_10s","trend",1,"gene73",FALSE,0.3617,2.716,17.26,10,0.2716
"master","trend",1,"gene74",FALSE,0.7017,1.506,10.65,2.146,0.7018
"mle","trend",1,"gene74",FALSE,0.7017,24.32,10.65,34.66,0.7018
"cap_10s","trend",1,"gene74",FALSE,0.7017,7.018,10.65,10,0.7018
"master","trend",1,"gene75",FALSE,0.4283,0.9778,12.17,2.285,0.428
"mle","trend",1,"gene75",FALSE,0.4283,26.1,12.17,60.99,0.428
"cap_10s","trend",1,"gene75",FALSE,0.4283,4.28,12.17,10,0.428
"master","trend",1,"gene76",FALSE,0.195,0.3704,21.8,1.904,0.1945
"mle","trend",1,"gene76",FALSE,0.195,34.82,21.8,179,0.1945
"cap_10s","trend",1,"gene76",FALSE,0.195,1.945,21.8,10,0.1945
"master","trend",1,"gene77",TRUE,0.2683,0.3495,19.36,1.502,0.2326
"mle","trend",1,"gene77",TRUE,0.2683,3468000,19.36,14910000,0.2326
"cap_10s","trend",1,"gene77",TRUE,0.2683,2.326,19.36,10,0.2326
"master","trend",1,"gene78",FALSE,0.725,1.328,11.45,1.786,0.744
"cap_10s","trend",1,"gene78",FALSE,0.725,7.44,11.45,10,0.744
"mle","trend",1,"gene78",FALSE,0.725,7.882,11.45,10.59,0.744
"master","trend",1,"gene79",FALSE,0.3467,0.8019,31.07,2.003,0.4004
"mle","trend",1,"gene79",FALSE,0.3467,7.047,31.07,17.6,0.4004
"cap_10s","trend",1,"gene79",FALSE,0.3467,4.004,31.07,10,0.4004
"cap_10s","trend",1,"gene8",FALSE,0.6583,8.051,11.62,10,0.8051
"master","trend",1,"gene8",FALSE,0.6583,1.715,11.62,2.13,0.8051
"mle","trend",1,"gene8",FALSE,0.6583,16.01,11.62,19.89,0.8051
"mle","trend",1,"gene80",FALSE,0.6183,110.6,12.77,186.9,0.5919
"cap_10s","trend",1,"gene80",FALSE,0.6183,5.919,12.77,10,0.5919
"master","trend",1,"gene80",FALSE,0.6183,1.073,12.77,1.813,0.5919
"mle","trend",1,"gene81",FALSE,2.938,13.15,3.905,4.627,2.842
"cap_10s","trend",1,"gene81",FALSE,2.938,13.15,3.905,4.627,2.842
"master","trend",1,"gene81",FALSE,2.938,5.153,3.905,1.813,2.842
"cap_10s","trend",1,"gene82",TRUE,0.1783,1.619,23.35,10,0.1619
"master","trend",1,"gene82",TRUE,0.1783,0.3279,23.35,2.025,0.1619
"mle","trend",1,"gene82",TRUE,0.1783,4492000,23.35,27740000,0.1619
"master","trend",1,"gene83",FALSE,0.275,0.3777,27.48,1.564,0.2416
"mle","trend",1,"gene83",FALSE,0.275,1.343,27.48,5.56,0.2416
"cap_10s","trend",1,"gene83",FALSE,0.275,1.343,27.48,5.56,0.2416
"cap_10s","trend",1,"gene84",FALSE,0.5717,5.788,10.09,10,0.5788
"master","trend",1,"gene84",FALSE,0.5717,1.103,10.09,1.905,0.5788
"mle","trend",1,"gene84",FALSE,0.5717,26.71,10.09,46.15,0.5788
"master","trend",1,"gene85",FALSE,1.013,2.032,8.379,2.029,1.001
"mle","trend",1,"gene85",FALSE,1.013,3.974,8.379,3.97,1.001
"cap_10s","trend",1,"gene85",FALSE,1.013,3.974,8.379,3.97,1.001
"mle","trend",1,"gene86",FALSE,4.275,7.459,1.966,1.986,3.755
"master","trend",1,"gene86",FALSE,4.275,7.134,1.966,1.9,3.755
"cap_10s","trend",1,"gene86",FALSE,4.275,7.459,1.966,1.986,3.755
"master","trend",1,"gene87",FALSE,0.9217,1.83,14.79,2.091,0.8749
"mle","trend",1,"gene87",FALSE,0.9217,6.841,14.79,7.819,0.8749
"cap_10s","trend",1,"gene87",FALSE,0.9217,6.841,14.79,7.819,0.8749
"master","trend",1,"gene88",FALSE,2.033,3.502,5.707,2.056,1.703
"cap_10s","trend",1,"gene88",FALSE,2.033,10.99,5.707,6.45,1.703
"mle","trend",1,"gene88",FALSE,2.033,10.99,5.707,6.45,1.703
"master","trend",1,"gene89",FALSE,1.008,2.31,13.8,2.321,0.995
"mle","trend",1,"gene89",FALSE,1.008,89.82,13.8,90.27,0.995
"cap_10s","trend",1,"gene89",FALSE,1.008,9.95,13.8,10,0.995
"master","trend",1,"gene9",FALSE,0.7667,1.466,13.62,3.395,0.432
"mle","trend",1,"gene9",FALSE,0.7667,2.223,13.62,5.146,0.432
"cap_10s","trend",1,"gene9",FALSE,0.7667,2.223,13.62,5.146,0.432
"master","trend",1,"gene90",FALSE,2.86,8.484,5.118,3.629,2.338
"cap_10s","trend",1,"gene90",FALSE,2.86,9.376,5.118,4.01,2.338
"mle","trend",1,"gene90",FALSE,2.86,9.376,5.118,4.01,2.338
"cap_10s","trend",1,"gene91",FALSE,2.878,20.48,4.183,9.903,2.068
"master","trend",1,"gene91",FALSE,2.878,10.98,4.183,5.31,2.068
"mle","trend",1,"gene91",FALSE,2.878,20.48,4.183,9.903,2.068
"master","trend",1,"gene92",FALSE,0.8333,1.835,11.76,2.11,0.8695
"cap_10s","trend",1,"gene92",FALSE,0.8333,5.853,11.76,6.732,0.8695
"mle","trend",1,"gene92",FALSE,0.8333,5.853,11.76,6.732,0.8695
"cap_10s","trend",1,"gene93",FALSE,0.1917,1.834,25.53,10,0.1834
"master","trend",1,"gene93",FALSE,0.1917,0.2408,25.53,1.313,0.1834
"mle","trend",1,"gene93",FALSE,0.1917,15.35,25.53,83.66,0.1834
"cap_10s","trend",1,"gene94",FALSE,0.3533,1.574,14.03,4.902,0.3212
"mle","trend",1,"gene94",FALSE,0.3533,1.574,14.03,4.902,0.3212
"master","trend",1,"gene94",FALSE,0.3533,0.8707,14.03,2.711,0.3212
"cap_10s","trend",1,"gene95",FALSE,0.1733,1.411,17.95,9.863,0.1431
"master","trend",1,"gene95",FALSE,0.1733,0.3122,17.95,2.183,0.1431
"mle","trend",1,"gene95",FALSE,0.1733,1.411,17.95,9.863,0.1431
"master","trend",1,"gene96",FALSE,2.065,4.384,4.178,2.356,1.861
"mle","trend",1,"gene96",FALSE,2.065,9.138,4.178,4.911,1.861
"cap_10s","trend",1,"gene96",FALSE,2.065,9.138,4.178,4.911,1.861
"cap_10s","trend",1,"gene97",FALSE,0.62,3.374,10.92,5.092,0.6626
"master","trend",1,"gene97",FALSE,0.62,1.112,10.92,1.678,0.6626
"mle","trend",1,"gene97",FALSE,0.62,3.374,10.92,5.092,0.6626
"master","trend",1,"gene98",FALSE,0.475,1.271,11.42,2.384,0.5333
"mle","trend",1,"gene98",FALSE,0.475,9.685,11.42,18.16,0.5333
"cap_10s","trend",1,"gene98",FALSE,0.475,5.333,11.42,10,0.5333
"mle","trend",1,"gene99",FALSE,2.393,10.82,3.556,4.71,2.298
"cap_10s","trend",1,"gene99",FALSE,2.393,10.82,3.556,4.71,2.298
"master","trend",1,"gene99",FALSE,2.393,4.593,3.556,1.999,2.298
"mle","trend",2,"gene1",FALSE,0.2967,1.267,17.9,6.035,0.21
"cap_10s","trend",2,"gene1",FALSE,0.2967,1.267,17.9,6.035,0.21
"master","trend",2,"gene1",FALSE,0.2967,0.3851,17.9,1.834,0.21
"cap_10s","trend",2,"gene10",FALSE,0.7167,8.616,14.53,10,0.8616
"master","trend",2,"gene10",FALSE,0.7167,1.381,14.53,1.603,0.8616
"mle","trend",2,"gene10",FALSE,0.7167,24.11,14.53,27.98,0.8616
"mle","trend",2,"gene100",FALSE,4.938,9.481,2.15,2.145,4.421
"cap_10s","trend",2,"gene100",FALSE,4.938,9.481,2.15,2.145,4.421
"master","trend",2,"gene100",FALSE,4.938,9.481,2.15,2.145,4.421
"cap_10s","trend",2,"gene101",FALSE,0.315,2.662,12.57,10,0.2662
"master","trend",2,"gene101",FALSE,0.315,1.138,12.57,4.275,0.2662
"mle","trend",2,"gene101",FALSE,0.315,46.56,12.57,174.9,0.2662
"master","trend",2,"gene102",FALSE,0.34,0.5876,17.72,1.857,0.3165
"cap_10s","trend",2,"gene102",FALSE,0.34,3.165,17.72,10,0.3165
"mle","trend",2,"gene102",FALSE,0.34,6.398,17.72,20.22,0.3165
"cap_10s","trend",2,"gene103",FALSE,4.303,10.35,2.935,2.529,4.094
"master","trend",2,"gene103",FALSE,4.303,9.278,2.935,2.266,4.094
"mle","trend",2,"gene103",FALSE,4.303,10.35,2.935,2.529,4.094
"cap_10s","trend",2,"gene104",FALSE,0.4433,4.393,16.15,10,0.4393
"master","trend",2,"gene104",FALSE,0.4433,0.6925,16.15,1.577,0.4393
"mle","trend",2,"gene104",FALSE,0.4433,5.834,16.15,13.28,0.4393
"cap_10s","trend",2,"gene105",TRUE,0.5117,4.68,24.49,10,0.468
"master","trend",2,"gene105",TRUE,0.5117,1.146,24.49,2.448,0.468
"mle","trend",2,"gene105",TRUE,0.5117,945000,24.49,2019000,0.468
"cap_10s","trend",2,"gene106",FALSE,0.6483,6.979,10.58,10,0.6979
"master","trend",2,"gene106",FALSE,0.6483,0.9392,10.58,1.346,0.6979
"mle","trend",2,"gene106",FALSE,0.6483,9.891,10.58,14.17,0.6979
"cap_10s","trend",2,"gene107",FALSE,0.2367,2.5,18.26,10,0.25
"master","trend",2,"gene107",FALSE,0.2367,0.4827,18.26,1.931,0.25
"mle","trend",2,"gene107",FALSE,0.2367,7.089,18.26,28.36,0.25
"cap_10s","trend",2,"gene108",FALSE,6.448,9.228,1.685,1.432,6.443
"master","trend",2,"gene108",FALSE,6.448,9.228,1.685,1.432,6.443
"mle","trend",2,"gene108",FALSE,6.448,9.228,1.685,1.432,6.443
"cap_10s","trend",2,"gene109",FALSE,0.85,8.508,16.23,10,0.8508
"master","trend",2,"gene109",FALSE,0.85,1.367,16.23,1.607,0.8508
"mle","trend",2,"gene109",FALSE,0.85,16.78,16.23,19.72,0.8508
"cap_10s","trend",2,"gene11",FALSE,0.2233,1.291,30.53,8.963,0.144
"master","trend",2,"gene11",FALSE,0.2233,0.2253,30.53,1.564,0.144
"mle","trend",2,"gene11",FALSE,0.2233,1.291,30.53,8.963,0.144
"mle","trend",2,"gene110",FALSE,0.2433,2.516,22.81,10.42,0.2414
"cap_10s","trend",2,"gene110",FALSE,0.2433,2.414,22.81,10,0.2414
"master","trend",2,"gene110",FALSE,0.2433,0.4717,22.81,1.954,0.2414
"master","trend",2,"gene111",FALSE,1.21,2.363,9.045,2.135,1.106
"mle","trend",2,"gene111",FALSE,1.21,6.094,9.045,5.508,1.106
"cap_10s","trend",2,"gene111",FALSE,1.21,6.094,9.045,5.508,1.106
"master","trend",2,"gene112",FALSE,0.7333,1.356,14.74,1.7,0.7975
"mle","trend",2,"gene112",FALSE,0.7333,11.55,14.74,14.48,0.7975
"cap_10s","trend",2,"gene112",FALSE,0.7333,7.975,14.74,10,0.7975
"master","trend",2,"gene113",FALSE,4.602,6.937,1.469,1.615,4.294
"mle","trend",2,"gene113",FALSE,4.602,6.937,1.469,1.615,4.294
"cap_10s","trend",2,"gene113",FALSE,4.602,6.937,1.469,1.615,4.294
"master","trend",2,"gene114",TRUE,0.2717,0.8137,17.58,4.016,0.2026
"mle","trend",2,"gene114",TRUE,0.2717,2916000,17.58,14390000,0.2026
"cap_10s","trend",2,"gene114",TRUE,0.2717,2.026,17.58,10,0.2026
"master","trend",2,"gene115",TRUE,0.2383,0.3217,21.18,1.352,0.2379
"mle","trend",2,"gene115",TRUE,0.2383,2693000,21.18,11320000,0.2379
"cap_10s","trend",2,"gene115",TRUE,0.2383,2.379,21.18,10,0.2379
"master","trend",2,"gene116",FALSE,4.135,11.17,3.511,2.725,4.1
"cap_10s","trend",2,"gene116",FALSE,4.135,13.31,3.511,3.247,4.1
"mle","trend",2,"gene116",FALSE,4.135,13.31,3.511,3.247,4.1
"master","trend",2,"gene117",FALSE,0.975,1.962,5.634,2.453,0.7996
"cap_10s","trend",2,"gene117",FALSE,0.975,7.996,5.634,10,0.7996
"mle","trend",2,"gene117",FALSE,0.975,8.642,5.634,10.81,0.7996
"mle","trend",2,"gene118",FALSE,7.737,8.018,1.202,1.067,7.515
"cap_10s","trend",2,"gene118",FALSE,7.737,8.018,1.202,1.067,7.515
"master","trend",2,"gene118",FALSE,7.737,8.018,1.202,1.067,7.515
"mle","trend",2,"gene119",TRUE,0.1417,2136000,20.87,17250000,0.1239
"master","trend",2,"gene119",TRUE,0.1417,0.1607,20.87,1.297,0.1239
"cap_10s","trend",2,"gene119",TRUE,0.1417,1.239,20.87,10,0.1239
"cap_10s","trend",2,"gene12",FALSE,0.13,1.527,33.14,10,0.1527
"master","trend",2,"gene12",FALSE,0.13,0.2457,33.14,1.609,0.1527
"mle","trend",2,"gene12",FALSE,0.13,43.71,33.14,286.3,0.1527
"master","trend",2,"gene120",FALSE,0.355,1.001,15.62,3.727,0.2686
"mle","trend",2,"gene120",FALSE,0.355,8.85,15.62,32.95,0.2686
"cap_10s","trend",2,"gene120",FALSE,0.355,2.686,15.62,10,0.2686
"cap_10s","trend",2,"gene121",FALSE,2.157,8.748,3.482,4.628,1.89
"mle","trend",2,"gene121",FALSE,2.157,8.748,3.482,4.628,1.89
"master","trend",2,"gene121",FALSE,2.157,3.554,3.482,1.88,1.89
"cap_10s","trend",2,"gene122",FALSE,2.673,12.58,4.74,4.995,2.519
"mle","trend",2,"gene122",FALSE,2.673,12.58,4.74,4.995,2.519
"master","trend",2,"gene122",FALSE,2.673,6.122,4.74,2.43,2.519
"master","trend",2,"gene123",FALSE,5.277,9.135,1.521,1.919,4.759
"mle","trend",2,"gene123",FALSE,5.277,9.135,1.521,1.919,4.759
"cap_10s","trend",2,"gene123",FALSE,5.277,9.135,1.521,1.919,4.759
"master","trend",2,"gene124",FALSE,3.063,5.999,3.581,2.226,2.695
"cap_10s","trend",2,"gene124",FALSE,3.063,7.173,3.581,2.662,2.695
"mle","trend",2,"gene124",FALSE,3.063,7.173,3.581,2.662,2.695
"cap_10s","trend",2,"gene125",FALSE,0.5583,4.814,9.718,10,0.4814
"master","trend",2,"gene125",FALSE,0.5583,1.606,9.718,3.335,0.4814
"mle","trend",2,"gene125",FALSE,0.5583,8.303,9.718,17.25,0.4814
"mle","trend",2,"gene126",FALSE,0.6483,3.814,8.796,6.646,0.5739
"master","trend",2,"gene126",FALSE,0.6483,0.8848,8.796,1.542,0.5739
"cap_10s","trend",2,"gene126",FALSE,0.6483,3.814,8.796,6.646,0.5739
"mle","trend",2,"gene127",FALSE,2.493,7.699,4.21,3.302,2.332
"master","trend",2,"gene127",FALSE,2.493,7.377,4.21,3.164,2.332
"cap_10s","trend",2,"gene127",FALSE,2.493,7.699,4.21,3.302,2.332
"master","trend",2,"gene128",FALSE,5.378,6.027,1.179,1.231,4.895
"cap_10s","trend",2,"gene128",FALSE,5.378,6.027,1.179,1.231,4.895
"mle","trend",2,"gene128",FALSE,5.378,6.027,1.179,1.231,4.895
"master","trend",2,"gene129",FALSE,0.4283,0.8257,18.59,2.437,0.3388
"cap_10s","trend",2,"gene129",FALSE,0.4283,3.388,18.59,10,0.3388
"mle","trend",2,"gene129",FALSE,0.4283,212.3,18.59,626.8,0.3388
"cap_10s","trend",2,"gene13",FALSE,0.485,3.374,14.11,9.138,0.3692
"master","trend",2,"gene13",FALSE,0.485,1.037,14.11,2.809,0.3692
"mle","trend",2,"gene13",FALSE,0.485,3.374,14.11,9.138,0.3692
"master","trend",2,"gene130",FALSE,0.5683,1.006,19.5,1.87,0.5379
"mle","trend",2,"gene130",FALSE,0.5683,12.14,19.5,22.58,0.5379
"cap_10s","trend",2,"gene130",FALSE,0.5683,5.379,19.5,10,0.5379
"cap_10s","trend",2,"gene131",FALSE,0.1817,1.939,29.01,10,0.1939
"master","trend",2,"gene131",FALSE,0.1817,0.3223,29.01,1.662,0.1939
"mle","trend",2,"gene131",FALSE,0.1817,2.069,29.01,10.67,0.1939
"master","trend",2,"gene132",FALSE,2.832,6.525,2.583,2.485,2.626
"cap_10s","trend",2,"gene132",FALSE,2.832,11.79,2.583,4.492,2.626
"mle","trend",2,"gene132",FALSE,2.832,11.79,2.583,4.492,2.626
"master","trend",2,"gene133",FALSE,2.858,6.556,4.157,2.425,2.704
"cap_10s","trend",2,"gene133",FALSE,2.858,12.44,4.157,4.6,2.704
"mle","trend",2,"gene133",FALSE,2.858,12.44,4.157,4.6,2.704
"cap_10s","trend",2,"gene134",TRUE,0.8,6.128,13.49,10,0.6128
"mle","trend",2,"gene134",TRUE,0.8,22030,13.49,35940,0.6128
"master","trend",2,"gene134",TRUE,0.8,1.968,13.49,3.212,0.6128
"cap_10s","trend",2,"gene135",FALSE,0.1717,1.597,34.38,10,0.1597
"mle","trend",2,"gene135",FALSE,0.1717,1.854,34.38,11.6,0.1597
"master","trend",2,"gene135",FALSE,0.1717,0.4639,34.38,2.904,0.1597
"master","trend",2,"gene136",FALSE,6.683,8.863,1.144,1.394,6.357
"mle","trend",2,"gene136",FALSE,6.683,8.863,1.144,1.394,6.357
"cap_10s","trend",2,"gene136",FALSE,6.683,8.863,1.144,1.394,6.357
"master","trend",2,"gene137",FALSE,0.5267,1.155,11.13,2.434,0.4745
"cap_10s","trend",2,"gene137",FALSE,0.5267,4.745,11.13,10,0.4745
"mle","trend",2,"gene137",FALSE,0.5267,19.59,11.13,41.29,0.4745
"cap_10s","trend",2,"gene138",FALSE,0.5483,4.661,17.18,9.952,0.4684
"master","trend",2,"gene138",FALSE,0.5483,0.8072,17.18,1.723,0.4684
"mle","trend",2,"gene138",FALSE,0.5483,4.661,17.18,9.952,0.4684
"mle","trend",2,"gene139",FALSE,0.715,40.14,9.366,53.9,0.7447
"master","trend",2,"gene139",FALSE,0.715,1.218,9.366,1.636,0.7447
"cap_10s","trend",2,"gene139",FALSE,0.715,7.447,9.366,10,0.7447
"mle","trend",2,"gene14",FALSE,1.467,233.9,7.895,151.9,1.539
"cap_10s","trend",2,"gene14",FALSE,1.467,15.39,7.895,10,1.539
"master","trend",2,"gene14",FALSE,1.467,4.813,7.895,3.126,1.539
"mle","trend",2,"gene140",FALSE,0.3117,5.06,20.44,15.73,0.3217
"cap_10s","trend",2,"gene140",FALSE,0.3117,3.217,20.44,10,0.3217
"master","trend",2,"gene140",FALSE,0.3117,0.6051,20.44,1.881,0.3217
"cap_10s","trend",2,"gene141",FALSE,0.25,0.8438,23.96,4.373,0.193
"master","trend",2,"gene141",FALSE,0.25,0.3053,23.96,1.582,0.193
"mle","trend",2,"gene141",FALSE,0.25,0.8438,23.96,4.373,0.193
"cap_10s","trend",2,"gene142",FALSE,0.1417,1.338,56.17,10,0.1338
"master","trend",2,"gene142",FALSE,0.1417,0.3038,56.17,2.271,0.1338
"mle","trend",2,"gene142",FALSE,0.1417,81.78,56.17,611.4,0.1338
"master","trend",2,"gene143",FALSE,1.438,2.072,8.876,1.795,1.154
"cap_10s","trend",2,"gene143",FALSE,1.438,11.54,8.876,10,1.154
"mle","trend",2,"gene143",FALSE,1.438,21.57,8.876,18.69,1.154
"master","trend",2,"gene144",TRUE,0.3117,0.9003,16.58,3.663,0.2458
"cap_10s","trend",2,"gene144",TRUE,0.3117,2.458,16.58,10,0.2458
"mle","trend",2,"gene144",TRUE,0.3117,361100,16.58,1469000,0.2458
"cap_10s","trend",2,"gene145",TRUE,0.3867,3.596,15.2,10,0.3596
"master","trend",2,"gene145",TRUE,0.3867,0.6383,15.2,1.775,0.3596
"mle","trend",2,"gene145",TRUE,0.3867,2721000,15.2,7566000,0.3596
"master","trend",2,"gene146",FALSE,0.4767,0.8484,10.7,1.88,0.4513
"cap_10s","trend",2,"gene146",FALSE,0.4767,4.513,10.7,10,0.4513
"mle","trend",2,"gene146",FALSE,0.4767,5.93,10.7,13.14,0.4513
"cap_10s","trend",2,"gene147",FALSE,5.167,16.79,3.342,3.434,4.89
"master","trend",2,"gene147",FALSE,5.167,10.45,3.342,2.138,4.89
"mle","trend",2,"gene147",FALSE,5.167,16.79,3.342,3.434,4.89
"cap_10s","trend",2,"gene148",FALSE,0.9083,6.337,9.35,6.614,0.958
"mle","trend",2,"gene148",FALSE,0.9083,6.337,9.35,6.614,0.958
"master","trend",2,"gene148",FALSE,0.9083,2.469,9.35,2.577,0.958
"cap_10s","trend",2,"gene149",FALSE,0.1767,1.514,22.23,10,0.1514
"master","trend",2,"gene149",FALSE,0.1767,0.3187,22.23,2.105,0.1514
"mle","trend",2,"gene149",FALSE,0.1767,2.937,22.23,19.4,0.1514
"cap_10s","trend",2,"gene15",FALSE,2.135,11.55,6.366,10,1.155
"master","trend",2,"gene15",FALSE,2.135,3.296,6.366,2.854,1.155
"mle","trend",2,"gene15",FALSE,2.135,13.64,6.366,11.81,1.155
"master","trend",2,"gene150",FALSE,1.077,2.593,4.531,2.459,1.055
"mle","trend",2,"gene150",FALSE,1.077,4.452,4.531,4.222,1.055
"cap_10s","trend",2,"gene150",FALSE,1.077,4.452,4.531,4.222,1.055
"cap_10s","trend",2,"gene151",FALSE,0.3967,3.329,13.94,10,0.3329
"master","trend",2,"gene151",FALSE,0.3967,0.6147,13.94,1.847,0.3329
"mle","trend",2,"gene151",FALSE,0.3967,5.391,13.94,16.2,0.3329
"master","trend",2,"gene152",FALSE,4.442,8.258,1.956,1.845,4.475
"mle","trend",2,"gene152",FALSE,4.442,8.258,1.956,1.845,4.475
"cap_10s","trend",2,"gene152",FALSE,4.442,8.258,1.956,1.845,4.475
"mle","trend",2,"gene153",FALSE,5.838,12.43,1.854,2.522,4.928
"master","trend",2,"gene153",FALSE,5.838,12.43,1.854,2.522,4.928
"cap_10s","trend",2,"gene153",FALSE,5.838,12.43,1.854,2.522,4.928
"master","trend",2,"gene154",FALSE,0.8617,1.689,7.965,1.986,0.8506
"mle","trend",2,"gene154",FALSE,0.8617,7.426,7.965,8.731,0.8506
"cap_10s","trend",2,"gene154",FALSE,0.8617,7.426,7.965,8.731,0.8506
"master","trend",2,"gene155",FALSE,2.447,5.255,2.499,2.457,2.139
"cap_10s","trend",2,"gene155",FALSE,2.447,6.704,2.499,3.134,2.139
"mle","trend",2,"gene155",FALSE,2.447,6.704,2.499,3.134,2.139
"master","trend",2,"gene156",FALSE,4.042,10.12,3.855,3.297,3.071
"mle","trend",2,"gene156",FALSE,4.042,18.98,3.855,6.182,3.071
"cap_10s","trend",2,"gene156",FALSE,4.042,18.98,3.855,6.182,3.071
"master","trend",2,"gene157",FALSE,6.338,12.23,2.36,1.96,6.237
"cap_10s","trend",2,"gene157",FALSE,6.338,14.03,2.36,2.249,6.237
"mle","trend",2,"gene157",FALSE,6.338,14.03,2.36,2.249,6.237
"master","trend",2,"gene158",FALSE,0.955,2.306,6.792,2.457,0.9387
"cap_10s","trend",2,"gene158",FALSE,0.955,5.825,6.792,6.205,0.9387
"mle","trend",2,"gene158",FALSE,0.955,5.825,6.792,6.205,0.9387
"master","trend",2,"gene159",TRUE,0.2117,0.3754,39.65,1.741,0.2157
"mle","trend",2,"gene159",TRUE,0.2117,2451000,39.65,11370000,0.2157
"cap_10s","trend",2,"gene159",TRUE,0.2117,2.157,39.65,10,0.2157
"cap_10s","trend",2,"gene16",TRUE,0.155,1.958,26.84,10,0.1958
"master","trend",2,"gene16",TRUE,0.155,0.2692,26.84,1.375,0.1958
"mle","trend",2,"gene16",TRUE,0.155,8758000,26.84,44720000,0.1958
"master","trend",2,"gene160",FALSE,0.435,1.083,23.45,2.593,0.4175
"mle","trend",2,"gene160",FALSE,0.435,5.93,23.45,14.2,0.4175
"cap_10s","trend",2,"gene160",FALSE,0.435,4.175,23.45,10,0.4175
"mle","trend",2,"gene161",FALSE,0.4917,2.657,15.34,5.791,0.4588
"cap_10s","trend",2,"gene161",FALSE,0.4917,2.657,15.34,5.791,0.4588
"master","trend",2,"gene161",FALSE,0.4917,0.8444,15.34,1.841,0.4588
"cap_10s","trend",2,"gene162",FALSE,4.53,10.39,2.619,2.595,4.003
"mle","trend",2,"gene162",FALSE,4.53,10.39,2.619,2.595,4.003
"master","trend",2,"gene162",FALSE,4.53,9.878,2.619,2.468,4.003
"master","trend",2,"gene163",FALSE,0.1917,0.2078,45.12,1.078,0.1928
"mle","trend",2,"gene163",FALSE,0.1917,156.5,45.12,811.5,0.1928
"cap_10s","trend",2,"gene163",FALSE,0.1917,1.928,45.12,10,0.1928
"master","trend",2,"gene164",FALSE,0.145,0.3074,40.8,2.043,0.1504
"cap_10s","trend",2,"gene164",FALSE,0.145,1.504,40.8,10,0.1504
"mle","trend",2,"gene164",FALSE,0.145,8.529,40.8,56.7,0.1504
"cap_10s","trend",2,"gene165",FALSE,0.785,6.568,9.208,10,0.6568
"master","trend",2,"gene165",FALSE,0.785,2.711,9.208,4.127,0.6568
"mle","trend",2,"gene165",FALSE,0.785,7.128,9.208,10.85,0.6568
"mle","trend",2,"gene166",FALSE,2.773,4.87,1.997,1.843,2.642
"master","trend",2,"gene166",FALSE,2.773,4.87,1.997,1.843,2.642
"cap_10s","trend",2,"gene166",FALSE,2.773,4.87,1.997,1.843,2.642
"mle","trend",2,"gene167",FALSE,0.7233,19.57,8.478,27.91,0.7013
"master","trend",2,"gene167",FALSE,0.7233,1.279,8.478,1.824,0.7013
"cap_10s","trend",2,"gene167",FALSE,0.7233,7.013,8.478,10,0.7013
"master","trend",2,"gene168",FALSE,0.2033,0.3243,22.19,1.538,0.2108
"cap_10s","trend",2,"gene168",FALSE,0.2033,2.108,22.19,10,0.2108
"mle","trend",2,"gene168",FALSE,0.2033,2.374,22.19,11.26,0.2108
"master","trend",2,"gene169",FALSE,2.253,4.764,3.448,2.109,2.259
"cap_10s","trend",2,"gene169",FALSE,2.253,9.799,3.448,4.337,2.259
"mle","trend",2,"gene169",FALSE,2.253,9.799,3.448,4.337,2.259
"cap_10s","trend",2,"gene17",FALSE,3.232,13.84,4.966,5.991,2.31
"master","trend",2,"gene17",FALSE,3.232,4.071,4.966,1.762,2.31
"mle","trend",2,"gene17",FALSE,3.232,13.84,4.966,5.991,2.31
"master","trend",2,"gene170",FALSE,0.4833,1.115,17.99,2.348,0.4748
"mle","trend",2,"gene170",FALSE,0.4833,10.05,17.99,21.17,0.4748
"cap_10s","trend",2,"gene170",FALSE,0.4833,4.748,17.99,10,0.4748
"cap_10s","trend",2,"gene171",FALSE,2.072,13.87,6.452,8.056,1.722
"master","trend",2,"gene171",FALSE,2.072,6.072,6.452,3.527,1.722
"mle","trend",2,"gene171",FALSE,2.072,13.87,6.452,8.056,1.722
"master","trend",2,"gene172",FALSE,2.047,4.551,6.528,2.643,1.722
"cap_10s","trend",2,"gene172",FALSE,2.047,17.22,6.528,10,1.722
"mle","trend",2,"gene172",FALSE,2.047,24.17,6.528,14.04,1.722
"master","trend",2,"gene173",FALSE,0.2833,0.6346,32.39,2.098,0.3025
"cap_10s","trend",2,"gene173",FALSE,0.2833,3.025,32.39,10,0.3025
"mle","trend",2,"gene173",FALSE,0.2833,4.556,32.39,15.06,0.3025
"cap_10s","trend",2,"gene174",TRUE,0.6283,5.88,13.54,10,0.588
"mle","trend",2,"gene174",TRUE,0.6283,6508000,13.54,11070000,0.588
"master","trend",2,"gene174",TRUE,0.6283,1.259,13.54,2.141,0.588
"cap_10s","trend",2,"gene175",TRUE,0.5,4.506,11.9,10,0.4506
"mle","trend",2,"gene175",TRUE,0.5,2175000,11.9,4827000,0.4506
"master","trend",2,"gene175",TRUE,0.5,1.179,11.9,2.618,0.4506
"master","trend",2,"gene176",FALSE,0.23,0.3664,9.905,1.766,0.2075
"mle","trend",2,"gene176",FALSE,0.23,5.582,9.905,26.91,0.2075
"cap_10s","trend",2,"gene176",FALSE,0.23,2.075,9.905,10,0.2075
"master","trend",2,"gene177",FALSE,0.255,0.5682,21.82,3.509,0.1619
"cap_10s","trend",2,"gene177",FALSE,0.255,1.619,21.82,10,0.1619
"mle","trend",2,"gene177",FALSE,0.255,6.091,21.82,37.62,0.1619
"cap_10s","trend",2,"gene178",TRUE,0.1717,1.213,23.87,10,0.1213
"master","trend",2,"gene178",TRUE,0.1717,0.1969,23.87,1.623,0.1213
"mle","trend",2,"gene178",TRUE,0.1717,22030,23.87,181600,0.1213
"mle","trend",2,"gene179",FALSE,0.2383,5.841,22.1,25.78,0.2265
"master","trend",2,"gene179",FALSE,0.2383,0.3357,22.1,1.482,0.2265
"cap_10s","trend",2,"gene179",FALSE,0.2383,2.265,22.1,10,0.2265
"mle","trend",2,"gene18",TRUE,0.33,22030,23.04,62950,0.3499
"master","trend",2,"gene18",TRUE,0.33,0.7298,23.04,2.085,0.3499
"cap_10s","trend",2,"gene18",TRUE,0.33,3.499,23.04,10,0.3499
"mle","trend",2,"gene180",FALSE,0.9817,5.927,5.823,6.132,0.9666
"master","trend",2,"gene180",FALSE,0.9817,1.583,5.823,1.638,0.9666
"cap_10s","trend",2,"gene180",FALSE,0.9817,5.927,5.823,6.132,0.9666
"cap_10s","trend",2,"gene181",FALSE,0.1417,1.15,37.13,10,0.115
"master","trend",2,"gene181",FALSE,0.1417,0.215,37.13,1.87,0.115
"mle","trend",2,"gene181",FALSE,0.1417,1.857,37.13,16.15,0.115
"cap_10s","trend",2,"gene182",FALSE,1.835,16.76,4.987,10,1.676
"mle","trend",2,"gene182",FALSE,1.835,22.26,4.987,13.28,1.676
"master","trend",2,"gene182",FALSE,1.835,2.771,4.987,1.653,1.676
"mle","trend",2,"gene183",FALSE,0.175,1.621,21.73,10.26,0.158
"cap_10s","trend",2,"gene183",FALSE,0.175,1.58,21.73,10,0.158
"master","trend",2,"gene183",FALSE,0.175,0.2169,21.73,1.373,0.158
"master","trend",2,"gene184",TRUE,0.385,0.5732,20.07,1.619,0.3539
"cap_10s","trend",2,"gene184",TRUE,0.385,3.539,20.07,10,0.3539
"mle","trend",2,"gene184",TRUE,0.385,1782000,20.07,5035000,0.3539
"master","trend",2,"gene185",FALSE,1.412,2.474,9.575,1.915,1.292
"cap_10s","trend",2,"gene185",FALSE,1.412,9.456,9.575,7.318,1.292
"mle","trend",2,"gene185",FALSE,1.412,9.456,9.575,7.318,1.292
"cap_10s","trend",2,"gene186",FALSE,3.113,6.458,2.883,2.28,2.832
"master","trend",2,"gene186",FALSE,3.113,5.575,2.883,1.968,2.832
"mle","trend",2,"gene186",FALSE,3.113,6.458,2.883,2.28,2.832
"cap_10s","trend",2,"gene187",FALSE,0.4533,4.465,15.77,10,0.4465
"master","trend",2,"gene187",FALSE,0.4533,0.8282,15.77,1.855,0.4465
"mle","trend",2,"gene187",FALSE,0.4533,21.08,15.77,47.21,0.4465
"cap_10s","trend",2,"gene188",FALSE,0.19,1.535,22.97,10,0.1535
"master","trend",2,"gene188",FALSE,0.19,0.5204,22.97,3.389,0.1535
"mle","trend",2,"gene188",FALSE,0.19,6.018,22.97,39.2,0.1535
"cap_10s","trend",2,"gene189",FALSE,6.202,9.265,1.468,1.765,5.251
"master","trend",2,"gene189",FALSE,6.202,9.265,1.468,1.765,5.251
"mle","trend",2,"gene189",FALSE,6.202,9.265,1.468,1.765,5.251
"master","trend",2,"gene19",FALSE,2.068,2.666,5.769,1.817,1.467
"cap_10s","trend",2,"gene19",FALSE,2.068,6.195,5.769,4.224,1.467
"mle","trend",2,"gene19",FALSE,2.068,6.195,5.769,4.224,1.467
"cap_10s","trend",2,"gene190",TRUE,0.1733,1.322,27.29,10,0.1322
"master","trend",2,"gene190",TRUE,0.1733,0.3202,27.29,2.423,0.1322
"mle","trend",2,"gene190",TRUE,0.1733,22030,27.29,166600,0.1322
"mle","trend",2,"gene191",FALSE,0.8183,1473,7.598,2056,0.7166
"cap_10s","trend",2,"gene191",FALSE,0.8183,7.166,7.598,10,0.7166
"master","trend",2,"gene191",FALSE,0.8183,2.39,7.598,3.336,0.7166
"master","trend",2,"gene192",FALSE,0.9517,2.057,10.27,2.42,0.8498
"mle","trend",2,"gene192",FALSE,0.9517,21.87,10.27,25.74,0.8498
"cap_10s","trend",2,"gene192",FALSE,0.9517,8.498,10.27,10,0.8498
"master","trend",2,"gene193",FALSE,1.003,2.052,8.157,2.045,1.004
"mle","trend",2,"gene193",FALSE,1.003,23.53,8.157,23.44,1.004
"cap_10s","trend",2,"gene193",FALSE,1.003,10.04,8.157,10,1.004
"master","trend",2,"gene194",FALSE,8.43,8.602,0.9319,1.093,7.867
"mle","trend",2,"gene194",FALSE,8.43,8.602,0.9319,1.093,7.867
"cap_10s","trend",2,"gene194",FALSE,8.43,8.602,0.9319,1.093,7.867
"master","trend",2,"gene195",TRUE,0.2783,0.4351,16.15,1.77,0.2458
"mle","trend",2,"gene195",TRUE,0.2783,22030,16.15,89610,0.2458
"cap_10s","trend",2,"gene195",TRUE,0.2783,2.458,16.15,10,0.2458
"master","trend",2,"gene196",FALSE,3.507,6.298,2.167,1.929,3.266
"mle","trend",2,"gene196",FALSE,3.507,6.298,2.167,1.929,3.266
"cap_10s","trend",2,"gene196",FALSE,3.507,6.298,2.167,1.929,3.266
"master","trend",2,"gene197",FALSE,2.967,7.086,2.388,2.899,2.444
"mle","trend",2,"gene197",FALSE,2.967,8.611,2.388,3.523,2.444
"cap_10s","trend",2,"gene197",FALSE,2.967,8.611,2.388,3.523,2.444
"master","trend",2,"gene198",TRUE,0.54,0.9926,8.683,1.696,0.5854
"mle","trend",2,"gene198",TRUE,0.54,4456000,8.683,7611000,0.5854
"cap_10s","trend",2,"gene198",TRUE,0.54,5.854,8.683,10,0.5854
"master","trend",2,"gene199",FALSE,0.345,0.5471,18.27,1.868,0.293
"cap_10s","trend",2,"gene199",FALSE,0.345,2.93,18.27,10,0.293
"mle","trend",2,"gene199",FALSE,0.345,3.454,18.27,11.79,0.293
"cap_10s","trend",2,"gene2",TRUE,0.8067,8.992,10.74,10,0.8992
"master","trend",2,"gene2",TRUE,0.8067,1.701,10.74,1.892,0.8992
"mle","trend",2,"gene2",TRUE,0.8067,15050000,10.74,16740000,0.8992
"cap_10s","trend",2,"gene20",FALSE,0.255,3.186,27.22,10,0.3186
"mle","trend",2,"gene20",FALSE,0.255,23.47,27.22,73.66,0.3186
"master","trend",2,"gene20",FALSE,0.255,0.6521,27.22,2.046,0.3186
"master","trend",2,"gene200",FALSE,0.5,1.318,12.6,2.597,0.5077
"mle","trend",2,"gene200",FALSE,0.5,11.98,12.6,23.6,0.5077
"cap_10s","trend",2,"gene200",FALSE,0.5,5.077,12.6,10,0.5077
"mle","trend",2,"gene201",FALSE,4.013,7.937,2.967,2.054,3.865
"cap_10s","trend",2,"gene201",FALSE,4.013,7.937,2.967,2.054,3.865
"master","trend",2,"gene201",FALSE,4.013,7.454,2.967,1.929,3.865
"mle","trend",2,"gene202",FALSE,6.963,16.99,2.225,2.839,5.985
"cap_10s","trend",2,"gene202",FALSE,6.963,16.99,2.225,2.839,5.985
"master","trend",2,"gene202",FALSE,6.963,16.99,2.225,2.839,5.985
"cap_10s","trend",2,"gene203",TRUE,0.5883,4.984,11.18,10,0.4984
"master","trend",2,"gene203",TRUE,0.5883,0.9127,11.18,1.831,0.4984
"mle","trend",2,"gene203",TRUE,0.5883,3828000,11.18,7680000,0.4984
"master","trend",2,"gene204",FALSE,0.3783,0.7719,15.31,2.137,0.3613
"mle","trend",2,"gene204",FALSE,0.3783,2.599,15.31,7.193,0.3613
"cap_10s","trend",2,"gene204",FALSE,0.3783,2.599,15.31,7.193,0.3613
"cap_10s","trend",2,"gene205",TRUE,0.2983,2.526,29.71,10,0.2526
"master","trend",2,"gene205",TRUE,0.2983,0.5115,29.71,2.025,0.2526
"mle","trend",2,"gene205",TRUE,0.2983,22030,29.71,87210,0.2526
"master","trend",2,"gene206",FALSE,0.3733,0.8192,25.16,2.108,0.3887
"mle","trend",2,"gene206",FALSE,0.3733,15.83,25.16,40.73,0.3887
"cap_10s","trend",2,"gene206",FALSE,0.3733,3.887,25.16,10,0.3887
"mle","trend",2,"gene207",TRUE,0.7367,5036000,9.936,6794000,0.7412
"master","trend",2,"gene207",TRUE,0.7367,1.444,9.936,1.948,0.7412
"cap_10s","trend",2,"gene207",TRUE,0.7367,7.412,9.936,10,0.7412
"master","trend",2,"gene208",FALSE,0.5183,0.9968,26.87,1.991,0.5006
"mle","trend",2,"gene208",FALSE,0.5183,18.27,26.87,36.5,0.5006
"cap_10s","trend",2,"gene208",FALSE,0.5183,5.006,26.87,10,0.5006
"master","trend",2,"gene209",FALSE,5.26,12.77,2.473,2.774,4.605
"cap_10s","trend",2,"gene209",FALSE,5.26,13.17,2.473,2.859,4.605
"mle","trend",2,"gene209",FALSE,5.26,13.17,2.473,2.859,4.605
"cap_10s","trend",2,"gene21",FALSE,10.78,11.97,1.539,1.68,7.122
"mle","trend",2,"gene21",FALSE,10.78,11.97,1.539,1.68,7.122
"master","trend",2,"gene21",FALSE,10.78,11.97,1.539,1.68,7.122
"master","trend",2,"gene210",FALSE,1.958,3.258,4.368,1.789,1.821
"mle","trend",2,"gene210",FALSE,1.958,6.911,4.368,3.795,1.821
"cap_10s","trend",2,"gene210",FALSE,1.958,6.911,4.368,3.795,1.821
"master","trend",2,"gene211",FALSE,0.305,0.4997,17.47,1.76,0.284
"cap_10s","trend",2,"gene211",FALSE,0.305,2.84,17.47,10,0.284
"mle","trend",2,"gene211",FALSE,0.305,6.308,17.47,22.21,0.284
"cap_10s","trend",2,"gene212",FALSE,0.7717,6.158,10.65,9.079,0.6783
"master","trend",2,"gene212",FALSE,0.7717,1.149,10.65,1.694,0.6783
"mle","trend",2,"gene212",FALSE,0.7717,6.158,10.65,9.079,0.6783
"master","trend",2,"gene213",FALSE,0.9233,1.501,12.54,1.903,0.7889
"cap_10s","trend",2,"gene213",FALSE,0.9233,3.428,12.54,4.345,0.7889
"mle","trend",2,"gene213",FALSE,0.9233,3.428,12.54,4.345,0.7889
"cap_10s","trend",2,"gene214",FALSE,2.787,15.35,4.051,7.449,2.06
"master","trend",2,"gene214",FALSE,2.787,6.928,4.051,3.362,2.06
"mle","trend",2,"gene214",FALSE,2.787,15.35,4.051,7.449,2.06
"cap_10s","trend",2,"gene215",FALSE,0.8617,8.433,13.74,10,0.8433
"mle","trend",2,"gene215",FALSE,0.8617,88.23,13.74,104.6,0.8433
"master","trend",2,"gene215",FALSE,0.8617,1.583,13.74,1.877,0.8433
"cap_10s","trend",2,"gene216",FALSE,2.758,11.18,4.952,4.33,2.581
"master","trend",2,"gene216",FALSE,2.758,5.827,4.952,2.257,2.581
"mle","trend",2,"gene216",FALSE,2.758,11.18,4.952,4.33,2.581
"master","trend",2,"gene217",FALSE,4.343,7.072,1.712,1.767,4.002
"mle","trend",2,"gene217",FALSE,4.343,7.072,1.712,1.767,4.002
"cap_10s","trend",2,"gene217",FALSE,4.343,7.072,1.712,1.767,4.002
"cap_10s","trend",2,"gene218",FALSE,3.833,9.304,2.807,2.608,3.568
"master","trend",2,"gene218",FALSE,3.833,8.169,2.807,2.29,3.568
"mle","trend",2,"gene218",FALSE,3.833,9.304,2.807,2.608,3.568
"master","trend",2,"gene219",FALSE,6.957,9.345,1.141,1.63,5.735
"mle","trend",2,"gene219",FALSE,6.957,9.345,1.141,1.63,5.735
"cap_10s","trend",2,"gene219",FALSE,6.957,9.345,1.141,1.63,5.735
"mle","trend",2,"gene22",FALSE,1.98,14.68,6.408,6.809,2.156
"master","trend",2,"gene22",FALSE,1.98,6.293,6.408,2.919,2.156
"cap_10s","trend",2,"gene22",FALSE,1.98,14.68,6.408,6.809,2.156
"mle","trend",2,"gene220",TRUE,0.4267,5548000,13.08,13010000,0.4265
"cap_10s","trend",2,"gene220",TRUE,0.4267,4.265,13.08,10,0.4265
"master","trend",2,"gene220",TRUE,0.4267,0.6612,13.08,1.55,0.4265
"mle","trend",2,"gene221",FALSE,2.752,8.58,2.937,3.19,2.69
"cap_10s","trend",2,"gene221",FALSE,2.752,8.58,2.937,3.19,2.69
"master","trend",2,"gene221",FALSE,2.752,4.275,2.937,1.589,2.69
"cap_10s","trend",2,"gene222",FALSE,2.398,9.81,4.482,4.367,2.246
"master","trend",2,"gene222",FALSE,2.398,4.092,4.482,1.822,2.246
"mle","trend",2,"gene222",FALSE,2.398,9.81,4.482,4.367,2.246
"master","trend",2,"gene223",FALSE,4.592,6.837,1.99,1.671,4.091
"cap_10s","trend",2,"gene223",FALSE,4.592,6.837,1.99,1.671,4.091
"mle","trend",2,"gene223",FALSE,4.592,6.837,1.99,1.671,4.091
"cap_10s","trend",2,"gene224",FALSE,0.6333,6.136,14.36,10,0.6136
"master","trend",2,"gene224",FALSE,0.6333,1.038,14.36,1.691,0.6136
"mle","trend",2,"gene224",FALSE,0.6333,7.102,14.36,11.57,0.6136
"cap_10s","trend",2,"gene225",TRUE,0.3833,3.76,24.87,10,0.376
"master","trend",2,"gene225",TRUE,0.3833,0.7238,24.87,1.925,0.376
"mle","trend",2,"gene225",TRUE,0.3833,1207000,24.87,3210000,0.376
"cap_10s","trend",2,"gene226",FALSE,5.047,8.649,1.938,1.962,4.408
"master","trend",2,"gene226",FALSE,5.047,8.649,1.938,1.962,4.408
"mle","trend",2,"gene226",FALSE,5.047,8.649,1.938,1.962,4.408
"cap_10s","trend",2,"gene227",FALSE,6.102,7.821,1.117,1.439,5.437
"master","trend",2,"gene227",FALSE,6.102,7.821,1.117,1.439,5.437
"mle","trend",2,"gene227",FALSE,6.102,7.821,1.117,1.439,5.437
"cap_10s","trend",2,"gene228",FALSE,5.133,16.6,2.217,3.277,5.066
"master","trend",2,"gene228",FALSE,5.133,9.618,2.217,1.899,5.066
"mle","trend",2,"gene228",FALSE,5.133,16.6,2.217,3.277,5.066
"cap_10s","trend",2,"gene229",FALSE,6.475,8.084,1.044,1.389,5.82
"master","trend",2,"gene229",FALSE,6.475,8.084,1.044,1.389,5.82
"mle","trend",2,"gene229",FALSE,6.475,8.084,1.044,1.389,5.82
"master","trend",2,"gene23",FALSE,3.79,5.042,2.764,1.834,2.75
"cap_10s","trend",2,"gene23",FALSE,3.79,5.087,2.764,1.85,2.75
"mle","trend",2,"gene23",FALSE,3.79,5.087,2.764,1.85,2.75
"cap_10s","trend",2,"gene230",FALSE,0.5817,5.418,16.03,10,0.5418
"master","trend",2,"gene230",FALSE,0.5817,1.143,16.03,2.109,0.5418
"mle","trend",2,"gene230",FALSE,0.5817,67.96,16.03,125.4,0.5418
"mle","trend",2,"gene231",FALSE,0.3017,5.673,20.38,21.22,0.2674
"cap_10s","trend",2,"gene231",FALSE,0.3017,2.674,20.38,10,0.2674
"master","trend",2,"gene231",FALSE,0.3017,0.4621,20.38,1.728,0.2674
"master","trend",2,"gene232",FALSE,1.097,2.449,14.36,2.792,0.877
"mle","trend",2,"gene232",FALSE,1.097,21.37,14.36,24.37,0.877
"cap_10s","trend",2,"gene232",FALSE,1.097,8.77,14.36,10,0.877
"master","trend",2,"gene233",FALSE,1.118,1.968,5.658,2.096,0.9392
"mle","trend",2,"gene233",FALSE,1.118,11.51,5.658,12.25,0.9392
"cap_10s","trend",2,"gene233",FALSE,1.118,9.392,5.658,10,0.9392
"master","trend",2,"gene234",FALSE,3.65,9.718,2.905,3.188,3.048
"mle","trend",2,"gene234",FALSE,3.65,15.88,2.905,5.21,3.048
"cap_10s","trend",2,"gene234",FALSE,3.65,15.88,2.905,5.21,3.048
"master","trend",2,"gene235",FALSE,0.2917,0.4217,17.83,1.748,0.2412
"mle","trend",2,"gene235",FALSE,0.2917,10.49,17.83,43.48,0.2412
"cap_10s","trend",2,"gene235",FALSE,0.2917,2.412,17.83,10,0.2412
"master","trend",2,"gene236",FALSE,2.177,6.086,4.16,3.13,1.945
"mle","trend",2,"gene236",FALSE,2.177,6.086,4.16,3.13,1.945
"cap_10s","trend",2,"gene236",FALSE,2.177,6.086,4.16,3.13,1.945
"master","trend",2,"gene237",FALSE,0.3883,0.7083,19.1,1.832,0.3867
"cap_10s","trend",2,"gene237",FALSE,0.3883,3.867,19.1,10,0.3867
"mle","trend",2,"gene237",FALSE,0.3883,12.71,19.1,32.88,0.3867
"master","trend",2,"gene238",FALSE,0.4467,0.6222,16.81,1.439,0.4324
"cap_10s","trend",2,"gene238",FALSE,0.4467,4.324,16.81,10,0.4324
"mle","trend",2,"gene238",FALSE,0.4467,9.68,16.81,22.39,0.4324
"cap_10s","trend",2,"gene239",TRUE,0.37,3.593,20.27,10,0.3593
"mle","trend",2,"gene239",TRUE,0.37,4557000,20.27,12680000,0.3593
"master","trend",2,"gene239",TRUE,0.37,0.8844,20.27,2.461,0.3593
"cap_10s","trend",2,"gene24",FALSE,0.4383,4.43,11.21,8.49,0.5218
"master","trend",2,"gene24",FALSE,0.4383,1.248,11.21,2.391,0.5218
"mle","trend",2,"gene24",FALSE,0.4383,4.43,11.21,8.49,0.5218
"mle","trend",2,"gene240",FALSE,0.635,4.543,7.419,7.64,0.5946
"master","trend",2,"gene240",FALSE,0.635,1.373,7.419,2.31,0.5946
"cap_10s","trend",2,"gene240",FALSE,0.635,4.543,7.419,7.64,0.5946
"master","trend",2,"gene241",FALSE,5.62,9.634,2.381,1.774,5.432
"cap_10s","trend",2,"gene241",FALSE,5.62,10.43,2.381,1.919,5.432
"mle","trend",2,"gene241",FALSE,5.62,10.43,2.381,1.919,5.432
"master","trend",2,"gene242",FALSE,1.793,3.434,7.095,1.842,1.864
"cap_10s","trend",2,"gene242",FALSE,1.793,10.96,7.095,5.879,1.864
"mle","trend",2,"gene242",FALSE,1.793,10.96,7.095,5.879,1.864
"cap_10s","trend",2,"gene243",FALSE,0.81,6.068,7.304,8.228,0.7375
"mle","trend",2,"gene243",FALSE,0.81,6.068,7.304,8.228,0.7375
"master","trend",2,"gene243",FALSE,0.81,1.241,7.304,1.683,0.7375
"master","trend",2,"gene244",FALSE,0.8333,1.283,14.16,1.607,0.7983
"mle","trend",2,"gene244",FALSE,0.8333,6.804,14.16,8.523,0.7983
"cap_10s","trend",2,"gene244",FALSE,0.8333,6.804,14.16,8.523,0.7983
"master","trend",2,"gene245",FALSE,0.5033,0.614,22.34,1.499,0.4095
"mle","trend",2,"gene245",FALSE,0.5033,103.8,22.34,253.3,0.4095
"cap_10s","trend",2,"gene245",FALSE,0.5033,4.095,22.34,10,0.4095
"master","trend",2,"gene246",FALSE,0.2483,0.3865,32.24,1.59,0.243
"mle","trend",2,"gene246",FALSE,0.2483,5.877,32.24,24.18,0.243
"cap_10s","trend",2,"gene246",FALSE,0.2483,2.43,32.24,10,0.243
"mle","trend",2,"gene247",FALSE,2.413,23.36,6.85,11.18,2.09
"cap_10s","trend",2,"gene247",FALSE,2.413,20.9,6.85,10,2.09
"master","trend",2,"gene247",FALSE,2.413,5.147,6.85,2.462,2.09
"master","trend",2,"gene248",FALSE,0.66,1.547,6.058,2.826,0.5472
"mle","trend",2,"gene248",FALSE,0.66,1.823,6.058,3.331,0.5472
"cap_10s","trend",2,"gene248",FALSE,0.66,1.823,6.058,3.331,0.5472
"master","trend",2,"gene249",TRUE,0.2867,0.4307,31.45,1.494,0.2883
"mle","trend",2,"gene249",TRUE,0.2867,7673000,31.45,26610000,0.2883
"cap_10s","trend",2,"gene249",TRUE,0.2867,2.883,31.45,10,0.2883
"cap_10s","trend",2,"gene25",FALSE,0.7483,5.266,12,10,0.5266
"master","trend",2,"gene25",FALSE,0.7483,1.126,12,2.138,0.5266
"mle","trend",2,"gene25",FALSE,0.7483,19.66,12,37.33,0.5266
"master","trend",2,"gene250",FALSE,0.8333,3.553,10.92,5.032,0.7061
"mle","trend",2,"gene250",FALSE,0.8333,7.305,10.92,10.35,0.7061
"cap_10s","trend",2,"gene250",FALSE,0.8333,7.061,10.92,10,0.7061
"master","trend",2,"gene251",FALSE,7.53,13.17,1.5,1.922,6.855
"mle","trend",2,"gene251",FALSE,7.53,13.17,1.5,1.922,6.855
"cap_10s","trend",2,"gene251",FALSE,7.53,13.17,1.5,1.922,6.855
"cap_10s","trend",2,"gene252",FALSE,0.225,2.192,22.1,10,0.2192
"master","trend",2,"gene252",FALSE,0.225,0.4142,22.1,1.89,0.2192
"mle","trend",2,"gene252",FALSE,0.225,2.444,22.1,11.15,0.2192
"master","trend",2,"gene253",FALSE,4.525,7.34,2.322,1.753,4.186
"mle","trend",2,"gene253",FALSE,4.525,13.49,2.322,3.223,4.186
"cap_10s","trend",2,"gene253",FALSE,4.525,13.49,2.322,3.223,4.186
"master","trend",2,"gene254",FALSE,0.2617,0.3495,18.27,1.52,0.2299
"mle","trend",2,"gene254",FALSE,0.2617,5.533,18.27,24.07,0.2299
"cap_10s","trend",2,"gene254",FALSE,0.2617,2.299,18.27,10,0.2299
"master","trend",2,"gene255",FALSE,6.425,13.34,2.831,2.187,6.097
"mle","trend",2,"gene255",FALSE,6.425,18.72,2.831,3.071,6.097
"cap_10s","trend",2,"gene255",FALSE,6.425,18.72,2.831,3.071,6.097
"cap_10s","trend",2,"gene256",FALSE,0.155,0.9288,19.8,5.601,0.1658
"mle","trend",2,"gene256",FALSE,0.155,0.9288,19.8,5.601,0.1658
"master","trend",2,"gene256",FALSE,0.155,0.2354,19.8,1.42,0.1658
"master","trend",2,"gene257",FALSE,1.743,3.212,5.791,2.017,1.592
"mle","trend",2,"gene257",FALSE,1.743,7.207,5.791,4.526,1.592
"cap_10s","trend",2,"gene257",FALSE,1.743,7.207,5.791,4.526,1.592
"master","trend",2,"gene258",FALSE,1.855,3.352,4.99,1.94,1.728
"mle","trend",2,"gene258",FALSE,1.855,34.36,4.99,19.89,1.728
"cap_10s","trend",2,"gene258",FALSE,1.855,17.28,4.99,10,1.728
"master","trend",2,"gene259",FALSE,0.6067,1.194,10.96,1.997,0.5976
"mle","trend",2,"gene259",FALSE,0.6067,7.073,10.96,11.84,0.5976
"cap_10s","trend",2,"gene259",FALSE,0.6067,5.976,10.96,10,0.5976
"cap_10s","trend",2,"gene26",FALSE,2.295,9.108,2.915,3.215,2.833
"master","trend",2,"gene26",FALSE,2.295,5.378,2.915,1.898,2.833
"mle","trend",2,"gene26",FALSE,2.295,9.108,2.915,3.215,2.833
"mle","trend",2,"gene260",FALSE,0.9833,52.23,17.39,65.34,0.7994
"cap_10s","trend",2,"gene260",FALSE,0.9833,7.994,17.39,10,0.7994
"master","trend",2,"gene260",FALSE,0.9833,2.059,17.39,2.576,0.7994
"master","trend",2,"gene261",FALSE,0.1983,0.2144,18,1.38,0.1554
"mle","trend",2,"gene261",FALSE,0.1983,3.401,18,21.89,0.1554
"cap_10s","trend",2,"gene261",FALSE,0.1983,1.554,18,10,0.1554
"mle","trend",2,"gene262",FALSE,0.635,14.29,8.67,23.16,0.6171
"cap_10s","trend",2,"gene262",FALSE,0.635,6.171,8.67,10,0.6171
"master","trend",2,"gene262",FALSE,0.635,1.138,8.67,1.844,0.6171
"mle","trend",2,"gene263",FALSE,0.435,4.882,12.41,12.03,0.4059
"cap_10s","trend",2,"gene263",FALSE,0.435,4.059,12.41,10,0.4059
"master","trend",2,"gene263",FALSE,0.435,0.821,12.41,2.023,0.4059
"mle","trend",2,"gene264",FALSE,2.277,29.62,7.656,14.52,2.04
"cap_10s","trend",2,"gene264",FALSE,2.277,20.4,7.656,10,2.04
"master","trend",2,"gene264",FALSE,2.277,4.195,7.656,2.056,2.04
"master","trend",2,"gene265",FALSE,0.2367,0.4062,10.87,1.843,0.2204
"cap_10s","trend",2,"gene265",FALSE,0.2367,2.204,10.87,10,0.2204
"mle","trend",2,"gene265",FALSE,0.2367,4.455,10.87,20.21,0.2204
"master","trend",2,"gene266",FALSE,0.3933,0.9536,18.26,2.752,0.3465
"cap_10s","trend",2,"gene266",FALSE,0.3933,3.465,18.26,10,0.3465
"mle","trend",2,"gene266",FALSE,0.3933,14.62,18.26,42.2,0.3465
"master","trend",2,"gene267",TRUE,0.1717,0.348,33.42,2.17,0.1604
"mle","trend",2,"gene267",TRUE,0.1717,11080000,33.42,69080000,0.1604
"cap_10s","trend",2,"gene267",TRUE,0.1717,1.604,33.42,10,0.1604
"master","trend",2,"gene268",FALSE,2.387,4.337,2.741,1.807,2.401
"mle","trend",2,"gene268",FALSE,2.387,9.17,2.741,3.82,2.401
"cap_10s","trend",2,"gene268",FALSE,2.387,9.17,2.741,3.82,2.401
"mle","trend",2,"gene269",FALSE,0.855,4.468,8.285,6.797,0.6573
"cap_10s","trend",2,"gene269",FALSE,0.855,4.468,8.285,6.797,0.6573
"master","trend",2,"gene269",FALSE,0.855,3.247,8.285,4.94,0.6573
"cap_10s","trend",2,"gene27",FALSE,0.2733,1.912,25.61,10,0.1912
"mle","trend",2,"gene27",FALSE,0.2733,5.24,25.61,27.4,0.1912
"master","trend",2,"gene27",FALSE,0.2733,0.4699,25.61,2.457,0.1912
"cap_10s","trend",2,"gene270",FALSE,1.202,4.038,6.804,3.49,1.157
"master","trend",2,"gene270",FALSE,1.202,1.885,6.804,1.629,1.157
"mle","trend",2,"gene270",FALSE,1.202,4.038,6.804,3.49,1.157
"master","trend",2,"gene271",FALSE,4.463,7.711,1.951,1.819,4.24
"mle","trend",2,"gene271",FALSE,4.463,7.82,1.951,1.844,4.24
"cap_10s","trend",2,"gene271",FALSE,4.463,7.82,1.951,1.844,4.24
"master","trend",2,"gene272",FALSE,4.173,6.928,2.898,1.9,3.646
"mle","trend",2,"gene272",FALSE,4.173,14.86,2.898,4.074,3.646
"cap_10s","trend",2,"gene272",FALSE,4.173,14.86,2.898,4.074,3.646
"mle","trend",2,"gene273",FALSE,7.305,11.8,1.231,1.826,6.46
"master","trend",2,"gene273",FALSE,7.305,11.8,1.231,1.826,6.46
"cap_10s","trend",2,"gene273",FALSE,7.305,11.8,1.231,1.826,6.46
"mle","trend",2,"gene274",FALSE,6.937,7.89,1.241,1.234,6.391
"master","trend",2,"gene274",FALSE,6.937,7.89,1.241,1.234,6.391
"cap_10s","trend",2,"gene274",FALSE,6.937,7.89,1.241,1.234,6.391
"master","trend",2,"gene275",FALSE,3.378,5.607,4.551,1.774,3.161
"mle","trend",2,"gene275",FALSE,3.378,17.49,4.551,5.533,3.161
"cap_10s","trend",2,"gene275",FALSE,3.378,17.49,4.551,5.533,3.161
"master","trend",2,"gene276",FALSE,2.917,6.577,3.591,2.544,2.585
"mle","trend",2,"gene276",FALSE,2.917,6.577,3.591,2.544,2.585
"cap_10s","trend",2,"gene276",FALSE,2.917,6.577,3.591,2.544,2.585
"master","trend",2,"gene277",FALSE,1.33,2.209,5.164,1.588,1.392
"mle","trend",2,"gene277",FALSE,1.33,10.95,5.164,7.87,1.392
"cap_10s","trend",2,"gene277",FALSE,1.33,10.95,5.164,7.87,1.392
"master","trend",2,"gene278",FALSE,1.195,3.501,4.899,3.014,1.161
"cap_10s","trend",2,"gene278",FALSE,1.195,4.563,4.899,3.929,1.161
"mle","trend",2,"gene278",FALSE,1.195,4.563,4.899,3.929,1.161
"cap_10s","trend",2,"gene279",TRUE,0.1183,1.228,37.17,10,0.1228
"mle","trend",2,"gene279",TRUE,0.1183,9358000,37.17,76190000,0.1228
"master","trend",2,"gene279",TRUE,0.1183,0.3878,37.17,3.157,0.1228
"cap_10s","trend",2,"gene28",FALSE,4.052,14,2.143,3.175,4.409
"mle","trend",2,"gene28",FALSE,4.052,14,2.143,3.175,4.409
"master","trend",2,"gene28",FALSE,4.052,14,2.143,3.175,4.409
"mle","trend",2,"gene280",FALSE,3.59,14.64,5.229,4.335,3.377
"master","trend",2,"gene280",FALSE,3.59,7.579,5.229,2.244,3.377
"cap_10s","trend",2,"gene280",FALSE,3.59,14.64,5.229,4.335,3.377
"mle","trend",2,"gene281",FALSE,1.092,9.376,10.21,8.219,1.141
"master","trend",2,"gene281",FALSE,1.092,2.012,10.21,1.764,1.141
"cap_10s","trend",2,"gene281",FALSE,1.092,9.376,10.21,8.219,1.141
"master","trend",2,"gene282",FALSE,5.67,12.39,1.872,2.268,5.461
"cap_10s","trend",2,"gene282",FALSE,5.67,13.02,1.872,2.385,5.461
"mle","trend",2,"gene282",FALSE,5.67,13.02,1.872,2.385,5.461
"cap_10s","trend",2,"gene283",FALSE,1.377,5.684,3.697,4.53,1.255
"mle","trend",2,"gene283",FALSE,1.377,5.684,3.697,4.53,1.255
"master","trend",2,"gene283",FALSE,1.377,3.116,3.697,2.483,1.255
"master","trend",2,"gene284",FALSE,0.7517,1.262,8.737,1.812,0.6964
"mle","trend",2,"gene284",FALSE,0.7517,9.101,8.737,13.07,0.6964
"cap_10s","trend",2,"gene284",FALSE,0.7517,6.964,8.737,10,0.6964
"master","trend",2,"gene285",FALSE,2.598,5.967,4.141,2.207,2.704
"mle","trend",2,"gene285",FALSE,2.598,10.62,4.141,3.929,2.704
"cap_10s","trend",2,"gene285",FALSE,2.598,10.62,4.141,3.929,2.704
"master","trend",2,"gene286",FALSE,0.325,0.8536,26.73,3.085,0.2766
"mle","trend",2,"gene286",FALSE,0.325,4.113,26.73,14.87,0.2766
"cap_10s","trend",2,"gene286",FALSE,0.325,2.766,26.73,10,0.2766
"mle","trend",2,"gene287",FALSE,0.3217,3.713,18.27,12.08,0.3075
"cap_10s","trend",2,"gene287",FALSE,0.3217,3.075,18.27,10,0.3075
"master","trend",2,"gene287",FALSE,0.3217,0.605,18.27,1.968,0.3075
"master","trend",2,"gene288",TRUE,0.245,0.349,20.86,1.714,0.2036
"mle","trend",2,"gene288",TRUE,0.245,1464000,20.86,7192000,0.2036
"cap_10s","trend",2,"gene288",TRUE,0.245,2.036,20.86,10,0.2036
"master","trend",2,"gene289",FALSE,0.6367,1.17,8.106,1.881,0.6219
"mle","trend",2,"gene289",FALSE,0.6367,12.78,8.106,20.54,0.6219
"cap_10s","trend",2,"gene289",FALSE,0.6367,6.219,8.106,10,0.6219
"cap_10s","trend",2,"gene29",FALSE,5.278,4.465,1.582,1.263,3.536
"master","trend",2,"gene29",FALSE,5.278,4.465,1.582,1.263,3.536
"mle","trend",2,"gene29",FALSE,5.278,4.465,1.582,1.263,3.536
"master","trend",2,"gene290",FALSE,1.962,3.5,5.658,1.729,2.024
"mle","trend",2,"gene290",FALSE,1.962,12.52,5.658,6.188,2.024
"cap_10s","trend",2,"gene290",FALSE,1.962,12.52,5.658,6.188,2.024
"master","trend",2,"gene291",FALSE,6.097,7.901,1.31,1.304,6.059
"mle","trend",2,"gene291",FALSE,6.097,7.901,1.31,1.304,6.059
"cap_10s","trend",2,"gene291",FALSE,6.097,7.901,1.31,1.304,6.059
"cap_10s","trend",2,"gene292",FALSE,1.138,9.18,8.748,10,0.918
"master","trend",2,"gene292",FALSE,1.138,2.47,8.748,2.69,0.918
"mle","trend",2,"gene292",FALSE,1.138,15.28,8.748,16.65,0.918
"master","trend",2,"gene293",FALSE,2.035,4.816,8.257,2.62,1.838
"mle","trend",2,"gene293",FALSE,2.035,16.15,8.257,8.786,1.838
"cap_10s","trend",2,"gene293",FALSE,2.035,16.15,8.257,8.786,1.838
"master","trend",2,"gene294",FALSE,0.7467,0.9297,8.763,1.351,0.6882
"mle","trend",2,"gene294",FALSE,0.7467,2.585,8.763,3.756,0.6882
"cap_10s","trend",2,"gene294",FALSE,0.7467,2.585,8.763,3.756,0.6882
"master","trend",2,"gene295",FALSE,2.65,5.077,3.504,2.162,2.348
"mle","trend",2,"gene295",FALSE,2.65,10.17,3.504,4.33,2.348
"cap_10s","trend",2,"gene295",FALSE,2.65,10.17,3.504,4.33,2.348
"cap_10s","trend",2,"gene296",FALSE,5.903,28.64,3.314,5.792,4.946
"mle","trend",2,"gene296",FALSE,5.903,28.64,3.314,5.792,4.946
"master","trend",2,"gene296",FALSE,5.903,9.193,3.314,1.859,4.946
"master","trend",2,"gene297",FALSE,0.175,0.2473,31.35,1.606,0.154
"mle","trend",2,"gene297",FALSE,0.175,3.18,31.35,20.64,0.154
"cap_10s","trend",2,"gene297",FALSE,0.175,1.54,31.35,10,0.154
"master","trend",2,"gene298",FALSE,1.115,2.048,11.13,2.104,0.9732
"mle","trend",2,"gene298",FALSE,1.115,369.8,11.13,380,0.9732
"cap_10s","trend",2,"gene298",FALSE,1.115,9.732,11.13,10,0.9732
"master","trend",2,"gene299",FALSE,0.2267,0.3151,20.39,1.364,0.231
"mle","trend",2,"gene299",FALSE,0.2267,3.038,20.39,13.15,0.231
"cap_10s","trend",2,"gene299",FALSE,0.2267,2.31,20.39,10,0.231
"cap_10s","trend",2,"gene3",FALSE,2.517,15.02,5.683,8.66,1.735
"master","trend",2,"gene3",FALSE,2.517,4.643,5.683,2.676,1.735
"mle","trend",2,"gene3",FALSE,2.517,15.02,5.683,8.66,1.735
"cap_10s","trend",2,"gene30",FALSE,6.55,13.43,1.508,1.976,6.798
"master","trend",2,"gene30",FALSE,6.55,13.43,1.508,1.976,6.798
"mle","trend",2,"gene30",FALSE,6.55,13.43,1.508,1.976,6.798
"mle","trend",2,"gene300",FALSE,0.16,4.384,32.7,33.38,0.1313
"cap_10s","trend",2,"gene300",FALSE,0.16,1.313,32.7,10,0.1313
"master","trend",2,"gene300",FALSE,0.16,0.3029,32.7,2.306,0.1313
"master","trend",2,"gene31",FALSE,0.1467,0.2088,26.06,1.662,0.1256
"mle","trend",2,"gene31",FALSE,0.1467,5.917,26.06,47.1,0.1256
"cap_10s","trend",2,"gene31",FALSE,0.1467,1.256,26.06,10,0.1256
"mle","trend",2,"gene32",TRUE,1.735,3677000,10.79,2579000,1.426
"cap_10s","trend",2,"gene32",TRUE,1.735,14.26,10.79,10,1.426
"master","trend",2,"gene32",TRUE,1.735,3.631,10.79,2.547,1.426
"cap_10s","trend",2,"gene33",FALSE,0.5467,5.752,20.15,10,0.5752
"master","trend",2,"gene33",FALSE,0.5467,0.851,20.15,1.479,0.5752
"mle","trend",2,"gene33",FALSE,0.5467,8.695,20.15,15.12,0.5752
"cap_10s","trend",2,"gene34",FALSE,2.678,7.368,4.167,2.951,2.496
"master","trend",2,"gene34",FALSE,2.678,4.699,4.167,1.882,2.496
"mle","trend",2,"gene34",FALSE,2.678,7.368,4.167,2.951,2.496
"master","trend",2,"gene35",TRUE,0.17,0.3305,45,1.935,0.1707
"cap_10s","trend",2,"gene35",TRUE,0.17,1.707,45,10,0.1707
"mle","trend",2,"gene35",TRUE,0.17,22030,45,129000,0.1707
"master","trend",2,"gene36",FALSE,3.443,9.36,5.137,3.202,2.923
"cap_10s","trend",2,"gene36",FALSE,3.443,24.1,5.137,8.245,2.923
"mle","trend",2,"gene36",FALSE,3.443,24.1,5.137,8.245,2.923
"mle","trend",2,"gene37",FALSE,0.14,2.14,39.1,14.67,0.1459
"cap_10s","trend",2,"gene37",FALSE,0.14,1.459,39.1,10,0.1459
"master","trend",2,"gene37",FALSE,0.14,0.3118,39.1,2.137,0.1459
"mle","trend",2,"gene38",FALSE,1.807,16.4,6.33,10.39,1.579
"cap_10s","trend",2,"gene38",FALSE,1.807,15.79,6.33,10,1.579
"master","trend",2,"gene38",FALSE,1.807,2.624,6.33,1.661,1.579
"mle","trend",2,"gene39",FALSE,0.5867,9.606,15.11,17.92,0.5362
"cap_10s","trend",2,"gene39",FALSE,0.5867,5.362,15.11,10,0.5362
"master","trend",2,"gene39",FALSE,0.5867,1.401,15.11,2.613,0.5362
"cap_10s","trend",2,"gene4",FALSE,2.363,5.243,2.276,1.978,2.651
"master","trend",2,"gene4",FALSE,2.363,5.243,2.276,1.978,2.651
"mle","trend",2,"gene4",FALSE,2.363,5.243,2.276,1.978,2.651
"cap_10s","trend",2,"gene40",FALSE,1.785,10.02,4.915,6.586,1.521
"master","trend",2,"gene40",FALSE,1.785,3.195,4.915,2.1,1.521
"mle","trend",2,"gene40",FALSE,1.785,10.02,4.915,6.586,1.521
"mle","trend",2,"gene41",FALSE,0.75,26.17,14.96,38.8,0.6744
"cap_10s","trend",2,"gene41",FALSE,0.75,6.744,14.96,10,0.6744
"master","trend",2,"gene41",FALSE,0.75,1.103,14.96,1.636,0.6744
"cap_10s","trend",2,"gene42",FALSE,2.208,12.48,4.486,5.784,2.157
"master","trend",2,"gene42",FALSE,2.208,3.928,4.486,1.821,2.157
"mle","trend",2,"gene42",FALSE,2.208,12.48,4.486,5.784,2.157
"cap_10s","trend",2,"gene43",FALSE,6.405,17.48,2.059,2.987,5.853
"master","trend",2,"gene43",FALSE,6.405,9.768,2.059,1.669,5.853
"mle","trend",2,"gene43",FALSE,6.405,17.48,2.059,2.987,5.853
"cap_10s","trend",2,"gene44",FALSE,1.562,5.386,3.634,4.438,1.213
"master","trend",2,"gene44",FALSE,1.562,4.788,3.634,3.946,1.213
"mle","trend",2,"gene44",FALSE,1.562,5.386,3.634,4.438,1.213
"mle","trend",2,"gene45",FALSE,3.525,6.423,2.208,1.882,3.413
"master","trend",2,"gene45",FALSE,3.525,6.423,2.208,1.882,3.413
"cap_10s","trend",2,"gene45",FALSE,3.525,6.423,2.208,1.882,3.413
"cap_10s","trend",2,"gene46",FALSE,0.8,7.799,9.578,10,0.7799
"master","trend",2,"gene46",FALSE,0.8,2.318,9.578,2.972,0.7799
"mle","trend",2,"gene46",FALSE,0.8,23.62,9.578,30.29,0.7799
"cap_10s","trend",2,"gene47",FALSE,0.4833,3.012,11.28,7.351,0.4097
"master","trend",2,"gene47",FALSE,0.4833,0.8171,11.28,1.994,0.4097
"mle","trend",2,"gene47",FALSE,0.4833,3.012,11.28,7.351,0.4097
"cap_10s","trend",2,"gene48",FALSE,0.3867,1.993,9.001,6.238,0.3195
"master","trend",2,"gene48",FALSE,0.3867,0.7844,9.001,2.455,0.3195
"mle","trend",2,"gene48",FALSE,0.3867,1.993,9.001,6.238,0.3195
"master","trend",2,"gene49",FALSE,3.535,7.128,3.552,2.132,3.343
"mle","trend",2,"gene49",FALSE,3.535,11.18,3.552,3.344,3.343
"cap_10s","trend",2,"gene49",FALSE,3.535,11.18,3.552,3.344,3.343
"mle","trend",2,"gene5",FALSE,0.4667,2.123,30.19,8.099,0.2622
"master","trend",2,"gene5",FALSE,0.4667,0.4936,30.19,1.883,0.2622
"cap_10s","trend",2,"gene5",FALSE,0.4667,2.123,30.19,8.099,0.2622
"cap_10s","trend",2,"gene50",FALSE,0.3767,3.606,19.46,10,0.3606
"master","trend",2,"gene50",FALSE,0.3767,0.6318,19.46,1.752,0.3606
"mle","trend",2,"gene50",FALSE,0.3767,11.54,19.46,32.01,0.3606
"cap_10s","trend",2,"gene51",FALSE,0.2667,2.009,17.27,8.188,0.2454
"master","trend",2,"gene51",FALSE,0.2667,0.6025,17.27,2.455,0.2454
"mle","trend",2,"gene51",FALSE,0.2667,2.009,17.27,8.188,0.2454
"cap_10s","trend",2,"gene52",FALSE,1.717,8.231,6.143,5.824,1.413
"master","trend",2,"gene52",FALSE,1.717,3.578,6.143,2.532,1.413
"mle","trend",2,"gene52",FALSE,1.717,8.231,6.143,5.824,1.413
"cap_10s","trend",2,"gene53",FALSE,3.537,17.82,3.401,6.193,2.877
"master","trend",2,"gene53",FALSE,3.537,10.51,3.401,3.654,2.877
"mle","trend",2,"gene53",FALSE,3.537,17.82,3.401,6.193,2.877
"mle","trend",2,"gene54",FALSE,0.6467,5.489,19.77,9.634,0.5698
"cap_10s","trend",2,"gene54",FALSE,0.6467,5.489,19.77,9.634,0.5698
"master","trend",2,"gene54",FALSE,0.6467,0.9301,19.77,1.632,0.5698
"cap_10s","trend",2,"gene55",FALSE,3.547,6.437,1.648,1.999,3.221
"master","trend",2,"gene55",FALSE,3.547,6.437,1.648,1.999,3.221
"mle","trend",2,"gene55",FALSE,3.547,6.437,1.648,1.999,3.221
"cap_10s","trend",2,"gene56",FALSE,1.035,9.821,11.15,10,0.9821
"master","trend",2,"gene56",FALSE,1.035,1.873,11.15,1.907,0.9821
"mle","trend",2,"gene56",FALSE,1.035,30.69,11.15,31.25,0.9821
"cap_10s","trend",2,"gene57",FALSE,7.183,13.65,1.795,1.903,7.172
"master","trend",2,"gene57",FALSE,7.183,13.65,1.795,1.903,7.172
"mle","trend",2,"gene57",FALSE,7.183,13.65,1.795,1.903,7.172
"mle","trend",2,"gene58",TRUE,0.4667,6830000,18.88,16990000,0.402
"master","trend",2,"gene58",TRUE,0.4667,0.8497,18.88,2.114,0.402
"cap_10s","trend",2,"gene58",TRUE,0.4667,4.02,18.88,10,0.402
"master","trend",2,"gene59",FALSE,0.8917,1.364,10.8,1.664,0.8194
"cap_10s","trend",2,"gene59",FALSE,0.8917,8.194,10.8,10,0.8194
"mle","trend",2,"gene59",FALSE,0.8917,14.46,10.8,17.64,0.8194
"cap_10s","trend",2,"gene6",FALSE,1.51,11.54,7.416,6.647,1.736
"master","trend",2,"gene6",FALSE,1.51,4.192,7.416,2.415,1.736
"mle","trend",2,"gene6",FALSE,1.51,11.54,7.416,6.647,1.736
"master","trend",2,"gene60",FALSE,8.933,15.04,1.428,1.858,8.093
"cap_10s","trend",2,"gene60",FALSE,8.933,15.04,1.428,1.858,8.093
"mle","trend",2,"gene60",FALSE,8.933,15.04,1.428,1.858,8.093
"cap_10s","trend",2,"gene61",FALSE,0.345,2.923,21.05,10,0.2923
"mle","trend",2,"gene61",FALSE,0.345,4.424,21.05,15.14,0.2923
"master","trend",2,"gene61",FALSE,0.345,0.8631,21.05,2.953,0.2923
"mle","trend",2,"gene62",FALSE,6.583,13.36,1.446,2.03,6.582
"master","trend",2,"gene62",FALSE,6.583,13.36,1.446,2.03,6.582
"cap_10s","trend",2,"gene62",FALSE,6.583,13.36,1.446,2.03,6.582
"master","trend",2,"gene63",FALSE,1.343,1.879,5.183,1.554,1.209
"cap_10s","trend",2,"gene63",FALSE,1.343,4.277,5.183,3.537,1.209
"mle","trend",2,"gene63",FALSE,1.343,4.277,5.183,3.537,1.209
"master","trend",2,"gene64",FALSE,3.383,6.975,2.395,2.054,3.396
"cap_10s","trend",2,"gene64",FALSE,3.383,8.978,2.395,2.644,3.396
"mle","trend",2,"gene64",FALSE,3.383,8.978,2.395,2.644,3.396
"cap_10s","trend",2,"gene65",FALSE,4.337,9.776,1.323,2.376,4.114
"master","trend",2,"gene65",FALSE,4.337,9.21,1.323,2.238,4.114
"mle","trend",2,"gene65",FALSE,4.337,9.776,1.323,2.376,4.114
"cap_10s","trend",2,"gene66",FALSE,0.4817,4.134,20.15,10,0.4134
"master","trend",2,"gene66",FALSE,0.4817,1.028,20.15,2.487,0.4134
"mle","trend",2,"gene66",FALSE,0.4817,11.32,20.15,27.38,0.4134
"cap_10s","trend",2,"gene67",FALSE,1.545,5.593,4.196,3.81,1.468
"master","trend",2,"gene67",FALSE,1.545,2.723,4.196,1.856,1.468
"mle","trend",2,"gene67",FALSE,1.545,5.593,4.196,3.81,1.468
"cap_10s","trend",2,"gene68",FALSE,1.885,6.817,5.015,4.192,1.626
"master","trend",2,"gene68",FALSE,1.885,4.919,5.015,3.025,1.626
"mle","trend",2,"gene68",FALSE,1.885,6.817,5.015,4.192,1.626
"cap_10s","trend",2,"gene69",FALSE,7.14,8.003,1.019,1.447,5.532
"master","trend",2,"gene69",FALSE,7.14,8.003,1.019,1.447,5.532
"mle","trend",2,"gene69",FALSE,7.14,8.003,1.019,1.447,5.532
"cap_10s","trend",2,"gene7",TRUE,0.8333,5.846,11.66,10,0.5846
"master","trend",2,"gene7",TRUE,0.8333,1.958,11.66,3.35,0.5846
"mle","trend",2,"gene7",TRUE,0.8333,4522000,11.66,7735000,0.5846
"mle","trend",2,"gene70",FALSE,1.057,9.169,5.669,8.771,1.045
"cap_10s","trend",2,"gene70",FALSE,1.057,9.169,5.669,8.771,1.045
"master","trend",2,"gene70",FALSE,1.057,1.66,5.669,1.588,1.045
"master","trend",2,"gene71",FALSE,4.318,6.637,1.527,1.647,4.03
"mle","trend",2,"gene71",FALSE,4.318,6.637,1.527,1.647,4.03
"cap_10s","trend",2,"gene71",FALSE,4.318,6.637,1.527,1.647,4.03
"master","trend",2,"gene72",FALSE,0.4333,0.8573,11.95,1.905,0.4501
"mle","trend",2,"gene72",FALSE,0.4333,7.771,11.95,17.26,0.4501
"cap_10s","trend",2,"gene72",FALSE,0.4333,4.501,11.95,10,0.4501
"master","trend",2,"gene73",FALSE,1.122,2.094,5.887,2.101,0.9969
"mle","trend",2,"gene73",FALSE,1.122,4.221,5.887,4.234,0.9969
"cap_10s","trend",2,"gene73",FALSE,1.122,4.221,5.887,4.234,0.9969
"master","trend",2,"gene74",FALSE,2.497,4.924,3.152,1.954,2.52
"mle","trend",2,"gene74",FALSE,2.497,12.4,3.152,4.921,2.52
"cap_10s","trend",2,"gene74",FALSE,2.497,12.4,3.152,4.921,2.52
"master","trend",2,"gene75",TRUE,0.1733,0.2615,24.82,1.52,0.172
"mle","trend",2,"gene75",TRUE,0.1733,2108000,24.82,12250000,0.172
"cap_10s","trend",2,"gene75",TRUE,0.1733,1.72,24.82,10,0.172
"master","trend",2,"gene76",FALSE,3.857,6.666,3.786,1.708,3.902
"mle","trend",2,"gene76",FALSE,3.857,10.74,3.786,2.753,3.902
"cap_10s","trend",2,"gene76",FALSE,3.857,10.74,3.786,2.753,3.902
"master","trend",2,"gene77",FALSE,0.1533,0.2993,27.72,2.27,0.1318
"mle","trend",2,"gene77",FALSE,0.1533,1.829,27.72,13.87,0.1318
"cap_10s","trend",2,"gene77",FALSE,0.1533,1.318,27.72,10,0.1318
"master","trend",2,"gene78",FALSE,0.3233,0.4488,19.24,1.606,0.2795
"cap_10s","trend",2,"gene78",FALSE,0.3233,2.795,19.24,10,0.2795
"mle","trend",2,"gene78",FALSE,0.3233,2.814,19.24,10.07,0.2795
"master","trend",2,"gene79",FALSE,7.128,14.15,1.755,2.284,6.196
"mle","trend",2,"gene79",FALSE,7.128,14.15,1.755,2.284,6.196
"cap_10s","trend",2,"gene79",FALSE,7.128,14.15,1.755,2.284,6.196
"cap_10s","trend",2,"gene8",FALSE,1.565,5.754,2.638,3.412,1.687
"master","trend",2,"gene8",FALSE,1.565,3.906,2.638,2.316,1.687
"mle","trend",2,"gene8",FALSE,1.565,5.754,2.638,3.412,1.687
"mle","trend",2,"gene80",TRUE,0.1583,5067000,26.04,36920000,0.1373
"cap_10s","trend",2,"gene80",TRUE,0.1583,1.373,26.04,10,0.1373
"master","trend",2,"gene80",TRUE,0.1583,0.3245,26.04,2.364,0.1373
"mle","trend",2,"gene81",FALSE,0.825,6.684,10.07,9.522,0.7019
"cap_10s","trend",2,"gene81",FALSE,0.825,6.684,10.07,9.522,0.7019
"master","trend",2,"gene81",FALSE,0.825,1.548,10.07,2.206,0.7019
"cap_10s","trend",2,"gene82",FALSE,3.65,16.92,3.06,4.903,3.452
"master","trend",2,"gene82",FALSE,3.65,7.192,3.06,2.083,3.452
"mle","trend",2,"gene82",FALSE,3.65,16.92,3.06,4.903,3.452
"master","trend",2,"gene83",FALSE,4.987,8.216,1.639,1.864,4.408
"mle","trend",2,"gene83",FALSE,4.987,8.216,1.639,1.864,4.408
"cap_10s","trend",2,"gene83",FALSE,4.987,8.216,1.639,1.864,4.408
"cap_10s","trend",2,"gene84",FALSE,4.507,25.44,4.369,5.575,4.563
"master","trend",2,"gene84",FALSE,4.507,8.108,4.369,1.777,4.563
"mle","trend",2,"gene84",FALSE,4.507,25.44,4.369,5.575,4.563
"master","trend",2,"gene85",FALSE,7.437,7.701,1.229,1.061,7.26
"mle","trend",2,"gene85",FALSE,7.437,7.701,1.229,1.061,7.26
"cap_10s","trend",2,"gene85",FALSE,7.437,7.701,1.229,1.061,7.26
"mle","trend",2,"gene86",FALSE,3.383,5.248,2.167,1.578,3.325
"master","trend",2,"gene86",FALSE,3.383,5.248,2.167,1.578,3.325
"cap_10s","trend",2,"gene86",FALSE,3.383,5.248,2.167,1.578,3.325
"master","trend",2,"gene87",FALSE,3.723,5.305,1.632,1.546,3.432
"mle","trend",2,"gene87",FALSE,3.723,6.85,1.632,1.996,3.432
"cap_10s","trend",2,"gene87",FALSE,3.723,6.85,1.632,1.996,3.432
"master","trend",2,"gene88",TRUE,0.185,0.3483,55.68,1.916,0.1818
"cap_10s","trend",2,"gene88",TRUE,0.185,1.818,55.68,10,0.1818
"mle","trend",2,"gene88",TRUE,0.185,2362000,55.68,12990000,0.1818
"master","trend",2,"gene89",FALSE,1.215,2.602,9.313,2.215,1.175
"mle","trend",2,"gene89",FALSE,1.215,15.48,9.313,13.18,1.175
"cap_10s","trend",2,"gene89",FALSE,1.215,11.75,9.313,10,1.175
"master","trend",2,"gene9",FALSE,7.383,7.094,1.302,1.444,4.912
"mle","trend",2,"gene9",FALSE,7.383,7.094,1.302,1.444,4.912
"cap_10s","trend",2,"gene9",FALSE,7.383,7.094,1.302,1.444,4.912
"master","trend",2,"gene90",FALSE,2.21,5.354,4.363,2.878,1.86
"cap_10s","trend",2,"gene90",FALSE,2.21,6.173,4.363,3.318,1.86
"mle","trend",2,"gene90",FALSE,2.21,6.173,4.363,3.318,1.86
"cap_10s","trend",2,"gene91",FALSE,0.7883,7.205,7.338,10,0.7205
"master","trend",2,"gene91",FALSE,0.7883,1.163,7.338,1.614,0.7205
"mle","trend",2,"gene91",FALSE,0.7883,9.533,7.338,13.23,0.7205
"master","trend",2,"gene92",FALSE,0.365,0.7712,27.75,2.518,0.3063
"cap_10s","trend",2,"gene92",FALSE,0.365,3.063,27.75,10,0.3063
"mle","trend",2,"gene92",FALSE,0.365,6.392,27.75,20.87,0.3063
"cap_10s","trend",2,"gene93",FALSE,0.17,1.094,24.58,7.089,0.1542
"master","trend",2,"gene93",FALSE,0.17,0.2241,24.58,1.453,0.1542
"mle","trend",2,"gene93",FALSE,0.17,1.094,24.58,7.089,0.1542
"cap_10s","trend",2,"gene94",FALSE,1.618,8.539,6.185,5.284,1.616
"mle","trend",2,"gene94",FALSE,1.618,8.539,6.185,5.284,1.616
"master","trend",2,"gene94",FALSE,1.618,3.367,6.185,2.084,1.616
"cap_10s","trend",2,"gene95",FALSE,0.2133,1.689,17.37,10,0.1689
"master","trend",2,"gene95",FALSE,0.2133,0.282,17.37,1.669,0.1689
"mle","trend",2,"gene95",FALSE,0.2133,7.887,17.37,46.69,0.1689
"master","trend",2,"gene96",FALSE,0.3967,0.6324,14.58,1.701,0.3718
"mle","trend",2,"gene96",FALSE,0.3967,3.915,14.58,10.53,0.3718
"cap_10s","trend",2,"gene96",FALSE,0.3967,3.718,14.58,10,0.3718
"cap_10s","trend",2,"gene97",FALSE,2.748,8.884,4.476,3.464,2.565
"master","trend",2,"gene97",FALSE,2.748,7.198,4.476,2.807,2.565
"mle","trend",2,"gene97",FALSE,2.748,8.884,4.476,3.464,2.565
"master","trend",2,"gene98",FALSE,1.222,2.219,11.11,2.034,1.091
"mle","trend",2,"gene98",FALSE,1.222,13.94,11.11,12.78,1.091
"cap_10s","trend",2,"gene98",FALSE,1.222,10.91,11.11,10,1.091
"mle","trend",2,"gene99",FALSE,5.542,6.402,1.261,1.291,4.961
"cap_10s","trend",2,"gene99",FALSE,5.542,6.402,1.261,1.291,4.961
"master","trend",2,"gene99",FALSE,5.542,6.402,1.261,1.291,4.961
"mle","trend",3,"gene1",FALSE,6.25,11.42,2.432,2.53,4.515
"cap_10s","trend",3,"gene1",FALSE,6.25,11.42,2.432,2.53,4.515
"master","trend",3,"gene1",FALSE,6.25,8.413,2.432,1.863,4.515
"cap_10s","trend",3,"gene10",FALSE,0.15,1.303,42.22,10,0.1303
"master","trend",3,"gene10",FALSE,0.15,0.3334,42.22,2.559,0.1303
"mle","trend",3,"gene10",FALSE,0.15,2.433,42.22,18.67,0.1303
"mle","trend",3,"gene100",FALSE,0.4,4.587,20.83,13.47,0.3406
"cap_10s","trend",3,"gene100",FALSE,0.4,3.406,20.83,10,0.3406
"master","trend",3,"gene100",FALSE,0.4,0.7708,20.83,2.263,0.3406
"cap_10s","trend",3,"gene101",FALSE,1.137,7.688,9.232,7.506,1.024
"master","trend",3,"gene101",FALSE,1.137,1.905,9.232,1.86,1.024
"mle","trend",3,"gene101",FALSE,1.137,7.688,9.232,7.506,1.024
"master","trend",3,"gene102",FALSE,0.8217,1.765,9.575,2.24,0.7881
"cap_10s","trend",3,"gene102",FALSE,0.8217,7.881,9.575,10,0.7881
"mle","trend",3,"gene102",FALSE,0.8217,9.588,9.575,12.17,0.7881
"cap_10s","trend",3,"gene103",FALSE,0.475,2.511,8.966,5.989,0.4192
"master","trend",3,"gene103",FALSE,0.475,0.7865,8.966,1.876,0.4192
"mle","trend",3,"gene103",FALSE,0.475,2.511,8.966,5.989,0.4192
"cap_10s","trend",3,"gene104",FALSE,2.26,7.58,2.918,3.67,2.066
"master","trend",3,"gene104",FALSE,2.26,4.229,2.918,2.048,2.066
"mle","trend",3,"gene104",FALSE,2.26,7.58,2.918,3.67,2.066
"cap_10s","trend",3,"gene105",FALSE,2.16,20.29,6.326,10,2.029
"master","trend",3,"gene105",FALSE,2.16,3.766,6.326,1.856,2.029
"mle","trend",3,"gene105",FALSE,2.16,74.22,6.326,36.57,2.029
"cap_10s","trend",3,"gene106",FALSE,0.2317,2.628,43.94,10,0.2628
"master","trend",3,"gene106",FALSE,0.2317,0.6304,43.94,2.399,0.2628
"mle","trend",3,"gene106",FALSE,0.2317,2177,43.94,8284,0.2628
"cap_10s","trend",3,"gene107",FALSE,6.145,15.59,2.45,3.185,4.896
"master","trend",3,"gene107",FALSE,6.145,15.59,2.45,3.185,4.896
"mle","trend",3,"gene107",FALSE,6.145,15.59,2.45,3.185,4.896
"cap_10s","trend",3,"gene108",FALSE,1.027,7.924,5.44,8.17,0.9699
"master","trend",3,"gene108",FALSE,1.027,2.057,5.44,2.121,0.9699
"mle","trend",3,"gene108",FALSE,1.027,7.924,5.44,8.17,0.9699
"cap_10s","trend",3,"gene109",FALSE,3.477,10.11,2.144,3.108,3.252
"master","trend",3,"gene109",FALSE,3.477,8.501,2.144,2.614,3.252
"mle","trend",3,"gene109",FALSE,3.477,10.11,2.144,3.108,3.252
"cap_10s","trend",3,"gene11",FALSE,2.892,6.417,4.104,4.021,1.596
"master","trend",3,"gene11",FALSE,2.892,4.934,4.104,3.091,1.596
"mle","trend",3,"gene11",FALSE,2.892,6.417,4.104,4.021,1.596
"mle","trend",3,"gene110",FALSE,4.295,14.47,2.306,3.402,4.255
"cap_10s","trend",3,"gene110",FALSE,4.295,14.47,2.306,3.402,4.255
"master","trend",3,"gene110",FALSE,4.295,8.334,2.306,1.959,4.255
"master","trend",3,"gene111",FALSE,0.525,1.528,14.73,3.388,0.451
"mle","trend",3,"gene111",FALSE,0.525,50.15,14.73,111.2,0.451
"cap_10s","trend",3,"gene111",FALSE,0.525,4.51,14.73,10,0.451
"master","trend",3,"gene112",FALSE,2.098,6.063,5.402,3.357,1.806
"mle","trend",3,"gene112",FALSE,2.098,8.412,5.402,4.658,1.806
"cap_10s","trend",3,"gene112",FALSE,2.098,8.412,5.402,4.658,1.806
"master","trend",3,"gene113",FALSE,3.445,6.108,2.477,1.846,3.309
"mle","trend",3,"gene113",FALSE,3.445,8.838,2.477,2.671,3.309
"cap_10s","trend",3,"gene113",FALSE,3.445,8.838,2.477,2.671,3.309
"master","trend",3,"gene114",FALSE,0.4783,0.8767,10.21,1.753,0.5002
"mle","trend",3,"gene114",FALSE,0.4783,2.374,10.21,4.745,0.5002
"cap_10s","trend",3,"gene114",FALSE,0.4783,2.374,10.21,4.745,0.5002
"master","trend",3,"gene115",FALSE,2.143,4.314,7.118,2.503,1.723
"mle","trend",3,"gene115",FALSE,2.143,23.27,7.118,13.5,1.723
"cap_10s","trend",3,"gene115",FALSE,2.143,17.23,7.118,10,1.723
"master","trend",3,"gene116",TRUE,1.002,1.677,11.93,2.066,0.8117
"cap_10s","trend",3,"gene116",TRUE,1.002,8.117,11.93,10,0.8117
"mle","trend",3,"gene116",TRUE,1.002,22030,11.93,27140,0.8117
"master","trend",3,"gene117",TRUE,0.1233,0.2313,35.11,1.863,0.1242
"cap_10s","trend",3,"gene117",TRUE,0.1233,1.242,35.11,10,0.1242
"mle","trend",3,"gene117",TRUE,0.1233,9801000,35.11,78930000,0.1242
"mle","trend",3,"gene118",FALSE,6.122,8.219,1.317,1.419,5.793
"cap_10s","trend",3,"gene118",FALSE,6.122,8.219,1.317,1.419,5.793
"master","trend",3,"gene118",FALSE,6.122,8.219,1.317,1.419,5.793
"mle","trend",3,"gene119",FALSE,2.075,16.01,7.968,7.826,2.045
"master","trend",3,"gene119",FALSE,2.075,3.855,7.968,1.885,2.045
"cap_10s","trend",3,"gene119",FALSE,2.075,16.01,7.968,7.826,2.045
"cap_10s","trend",3,"gene12",FALSE,1.197,10.1,6.762,7.038,1.436
"master","trend",3,"gene12",FALSE,1.197,3.007,6.762,2.095,1.436
"mle","trend",3,"gene12",FALSE,1.197,10.1,6.762,7.038,1.436
"master","trend",3,"gene120",FALSE,0.285,0.3761,15.56,1.35,0.2786
"mle","trend",3,"gene120",FALSE,0.285,6.837,15.56,24.54,0.2786
"cap_10s","trend",3,"gene120",FALSE,0.285,2.786,15.56,10,0.2786
"cap_10s","trend",3,"gene121",FALSE,3.628,8.201,2.385,2.748,2.984
"mle","trend",3,"gene121",FALSE,3.628,8.201,2.385,2.748,2.984
"master","trend",3,"gene121",FALSE,3.628,8.201,2.385,2.748,2.984
"cap_10s","trend",3,"gene122",TRUE,0.4233,3.005,21.63,10,0.3005
"mle","trend",3,"gene122",TRUE,0.4233,866200,21.63,2883000,0.3005
"master","trend",3,"gene122",TRUE,0.4233,1.205,21.63,4.011,0.3005
"master","trend",3,"gene123",FALSE,1.348,2.769,7.204,2.21,1.253
"mle","trend",3,"gene123",FALSE,1.348,9.445,7.204,7.539,1.253
"cap_10s","trend",3,"gene123",FALSE,1.348,9.445,7.204,7.539,1.253
"master","trend",3,"gene124",FALSE,4.603,7.775,1.442,1.795,4.332
"cap_10s","trend",3,"gene124",FALSE,4.603,8.401,1.442,1.939,4.332
"mle","trend",3,"gene124",FALSE,4.603,8.401,1.442,1.939,4.332
"cap_10s","trend",3,"gene125",FALSE,3.112,7.088,2.269,2.482,2.856
"master","trend",3,"gene125",FALSE,3.112,5.398,2.269,1.89,2.856
"mle","trend",3,"gene125",FALSE,3.112,7.088,2.269,2.482,2.856
"mle","trend",3,"gene126",FALSE,0.4667,13.01,8.596,25.82,0.5039
"master","trend",3,"gene126",FALSE,0.4667,0.8941,8.596,1.774,0.5039
"cap_10s","trend",3,"gene126",FALSE,0.4667,5.039,8.596,10,0.5039
"mle","trend",3,"gene127",TRUE,1.325,6763000,9.517,5468000,1.237
"master","trend",3,"gene127",TRUE,1.325,2.425,9.517,1.961,1.237
"cap_10s","trend",3,"gene127",TRUE,1.325,12.37,9.517,10,1.237
"master","trend",3,"gene128",TRUE,0.275,0.4643,27.07,2.153,0.2157
"cap_10s","trend",3,"gene128",TRUE,0.275,2.157,27.07,10,0.2157
"mle","trend",3,"gene128",TRUE,0.275,22030,27.07,102100,0.2157
"master","trend",3,"gene129",FALSE,1.928,4.605,5.93,2.627,1.753
"cap_10s","trend",3,"gene129",FALSE,1.928,11.71,5.93,6.681,1.753
"mle","trend",3,"gene129",FALSE,1.928,11.71,5.93,6.681,1.753
"cap_10s","trend",3,"gene13",FALSE,0.785,5.919,8.95,10,0.5919
"master","trend",3,"gene13",FALSE,0.785,0.8995,8.95,1.52,0.5919
"mle","trend",3,"gene13",FALSE,0.785,17.28,8.95,29.19,0.5919
"master","trend",3,"gene130",FALSE,2.928,5.176,2.897,1.885,2.746
"mle","trend",3,"gene130",FALSE,2.928,8.608,2.897,3.135,2.746
"cap_10s","trend",3,"gene130",FALSE,2.928,8.608,2.897,3.135,2.746
"cap_10s","trend",3,"gene131",FALSE,3.128,11.14,4.07,4.058,2.745
"master","trend",3,"gene131",FALSE,3.128,5.693,4.07,2.074,2.745
"mle","trend",3,"gene131",FALSE,3.128,11.14,4.07,4.058,2.745
"master","trend",3,"gene132",FALSE,0.2567,0.4566,25.64,1.85,0.2468
"cap_10s","trend",3,"gene132",FALSE,0.2567,2.136,25.64,8.652,0.2468
"mle","trend",3,"gene132",FALSE,0.2567,2.136,25.64,8.652,0.2468
"master","trend",3,"gene133",FALSE,0.6783,1.258,7.961,1.835,0.6857
"cap_10s","trend",3,"gene133",FALSE,0.6783,6.857,7.961,10,0.6857
"mle","trend",3,"gene133",FALSE,0.6783,17.5,7.961,25.52,0.6857
"cap_10s","trend",3,"gene134",FALSE,4.68,15.76,3.438,3.484,4.524
"mle","trend",3,"gene134",FALSE,4.68,15.76,3.438,3.484,4.524
"master","trend",3,"gene134",FALSE,4.68,9.738,3.438,2.152,4.524
"cap_10s","trend",3,"gene135",FALSE,1.435,14.11,11.06,10,1.411
"mle","trend",3,"gene135",FALSE,1.435,19.58,11.06,13.88,1.411
"master","trend",3,"gene135",FALSE,1.435,3.477,11.06,2.465,1.411
"master","trend",3,"gene136",FALSE,3.038,6.839,2.476,2.36,2.897
"mle","trend",3,"gene136",FALSE,3.038,8.683,2.476,2.997,2.897
"cap_10s","trend",3,"gene136",FALSE,3.038,8.683,2.476,2.997,2.897
"master","trend",3,"gene137",FALSE,1.515,2.744,5.818,1.906,1.44
"cap_10s","trend",3,"gene137",FALSE,1.515,13,5.818,9.03,1.44
"mle","trend",3,"gene137",FALSE,1.515,13,5.818,9.03,1.44
"cap_10s","trend",3,"gene138",FALSE,1.697,7.837,3.667,4.554,1.721
"master","trend",3,"gene138",FALSE,1.697,2.988,3.667,1.736,1.721
"mle","trend",3,"gene138",FALSE,1.697,7.837,3.667,4.554,1.721
"mle","trend",3,"gene139",FALSE,4.132,5.053,1.418,1.406,3.595
"master","trend",3,"gene139",FALSE,4.132,5.053,1.418,1.406,3.595
"cap_10s","trend",3,"gene139",FALSE,4.132,5.053,1.418,1.406,3.595
"mle","trend",3,"gene14",FALSE,0.55,4.384,11.98,6.404,0.6845
"cap_10s","trend",3,"gene14",FALSE,0.55,4.384,11.98,6.404,0.6845
"master","trend",3,"gene14",FALSE,0.55,1.247,11.98,1.822,0.6845
"mle","trend",3,"gene140",FALSE,7.472,11.51,2.029,1.754,6.562
"cap_10s","trend",3,"gene140",FALSE,7.472,11.51,2.029,1.754,6.562
"master","trend",3,"gene140",FALSE,7.472,11.51,2.029,1.754,6.562
"cap_10s","trend",3,"gene141",FALSE,2.223,10.81,4.25,4.872,2.218
"master","trend",3,"gene141",FALSE,2.223,6.001,4.25,2.706,2.218
"mle","trend",3,"gene141",FALSE,2.223,10.81,4.25,4.872,2.218
"cap_10s","trend",3,"gene142",FALSE,0.235,2.509,21.86,10,0.2509
"master","trend",3,"gene142",FALSE,0.235,0.3767,21.86,1.501,0.2509
"mle","trend",3,"gene142",FALSE,0.235,5.48,21.86,21.84,0.2509
"master","trend",3,"gene143",FALSE,2.545,4.176,6.026,1.823,2.291
"cap_10s","trend",3,"gene143",FALSE,2.545,13.7,6.026,5.98,2.291
"mle","trend",3,"gene143",FALSE,2.545,13.7,6.026,5.98,2.291
"master","trend",3,"gene144",FALSE,0.3267,0.4549,18.67,1.643,0.2768
"cap_10s","trend",3,"gene144",FALSE,0.3267,1.392,18.67,5.029,0.2768
"mle","trend",3,"gene144",FALSE,0.3267,1.392,18.67,5.029,0.2768
"cap_10s","trend",3,"gene145",FALSE,4.605,4.857,1.143,1.224,3.968
"master","trend",3,"gene145",FALSE,4.605,4.857,1.143,1.224,3.968
"mle","trend",3,"gene145",FALSE,4.605,4.857,1.143,1.224,3.968
"master","trend",3,"gene146",FALSE,2.093,4.394,5.535,2.113,2.08
"cap_10s","trend",3,"gene146",FALSE,2.093,20.8,5.535,10,2.08
"mle","trend",3,"gene146",FALSE,2.093,21.3,5.535,10.24,2.08
"cap_10s","trend",3,"gene147",FALSE,0.145,1.175,30.23,10,0.1175
"master","trend",3,"gene147",FALSE,0.145,0.1859,30.23,1.582,0.1175
"mle","trend",3,"gene147",FALSE,0.145,3.426,30.23,29.15,0.1175
"cap_10s","trend",3,"gene148",FALSE,1.788,6.656,6.744,4.051,1.643
"mle","trend",3,"gene148",FALSE,1.788,6.656,6.744,4.051,1.643
"master","trend",3,"gene148",FALSE,1.788,2.998,6.744,1.825,1.643
"cap_10s","trend",3,"gene149",FALSE,1.223,10.99,8.727,9.035,1.216
"master","trend",3,"gene149",FALSE,1.223,2.102,8.727,1.729,1.216
"mle","trend",3,"gene149",FALSE,1.223,10.99,8.727,9.035,1.216
"cap_10s","trend",3,"gene15",TRUE,0.6783,4.522,23.46,10,0.4522
"master","trend",3,"gene15",TRUE,0.6783,0.8942,23.46,1.977,0.4522
"mle","trend",3,"gene15",TRUE,0.6783,6387000,23.46,14120000,0.4522
"master","trend",3,"gene150",FALSE,0.53,1.199,13.39,2.348,0.5104
"mle","trend",3,"gene150",FALSE,0.53,5.494,13.39,10.76,0.5104
"cap_10s","trend",3,"gene150",FALSE,0.53,5.104,13.39,10,0.5104
"cap_10s","trend",3,"gene151",FALSE,3.47,13,3.946,4.313,3.014
"master","trend",3,"gene151",FALSE,3.47,9.984,3.946,3.312,3.014
"mle","trend",3,"gene151",FALSE,3.47,13,3.946,4.313,3.014
"master","trend",3,"gene152",FALSE,1.76,2.687,5.338,1.577,1.704
"mle","trend",3,"gene152",FALSE,1.76,13.37,5.338,7.85,1.704
"cap_10s","trend",3,"gene152",FALSE,1.76,13.37,5.338,7.85,1.704
"mle","trend",3,"gene153",FALSE,0.2483,2.181,55.04,11.73,0.1859
"master","trend",3,"gene153",FALSE,0.2483,0.6052,55.04,3.255,0.1859
"cap_10s","trend",3,"gene153",FALSE,0.2483,1.859,55.04,10,0.1859
"master","trend",3,"gene154",FALSE,0.35,0.5844,24.57,1.704,0.343
"mle","trend",3,"gene154",FALSE,0.35,6.865,24.57,20.01,0.343
"cap_10s","trend",3,"gene154",FALSE,0.35,3.43,24.57,10,0.343
"master","trend",3,"gene155",FALSE,0.7383,1.636,9.989,2.505,0.6532
"cap_10s","trend",3,"gene155",FALSE,0.7383,6.532,9.989,10,0.6532
"mle","trend",3,"gene155",FALSE,0.7383,9.417,9.989,14.42,0.6532
"master","trend",3,"gene156",FALSE,0.2033,0.299,19.96,1.627,0.1838
"mle","trend",3,"gene156",FALSE,0.2033,2.212,19.96,12.03,0.1838
"cap_10s","trend",3,"gene156",FALSE,0.2033,1.838,19.96,10,0.1838
"master","trend",3,"gene157",TRUE,1.503,3.883,8.07,2.857,1.359
"cap_10s","trend",3,"gene157",TRUE,1.503,13.59,8.07,10,1.359
"mle","trend",3,"gene157",TRUE,1.503,3422000,8.07,2518000,1.359
"master","trend",3,"gene158",FALSE,5.532,10.71,3.291,2.024,5.291
"cap_10s","trend",3,"gene158",FALSE,5.532,15.33,3.291,2.898,5.291
"mle","trend",3,"gene158",FALSE,5.532,15.33,3.291,2.898,5.291
"master","trend",3,"gene159",FALSE,0.9083,1.734,13.38,2,0.8668
"mle","trend",3,"gene159",FALSE,0.9083,8.722,13.38,10.06,0.8668
"cap_10s","trend",3,"gene159",FALSE,0.9083,8.668,13.38,10,0.8668
"cap_10s","trend",3,"gene16",FALSE,0.1117,1.21,21.1,10,0.121
"master","trend",3,"gene16",FALSE,0.1117,0.2475,21.1,2.046,0.121
"mle","trend",3,"gene16",FALSE,0.1117,1.609,21.1,13.3,0.121
"master","trend",3,"gene160",FALSE,1.293,2.935,6.802,2.422,1.212
"mle","trend",3,"gene160",FALSE,1.293,8.059,6.802,6.649,1.212
"cap_10s","trend",3,"gene160",FALSE,1.293,8.059,6.802,6.649,1.212
"mle","trend",3,"gene161",FALSE,4.777,7.983,1.629,1.694,4.711
"cap_10s","trend",3,"gene161",FALSE,4.777,7.983,1.629,1.694,4.711
"master","trend",3,"gene161",FALSE,4.777,7.983,1.629,1.694,4.711
"cap_10s","trend",3,"gene162",FALSE,2.667,8.927,3.558,3.448,2.589
"mle","trend",3,"gene162",FALSE,2.667,8.927,3.558,3.448,2.589
"master","trend",3,"gene162",FALSE,2.667,5.778,3.558,2.232,2.589
"master","trend",3,"gene163",FALSE,1.235,3.303,8.16,2.962,1.115
"mle","trend",3,"gene163",FALSE,1.235,8.967,8.16,8.042,1.115
"cap_10s","trend",3,"gene163",FALSE,1.235,8.967,8.16,8.042,1.115
"master","trend",3,"gene164",FALSE,7.038,11.79,1.781,1.91,6.17
"cap_10s","trend",3,"gene164",FALSE,7.038,11.79,1.781,1.91,6.17
"mle","trend",3,"gene164",FALSE,7.038,11.79,1.781,1.91,6.17
"cap_10s","trend",3,"gene165",FALSE,0.6283,5.84,11.46,10,0.584
"master","trend",3,"gene165",FALSE,0.6283,1.369,11.46,2.345,0.584
"mle","trend",3,"gene165",FALSE,0.6283,9.495,11.46,16.26,0.584
"mle","trend",3,"gene166",FALSE,0.5717,5.36,10.06,8.694,0.6166
"master","trend",3,"gene166",FALSE,0.5717,0.9595,10.06,1.556,0.6166
"cap_10s","trend",3,"gene166",FALSE,0.5717,5.36,10.06,8.694,0.6166
"mle","trend",3,"gene167",FALSE,4.432,6.613,1.591,1.65,4.009
"master","trend",3,"gene167",FALSE,4.432,6.613,1.591,1.65,4.009
"cap_10s","trend",3,"gene167",FALSE,4.432,6.613,1.591,1.65,4.009
"master","trend",3,"gene168",FALSE,0.6533,1.304,12.12,2.452,0.5315
"cap_10s","trend",3,"gene168",FALSE,0.6533,5.315,12.12,10,0.5315
"mle","trend",3,"gene168",FALSE,0.6533,16.87,12.12,31.73,0.5315
"master","trend",3,"gene169",FALSE,0.1567,0.176,19.87,1.215,0.1449
"cap_10s","trend",3,"gene169",FALSE,0.1567,0.7603,19.87,5.245,0.1449
"mle","trend",3,"gene169",FALSE,0.1567,0.7603,19.87,5.245,0.1449
"cap_10s","trend",3,"gene17",FALSE,0.65,5.123,16.25,10,0.5123
"master","trend",3,"gene17",FALSE,0.65,0.7851,16.25,1.532,0.5123
"mle","trend",3,"gene17",FALSE,0.65,9.143,16.25,17.85,0.5123
"master","trend",3,"gene170",TRUE,0.2033,0.3296,30.11,1.722,0.1914
"mle","trend",3,"gene170",TRUE,0.2033,4347000,30.11,22710000,0.1914
"cap_10s","trend",3,"gene170",TRUE,0.2033,1.914,30.11,10,0.1914
"cap_10s","trend",3,"gene171",FALSE,0.7217,6,19.37,10,0.6
"master","trend",3,"gene171",FALSE,0.7217,1.603,19.37,2.672,0.6
"mle","trend",3,"gene171",FALSE,0.7217,17.21,19.37,28.69,0.6
"master","trend",3,"gene172",FALSE,2.293,3.568,2.402,1.566,2.278
"cap_10s","trend",3,"gene172",FALSE,2.293,3.568,2.402,1.566,2.278
"mle","trend",3,"gene172",FALSE,2.293,3.568,2.402,1.566,2.278
"master","trend",3,"gene173",FALSE,3.05,7.456,4.698,2.479,3.008
"cap_10s","trend",3,"gene173",FALSE,3.05,18.32,4.698,6.09,3.008
"mle","trend",3,"gene173",FALSE,3.05,18.32,4.698,6.09,3.008
"cap_10s","trend",3,"gene174",FALSE,4.4,9.428,1.462,2.314,4.074
"mle","trend",3,"gene174",FALSE,4.4,9.428,1.462,2.314,4.074
"master","trend",3,"gene174",FALSE,4.4,9.428,1.462,2.314,4.074
"cap_10s","trend",3,"gene175",FALSE,1.768,14.55,7.278,8.974,1.621
"mle","trend",3,"gene175",FALSE,1.768,14.55,7.278,8.974,1.621
"master","trend",3,"gene175",FALSE,1.768,5.158,7.278,3.182,1.621
"master","trend",3,"gene176",FALSE,0.49,0.7655,18.44,1.823,0.42
"mle","trend",3,"gene176",FALSE,0.49,21.95,18.44,52.25,0.42
"cap_10s","trend",3,"gene176",FALSE,0.49,4.2,18.44,10,0.42
"master","trend",3,"gene177",FALSE,0.875,2.336,10.34,2.695,0.8667
"cap_10s","trend",3,"gene177",FALSE,0.875,7.007,10.34,8.085,0.8667
"mle","trend",3,"gene177",FALSE,0.875,7.007,10.34,8.085,0.8667
"cap_10s","trend",3,"gene178",FALSE,3.435,8.254,2.523,2.428,3.4
"master","trend",3,"gene178",FALSE,3.435,5.606,2.523,1.649,3.4
"mle","trend",3,"gene178",FALSE,3.435,8.254,2.523,2.428,3.4
"mle","trend",3,"gene179",FALSE,0.5317,3.79,12.2,8.741,0.4336
"master","trend",3,"gene179",FALSE,0.5317,0.7387,12.2,1.704,0.4336
"cap_10s","trend",3,"gene179",FALSE,0.5317,3.79,12.2,8.741,0.4336
"mle","trend",3,"gene18",FALSE,0.155,5.236,25.74,28.24,0.1854
"master","trend",3,"gene18",FALSE,0.155,0.235,25.74,1.267,0.1854
"cap_10s","trend",3,"gene18",FALSE,0.155,1.854,25.74,10,0.1854
"mle","trend",3,"gene180",FALSE,4.26,9.493,1.559,2.324,4.084
"master","trend",3,"gene180",FALSE,4.26,9.493,1.559,2.324,4.084
"cap_10s","trend",3,"gene180",FALSE,4.26,9.493,1.559,2.324,4.084
"cap_10s","trend",3,"gene181",TRUE,0.4567,4.55,17.22,10,0.455
"master","trend",3,"gene181",TRUE,0.4567,0.9322,17.22,2.049,0.455
"mle","trend",3,"gene181",TRUE,0.4567,878900,17.22,1932000,0.455
"cap_10s","trend",3,"gene182",FALSE,3.582,12.06,2.488,3.607,3.343
"mle","trend",3,"gene182",FALSE,3.582,12.06,2.488,3.607,3.343
"master","trend",3,"gene182",FALSE,3.582,5.887,2.488,1.761,3.343
"mle","trend",3,"gene183",FALSE,4.042,12.79,2.087,3.314,3.861
"cap_10s","trend",3,"gene183",FALSE,4.042,12.79,2.087,3.314,3.861
"master","trend",3,"gene183",FALSE,4.042,10.33,2.087,2.675,3.861
"master","trend",3,"gene184",FALSE,1.897,4.637,5.138,2.758,1.682
"cap_10s","trend",3,"gene184",FALSE,1.897,13.43,5.138,7.984,1.682
"mle","trend",3,"gene184",FALSE,1.897,13.43,5.138,7.984,1.682
"master","trend",3,"gene185",FALSE,1.105,2.06,8.03,1.844,1.117
"cap_10s","trend",3,"gene185",FALSE,1.105,11.17,8.03,10,1.117
"mle","trend",3,"gene185",FALSE,1.105,15.04,8.03,13.47,1.117
"cap_10s","trend",3,"gene186",FALSE,2.407,12.88,4.092,5.34,2.413
"master","trend",3,"gene186",FALSE,2.407,4.606,4.092,1.909,2.413
"mle","trend",3,"gene186",FALSE,2.407,12.88,4.092,5.34,2.413
"cap_10s","trend",3,"gene187",FALSE,0.4183,3.788,18.34,10,0.3788
"master","trend",3,"gene187",FALSE,0.4183,0.7267,18.34,1.919,0.3788
"mle","trend",3,"gene187",FALSE,0.4183,6.075,18.34,16.04,0.3788
"cap_10s","trend",3,"gene188",TRUE,0.715,6.251,10.82,10,0.6251
"master","trend",3,"gene188",TRUE,0.715,1.967,10.82,3.146,0.6251
"mle","trend",3,"gene188",TRUE,0.715,9120000,10.82,14590000,0.6251
"cap_10s","trend",3,"gene189",FALSE,6.332,13.01,2.294,2.351,5.534
"master","trend",3,"gene189",FALSE,6.332,13.01,2.294,2.351,5.534
"mle","trend",3,"gene189",FALSE,6.332,13.01,2.294,2.351,5.534
"master","trend",3,"gene19",TRUE,0.4467,0.9199,32.16,2.813,0.327
"cap_10s","trend",3,"gene19",TRUE,0.4467,3.27,32.16,10,0.327
"mle","trend",3,"gene19",TRUE,0.4467,3699000,32.16,11310000,0.327
"cap_10s","trend",3,"gene190",FALSE,0.215,0.9735,29.65,4.286,0.2271
"master","trend",3,"gene190",FALSE,0.215,0.3792,29.65,1.669,0.2271
"mle","trend",3,"gene190",FALSE,0.215,0.9735,29.65,4.286,0.2271
"mle","trend",3,"gene191",FALSE,3.433,6.973,2.296,1.992,3.501
"cap_10s","trend",3,"gene191",FALSE,3.433,6.973,2.296,1.992,3.501
"master","trend",3,"gene191",FALSE,3.433,5.873,2.296,1.677,3.501
"master","trend",3,"gene192",TRUE,0.1817,0.2129,37.62,1.545,0.1378
"mle","trend",3,"gene192",TRUE,0.1817,537000,37.62,3896000,0.1378
"cap_10s","trend",3,"gene192",TRUE,0.1817,1.378,37.62,10,0.1378
"master","trend",3,"gene193",FALSE,2.502,3.664,5.726,1.694,2.163
"mle","trend",3,"gene193",FALSE,2.502,33.01,5.726,15.26,2.163
"cap_10s","trend",3,"gene193",FALSE,2.502,21.63,5.726,10,2.163
"master","trend",3,"gene194",FALSE,0.4733,0.938,19.17,1.848,0.5076
"mle","trend",3,"gene194",FALSE,0.4733,4.454,19.17,8.775,0.5076
"cap_10s","trend",3,"gene194",FALSE,0.4733,4.454,19.17,8.775,0.5076
"master","trend",3,"gene195",FALSE,0.5167,2.07,14.22,4.912,0.4215
"mle","trend",3,"gene195",FALSE,0.5167,11.71,14.22,27.78,0.4215
"cap_10s","trend",3,"gene195",FALSE,0.5167,4.215,14.22,10,0.4215
"master","trend",3,"gene196",FALSE,0.2817,0.4261,24.14,1.378,0.3092
"mle","trend",3,"gene196",FALSE,0.2817,3.427,24.14,11.09,0.3092
"cap_10s","trend",3,"gene196",FALSE,0.2817,3.092,24.14,10,0.3092
"master","trend",3,"gene197",FALSE,0.5917,1.196,18.25,1.902,0.6288
"mle","trend",3,"gene197",FALSE,0.5917,8.535,18.25,13.57,0.6288
"cap_10s","trend",3,"gene197",FALSE,0.5917,6.288,18.25,10,0.6288
"master","trend",3,"gene198",FALSE,2.16,5.377,4.88,2.771,1.94
"mle","trend",3,"gene198",FALSE,2.16,16.19,4.88,8.344,1.94
"cap_10s","trend",3,"gene198",FALSE,2.16,16.19,4.88,8.344,1.94
"master","trend",3,"gene199",TRUE,0.2383,0.6491,32.94,2.409,0.2694
"cap_10s","trend",3,"gene199",TRUE,0.2383,2.694,32.94,10,0.2694
"mle","trend",3,"gene199",TRUE,0.2383,5821000,32.94,21610000,0.2694
"cap_10s","trend",3,"gene2",FALSE,0.725,8.548,8.812,10,0.8548
"master","trend",3,"gene2",FALSE,0.725,1.741,8.812,2.037,0.8548
"mle","trend",3,"gene2",FALSE,0.725,770.2,8.812,901,0.8548
"cap_10s","trend",3,"gene20",FALSE,0.725,8.913,10.66,10,0.8913
"mle","trend",3,"gene20",FALSE,0.725,14.07,10.66,15.78,0.8913
"master","trend",3,"gene20",FALSE,0.725,1.894,10.66,2.125,0.8913
"master","trend",3,"gene200",FALSE,0.6,1.295,10.93,2.821,0.459
"mle","trend",3,"gene200",FALSE,0.6,5.159,10.93,11.24,0.459
"cap_10s","trend",3,"gene200",FALSE,0.6,4.59,10.93,10,0.459
"mle","trend",3,"gene201",FALSE,0.3117,5.456,22.94,17.15,0.3181
"cap_10s","trend",3,"gene201",FALSE,0.3117,3.181,22.94,10,0.3181
"master","trend",3,"gene201",FALSE,0.3117,0.8546,22.94,2.687,0.3181
"mle","trend",3,"gene202",FALSE,7.75,11.41,2.117,1.686,6.772
"cap_10s","trend",3,"gene202",FALSE,7.75,11.41,2.117,1.686,6.772
"master","trend",3,"gene202",FALSE,7.75,11.41,2.117,1.686,6.772
"cap_10s","trend",3,"gene203",FALSE,2.873,6.848,3.294,2.476,2.766
"master","trend",3,"gene203",FALSE,2.873,5.609,3.294,2.028,2.766
"mle","trend",3,"gene203",FALSE,2.873,6.848,3.294,2.476,2.766
"master","trend",3,"gene204",FALSE,1.825,3.02,5.858,1.596,1.892
"mle","trend",3,"gene204",FALSE,1.825,10.69,5.858,5.651,1.892
"cap_10s","trend",3,"gene204",FALSE,1.825,10.69,5.858,5.651,1.892
"cap_10s","trend",3,"gene205",FALSE,1.627,14.68,6.868,10,1.468
"master","trend",3,"gene205",FALSE,1.627,4.171,6.868,2.842,1.468
"mle","trend",3,"gene205",FALSE,1.627,15.82,6.868,10.78,1.468
"master","trend",3,"gene206",FALSE,0.9833,1.843,6.068,2.081,0.8858
"mle","trend",3,"gene206",FALSE,0.9833,4.021,6.068,4.539,0.8858
"cap_10s","trend",3,"gene206",FALSE,0.9833,4.021,6.068,4.539,0.8858
"mle","trend",3,"gene207",FALSE,0.195,10.93,15.72,67.07,0.163
"master","trend",3,"gene207",FALSE,0.195,0.3586,15.72,2.2,0.163
"cap_10s","trend",3,"gene207",FALSE,0.195,1.63,15.72,10,0.163
"master","trend",3,"gene208",FALSE,0.7,1.093,7.939,1.532,0.7135
"mle","trend",3,"gene208",FALSE,0.7,7.014,7.939,9.83,0.7135
"cap_10s","trend",3,"gene208",FALSE,0.7,7.014,7.939,9.83,0.7135
"master","trend",3,"gene209",FALSE,0.8967,2.238,7.081,2.686,0.8332
"cap_10s","trend",3,"gene209",FALSE,0.8967,6.845,7.081,8.216,0.8332
"mle","trend",3,"gene209",FALSE,0.8967,6.845,7.081,8.216,0.8332
"cap_10s","trend",3,"gene21",FALSE,7.76,8.712,1.551,1.722,5.058
"mle","trend",3,"gene21",FALSE,7.76,8.712,1.551,1.722,5.058
"master","trend",3,"gene21",FALSE,7.76,8.712,1.551,1.722,5.058
"master","trend",3,"gene210",TRUE,0.4033,0.6818,18.05,1.43,0.4767
"mle","trend",3,"gene210",TRUE,0.4033,6137000,18.05,12880000,0.4767
"cap_10s","trend",3,"gene210",TRUE,0.4033,4.767,18.05,10,0.4767
"master","trend",3,"gene211",FALSE,2.318,4.212,3.965,1.848,2.279
"cap_10s","trend",3,"gene211",FALSE,2.318,10.26,3.965,4.502,2.279
"mle","trend",3,"gene211",FALSE,2.318,10.26,3.965,4.502,2.279
"cap_10s","trend",3,"gene212",FALSE,0.2917,2.622,19.08,10,0.2622
"master","trend",3,"gene212",FALSE,0.2917,0.4856,19.08,1.852,0.2622
"mle","trend",3,"gene212",FALSE,0.2917,5.034,19.08,19.19,0.2622
"master","trend",3,"gene213",FALSE,0.29,0.4995,15.65,1.931,0.2587
"cap_10s","trend",3,"gene213",FALSE,0.29,2.587,15.65,10,0.2587
"mle","trend",3,"gene213",FALSE,0.29,20.28,15.65,78.38,0.2587
"cap_10s","trend",3,"gene214",FALSE,1.108,10.26,9.091,10,1.026
"master","trend",3,"gene214",FALSE,1.108,2.121,9.091,2.067,1.026
"mle","trend",3,"gene214",FALSE,1.108,15.68,9.091,15.29,1.026
"cap_10s","trend",3,"gene215",FALSE,4.64,4.427,1.152,1.06,4.175
"mle","trend",3,"gene215",FALSE,4.64,4.427,1.152,1.06,4.175
"master","trend",3,"gene215",FALSE,4.64,4.427,1.152,1.06,4.175
"cap_10s","trend",3,"gene216",FALSE,4.075,4.815,1.079,1.268,3.799
"master","trend",3,"gene216",FALSE,4.075,4.815,1.079,1.268,3.799
"mle","trend",3,"gene216",FALSE,4.075,4.815,1.079,1.268,3.799
"master","trend",3,"gene217",TRUE,0.21,0.306,30.91,1.534,0.1994
"mle","trend",3,"gene217",TRUE,0.21,9917000,30.91,49730000,0.1994
"cap_10s","trend",3,"gene217",TRUE,0.21,1.994,30.91,10,0.1994
"cap_10s","trend",3,"gene218",FALSE,0.3217,2.835,16.21,8.278,0.3425
"master","trend",3,"gene218",FALSE,0.3217,0.5316,16.21,1.552,0.3425
"mle","trend",3,"gene218",FALSE,0.3217,2.835,16.21,8.278,0.3425
"master","trend",3,"gene219",FALSE,4.25,7.889,2.83,1.915,4.12
"mle","trend",3,"gene219",FALSE,4.25,9.527,2.83,2.313,4.12
"cap_10s","trend",3,"gene219",FALSE,4.25,9.527,2.83,2.313,4.12
"mle","trend",3,"gene22",FALSE,2.335,18,3.378,6.402,2.812
"master","trend",3,"gene22",FALSE,2.335,5.419,3.378,1.928,2.812
"cap_10s","trend",3,"gene22",FALSE,2.335,18,3.378,6.402,2.812
"mle","trend",3,"gene220",TRUE,0.3133,15210000,27.75,49170000,0.3094
"cap_10s","trend",3,"gene220",TRUE,0.3133,3.094,27.75,10,0.3094
"master","trend",3,"gene220",TRUE,0.3133,0.5336,27.75,1.725,0.3094
"mle","trend",3,"gene221",FALSE,5.592,18.93,2.044,3.756,5.04
"cap_10s","trend",3,"gene221",FALSE,5.592,18.93,2.044,3.756,5.04
"master","trend",3,"gene221",FALSE,5.592,16.83,2.044,3.339,5.04
"cap_10s","trend",3,"gene222",FALSE,3.912,7.257,1.823,2.053,3.534
"master","trend",3,"gene222",FALSE,3.912,7.257,1.823,2.053,3.534
"mle","trend",3,"gene222",FALSE,3.912,7.257,1.823,2.053,3.534
"master","trend",3,"gene223",FALSE,0.2167,0.3639,26.11,1.826,0.1994
"cap_10s","trend",3,"gene223",FALSE,0.2167,1.994,26.11,10,0.1994
"mle","trend",3,"gene223",FALSE,0.2167,2.649,26.11,13.29,0.1994
"cap_10s","trend",3,"gene224",FALSE,6.008,25.49,2.738,4.711,5.41
"master","trend",3,"gene224",FALSE,6.008,11.25,2.738,2.079,5.41
"mle","trend",3,"gene224",FALSE,6.008,25.49,2.738,4.711,5.41
"cap_10s","trend",3,"gene225",FALSE,0.495,4.745,11.29,10,0.4745
"master","trend",3,"gene225",FALSE,0.495,0.9772,11.29,2.059,0.4745
"mle","trend",3,"gene225",FALSE,0.495,7.164,11.29,15.1,0.4745
"cap_10s","trend",3,"gene226",FALSE,4.232,8.734,2.295,2.497,3.498
"master","trend",3,"gene226",FALSE,4.232,6.757,2.295,1.931,3.498
"mle","trend",3,"gene226",FALSE,4.232,8.734,2.295,2.497,3.498
"cap_10s","trend",3,"gene227",TRUE,0.53,5.193,20.77,10,0.5193
"master","trend",3,"gene227",TRUE,0.53,0.8102,20.77,1.56,0.5193
"mle","trend",3,"gene227",TRUE,0.53,6797000,20.77,13090000,0.5193
"cap_10s","trend",3,"gene228",FALSE,0.5817,5.71,20.81,10,0.571
"master","trend",3,"gene228",FALSE,0.5817,1.413,20.81,2.474,0.571
"mle","trend",3,"gene228",FALSE,0.5817,11.74,20.81,20.55,0.571
"cap_10s","trend",3,"gene229",TRUE,0.2767,2.285,17.88,10,0.2285
"master","trend",3,"gene229",TRUE,0.2767,0.5634,17.88,2.466,0.2285
"mle","trend",3,"gene229",TRUE,0.2767,5834000,17.88,25540000,0.2285
"master","trend",3,"gene23",FALSE,2.777,3.557,4.789,1.763,2.018
"cap_10s","trend",3,"gene23",FALSE,2.777,7.145,4.789,3.541,2.018
"mle","trend",3,"gene23",FALSE,2.777,7.145,4.789,3.541,2.018
"cap_10s","trend",3,"gene230",FALSE,2.077,11.65,3.901,7.503,1.552
"master","trend",3,"gene230",FALSE,2.077,7.182,3.901,4.627,1.552
"mle","trend",3,"gene230",FALSE,2.077,11.65,3.901,7.503,1.552
"mle","trend",3,"gene231",FALSE,5.48,6.263,1.446,1.365,4.59
"cap_10s","trend",3,"gene231",FALSE,5.48,6.263,1.446,1.365,4.59
"master","trend",3,"gene231",FALSE,5.48,6.263,1.446,1.365,4.59
"master","trend",3,"gene232",FALSE,2.96,4.579,3.42,1.731,2.646
"mle","trend",3,"gene232",FALSE,2.96,30.88,3.42,11.67,2.646
"cap_10s","trend",3,"gene232",FALSE,2.96,26.46,3.42,10,2.646
"master","trend",3,"gene233",TRUE,0.5267,0.9356,17.12,1.814,0.5158
"mle","trend",3,"gene233",TRUE,0.5267,3745000,17.12,7260000,0.5158
"cap_10s","trend",3,"gene233",TRUE,0.5267,5.158,17.12,10,0.5158
"master","trend",3,"gene234",FALSE,1.167,2.089,10.3,1.961,1.065
"mle","trend",3,"gene234",FALSE,1.167,6.299,10.3,5.913,1.065
"cap_10s","trend",3,"gene234",FALSE,1.167,6.299,10.3,5.913,1.065
"master","trend",3,"gene235",FALSE,1.237,3.106,7.441,2.809,1.106
"mle","trend",3,"gene235",FALSE,1.237,31.08,7.441,28.1,1.106
"cap_10s","trend",3,"gene235",FALSE,1.237,11.06,7.441,10,1.106
"master","trend",3,"gene236",FALSE,4.318,9.059,2.737,2.296,3.945
"mle","trend",3,"gene236",FALSE,4.318,16.09,2.737,4.08,3.945
"cap_10s","trend",3,"gene236",FALSE,4.318,16.09,2.737,4.08,3.945
"master","trend",3,"gene237",FALSE,3.94,6.717,3.367,1.688,3.979
"cap_10s","trend",3,"gene237",FALSE,3.94,18.66,3.367,4.691,3.979
"mle","trend",3,"gene237",FALSE,3.94,18.66,3.367,4.691,3.979
"master","trend",3,"gene238",FALSE,6.253,13.41,1.913,2.392,5.605
"cap_10s","trend",3,"gene238",FALSE,6.253,16.04,1.913,2.862,5.605
"mle","trend",3,"gene238",FALSE,6.253,16.04,1.913,2.862,5.605
"cap_10s","trend",3,"gene239",FALSE,0.3017,3.037,25.31,10,0.3037
"mle","trend",3,"gene239",FALSE,0.3017,44.77,25.31,147.4,0.3037
"master","trend",3,"gene239",FALSE,0.3017,0.4653,25.31,1.532,0.3037
"cap_10s","trend",3,"gene24",FALSE,0.1917,2.363,22.73,10,0.2363
"master","trend",3,"gene24",FALSE,0.1917,0.3134,22.73,1.326,0.2363
"mle","trend",3,"gene24",FALSE,0.1917,31.15,22.73,131.8,0.2363
"mle","trend",3,"gene240",FALSE,5.388,6.76,1.199,1.249,5.412
"master","trend",3,"gene240",FALSE,5.388,6.76,1.199,1.249,5.412
"cap_10s","trend",3,"gene240",FALSE,5.388,6.76,1.199,1.249,5.412
"master","trend",3,"gene241",TRUE,0.1583,0.3062,31.1,1.784,0.1717
"cap_10s","trend",3,"gene241",TRUE,0.1583,1.717,31.1,10,0.1717
"mle","trend",3,"gene241",TRUE,0.1583,642200,31.1,3741000,0.1717
"master","trend",3,"gene242",FALSE,0.19,0.3045,22.87,1.635,0.1862
"cap_10s","trend",3,"gene242",FALSE,0.19,1.862,22.87,10,0.1862
"mle","trend",3,"gene242",FALSE,0.19,1201,22.87,6447,0.1862
"cap_10s","trend",3,"gene243",FALSE,2.248,11.49,3.448,5.111,2.248
"mle","trend",3,"gene243",FALSE,2.248,11.49,3.448,5.111,2.248
"master","trend",3,"gene243",FALSE,2.248,5.685,3.448,2.529,2.248
"master","trend",3,"gene244",FALSE,0.1833,0.2382,20.93,1.208,0.1972
"mle","trend",3,"gene244",FALSE,0.1833,2.977,20.93,15.1,0.1972
"cap_10s","trend",3,"gene244",FALSE,0.1833,1.972,20.93,10,0.1972
"master","trend",3,"gene245",FALSE,1.227,2.223,7.638,2.005,1.109
"mle","trend",3,"gene245",FALSE,1.227,6.401,7.638,5.774,1.109
"cap_10s","trend",3,"gene245",FALSE,1.227,6.401,7.638,5.774,1.109
"master","trend",3,"gene246",FALSE,6.512,12.65,1.779,2.181,5.798
"mle","trend",3,"gene246",FALSE,6.512,12.65,1.779,2.181,5.798
"cap_10s","trend",3,"gene246",FALSE,6.512,12.65,1.779,2.181,5.798
"mle","trend",3,"gene247",FALSE,5.777,8.563,1.24,1.613,5.31
"cap_10s","trend",3,"gene247",FALSE,5.777,8.563,1.24,1.613,5.31
"master","trend",3,"gene247",FALSE,5.777,8.563,1.24,1.613,5.31
"master","trend",3,"gene248",FALSE,0.36,0.7939,15.87,2.009,0.3951
"mle","trend",3,"gene248",FALSE,0.36,4.657,15.87,11.78,0.3951
"cap_10s","trend",3,"gene248",FALSE,0.36,3.951,15.87,10,0.3951
"master","trend",3,"gene249",FALSE,0.5,0.7765,11.96,1.661,0.4675
"mle","trend",3,"gene249",FALSE,0.5,11.8,11.96,25.24,0.4675
"cap_10s","trend",3,"gene249",FALSE,0.5,4.675,11.96,10,0.4675
"cap_10s","trend",3,"gene25",TRUE,0.4017,3.032,20.7,10,0.3032
"master","trend",3,"gene25",TRUE,0.4017,0.4641,20.7,1.531,0.3032
"mle","trend",3,"gene25",TRUE,0.4017,3499000,20.7,11540000,0.3032
"master","trend",3,"gene250",FALSE,0.175,0.3834,24.89,2.29,0.1674
"mle","trend",3,"gene250",FALSE,0.175,7.692,24.89,45.94,0.1674
"cap_10s","trend",3,"gene250",FALSE,0.175,1.674,24.89,10,0.1674
"master","trend",3,"gene251",FALSE,1.558,4.022,6.082,2.923,1.376
"mle","trend",3,"gene251",FALSE,1.558,9.476,6.082,6.888,1.376
"cap_10s","trend",3,"gene251",FALSE,1.558,9.476,6.082,6.888,1.376
"cap_10s","trend",3,"gene252",FALSE,0.2767,2.702,24.76,10,0.2702
"master","trend",3,"gene252",FALSE,0.2767,0.4642,24.76,1.718,0.2702
"mle","trend",3,"gene252",FALSE,0.2767,4.57,24.76,16.91,0.2702
"master","trend",3,"gene253",FALSE,7.018,9.517,1.49,1.398,6.807
"mle","trend",3,"gene253",FALSE,7.018,9.517,1.49,1.398,6.807
"cap_10s","trend",3,"gene253",FALSE,7.018,9.517,1.49,1.398,6.807
"master","trend",3,"gene254",FALSE,0.1833,0.3188,28.21,2.089,0.1527
"mle","trend",3,"gene254",FALSE,0.1833,1.465,28.21,9.6,0.1527
"cap_10s","trend",3,"gene254",FALSE,0.1833,1.465,28.21,9.6,0.1527
"master","trend",3,"gene255",FALSE,1.658,2.667,5.643,1.957,1.363
"mle","trend",3,"gene255",FALSE,1.658,6.461,5.643,4.74,1.363
"cap_10s","trend",3,"gene255",FALSE,1.658,6.461,5.643,4.74,1.363
"cap_10s","trend",3,"gene256",TRUE,0.185,2.002,16.77,10,0.2002
"mle","trend",3,"gene256",TRUE,0.185,5056000,16.77,25260000,0.2002
"master","trend",3,"gene256",TRUE,0.185,0.3496,16.77,1.746,0.2002
"master","trend",3,"gene257",FALSE,1.203,2.064,5.562,1.995,1.034
"mle","trend",3,"gene257",FALSE,1.203,10.03,5.562,9.697,1.034
"cap_10s","trend",3,"gene257",FALSE,1.203,10.03,5.562,9.697,1.034
"master","trend",3,"gene258",FALSE,1.283,1.453,10.2,1.409,1.032
"mle","trend",3,"gene258",FALSE,1.283,12.91,10.2,12.51,1.032
"cap_10s","trend",3,"gene258",FALSE,1.283,10.32,10.2,10,1.032
"master","trend",3,"gene259",FALSE,5.038,11.55,2.074,2.539,4.549
"mle","trend",3,"gene259",FALSE,5.038,11.55,2.074,2.539,4.549
"cap_10s","trend",3,"gene259",FALSE,5.038,11.55,2.074,2.539,4.549
"cap_10s","trend",3,"gene26",FALSE,0.1933,2.015,24.61,10,0.2015
"master","trend",3,"gene26",FALSE,0.1933,0.3838,24.61,1.905,0.2015
"mle","trend",3,"gene26",FALSE,0.1933,86.21,24.61,427.9,0.2015
"mle","trend",3,"gene260",FALSE,1.538,39.13,6.738,32.94,1.188
"cap_10s","trend",3,"gene260",FALSE,1.538,11.88,6.738,10,1.188
"master","trend",3,"gene260",FALSE,1.538,2.637,6.738,2.22,1.188
"master","trend",3,"gene261",FALSE,2.467,4.111,5.505,1.711,2.403
"mle","trend",3,"gene261",FALSE,2.467,18.34,5.505,7.634,2.403
"cap_10s","trend",3,"gene261",FALSE,2.467,18.34,5.505,7.634,2.403
"mle","trend",3,"gene262",FALSE,0.3883,4.253,14.69,10.38,0.4098
"cap_10s","trend",3,"gene262",FALSE,0.3883,4.098,14.69,10,0.4098
"master","trend",3,"gene262",FALSE,0.3883,0.861,14.69,2.101,0.4098
"mle","trend",3,"gene263",FALSE,1.758,9.017,5.281,5.53,1.631
"cap_10s","trend",3,"gene263",FALSE,1.758,9.017,5.281,5.53,1.631
"master","trend",3,"gene263",FALSE,1.758,3.62,5.281,2.22,1.631
"mle","trend",3,"gene264",TRUE,0.19,22030,49.59,136300,0.1616
"cap_10s","trend",3,"gene264",TRUE,0.19,1.616,49.59,10,0.1616
"master","trend",3,"gene264",TRUE,0.19,0.3727,49.59,2.307,0.1616
"master","trend",3,"gene265",FALSE,0.645,1.292,9.017,2.096,0.6164
"cap_10s","trend",3,"gene265",FALSE,0.645,6.164,9.017,10,0.6164
"mle","trend",3,"gene265",FALSE,0.645,12.2,9.017,19.8,0.6164
"master","trend",3,"gene266",FALSE,0.6733,1.297,9.264,2.017,0.6428
"cap_10s","trend",3,"gene266",FALSE,0.6733,2.936,9.264,4.568,0.6428
"mle","trend",3,"gene266",FALSE,0.6733,2.936,9.264,4.568,0.6428
"master","trend",3,"gene267",FALSE,4.148,7.127,1.541,1.82,3.915
"mle","trend",3,"gene267",FALSE,4.148,7.39,1.541,1.887,3.915
"cap_10s","trend",3,"gene267",FALSE,4.148,7.39,1.541,1.887,3.915
"master","trend",3,"gene268",FALSE,0.3817,0.6087,14.69,1.874,0.3249
"mle","trend",3,"gene268",FALSE,0.3817,3.79,14.69,11.67,0.3249
"cap_10s","trend",3,"gene268",FALSE,0.3817,3.249,14.69,10,0.3249
"mle","trend",3,"gene269",FALSE,2.263,6.758,2.694,2.899,2.332
"cap_10s","trend",3,"gene269",FALSE,2.263,6.758,2.694,2.899,2.332
"master","trend",3,"gene269",FALSE,2.263,4.059,2.694,1.741,2.332
"cap_10s","trend",3,"gene27",FALSE,3.238,12.64,4.475,5.142,2.459
"mle","trend",3,"gene27",FALSE,3.238,12.64,4.475,5.142,2.459
"master","trend",3,"gene27",FALSE,3.238,5.683,4.475,2.311,2.459
"cap_10s","trend",3,"gene270",FALSE,0.7083,6.555,9.358,10,0.6555
"master","trend",3,"gene270",FALSE,0.7083,1.209,9.358,1.844,0.6555
"mle","trend",3,"gene270",FALSE,0.7083,11.98,9.358,18.28,0.6555
"master","trend",3,"gene271",FALSE,6.98,15.88,2.4,2.544,6.242
"mle","trend",3,"gene271",FALSE,6.98,23.64,2.4,3.788,6.242
"cap_10s","trend",3,"gene271",FALSE,6.98,23.64,2.4,3.788,6.242
"master","trend",3,"gene272",FALSE,1.902,4.286,3.834,2.306,1.859
"mle","trend",3,"gene272",FALSE,1.902,11.5,3.834,6.19,1.859
"cap_10s","trend",3,"gene272",FALSE,1.902,11.5,3.834,6.19,1.859
"mle","trend",3,"gene273",FALSE,2.27,13.06,4.315,5.47,2.388
"master","trend",3,"gene273",FALSE,2.27,5.288,4.315,2.214,2.388
"cap_10s","trend",3,"gene273",FALSE,2.27,13.06,4.315,5.47,2.388
"mle","trend",3,"gene274",FALSE,0.6233,5.079,12.08,7.946,0.6392
"master","trend",3,"gene274",FALSE,0.6233,1.184,12.08,1.853,0.6392
"cap_10s","trend",3,"gene274",FALSE,0.6233,5.079,12.08,7.946,0.6392
"master","trend",3,"gene275",TRUE,0.305,0.8659,25.39,2.982,0.2904
"mle","trend",3,"gene275",TRUE,0.305,11520000,25.39,39650000,0.2904
"cap_10s","trend",3,"gene275",TRUE,0.305,2.904,25.39,10,0.2904
"master","trend",3,"gene276",FALSE,0.955,1.504,6.116,1.651,0.9109
"mle","trend",3,"gene276",FALSE,0.955,14.66,6.116,16.09,0.9109
"cap_10s","trend",3,"gene276",FALSE,0.955,9.109,6.116,10,0.9109
"master","trend",3,"gene277",FALSE,4.477,10.43,2.463,2.596,4.019
"mle","trend",3,"gene277",FALSE,4.477,12.96,2.463,3.224,4.019
"cap_10s","trend",3,"gene277",FALSE,4.477,12.96,2.463,3.224,4.019
"master","trend",3,"gene278",TRUE,0.8367,1.727,17.05,2.309,0.7478
"cap_10s","trend",3,"gene278",TRUE,0.8367,7.478,17.05,10,0.7478
"mle","trend",3,"gene278",TRUE,0.8367,8469000,17.05,11330000,0.7478
"cap_10s","trend",3,"gene279",FALSE,4.69,9.979,2.057,2.403,4.152
"mle","trend",3,"gene279",FALSE,4.69,9.979,2.057,2.403,4.152
"master","trend",3,"gene279",FALSE,4.69,9.775,2.057,2.354,4.152
"cap_10s","trend",3,"gene28",FALSE,0.445,4.497,10.36,10,0.4497
"mle","trend",3,"gene28",FALSE,0.445,5.055,10.36,11.24,0.4497
"master","trend",3,"gene28",FALSE,0.445,0.8786,10.36,1.954,0.4497
"mle","trend",3,"gene280",FALSE,1.877,7.215,4.214,3.679,1.961
"master","trend",3,"gene280",FALSE,1.877,3.578,4.214,1.825,1.961
"cap_10s","trend",3,"gene280",FALSE,1.877,7.215,4.214,3.679,1.961
"mle","trend",3,"gene281",FALSE,0.2817,4.806,19.53,21.05,0.2283
"master","trend",3,"gene281",FALSE,0.2817,0.3882,19.53,1.7,0.2283
"cap_10s","trend",3,"gene281",FALSE,0.2817,2.283,19.53,10,0.2283
"master","trend",3,"gene282",FALSE,6.813,11.01,2.753,1.762,6.249
"cap_10s","trend",3,"gene282",FALSE,6.813,16.6,2.753,2.657,6.249
"mle","trend",3,"gene282",FALSE,6.813,16.6,2.753,2.657,6.249
"cap_10s","trend",3,"gene283",TRUE,0.4817,4.624,32.4,10,0.4624
"mle","trend",3,"gene283",TRUE,0.4817,4804000,32.4,10390000,0.4624
"master","trend",3,"gene283",TRUE,0.4817,1.177,32.4,2.545,0.4624
"master","trend",3,"gene284",FALSE,0.215,0.3572,30.77,1.79,0.1996
"mle","trend",3,"gene284",FALSE,0.215,8.937,30.77,44.78,0.1996
"cap_10s","trend",3,"gene284",FALSE,0.215,1.996,30.77,10,0.1996
"master","trend",3,"gene285",FALSE,5.645,9.011,2.032,1.759,5.122
"mle","trend",3,"gene285",FALSE,5.645,9.011,2.032,1.759,5.122
"cap_10s","trend",3,"gene285",FALSE,5.645,9.011,2.032,1.759,5.122
"master","trend",3,"gene286",FALSE,7.128,15.05,1.665,2.196,6.852
"mle","trend",3,"gene286",FALSE,7.128,15.05,1.665,2.196,6.852
"cap_10s","trend",3,"gene286",FALSE,7.128,15.05,1.665,2.196,6.852
"mle","trend",3,"gene287",FALSE,2.525,12.77,3.882,6.091,2.097
"cap_10s","trend",3,"gene287",FALSE,2.525,12.77,3.882,6.091,2.097
"master","trend",3,"gene287",FALSE,2.525,6.444,3.882,3.073,2.097
"master","trend",3,"gene288",FALSE,0.27,0.7279,13.28,3.191,0.2281
"mle","trend",3,"gene288",FALSE,0.27,1.141,13.28,5.004,0.2281
"cap_10s","trend",3,"gene288",FALSE,0.27,1.141,13.28,5.004,0.2281
"master","trend",3,"gene289",TRUE,0.17,0.2896,26.69,2.001,0.1447
"mle","trend",3,"gene289",TRUE,0.17,3806000,26.69,26300000,0.1447
"cap_10s","trend",3,"gene289",TRUE,0.17,1.447,26.69,10,0.1447
"cap_10s","trend",3,"gene29",TRUE,0.4533,3.188,21.07,10,0.3188
"master","trend",3,"gene29",TRUE,0.4533,0.5658,21.07,1.775,0.3188
"mle","trend",3,"gene29",TRUE,0.4533,7933000,21.07,24880000,0.3188
"master","trend",3,"gene290",TRUE,0.315,0.3721,18.13,1.352,0.2752
"mle","trend",3,"gene290",TRUE,0.315,11420000,18.13,41510000,0.2752
"cap_10s","trend",3,"gene290",TRUE,0.315,2.752,18.13,10,0.2752
"master","trend",3,"gene291",FALSE,2.355,5.789,4.915,2.812,2.059
"mle","trend",3,"gene291",FALSE,2.355,11.27,4.915,5.476,2.059
"cap_10s","trend",3,"gene291",FALSE,2.355,11.27,4.915,5.476,2.059
"cap_10s","trend",3,"gene292",TRUE,1.527,13.96,7.146,10,1.396
"master","trend",3,"gene292",TRUE,1.527,2.597,7.146,1.861,1.396
"mle","trend",3,"gene292",TRUE,1.527,3606000,7.146,2584000,1.396
"master","trend",3,"gene293",FALSE,0.3067,0.6519,15.53,3.002,0.2171
"mle","trend",3,"gene293",FALSE,0.3067,11.46,15.53,52.79,0.2171
"cap_10s","trend",3,"gene293",FALSE,0.3067,2.171,15.53,10,0.2171
"master","trend",3,"gene294",FALSE,0.4033,0.8479,21.1,2.483,0.3415
"mle","trend",3,"gene294",FALSE,0.4033,12.69,21.1,37.15,0.3415
"cap_10s","trend",3,"gene294",FALSE,0.4033,3.415,21.1,10,0.3415
"master","trend",3,"gene295",FALSE,3.74,7.111,1.804,2.201,3.232
"mle","trend",3,"gene295",FALSE,3.74,7.537,1.804,2.332,3.232
"cap_10s","trend",3,"gene295",FALSE,3.74,7.537,1.804,2.332,3.232
"cap_10s","trend",3,"gene296",FALSE,3.803,11.75,2.947,3.241,3.627
"mle","trend",3,"gene296",FALSE,3.803,11.75,2.947,3.241,3.627
"master","trend",3,"gene296",FALSE,3.803,7.446,2.947,2.053,3.627
"master","trend",3,"gene297",FALSE,1.012,2.073,8.917,2.066,1.004
"mle","trend",3,"gene297",FALSE,1.012,7.57,8.917,7.543,1.004
"cap_10s","trend",3,"gene297",FALSE,1.012,7.57,8.917,7.543,1.004
"master","trend",3,"gene298",FALSE,1.182,1.796,8.524,1.811,0.9917
"mle","trend",3,"gene298",FALSE,1.182,12.84,8.524,12.95,0.9917
"cap_10s","trend",3,"gene298",FALSE,1.182,9.917,8.524,10,0.9917
"master","trend",3,"gene299",FALSE,4.242,6.758,1.872,1.715,3.941
"mle","trend",3,"gene299",FALSE,4.242,9.67,1.872,2.454,3.941
"cap_10s","trend",3,"gene299",FALSE,4.242,9.67,1.872,2.454,3.941
"cap_10s","trend",3,"gene3",FALSE,1.002,6.921,12.67,10,0.6921
"master","trend",3,"gene3",FALSE,1.002,1.615,12.67,2.334,0.6921
"mle","trend",3,"gene3",FALSE,1.002,8.812,12.67,12.73,0.6921
"cap_10s","trend",3,"gene30",FALSE,0.4533,4.746,11.94,10,0.4746
"master","trend",3,"gene30",FALSE,0.4533,0.8103,11.94,1.707,0.4746
"mle","trend",3,"gene30",FALSE,0.4533,34.68,11.94,73.06,0.4746
"mle","trend",3,"gene300",FALSE,0.7833,5.646,10.24,8.382,0.6736
"cap_10s","trend",3,"gene300",FALSE,0.7833,5.646,10.24,8.382,0.6736
"master","trend",3,"gene300",FALSE,0.7833,1.468,10.24,2.179,0.6736
"master","trend",3,"gene31",FALSE,4.373,9.443,2.036,2.338,4.04
"mle","trend",3,"gene31",FALSE,4.373,9.705,2.036,2.402,4.04
"cap_10s","trend",3,"gene31",FALSE,4.373,9.705,2.036,2.402,4.04
"mle","trend",3,"gene32",FALSE,2.18,9.398,5.304,4.867,1.931
"cap_10s","trend",3,"gene32",FALSE,2.18,9.398,5.304,4.867,1.931
"master","trend",3,"gene32",FALSE,2.18,5.15,5.304,2.667,1.931
"cap_10s","trend",3,"gene33",FALSE,0.4983,2.098,10.19,4.66,0.4502
"master","trend",3,"gene33",FALSE,0.4983,1.052,10.19,2.337,0.4502
"mle","trend",3,"gene33",FALSE,0.4983,2.098,10.19,4.66,0.4502
"cap_10s","trend",3,"gene34",FALSE,1.603,6.499,4.707,4.951,1.313
"master","trend",3,"gene34",FALSE,1.603,3.274,4.707,2.494,1.313
"mle","trend",3,"gene34",FALSE,1.603,6.499,4.707,4.951,1.313
"master","trend",3,"gene35",FALSE,0.4367,1.002,10.23,2.131,0.4699
"cap_10s","trend",3,"gene35",FALSE,0.4367,3.291,10.23,7.003,0.4699
"mle","trend",3,"gene35",FALSE,0.4367,3.291,10.23,7.003,0.4699
"master","trend",3,"gene36",FALSE,1.212,2.32,6.192,2.066,1.123
"cap_10s","trend",3,"gene36",FALSE,1.212,5.401,6.192,4.809,1.123
"mle","trend",3,"gene36",FALSE,1.212,5.401,6.192,4.809,1.123
"mle","trend",3,"gene37",FALSE,5.792,6.978,1.303,1.255,5.562
"cap_10s","trend",3,"gene37",FALSE,5.792,6.978,1.303,1.255,5.562
"master","trend",3,"gene37",FALSE,5.792,6.978,1.303,1.255,5.562
"mle","trend",3,"gene38",FALSE,1.185,6.62,7.982,6.569,1.008
"cap_10s","trend",3,"gene38",FALSE,1.185,6.62,7.982,6.569,1.008
"master","trend",3,"gene38",FALSE,1.185,2.762,7.982,2.741,1.008
"mle","trend",3,"gene39",FALSE,1.183,7.279,5.103,7.464,0.9751
"cap_10s","trend",3,"gene39",FALSE,1.183,7.279,5.103,7.464,0.9751
"master","trend",3,"gene39",FALSE,1.183,2.566,5.103,2.632,0.9751
"cap_10s","trend",3,"gene4",FALSE,4.445,16.08,1.964,3.365,4.78
"master","trend",3,"gene4",FALSE,4.445,16.08,1.964,3.365,4.78
"mle","trend",3,"gene4",FALSE,4.445,16.08,1.964,3.365,4.78
"cap_10s","trend",3,"gene40",FALSE,1.093,3.892,4.668,3.569,1.09
"master","trend",3,"gene40",FALSE,1.093,2.018,4.668,1.851,1.09
"mle","trend",3,"gene40",FALSE,1.093,3.892,4.668,3.569,1.09
"mle","trend",3,"gene41",FALSE,1.383,26.01,8.505,26.01,0.9998
"cap_10s","trend",3,"gene41",FALSE,1.383,9.998,8.505,10,0.9998
"master","trend",3,"gene41",FALSE,1.383,5.356,8.505,5.357,0.9998
"cap_10s","trend",3,"gene42",FALSE,1.998,16.47,7.018,10,1.647
"master","trend",3,"gene42",FALSE,1.998,2.883,7.018,1.75,1.647
"mle","trend",3,"gene42",FALSE,1.998,27.76,7.018,16.85,1.647
"cap_10s","trend",3,"gene43",FALSE,1.037,7.346,12.1,7.18,1.023
"master","trend",3,"gene43",FALSE,1.037,2.217,12.1,2.167,1.023
"mle","trend",3,"gene43",FALSE,1.037,7.346,12.1,7.18,1.023
"cap_10s","trend",3,"gene44",FALSE,0.235,2.088,26.49,10,0.2088
"master","trend",3,"gene44",FALSE,0.235,0.3503,26.49,1.677,0.2088
"mle","trend",3,"gene44",FALSE,0.235,3.634,26.49,17.4,0.2088
"mle","trend",3,"gene45",FALSE,1.128,7.048,4.924,6.982,1.01
"master","trend",3,"gene45",FALSE,1.128,1.835,4.924,1.817,1.01
"cap_10s","trend",3,"gene45",FALSE,1.128,7.048,4.924,6.982,1.01
"cap_10s","trend",3,"gene46",FALSE,3.675,23.55,4.901,7.765,3.033
"master","trend",3,"gene46",FALSE,3.675,5.59,4.901,1.843,3.033
"mle","trend",3,"gene46",FALSE,3.675,23.55,4.901,7.765,3.033
"cap_10s","trend",3,"gene47",FALSE,5.78,8.882,1.676,1.581,5.617
"master","trend",3,"gene47",FALSE,5.78,8.882,1.676,1.581,5.617
"mle","trend",3,"gene47",FALSE,5.78,8.882,1.676,1.581,5.617
"cap_10s","trend",3,"gene48",FALSE,7.127,8.923,1.213,1.21,7.375
"master","trend",3,"gene48",FALSE,7.127,8.923,1.213,1.21,7.375
"mle","trend",3,"gene48",FALSE,7.127,8.923,1.213,1.21,7.375
"master","trend",3,"gene49",FALSE,0.4083,1.124,11.06,2.885,0.3894
"mle","trend",3,"gene49",FALSE,0.4083,4.757,11.06,12.22,0.3894
"cap_10s","trend",3,"gene49",FALSE,0.4083,3.894,11.06,10,0.3894
"mle","trend",3,"gene5",FALSE,1.12,7.096,7.427,8.778,0.8084
"master","trend",3,"gene5",FALSE,1.12,2.329,7.427,2.881,0.8084
"cap_10s","trend",3,"gene5",FALSE,1.12,7.096,7.427,8.778,0.8084
"cap_10s","trend",3,"gene50",FALSE,2.385,5.3,2.173,2.313,2.292
"master","trend",3,"gene50",FALSE,2.385,4.801,2.173,2.095,2.292
"mle","trend",3,"gene50",FALSE,2.385,5.3,2.173,2.313,2.292
"cap_10s","trend",3,"gene51",FALSE,4.415,32.49,3.761,7.712,4.213
"master","trend",3,"gene51",FALSE,4.415,9.435,3.761,2.239,4.213
"mle","trend",3,"gene51",FALSE,4.415,32.49,3.761,7.712,4.213
"cap_10s","trend",3,"gene52",FALSE,0.7433,6.595,11.71,10,0.6595
"master","trend",3,"gene52",FALSE,0.7433,1.48,11.71,2.244,0.6595
"mle","trend",3,"gene52",FALSE,0.7433,7.678,11.71,11.64,0.6595
"cap_10s","trend",3,"gene53",FALSE,0.43,3.276,17,8.804,0.3721
"master","trend",3,"gene53",FALSE,0.43,0.7056,17,1.896,0.3721
"mle","trend",3,"gene53",FALSE,0.43,3.276,17,8.804,0.3721
"mle","trend",3,"gene54",FALSE,0.1917,6.143,28.92,31.29,0.1963
"cap_10s","trend",3,"gene54",FALSE,0.1917,1.963,28.92,10,0.1963
"master","trend",3,"gene54",FALSE,0.1917,0.823,28.92,4.192,0.1963
"cap_10s","trend",3,"gene55",FALSE,4.707,7.967,2.328,2.096,3.801
"master","trend",3,"gene55",FALSE,4.707,7.967,2.328,2.096,3.801
"mle","trend",3,"gene55",FALSE,4.707,7.967,2.328,2.096,3.801
"cap_10s","trend",3,"gene56",TRUE,0.19,2.003,8.048,10,0.2003
"master","trend",3,"gene56",TRUE,0.19,0.2699,8.048,1.347,0.2003
"mle","trend",3,"gene56",TRUE,0.19,5445000,8.048,27180000,0.2003
"cap_10s","trend",3,"gene57",TRUE,0.3417,3.292,19.11,10,0.3292
"master","trend",3,"gene57",TRUE,0.3417,0.4571,19.11,1.388,0.3292
"mle","trend",3,"gene57",TRUE,0.3417,5846000,19.11,17760000,0.3292
"mle","trend",3,"gene58",TRUE,0.255,3692000,22.31,14300000,0.2583
"master","trend",3,"gene58",TRUE,0.255,0.6695,22.31,2.592,0.2583
"cap_10s","trend",3,"gene58",TRUE,0.255,2.583,22.31,10,0.2583
"master","trend",3,"gene59",FALSE,1.415,2.783,7.154,2.064,1.348
"cap_10s","trend",3,"gene59",FALSE,1.415,13.35,7.154,9.903,1.348
"mle","trend",3,"gene59",FALSE,1.415,13.35,7.154,9.903,1.348
"cap_10s","trend",3,"gene6",FALSE,3.492,7.402,1.974,1.772,4.178
"master","trend",3,"gene6",FALSE,3.492,7.402,1.974,1.772,4.178
"mle","trend",3,"gene6",FALSE,3.492,7.402,1.974,1.772,4.178
"master","trend",3,"gene60",FALSE,1.117,1.848,8.453,1.761,1.049
"cap_10s","trend",3,"gene60",FALSE,1.117,10.49,8.453,10,1.049
"mle","trend",3,"gene60",FALSE,1.117,35.01,8.453,33.37,1.049
"cap_10s","trend",3,"gene61",FALSE,0.25,2.189,21.63,10,0.2189
"mle","trend",3,"gene61",FALSE,0.25,18.78,21.63,85.79,0.2189
"master","trend",3,"gene61",FALSE,0.25,0.3465,21.63,1.583,0.2189
"mle","trend",3,"gene62",FALSE,1.222,8.673,5.29,7.226,1.2
"master","trend",3,"gene62",FALSE,1.222,2.685,5.29,2.237,1.2
"cap_10s","trend",3,"gene62",FALSE,1.222,8.673,5.29,7.226,1.2
"master","trend",3,"gene63",FALSE,5.428,10.77,1.695,2.138,5.036
"cap_10s","trend",3,"gene63",FALSE,5.428,10.77,1.695,2.138,5.036
"mle","trend",3,"gene63",FALSE,5.428,10.77,1.695,2.138,5.036
"master","trend",3,"gene64",FALSE,0.645,1.244,12.01,1.857,0.6699
"cap_10s","trend",3,"gene64",FALSE,0.645,6.699,12.01,10,0.6699
"mle","trend",3,"gene64",FALSE,0.645,7.358,12.01,10.98,0.6699
"cap_10s","trend",3,"gene65",TRUE,0.4933,4.149,20.78,10,0.4149
"master","trend",3,"gene65",TRUE,0.4933,0.6994,20.78,1.686,0.4149
"mle","trend",3,"gene65",TRUE,0.4933,6540000,20.78,15760000,0.4149
"cap_10s","trend",3,"gene66",FALSE,2.707,7.769,3.51,2.821,2.754
"master","trend",3,"gene66",FALSE,2.707,4.689,3.51,1.703,2.754
"mle","trend",3,"gene66",FALSE,2.707,7.769,3.51,2.821,2.754
"cap_10s","trend",3,"gene67",FALSE,1.753,5.87,5.64,3.606,1.628
"master","trend",3,"gene67",FALSE,1.753,4.606,5.64,2.829,1.628
"mle","trend",3,"gene67",FALSE,1.753,5.87,5.64,3.606,1.628
"cap_10s","trend",3,"gene68",FALSE,0.5317,2.094,12.65,3.943,0.5312
"master","trend",3,"gene68",FALSE,0.5317,0.8984,12.65,1.691,0.5312
"mle","trend",3,"gene68",FALSE,0.5317,2.094,12.65,3.943,0.5312
"cap_10s","trend",3,"gene69",FALSE,0.54,5.534,13.19,10,0.5534
"master","trend",3,"gene69",FALSE,0.54,1.046,13.19,1.891,0.5534
"mle","trend",3,"gene69",FALSE,0.54,21.88,13.19,39.53,0.5534
"cap_10s","trend",3,"gene7",FALSE,3.487,10.06,5.306,4.09,2.46
"master","trend",3,"gene7",FALSE,3.487,6.511,5.306,2.647,2.46
"mle","trend",3,"gene7",FALSE,3.487,10.06,5.306,4.09,2.46
"mle","trend",3,"gene70",FALSE,2.092,9.263,5.783,4.569,2.027
"cap_10s","trend",3,"gene70",FALSE,2.092,9.263,5.783,4.569,2.027
"master","trend",3,"gene70",FALSE,2.092,3.765,5.783,1.857,2.027
"master","trend",3,"gene71",FALSE,6.082,15.78,1.991,3.014,5.236
"mle","trend",3,"gene71",FALSE,6.082,15.78,1.991,3.014,5.236
"cap_10s","trend",3,"gene71",FALSE,6.082,15.78,1.991,3.014,5.236
"master","trend",3,"gene72",FALSE,0.7717,2.6,13.61,5.446,0.4775
"mle","trend",3,"gene72",FALSE,0.7717,10.57,13.61,22.13,0.4775
"cap_10s","trend",3,"gene72",FALSE,0.7717,4.775,13.61,10,0.4775
"master","trend",3,"gene73",FALSE,5.188,8.708,2.005,1.766,4.931
"mle","trend",3,"gene73",FALSE,5.188,16.05,2.005,3.255,4.931
"cap_10s","trend",3,"gene73",FALSE,5.188,16.05,2.005,3.255,4.931
"master","trend",3,"gene74",TRUE,0.4633,0.9779,28.45,2.218,0.441
"mle","trend",3,"gene74",TRUE,0.4633,8640000,28.45,19590000,0.441
"cap_10s","trend",3,"gene74",TRUE,0.4633,4.41,28.45,10,0.441
"master","trend",3,"gene75",TRUE,0.3817,0.7546,21.74,1.721,0.4385
"mle","trend",3,"gene75",TRUE,0.3817,4026000,21.74,9181000,0.4385
"cap_10s","trend",3,"gene75",TRUE,0.3817,4.385,21.74,10,0.4385
"master","trend",3,"gene76",FALSE,2.858,5.416,2.84,1.882,2.878
"mle","trend",3,"gene76",FALSE,2.858,9.966,2.84,3.463,2.878
"cap_10s","trend",3,"gene76",FALSE,2.858,9.966,2.84,3.463,2.878
"master","trend",3,"gene77",FALSE,0.2767,0.4948,12.87,1.781,0.2779
"mle","trend",3,"gene77",FALSE,0.2767,5.578,12.87,20.07,0.2779
"cap_10s","trend",3,"gene77",FALSE,0.2767,2.779,12.87,10,0.2779
"master","trend",3,"gene78",FALSE,0.8033,1.278,13.01,1.626,0.7862
"cap_10s","trend",3,"gene78",FALSE,0.8033,7.862,13.01,10,0.7862
"mle","trend",3,"gene78",FALSE,0.8033,23.33,13.01,29.68,0.7862
"master","trend",3,"gene79",FALSE,4.542,9.58,1.625,2.365,4.051
"mle","trend",3,"gene79",FALSE,4.542,9.58,1.625,2.365,4.051
"cap_10s","trend",3,"gene79",FALSE,4.542,9.58,1.625,2.365,4.051
"cap_10s","trend",3,"gene8",FALSE,0.3967,2.897,6.751,5.79,0.5002
"master","trend",3,"gene8",FALSE,0.3967,0.9238,6.751,1.847,0.5002
"mle","trend",3,"gene8",FALSE,0.3967,2.897,6.751,5.79,0.5002
"mle","trend",3,"gene80",FALSE,0.7483,12,14.33,15.25,0.7865
"cap_10s","trend",3,"gene80",FALSE,0.7483,7.865,14.33,10,0.7865
"master","trend",3,"gene80",FALSE,0.7483,1.245,14.33,1.583,0.7865
"mle","trend",3,"gene81",FALSE,0.8583,7.907,14.63,9.851,0.8027
"cap_10s","trend",3,"gene81",FALSE,0.8583,7.907,14.63,9.851,0.8027
"master","trend",3,"gene81",FALSE,0.8583,2.453,14.63,3.056,0.8027
"cap_10s","trend",3,"gene82",FALSE,5.24,9.091,1.519,1.967,4.622
"master","trend",3,"gene82",FALSE,5.24,9.091,1.519,1.967,4.622
"mle","trend",3,"gene82",FALSE,5.24,9.091,1.519,1.967,4.622
"master","trend",3,"gene83",TRUE,0.395,0.7599,20.21,1.845,0.4118
"mle","trend",3,"gene83",TRUE,0.395,1594000,20.21,3871000,0.4118
"cap_10s","trend",3,"gene83",TRUE,0.395,4.118,20.21,10,0.4118
"cap_10s","trend",3,"gene84",TRUE,0.3667,2.492,32.39,10,0.2492
"master","trend",3,"gene84",TRUE,0.3667,0.7851,32.39,3.151,0.2492
"mle","trend",3,"gene84",TRUE,0.3667,2060000,32.39,8266000,0.2492
"master","trend",3,"gene85",FALSE,4.197,10.98,3.229,2.867,3.83
"mle","trend",3,"gene85",FALSE,4.197,20.17,3.229,5.268,3.83
"cap_10s","trend",3,"gene85",FALSE,4.197,20.17,3.229,5.268,3.83
"mle","trend",3,"gene86",FALSE,0.26,6.498,20,27.46,0.2367
"master","trend",3,"gene86",FALSE,0.26,0.5313,20,2.245,0.2367
"cap_10s","trend",3,"gene86",FALSE,0.26,2.367,20,10,0.2367
"master","trend",3,"gene87",FALSE,1.363,2.932,4.542,2.391,1.226
"mle","trend",3,"gene87",FALSE,1.363,3.817,4.542,3.112,1.226
"cap_10s","trend",3,"gene87",FALSE,1.363,3.817,4.542,3.112,1.226
"master","trend",3,"gene88",FALSE,0.4983,0.6084,14.75,1.483,0.4103
"cap_10s","trend",3,"gene88",FALSE,0.4983,4.103,14.75,10,0.4103
"mle","trend",3,"gene88",FALSE,0.4983,5.759,14.75,14.04,0.4103
"master","trend",3,"gene89",FALSE,0.5767,0.9158,10.39,1.872,0.4893
"mle","trend",3,"gene89",FALSE,0.5767,8.949,10.39,18.29,0.4893
"cap_10s","trend",3,"gene89",FALSE,0.5767,4.893,10.39,10,0.4893
"master","trend",3,"gene9",FALSE,3.042,4.239,3.317,2.187,1.938
"mle","trend",3,"gene9",FALSE,3.042,8.778,3.317,4.529,1.938
"cap_10s","trend",3,"gene9",FALSE,3.042,8.778,3.317,4.529,1.938
"master","trend",3,"gene90",FALSE,6.268,13.74,1.931,2.434,5.646
"cap_10s","trend",3,"gene90",FALSE,6.268,13.74,1.931,2.434,5.646
"mle","trend",3,"gene90",FALSE,6.268,13.74,1.931,2.434,5.646
"cap_10s","trend",3,"gene91",FALSE,1.347,3.911,4.311,3.403,1.149
"master","trend",3,"gene91",FALSE,1.347,3.563,4.311,3.1,1.149
"mle","trend",3,"gene91",FALSE,1.347,3.911,4.311,3.403,1.149
"master","trend",3,"gene92",FALSE,0.1767,0.2314,29.95,1.677,0.1379
"cap_10s","trend",3,"gene92",FALSE,0.1767,1.209,29.95,8.765,0.1379
"mle","trend",3,"gene92",FALSE,0.1767,1.209,29.95,8.765,0.1379
"cap_10s","trend",3,"gene93",FALSE,3.187,9.041,2.824,3.202,2.823
"master","trend",3,"gene93",FALSE,3.187,9.041,2.824,3.202,2.823
"mle","trend",3,"gene93",FALSE,3.187,9.041,2.824,3.202,2.823
"cap_10s","trend",3,"gene94",FALSE,1.6,10.3,6.496,7.077,1.455
"mle","trend",3,"gene94",FALSE,1.6,10.3,6.496,7.077,1.455
"master","trend",3,"gene94",FALSE,1.6,3.469,6.496,2.384,1.455
"cap_10s","trend",3,"gene95",FALSE,0.2083,1.926,19.8,10,0.1926
"master","trend",3,"gene95",FALSE,0.2083,0.3941,19.8,2.047,0.1926
"mle","trend",3,"gene95",FALSE,0.2083,6.245,19.8,32.43,0.1926
"master","trend",3,"gene96",FALSE,0.49,1.218,26.32,2.675,0.4554
"mle","trend",3,"gene96",FALSE,0.49,3.622,26.32,7.953,0.4554
"cap_10s","trend",3,"gene96",FALSE,0.49,3.622,26.32,7.953,0.4554
"cap_10s","trend",3,"gene97",FALSE,6.313,34.65,3.36,6.106,5.675
"master","trend",3,"gene97",FALSE,6.313,13.14,3.36,2.315,5.675
"mle","trend",3,"gene97",FALSE,6.313,34.65,3.36,6.106,5.675
"master","trend",3,"gene98",FALSE,1.33,2.576,6.664,1.966,1.31
"mle","trend",3,"gene98",FALSE,1.33,16.89,6.664,12.89,1.31
"cap_10s","trend",3,"gene98",FALSE,1.33,13.1,6.664,10,1.31
"mle","trend",3,"gene99",FALSE,0.88,29.73,11.48,40.25,0.7386
"cap_10s","trend",3,"gene99",FALSE,0.88,7.386,11.48,10,0.7386
"master","trend",3,"gene99",FALSE,0.88,2.705,11.48,3.662,0.7386
"mle","wide_rate",1,"gene1",FALSE,2.743,2.453,1.058,1.016,2.415
"cap_10s","wide_rate",1,"gene1",FALSE,2.743,2.453,1.058,1.016,2.415
"master","wide_rate",1,"gene1",FALSE,2.743,2.453,1.058,1.016,2.415
"cap_10s","wide_rate",1,"gene10",FALSE,3.882,2.856,0.6812,0.6514,4.385
"master","wide_rate",1,"gene10",FALSE,3.882,2.856,0.6812,0.6514,4.385
"mle","wide_rate",1,"gene10",FALSE,3.882,2.856,0.6812,0.6514,4.385
"mle","wide_rate",1,"gene100",FALSE,2.207,51.16,5.309,24.82,2.062
"cap_10s","wide_rate",1,"gene100",FALSE,2.207,20.62,5.309,10,2.062
"master","wide_rate",1,"gene100",FALSE,2.207,3.446,5.309,1.671,2.062
"cap_10s","wide_rate",1,"gene101",FALSE,3.632,8.056,1.895,2.478,3.251
"master","wide_rate",1,"gene101",FALSE,3.632,8.056,1.895,2.478,3.251
"mle","wide_rate",1,"gene101",FALSE,3.632,8.056,1.895,2.478,3.251
"master","wide_rate",1,"gene102",FALSE,1.353,1.802,1.347,1.334,1.351
"cap_10s","wide_rate",1,"gene102",FALSE,1.353,1.802,1.347,1.334,1.351
"mle","wide_rate",1,"gene102",FALSE,1.353,1.802,1.347,1.334,1.351
"cap_10s","wide_rate",1,"gene103",TRUE,3.03,28.84,67.52,10,2.884
"master","wide_rate",1,"gene103",TRUE,3.03,5.434,67.52,1.884,2.884
"mle","wide_rate",1,"gene103",TRUE,3.03,19680000,67.52,6822000,2.884
"cap_10s","wide_rate",1,"gene104",FALSE,3.573,9.633,1.587,2.689,3.582
"master","wide_rate",1,"gene104",FALSE,3.573,6.886,1.587,1.922,3.582
"mle","wide_rate",1,"gene104",FALSE,3.573,9.633,1.587,2.689,3.582
"cap_10s","wide_rate",1,"gene105",FALSE,4.107,30.06,175.1,10,3.006
"master","wide_rate",1,"gene105",FALSE,4.107,10.69,175.1,3.557,3.006
"mle","wide_rate",1,"gene105",FALSE,4.107,40.48,175.1,13.47,3.006
"cap_10s","wide_rate",1,"gene106",FALSE,2.422,1.276,0.5859,0.6658,1.917
"master","wide_rate",1,"gene106",FALSE,2.422,1.276,0.5859,0.6658,1.917
"mle","wide_rate",1,"gene106",FALSE,2.422,1.276,0.5859,0.6658,1.917
"cap_10s","wide_rate",1,"gene107",FALSE,2.492,12.89,8.596,5.593,2.306
"master","wide_rate",1,"gene107",FALSE,2.492,5.089,8.596,2.207,2.306
"mle","wide_rate",1,"gene107",FALSE,2.492,12.89,8.596,5.593,2.306
"cap_10s","wide_rate",1,"gene108",FALSE,3.963,23.94,8.861,6.812,3.515
"master","wide_rate",1,"gene108",FALSE,3.963,8.427,8.861,2.398,3.515
"mle","wide_rate",1,"gene108",FALSE,3.963,23.94,8.861,6.812,3.515
"cap_10s","wide_rate",1,"gene109",TRUE,1.232,11.06,42.01,10,1.106
"master","wide_rate",1,"gene109",TRUE,1.232,2.193,42.01,1.983,1.106
"mle","wide_rate",1,"gene109",TRUE,1.232,9161000,42.01,8283000,1.106
"cap_10s","wide_rate",1,"gene11",FALSE,2.478,19.85,119.7,10,1.985
"master","wide_rate",1,"gene11",FALSE,2.478,3.749,119.7,1.889,1.985
"mle","wide_rate",1,"gene11",FALSE,2.478,154.5,119.7,77.86,1.985
"mle","wide_rate",1,"gene110",FALSE,1.803,7.709,5.206,5.012,1.538
"cap_10s","wide_rate",1,"gene110",FALSE,1.803,7.709,5.206,5.012,1.538
"master","wide_rate",1,"gene110",FALSE,1.803,3.255,5.206,2.116,1.538
"master","wide_rate",1,"gene111",FALSE,1.682,4.471,3.553,3.245,1.378
"mle","wide_rate",1,"gene111",FALSE,1.682,7.716,3.553,5.599,1.378
"cap_10s","wide_rate",1,"gene111",FALSE,1.682,7.716,3.553,5.599,1.378
"master","wide_rate",1,"gene112",FALSE,1.998,4.742,12.32,2.685,1.766
"mle","wide_rate",1,"gene112",FALSE,1.998,268,12.32,151.7,1.766
"cap_10s","wide_rate",1,"gene112",FALSE,1.998,17.66,12.32,10,1.766
"master","wide_rate",1,"gene113",FALSE,1.512,3.388,2.175,2.357,1.437
"mle","wide_rate",1,"gene113",FALSE,1.512,3.388,2.175,2.357,1.437
"cap_10s","wide_rate",1,"gene113",FALSE,1.512,3.388,2.175,2.357,1.437
"master","wide_rate",1,"gene114",TRUE,1.397,3.483,135.4,3.256,1.07
"mle","wide_rate",1,"gene114",TRUE,1.397,7289000,135.4,6814000,1.07
"cap_10s","wide_rate",1,"gene114",TRUE,1.397,10.7,135.4,10,1.07
"master","wide_rate",1,"gene115",FALSE,2.922,5.529,101.2,2.08,2.658
"mle","wide_rate",1,"gene115",FALSE,2.922,144.7,101.2,54.45,2.658
"cap_10s","wide_rate",1,"gene115",FALSE,2.922,26.58,101.2,10,2.658
"master","wide_rate",1,"gene116",TRUE,2.787,4.857,48.53,2.167,2.242
"cap_10s","wide_rate",1,"gene116",TRUE,2.787,22.42,48.53,10,2.242
"mle","wide_rate",1,"gene116",TRUE,2.787,22030,48.53,9825,2.242
"master","wide_rate",1,"gene117",TRUE,1.945,2.894,199.9,1.632,1.773
"cap_10s","wide_rate",1,"gene117",TRUE,1.945,17.73,199.9,10,1.773
"mle","wide_rate",1,"gene117",TRUE,1.945,22340000,199.9,12600000,1.773
"mle","wide_rate",1,"gene118",FALSE,3.628,3.861,0.9359,1.168,3.306
"cap_10s","wide_rate",1,"gene118",FALSE,3.628,3.861,0.9359,1.168,3.306
"master","wide_rate",1,"gene118",FALSE,3.628,3.861,0.9359,1.168,3.306
"mle","wide_rate",1,"gene119",FALSE,2.035,4.289,1.483,2.078,2.064
"master","wide_rate",1,"gene119",FALSE,2.035,3.694,1.483,1.79,2.064
"cap_10s","wide_rate",1,"gene119",FALSE,2.035,4.289,1.483,2.078,2.064
"cap_10s","wide_rate",1,"gene12",FALSE,1.14,12.46,187.4,10,1.246
"master","wide_rate",1,"gene12",FALSE,1.14,2.472,187.4,1.984,1.246
"mle","wide_rate",1,"gene12",FALSE,1.14,29.04,187.4,23.3,1.246
"master","wide_rate",1,"gene120",FALSE,2.127,2.417,1.217,1.279,1.89
"mle","wide_rate",1,"gene120",FALSE,2.127,2.417,1.217,1.279,1.89
"cap_10s","wide_rate",1,"gene120",FALSE,2.127,2.417,1.217,1.279,1.89
"cap_10s","wide_rate",1,"gene121",FALSE,1.177,10.34,19.78,10,1.034
"mle","wide_rate",1,"gene121",FALSE,1.177,17.97,19.78,17.38,1.034
"master","wide_rate",1,"gene121",FALSE,1.177,2.438,19.78,2.358,1.034
"cap_10s","wide_rate",1,"gene122",FALSE,2.242,20.91,186.7,10,2.091
"mle","wide_rate",1,"gene122",FALSE,2.242,37.76,186.7,18.05,2.091
"master","wide_rate",1,"gene122",FALSE,2.242,5.179,186.7,2.476,2.091
"master","wide_rate",1,"gene123",FALSE,1.063,1.685,5.578,1.614,1.044
"mle","wide_rate",1,"gene123",FALSE,1.063,3.185,5.578,3.05,1.044
"cap_10s","wide_rate",1,"gene123",FALSE,1.063,3.185,5.578,3.05,1.044
"master","wide_rate",1,"gene124",TRUE,1.137,2.196,17.28,1.969,1.116
"cap_10s","wide_rate",1,"gene124",TRUE,1.137,11.16,17.28,10,1.116
"mle","wide_rate",1,"gene124",TRUE,1.137,4609000,17.28,4131000,1.116
"cap_10s","wide_rate",1,"gene125",FALSE,3.153,3.128,1.221,1.207,2.592
"master","wide_rate",1,"gene125",FALSE,3.153,3.128,1.221,1.207,2.592
"mle","wide_rate",1,"gene125",FALSE,3.153,3.128,1.221,1.207,2.592
"mle","wide_rate",1,"gene126",FALSE,1.41,18.72,79.93,13.51,1.386
"master","wide_rate",1,"gene126",FALSE,1.41,2.382,79.93,1.719,1.386
"cap_10s","wide_rate",1,"gene126",FALSE,1.41,13.86,79.93,10,1.386
"mle","wide_rate",1,"gene127",FALSE,2.618,629.6,13.53,269.1,2.339
"master","wide_rate",1,"gene127",FALSE,2.618,4.549,13.53,1.945,2.339
"cap_10s","wide_rate",1,"gene127",FALSE,2.618,23.39,13.53,10,2.339
"master","wide_rate",1,"gene128",FALSE,1.482,1.554,1.263,1.173,1.325
"cap_10s","wide_rate",1,"gene128",FALSE,1.482,1.554,1.263,1.173,1.325
"mle","wide_rate",1,"gene128",FALSE,1.482,1.554,1.263,1.173,1.325
"master","wide_rate",1,"gene129",FALSE,4.373,12.81,169.5,3.524,3.636
"cap_10s","wide_rate",1,"gene129",FALSE,4.373,36.36,169.5,10,3.636
"mle","wide_rate",1,"gene129",FALSE,4.373,195.9,169.5,53.89,3.636
"cap_10s","wide_rate",1,"gene13",FALSE,2.855,2.177,0.9736,0.9542,2.282
"master","wide_rate",1,"gene13",FALSE,2.855,2.177,0.9736,0.9542,2.282
"mle","wide_rate",1,"gene13",FALSE,2.855,2.177,0.9736,0.9542,2.282
"master","wide_rate",1,"gene130",FALSE,2.328,2.578,0.8719,1.166,2.21
"mle","wide_rate",1,"gene130",FALSE,2.328,2.578,0.8719,1.166,2.21
"cap_10s","wide_rate",1,"gene130",FALSE,2.328,2.578,0.8719,1.166,2.21
"cap_10s","wide_rate",1,"gene131",FALSE,1.108,10.41,4.516,10,1.041
"master","wide_rate",1,"gene131",FALSE,1.108,1.876,4.516,1.802,1.041
"mle","wide_rate",1,"gene131",FALSE,1.108,13.56,4.516,13.02,1.041
"master","wide_rate",1,"gene132",FALSE,3.532,1.786,0.5115,0.5281,3.381
"cap_10s","wide_rate",1,"gene132",FALSE,3.532,1.786,0.5115,0.5281,3.381
"mle","wide_rate",1,"gene132",FALSE,3.532,1.786,0.5115,0.5281,3.381
"master","wide_rate",1,"gene133",FALSE,1.862,5.164,64.25,3.227,1.6
"cap_10s","wide_rate",1,"gene133",FALSE,1.862,16,64.25,10,1.6
"mle","wide_rate",1,"gene133",FALSE,1.862,722.7,64.25,451.7,1.6
"cap_10s","wide_rate",1,"gene134",FALSE,1.898,3.975,1.62,2.253,1.765
"mle","wide_rate",1,"gene134",FALSE,1.898,3.975,1.62,2.253,1.765
"master","wide_rate",1,"gene134",FALSE,1.898,3.516,1.62,1.992,1.765
"cap_10s","wide_rate",1,"gene135",FALSE,3.425,34.27,27.91,10,3.427
"mle","wide_rate",1,"gene135",FALSE,3.425,46.45,27.91,13.55,3.427
"master","wide_rate",1,"gene135",FALSE,3.425,5.903,27.91,1.722,3.427
"master","wide_rate",1,"gene136",FALSE,1.425,1.669,1.163,1.236,1.35
"mle","wide_rate",1,"gene136",FALSE,1.425,1.669,1.163,1.236,1.35
"cap_10s","wide_rate",1,"gene136",FALSE,1.425,1.669,1.163,1.236,1.35
"master","wide_rate",1,"gene137",FALSE,2.02,2.948,10.56,1.576,1.871
"cap_10s","wide_rate",1,"gene137",FALSE,2.02,18.71,10.56,10,1.871
"mle","wide_rate",1,"gene137",FALSE,2.02,41.48,10.56,22.17,1.871
"cap_10s","wide_rate",1,"gene138",FALSE,1.383,13.34,20.57,10,1.334
"master","wide_rate",1,"gene138",FALSE,1.383,2.301,20.57,1.724,1.334
"mle","wide_rate",1,"gene138",FALSE,1.383,417.6,20.57,313,1.334
"mle","wide_rate",1,"gene139",FALSE,2.537,5.492,2.03,2.317,2.371
"master","wide_rate",1,"gene139",FALSE,2.537,5.492,2.03,2.317,2.371
"cap_10s","wide_rate",1,"gene139",FALSE,2.537,5.492,2.03,2.317,2.371
"mle","wide_rate",1,"gene14",FALSE,2.875,14.08,3.818,4.439,3.173
"cap_10s","wide_rate",1,"gene14",FALSE,2.875,14.08,3.818,4.439,3.173
"master","wide_rate",1,"gene14",FALSE,2.875,5.643,3.818,1.779,3.173
"mle","wide_rate",1,"gene140",FALSE,1.397,8.824,4.659,6.36,1.387
"cap_10s","wide_rate",1,"gene140",FALSE,1.397,8.824,4.659,6.36,1.387
"master","wide_rate",1,"gene140",FALSE,1.397,2.313,4.659,1.667,1.387
"cap_10s","wide_rate",1,"gene141",FALSE,1.235,11.32,78.24,10,1.132
"master","wide_rate",1,"gene141",FALSE,1.235,2.511,78.24,2.218,1.132
"mle","wide_rate",1,"gene141",FALSE,1.235,38.63,78.24,34.12,1.132
"cap_10s","wide_rate",1,"gene142",FALSE,2.112,18.73,19.81,10,1.873
"master","wide_rate",1,"gene142",FALSE,2.112,3.593,19.81,1.918,1.873
"mle","wide_rate",1,"gene142",FALSE,2.112,27.49,19.81,14.68,1.873
"master","wide_rate",1,"gene143",FALSE,3.927,6.129,5.432,1.6,3.83
"cap_10s","wide_rate",1,"gene143",FALSE,3.927,19.78,5.432,5.164,3.83
"mle","wide_rate",1,"gene143",FALSE,3.927,19.78,5.432,5.164,3.83
"master","wide_rate",1,"gene144",FALSE,4.183,14.54,75.1,4.299,3.382
"cap_10s","wide_rate",1,"gene144",FALSE,4.183,29.22,75.1,8.642,3.382
"mle","wide_rate",1,"gene144",FALSE,4.183,29.22,75.1,8.642,3.382
"cap_10s","wide_rate",1,"gene145",FALSE,1.675,1.279,1.012,0.8481,1.508
"master","wide_rate",1,"gene145",FALSE,1.675,1.279,1.012,0.8481,1.508
"mle","wide_rate",1,"gene145",FALSE,1.675,1.279,1.012,0.8481,1.508
"master","wide_rate",1,"gene146",FALSE,3.647,6.374,58.14,1.861,3.425
"cap_10s","wide_rate",1,"gene146",FALSE,3.647,34.25,58.14,10,3.425
"mle","wide_rate",1,"gene146",FALSE,3.647,44.28,58.14,12.93,3.425
"cap_10s","wide_rate",1,"gene147",TRUE,1.407,11.3,18.81,10,1.13
"master","wide_rate",1,"gene147",TRUE,1.407,2.351,18.81,2.08,1.13
"mle","wide_rate",1,"gene147",TRUE,1.407,3735000,18.81,3306000,1.13
"cap_10s","wide_rate",1,"gene148",FALSE,1.447,6.209,4.3,4.872,1.274
"mle","wide_rate",1,"gene148",FALSE,1.447,6.209,4.3,4.872,1.274
"master","wide_rate",1,"gene148",FALSE,1.447,2.432,4.3,1.908,1.274
"cap_10s","wide_rate",1,"gene149",FALSE,1.982,12.78,5.412,6.759,1.891
"master","wide_rate",1,"gene149",FALSE,1.982,3.26,5.412,1.724,1.891
"mle","wide_rate",1,"gene149",FALSE,1.982,12.78,5.412,6.759,1.891
"cap_10s","wide_rate",1,"gene15",TRUE,3.937,30.02,110.7,10,3.002
"master","wide_rate",1,"gene15",TRUE,3.937,5.582,110.7,1.859,3.002
"mle","wide_rate",1,"gene15",TRUE,3.937,10990000,110.7,3659000,3.002
"master","wide_rate",1,"gene150",FALSE,4.36,8.624,11.3,2.073,4.161
"mle","wide_rate",1,"gene150",FALSE,4.36,30.12,11.3,7.238,4.161
"cap_10s","wide_rate",1,"gene150",FALSE,4.36,30.12,11.3,7.238,4.161
"cap_10s","wide_rate",1,"gene151",FALSE,1.08,2.474,2.698,2.421,1.022
"master","wide_rate",1,"gene151",FALSE,1.08,2.148,2.698,2.102,1.022
"mle","wide_rate",1,"gene151",FALSE,1.08,2.474,2.698,2.421,1.022
"master","wide_rate",1,"gene152",FALSE,2.797,5.129,42.4,1.932,2.654
"mle","wide_rate",1,"gene152",FALSE,2.797,144.2,42.4,54.31,2.654
"cap_10s","wide_rate",1,"gene152",FALSE,2.797,26.54,42.4,10,2.654
"mle","wide_rate",1,"gene153",FALSE,4.422,83.49,24.86,19,4.394
"master","wide_rate",1,"gene153",FALSE,4.422,7.761,24.86,1.766,4.394
"cap_10s","wide_rate",1,"gene153",FALSE,4.422,43.94,24.86,10,4.394
"master","wide_rate",1,"gene154",TRUE,2.732,5.061,42.42,1.987,2.547
"mle","wide_rate",1,"gene154",TRUE,2.732,13630000,42.42,5351000,2.547
"cap_10s","wide_rate",1,"gene154",TRUE,2.732,25.47,42.42,10,2.547
"master","wide_rate",1,"gene155",FALSE,3.51,7.771,35.38,2.45,3.172
"cap_10s","wide_rate",1,"gene155",FALSE,3.51,31.72,35.38,10,3.172
"mle","wide_rate",1,"gene155",FALSE,3.51,57.8,35.38,18.22,3.172
"master","wide_rate",1,"gene156",FALSE,3.728,7.118,63.33,1.959,3.633
"mle","wide_rate",1,"gene156",FALSE,3.728,28.64,63.33,7.884,3.633
"cap_10s","wide_rate",1,"gene156",FALSE,3.728,28.64,63.33,7.884,3.633
"master","wide_rate",1,"gene157",FALSE,4.175,8.457,162.7,2.408,3.513
"cap_10s","wide_rate",1,"gene157",FALSE,4.175,35.13,162.7,10,3.513
"mle","wide_rate",1,"gene157",FALSE,4.175,64,162.7,18.22,3.513
"master","wide_rate",1,"gene158",FALSE,2.842,6.516,4.408,2.51,2.596
"cap_10s","wide_rate",1,"gene158",FALSE,2.842,12.54,4.408,4.828,2.596
"mle","wide_rate",1,"gene158",FALSE,2.842,12.54,4.408,4.828,2.596
"master","wide_rate",1,"gene159",FALSE,1.36,2.241,1.258,2.149,1.043
"mle","wide_rate",1,"gene159",FALSE,1.36,2.241,1.258,2.149,1.043
"cap_10s","wide_rate",1,"gene159",FALSE,1.36,2.241,1.258,2.149,1.043
"cap_10s","wide_rate",1,"gene16",FALSE,1.962,2.293,0.9411,1.123,2.042
"master","wide_rate",1,"gene16",FALSE,1.962,2.293,0.9411,1.123,2.042
"mle","wide_rate",1,"gene16",FALSE,1.962,2.293,0.9411,1.123,2.042
"master","wide_rate",1,"gene160",FALSE,3.207,4.671,1.252,1.501,3.113
"mle","wide_rate",1,"gene160",FALSE,3.207,4.671,1.252,1.501,3.113
"cap_10s","wide_rate",1,"gene160",FALSE,3.207,4.671,1.252,1.501,3.113
"mle","wide_rate",1,"gene161",FALSE,2.977,22.64,4.421,8.463,2.675
"cap_10s","wide_rate",1,"gene161",FALSE,2.977,22.64,4.421,8.463,2.675
"master","wide_rate",1,"gene161",FALSE,2.977,7.273,4.421,2.719,2.675
"cap_10s","wide_rate",1,"gene162",FALSE,1.258,0.9079,0.6176,0.8419,1.078
"mle","wide_rate",1,"gene162",FALSE,1.258,0.9079,0.6176,0.8419,1.078
"master","wide_rate",1,"gene162",FALSE,1.258,0.9079,0.6176,0.8419,1.078
"master","wide_rate",1,"gene163",FALSE,0.8517,1.7,29.05,1.886,0.9014
"mle","wide_rate",1,"gene163",FALSE,0.8517,12.13,29.05,13.46,0.9014
"cap_10s","wide_rate",1,"gene163",FALSE,0.8517,9.014,29.05,10,0.9014
"master","wide_rate",1,"gene164",FALSE,3.428,2.2,0.574,0.7426,2.962
"cap_10s","wide_rate",1,"gene164",FALSE,3.428,2.2,0.574,0.7426,2.962
"mle","wide_rate",1,"gene164",FALSE,3.428,2.2,0.574,0.7426,2.962
"cap_10s","wide_rate",1,"gene165",TRUE,1.067,9.29,46.7,10,0.929
"master","wide_rate",1,"gene165",TRUE,1.067,1.915,46.7,2.061,0.929
"mle","wide_rate",1,"gene165",TRUE,1.067,6898000,46.7,7425000,0.929
"mle","wide_rate",1,"gene166",TRUE,4.033,11020000,20.54,2925000,3.768
"master","wide_rate",1,"gene166",TRUE,4.033,6.797,20.54,1.804,3.768
"cap_10s","wide_rate",1,"gene166",TRUE,4.033,37.68,20.54,10,3.768
"mle","wide_rate",1,"gene167",TRUE,2.393,35250000,120.4,15040000,2.344
"master","wide_rate",1,"gene167",TRUE,2.393,4.477,120.4,1.91,2.344
"cap_10s","wide_rate",1,"gene167",TRUE,2.393,23.44,120.4,10,2.344
"master","wide_rate",1,"gene168",FALSE,3.913,4.921,1.322,1.419,3.468
"cap_10s","wide_rate",1,"gene168",FALSE,3.913,4.921,1.322,1.419,3.468
"mle","wide_rate",1,"gene168",FALSE,3.913,4.921,1.322,1.419,3.468
"master","wide_rate",1,"gene169",FALSE,2.04,3.344,25.01,1.717,1.948
"cap_10s","wide_rate",1,"gene169",FALSE,2.04,19.48,25.01,10,1.948
"mle","wide_rate",1,"gene169",FALSE,2.04,53.63,25.01,27.53,1.948
"cap_10s","wide_rate",1,"gene17",FALSE,2.178,14.22,7.185,8.366,1.699
"master","wide_rate",1,"gene17",FALSE,2.178,4.107,7.185,2.417,1.699
"mle","wide_rate",1,"gene17",FALSE,2.178,14.22,7.185,8.366,1.699
"master","wide_rate",1,"gene170",FALSE,4.487,7.47,5.497,2.016,3.705
"mle","wide_rate",1,"gene170",FALSE,4.487,34.64,5.497,9.35,3.705
"cap_10s","wide_rate",1,"gene170",FALSE,4.487,34.64,5.497,9.35,3.705
"cap_10s","wide_rate",1,"gene171",FALSE,3.415,29.24,6.626,8.963,3.263
"master","wide_rate",1,"gene171",FALSE,3.415,7.379,6.626,2.262,3.263
"mle","wide_rate",1,"gene171",FALSE,3.415,29.24,6.626,8.963,3.263
"master","wide_rate",1,"gene172",FALSE,2.723,4.676,13.59,1.756,2.664
"cap_10s","wide_rate",1,"gene172",FALSE,2.723,26.64,13.59,10,2.664
"mle","wide_rate",1,"gene172",FALSE,2.723,27.15,13.59,10.19,2.664
"master","wide_rate",1,"gene173",FALSE,3.233,7.588,125.5,2.782,2.727
"cap_10s","wide_rate",1,"gene173",FALSE,3.233,27.27,125.5,10,2.727
"mle","wide_rate",1,"gene173",FALSE,3.233,65.26,125.5,23.93,2.727
"cap_10s","wide_rate",1,"gene174",FALSE,2.048,19.26,64.16,10,1.926
"mle","wide_rate",1,"gene174",FALSE,2.048,26.17,64.16,13.59,1.926
"master","wide_rate",1,"gene174",FALSE,2.048,5.527,64.16,2.87,1.926
"cap_10s","wide_rate",1,"gene175",FALSE,2.243,4.775,2.26,2.418,1.975
"mle","wide_rate",1,"gene175",FALSE,2.243,4.775,2.26,2.418,1.975
"master","wide_rate",1,"gene175",FALSE,2.243,3.7,2.26,1.873,1.975
"master","wide_rate",1,"gene176",FALSE,1.07,1.877,35.43,1.867,1.005
"mle","wide_rate",1,"gene176",FALSE,1.07,19.89,35.43,19.78,1.005
"cap_10s","wide_rate",1,"gene176",FALSE,1.07,10.05,35.43,10,1.005
"master","wide_rate",1,"gene177",FALSE,1.5,2.71,75.38,1.7,1.595
"cap_10s","wide_rate",1,"gene177",FALSE,1.5,15.95,75.38,10,1.595
"mle","wide_rate",1,"gene177",FALSE,1.5,25.15,75.38,15.77,1.595
"cap_10s","wide_rate",1,"gene178",FALSE,3.158,8.83,2.141,3.066,2.88
"master","wide_rate",1,"gene178",FALSE,3.158,5.194,2.141,1.803,2.88
"mle","wide_rate",1,"gene178",FALSE,3.158,8.83,2.141,3.066,2.88
"mle","wide_rate",1,"gene179",FALSE,1.47,25.22,35.92,20.04,1.258
"master","wide_rate",1,"gene179",FALSE,1.47,3.055,35.92,2.428,1.258
"cap_10s","wide_rate",1,"gene179",FALSE,1.47,12.58,35.92,10,1.258
"mle","wide_rate",1,"gene18",FALSE,1.907,12.51,8.125,7.087,1.764
"master","wide_rate",1,"gene18",FALSE,1.907,4.073,8.125,2.309,1.764
"cap_10s","wide_rate",1,"gene18",FALSE,1.907,12.51,8.125,7.087,1.764
"mle","wide_rate",1,"gene180",FALSE,5.225,81.22,49.53,19.62,4.139
"master","wide_rate",1,"gene180",FALSE,5.225,15.97,49.53,3.858,4.139
"cap_10s","wide_rate",1,"gene180",FALSE,5.225,41.39,49.53,10,4.139
"cap_10s","wide_rate",1,"gene181",FALSE,1.15,10.25,22.97,10,1.025
"master","wide_rate",1,"gene181",FALSE,1.15,1.891,22.97,1.845,1.025
"mle","wide_rate",1,"gene181",FALSE,1.15,12.21,22.97,11.91,1.025
"cap_10s","wide_rate",1,"gene182",FALSE,3.165,16.63,10.61,5.432,3.062
"mle","wide_rate",1,"gene182",FALSE,3.165,16.63,10.61,5.432,3.062
"master","wide_rate",1,"gene182",FALSE,3.165,6.081,10.61,1.986,3.062
"mle","wide_rate",1,"gene183",FALSE,4.627,4.989,1.208,1.226,4.069
"cap_10s","wide_rate",1,"gene183",FALSE,4.627,4.989,1.208,1.226,4.069
"master","wide_rate",1,"gene183",FALSE,4.627,4.989,1.208,1.226,4.069
"master","wide_rate",1,"gene184",FALSE,0.9717,0.8028,0.6591,0.9252,0.8676
"cap_10s","wide_rate",1,"gene184",FALSE,0.9717,0.8028,0.6591,0.9252,0.8676
"mle","wide_rate",1,"gene184",FALSE,0.9717,0.8028,0.6591,0.9252,0.8676
"master","wide_rate",1,"gene185",FALSE,3.79,8.425,5.958,2.491,3.382
"cap_10s","wide_rate",1,"gene185",FALSE,3.79,33.82,5.958,10,3.382
"mle","wide_rate",1,"gene185",FALSE,3.79,92.27,5.958,27.28,3.382
"cap_10s","wide_rate",1,"gene186",FALSE,2.445,1.47,0.6296,0.744,1.976
"master","wide_rate",1,"gene186",FALSE,2.445,1.47,0.6296,0.744,1.976
"mle","wide_rate",1,"gene186",FALSE,2.445,1.47,0.6296,0.744,1.976
"cap_10s","wide_rate",1,"gene187",FALSE,3.962,37.48,35.85,10,3.748
"master","wide_rate",1,"gene187",FALSE,3.962,6.946,35.85,1.853,3.748
"mle","wide_rate",1,"gene187",FALSE,3.962,204.4,35.85,54.53,3.748
"cap_10s","wide_rate",1,"gene188",FALSE,1.38,13.17,98.14,10,1.317
"master","wide_rate",1,"gene188",FALSE,1.38,2.268,98.14,1.722,1.317
"mle","wide_rate",1,"gene188",FALSE,1.38,98.18,98.14,74.56,1.317
"cap_10s","wide_rate",1,"gene189",FALSE,1.64,15.84,7.644,10,1.584
"master","wide_rate",1,"gene189",FALSE,1.64,2.794,7.644,1.764,1.584
"mle","wide_rate",1,"gene189",FALSE,1.64,33.26,7.644,21,1.584
"master","wide_rate",1,"gene19",FALSE,1.967,2.859,48.39,1.797,1.591
"cap_10s","wide_rate",1,"gene19",FALSE,1.967,15.91,48.39,10,1.591
"mle","wide_rate",1,"gene19",FALSE,1.967,34.09,48.39,21.43,1.591
"cap_10s","wide_rate",1,"gene190",FALSE,1.822,4.001,2.188,2.399,1.668
"master","wide_rate",1,"gene190",FALSE,1.822,2.725,2.188,1.634,1.668
"mle","wide_rate",1,"gene190",FALSE,1.822,4.001,2.188,2.399,1.668
"mle","wide_rate",1,"gene191",FALSE,1.072,19.04,21.66,18.29,1.041
"cap_10s","wide_rate",1,"gene191",FALSE,1.072,10.41,21.66,10,1.041
"master","wide_rate",1,"gene191",FALSE,1.072,1.793,21.66,1.722,1.041
"master","wide_rate",1,"gene192",FALSE,1.548,1.537,0.9374,1.118,1.375
"mle","wide_rate",1,"gene192",FALSE,1.548,1.537,0.9374,1.118,1.375
"cap_10s","wide_rate",1,"gene192",FALSE,1.548,1.537,0.9374,1.118,1.375
"master","wide_rate",1,"gene193",TRUE,2.683,3.983,32.59,1.652,2.411
"mle","wide_rate",1,"gene193",TRUE,2.683,5852000,32.59,2428000,2.411
"cap_10s","wide_rate",1,"gene193",TRUE,2.683,24.11,32.59,10,2.411
"master","wide_rate",1,"gene194",FALSE,3.157,7.613,177.3,2.579,2.952
"mle","wide_rate",1,"gene194",FALSE,3.157,64.93,177.3,21.99,2.952
"cap_10s","wide_rate",1,"gene194",FALSE,3.157,29.52,177.3,10,2.952
"master","wide_rate",1,"gene195",FALSE,2.628,5.573,46.92,2.104,2.649
"mle","wide_rate",1,"gene195",FALSE,2.628,36.21,46.92,13.67,2.649
"cap_10s","wide_rate",1,"gene195",FALSE,2.628,26.49,46.92,10,2.649
"master","wide_rate",1,"gene196",FALSE,2.273,4.282,15.8,1.951,2.195
"mle","wide_rate",1,"gene196",FALSE,2.273,17.1,15.8,7.793,2.195
"cap_10s","wide_rate",1,"gene196",FALSE,2.273,17.1,15.8,7.793,2.195
"master","wide_rate",1,"gene197",FALSE,4.465,7.404,1.495,1.741,4.252
"mle","wide_rate",1,"gene197",FALSE,4.465,7.404,1.495,1.741,4.252
"cap_10s","wide_rate",1,"gene197",FALSE,4.465,7.404,1.495,1.741,4.252
"master","wide_rate",1,"gene198",TRUE,1.148,2.479,75.69,2.138,1.159
"mle","wide_rate",1,"gene198",TRUE,1.148,7910000,75.69,6822000,1.159
"cap_10s","wide_rate",1,"gene198",TRUE,1.148,11.59,75.69,10,1.159
"master","wide_rate",1,"gene199",FALSE,3.798,6.438,6.516,1.738,3.704
"cap_10s","wide_rate",1,"gene199",FALSE,3.798,15.86,6.516,4.281,3.704
"mle","wide_rate",1,"gene199",FALSE,3.798,15.86,6.516,4.281,3.704
"cap_10s","wide_rate",1,"gene2",FALSE,2.168,23.7,5.141,10,2.37
"master","wide_rate",1,"gene2",FALSE,2.168,4.053,5.141,1.71,2.37
"mle","wide_rate",1,"gene2",FALSE,2.168,24.97,5.141,10.53,2.37
"cap_10s","wide_rate",1,"gene20",TRUE,0.8767,9.307,103.2,10,0.9307
"mle","wide_rate",1,"gene20",TRUE,0.8767,9512000,103.2,10220000,0.9307
"master","wide_rate",1,"gene20",TRUE,0.8767,2.545,103.2,2.735,0.9307
"master","wide_rate",1,"gene200",FALSE,1.493,3.622,3.718,2.627,1.379
"mle","wide_rate",1,"gene200",FALSE,1.493,9.104,3.718,6.603,1.379
"cap_10s","wide_rate",1,"gene200",FALSE,1.493,9.104,3.718,6.603,1.379
"mle","wide_rate",1,"gene201",TRUE,2.998,4932000,66.42,2120000,2.326
"cap_10s","wide_rate",1,"gene201",TRUE,2.998,23.26,66.42,10,2.326
"master","wide_rate",1,"gene201",TRUE,2.998,4.774,66.42,2.052,2.326
"mle","wide_rate",1,"gene202",FALSE,2.652,7.076,2.612,2.858,2.476
"cap_10s","wide_rate",1,"gene202",FALSE,2.652,7.076,2.612,2.858,2.476
"master","wide_rate",1,"gene202",FALSE,2.652,3.87,2.612,1.563,2.476
"cap_10s","wide_rate",1,"gene203",FALSE,1.157,0.6959,0.6367,0.7678,0.9064
"master","wide_rate",1,"gene203",FALSE,1.157,0.6959,0.6367,0.7678,0.9064
"mle","wide_rate",1,"gene203",FALSE,1.157,0.6959,0.6367,0.7678,0.9064
"master","wide_rate",1,"gene204",TRUE,0.8833,2.03,13.85,2.817,0.7206
"mle","wide_rate",1,"gene204",TRUE,0.8833,7634000,13.85,10590000,0.7206
"cap_10s","wide_rate",1,"gene204",TRUE,0.8833,7.206,13.85,10,0.7206
"cap_10s","wide_rate",1,"gene205",FALSE,1.207,10.54,14.28,10,1.054
"master","wide_rate",1,"gene205",FALSE,1.207,1.996,14.28,1.894,1.054
"mle","wide_rate",1,"gene205",FALSE,1.207,13.39,14.28,12.7,1.054
"master","wide_rate",1,"gene206",FALSE,1.7,3.885,21.38,2.243,1.732
"mle","wide_rate",1,"gene206",FALSE,1.7,19.64,21.38,11.34,1.732
"cap_10s","wide_rate",1,"gene206",FALSE,1.7,17.32,21.38,10,1.732
"mle","wide_rate",1,"gene207",FALSE,2.622,32.65,6.93,13.49,2.421
"master","wide_rate",1,"gene207",FALSE,2.622,4.515,6.93,1.865,2.421
"cap_10s","wide_rate",1,"gene207",FALSE,2.622,24.21,6.93,10,2.421
"master","wide_rate",1,"gene208",FALSE,2.417,7.894,18.75,3.916,2.016
"mle","wide_rate",1,"gene208",FALSE,2.417,32.26,18.75,16,2.016
"cap_10s","wide_rate",1,"gene208",FALSE,2.417,20.16,18.75,10,2.016
"master","wide_rate",1,"gene209",FALSE,2.008,3.623,18.15,1.954,1.854
"cap_10s","wide_rate",1,"gene209",FALSE,2.008,18.54,18.15,10,1.854
"mle","wide_rate",1,"gene209",FALSE,2.008,37.14,18.15,20.03,1.854
"cap_10s","wide_rate",1,"gene21",TRUE,1.722,14.69,108.5,10,1.469
"mle","wide_rate",1,"gene21",TRUE,1.722,7596000,108.5,5169000,1.469
"master","wide_rate",1,"gene21",TRUE,1.722,3.625,108.5,2.467,1.469
"master","wide_rate",1,"gene210",FALSE,3.012,5.409,2.53,1.902,2.845
"mle","wide_rate",1,"gene210",FALSE,3.012,9.289,2.53,3.265,2.845
"cap_10s","wide_rate",1,"gene210",FALSE,3.012,9.289,2.53,3.265,2.845
"master","wide_rate",1,"gene211",FALSE,1.658,3.807,3.085,2.391,1.593
"cap_10s","wide_rate",1,"gene211",FALSE,1.658,8.79,3.085,5.519,1.593
"mle","wide_rate",1,"gene211",FALSE,1.658,8.79,3.085,5.519,1.593
"cap_10s","wide_rate",1,"gene212",FALSE,2.423,21.89,20.55,10,2.189
"master","wide_rate",1,"gene212",FALSE,2.423,3.643,20.55,1.664,2.189
"mle","wide_rate",1,"gene212",FALSE,2.423,22.76,20.55,10.4,2.189
"master","wide_rate",1,"gene213",TRUE,3.633,7.819,189.8,2.428,3.22
"cap_10s","wide_rate",1,"gene213",TRUE,3.633,32.2,189.8,10,3.22
"mle","wide_rate",1,"gene213",TRUE,3.633,1.4e+07,189.8,4348000,3.22
"cap_10s","wide_rate",1,"gene214",FALSE,2.757,7.713,3.473,2.644,2.917
"master","wide_rate",1,"gene214",FALSE,2.757,4.942,3.473,1.694,2.917
"mle","wide_rate",1,"gene214",FALSE,2.757,7.713,3.473,2.644,2.917
"cap_10s","wide_rate",1,"gene215",FALSE,2.92,25.85,7.348,10,2.585
"mle","wide_rate",1,"gene215",FALSE,2.92,35.78,7.348,13.84,2.585
"master","wide_rate",1,"gene215",FALSE,2.92,6.969,7.348,2.695,2.585
"cap_10s","wide_rate",1,"gene216",TRUE,1.222,12.32,18.46,10,1.232
"master","wide_rate",1,"gene216",TRUE,1.222,2.094,18.46,1.7,1.232
"mle","wide_rate",1,"gene216",TRUE,1.222,8787000,18.46,7133000,1.232
"master","wide_rate",1,"gene217",FALSE,1.972,4.125,12.62,2.024,2.038
"mle","wide_rate",1,"gene217",FALSE,1.972,17.38,12.62,8.531,2.038
"cap_10s","wide_rate",1,"gene217",FALSE,1.972,17.38,12.62,8.531,2.038
"cap_10s","wide_rate",1,"gene218",FALSE,2.59,23.4,9.583,10,2.34
"master","wide_rate",1,"gene218",FALSE,2.59,5.351,9.583,2.287,2.34
"mle","wide_rate",1,"gene218",FALSE,2.59,81.78,9.583,34.94,2.34
"master","wide_rate",1,"gene219",TRUE,3.827,6.775,40.59,1.756,3.859
"mle","wide_rate",1,"gene219",TRUE,3.827,5683000,40.59,1473000,3.859
"cap_10s","wide_rate",1,"gene219",TRUE,3.827,38.59,40.59,10,3.859
"mle","wide_rate",1,"gene22",FALSE,1.643,2.781,1.134,1.721,1.616
"master","wide_rate",1,"gene22",FALSE,1.643,2.781,1.134,1.721,1.616
"cap_10s","wide_rate",1,"gene22",FALSE,1.643,2.781,1.134,1.721,1.616
"mle","wide_rate",1,"gene220",TRUE,2.253,9782000,116.2,5009000,1.953
"cap_10s","wide_rate",1,"gene220",TRUE,2.253,19.53,116.2,10,1.953
"master","wide_rate",1,"gene220",TRUE,2.253,4.354,116.2,2.229,1.953
"mle","wide_rate",1,"gene221",FALSE,1.483,45.66,11.41,30.78,1.483
"cap_10s","wide_rate",1,"gene221",FALSE,1.483,14.83,11.41,10,1.483
"master","wide_rate",1,"gene221",FALSE,1.483,2.64,11.41,1.78,1.483
"cap_10s","wide_rate",1,"gene222",TRUE,3.428,30.49,75.76,10,3.049
"master","wide_rate",1,"gene222",TRUE,3.428,10.26,75.76,3.364,3.049
"mle","wide_rate",1,"gene222",TRUE,3.428,5099000,75.76,1672000,3.049
"master","wide_rate",1,"gene223",FALSE,2.725,4.999,1.991,1.858,2.69
"cap_10s","wide_rate",1,"gene223",FALSE,2.725,6.766,1.991,2.515,2.69
"mle","wide_rate",1,"gene223",FALSE,2.725,6.766,1.991,2.515,2.69
"cap_10s","wide_rate",1,"gene224",FALSE,1.38,1.129,0.7217,1.168,0.967
"master","wide_rate",1,"gene224",FALSE,1.38,1.129,0.7217,1.168,0.967
"mle","wide_rate",1,"gene224",FALSE,1.38,1.129,0.7217,1.168,0.967
"cap_10s","wide_rate",1,"gene225",FALSE,3.093,1.608,0.6751,0.5696,2.823
"master","wide_rate",1,"gene225",FALSE,3.093,1.608,0.6751,0.5696,2.823
"mle","wide_rate",1,"gene225",FALSE,3.093,1.608,0.6751,0.5696,2.823
"cap_10s","wide_rate",1,"gene226",FALSE,4.122,7.147,1.58,1.766,4.046
"master","wide_rate",1,"gene226",FALSE,4.122,7.067,1.58,1.747,4.046
"mle","wide_rate",1,"gene226",FALSE,4.122,7.147,1.58,1.766,4.046
"cap_10s","wide_rate",1,"gene227",FALSE,5.018,3.187,0.6531,0.7626,4.18
"master","wide_rate",1,"gene227",FALSE,5.018,3.187,0.6531,0.7626,4.18
"mle","wide_rate",1,"gene227",FALSE,5.018,3.187,0.6531,0.7626,4.18
"cap_10s","wide_rate",1,"gene228",FALSE,4.243,41.88,26.52,10,4.188
"master","wide_rate",1,"gene228",FALSE,4.243,6.713,26.52,1.603,4.188
"mle","wide_rate",1,"gene228",FALSE,4.243,44.23,26.52,10.56,4.188
"cap_10s","wide_rate",1,"gene229",TRUE,4.377,40.63,162.8,10,4.063
"master","wide_rate",1,"gene229",TRUE,4.377,7.801,162.8,1.92,4.063
"mle","wide_rate",1,"gene229",TRUE,4.377,9354000,162.8,2302000,4.063
"master","wide_rate",1,"gene23",FALSE,1.232,2.358,4.567,2.849,0.8274
"cap_10s","wide_rate",1,"gene23",FALSE,1.232,3.844,4.567,4.646,0.8274
"mle","wide_rate",1,"gene23",FALSE,1.232,3.844,4.567,4.646,0.8274
"cap_10s","wide_rate",1,"gene230",FALSE,1.633,14.93,13.53,10,1.493
"master","wide_rate",1,"gene230",FALSE,1.633,3.018,13.53,2.022,1.493
"mle","wide_rate",1,"gene230",FALSE,1.633,28.34,13.53,18.98,1.493
"mle","wide_rate",1,"gene231",FALSE,2.572,153,5.371,64.52,2.372
"cap_10s","wide_rate",1,"gene231",FALSE,2.572,23.72,5.371,10,2.372
"master","wide_rate",1,"gene231",FALSE,2.572,3.989,5.371,1.682,2.372
"master","wide_rate",1,"gene232",FALSE,1.723,2.859,10.82,1.967,1.453
"mle","wide_rate",1,"gene232",FALSE,1.723,10.11,10.82,6.955,1.453
"cap_10s","wide_rate",1,"gene232",FALSE,1.723,10.11,10.82,6.955,1.453
"master","wide_rate",1,"gene233",FALSE,1.53,2.706,29.23,1.78,1.52
"mle","wide_rate",1,"gene233",FALSE,1.53,47.43,29.23,31.2,1.52
"cap_10s","wide_rate",1,"gene233",FALSE,1.53,15.2,29.23,10,1.52
"master","wide_rate",1,"gene234",FALSE,1.725,4.036,1.984,2.467,1.636
"mle","wide_rate",1,"gene234",FALSE,1.725,4.854,1.984,2.967,1.636
"cap_10s","wide_rate",1,"gene234",FALSE,1.725,4.854,1.984,2.967,1.636
"master","wide_rate",1,"gene235",FALSE,2.293,3.724,4.105,1.781,2.091
"mle","wide_rate",1,"gene235",FALSE,2.293,15.29,4.105,7.315,2.091
"cap_10s","wide_rate",1,"gene235",FALSE,2.293,15.29,4.105,7.315,2.091
"master","wide_rate",1,"gene236",FALSE,1.56,3.229,2.052,2.341,1.379
"mle","wide_rate",1,"gene236",FALSE,1.56,3.229,2.052,2.341,1.379
"cap_10s","wide_rate",1,"gene236",FALSE,1.56,3.229,2.052,2.341,1.379
"master","wide_rate",1,"gene237",TRUE,1.533,2.53,24.64,1.851,1.367
"cap_10s","wide_rate",1,"gene237",TRUE,1.533,13.67,24.64,10,1.367
"mle","wide_rate",1,"gene237",TRUE,1.533,5263000,24.64,3850000,1.367
"master","wide_rate",1,"gene238",TRUE,2.952,5.31,130.6,2.084,2.548
"cap_10s","wide_rate",1,"gene238",TRUE,2.952,25.48,130.6,10,2.548
"mle","wide_rate",1,"gene238",TRUE,2.952,8291000,130.6,3254000,2.548
"cap_10s","wide_rate",1,"gene239",TRUE,1.865,16.79,64.43,10,1.679
"mle","wide_rate",1,"gene239",TRUE,1.865,10350000,64.43,6168000,1.679
"master","wide_rate",1,"gene239",TRUE,1.865,3.275,64.43,1.951,1.679
"cap_10s","wide_rate",1,"gene24",FALSE,1.542,2.156,1.151,1.409,1.53
"master","wide_rate",1,"gene24",FALSE,1.542,2.156,1.151,1.409,1.53
"mle","wide_rate",1,"gene24",FALSE,1.542,2.156,1.151,1.409,1.53
"mle","wide_rate",1,"gene240",FALSE,1.067,13.82,50.64,15.48,0.893
"master","wide_rate",1,"gene240",FALSE,1.067,2.432,50.64,2.724,0.893
"cap_10s","wide_rate",1,"gene240",FALSE,1.067,8.93,50.64,10,0.893
"master","wide_rate",1,"gene241",FALSE,2.89,4.886,8.509,1.788,2.732
"cap_10s","wide_rate",1,"gene241",FALSE,2.89,17.6,8.509,6.443,2.732
"mle","wide_rate",1,"gene241",FALSE,2.89,17.6,8.509,6.443,2.732
"master","wide_rate",1,"gene242",FALSE,1.272,3.137,18.83,2.532,1.239
"cap_10s","wide_rate",1,"gene242",FALSE,1.272,12.39,18.83,10,1.239
"mle","wide_rate",1,"gene242",FALSE,1.272,22.35,18.83,18.03,1.239
"cap_10s","wide_rate",1,"gene243",FALSE,1.57,0.8599,0.5043,0.6169,1.394
"mle","wide_rate",1,"gene243",FALSE,1.57,0.8599,0.5043,0.6169,1.394
"master","wide_rate",1,"gene243",FALSE,1.57,0.8599,0.5043,0.6169,1.394
"master","wide_rate",1,"gene244",FALSE,2.658,5.827,5.796,2.195,2.655
"mle","wide_rate",1,"gene244",FALSE,2.658,9.816,5.796,3.698,2.655
"cap_10s","wide_rate",1,"gene244",FALSE,2.658,9.816,5.796,3.698,2.655
"master","wide_rate",1,"gene245",FALSE,5.27,10.44,11.84,2.301,4.539
"mle","wide_rate",1,"gene245",FALSE,5.27,51.76,11.84,11.4,4.539
"cap_10s","wide_rate",1,"gene245",FALSE,5.27,45.39,11.84,10,4.539
"master","wide_rate",1,"gene246",FALSE,1.377,2.68,2.237,2.159,1.241
"mle","wide_rate",1,"gene246",FALSE,1.377,2.852,2.237,2.298,1.241
"cap_10s","wide_rate",1,"gene246",FALSE,1.377,2.852,2.237,2.298,1.241
"mle","wide_rate",1,"gene247",TRUE,3.168,7799000,191.1,2423000,3.219
"cap_10s","wide_rate",1,"gene247",TRUE,3.168,32.19,191.1,10,3.219
"master","wide_rate",1,"gene247",TRUE,3.168,5.514,191.1,1.713,3.219
"master","wide_rate",1,"gene248",TRUE,3.232,5.604,63.81,1.71,3.277
"mle","wide_rate",1,"gene248",TRUE,3.232,5743000,63.81,1752000,3.277
"cap_10s","wide_rate",1,"gene248",TRUE,3.232,32.77,63.81,10,3.277
"master","wide_rate",1,"gene249",FALSE,3.58,3.308,0.8526,0.9376,3.528
"mle","wide_rate",1,"gene249",FALSE,3.58,3.308,0.8526,0.9376,3.528
"cap_10s","wide_rate",1,"gene249",FALSE,3.58,3.308,0.8526,0.9376,3.528
"cap_10s","wide_rate",1,"gene25",FALSE,6.027,6.868,1.498,1.424,4.825
"master","wide_rate",1,"gene25",FALSE,6.027,6.868,1.498,1.424,4.825
"mle","wide_rate",1,"gene25",FALSE,6.027,6.868,1.498,1.424,4.825
"master","wide_rate",1,"gene250",FALSE,2.002,2.038,0.9686,1.081,1.885
"mle","wide_rate",1,"gene250",FALSE,2.002,2.038,0.9686,1.081,1.885
"cap_10s","wide_rate",1,"gene250",FALSE,2.002,2.038,0.9686,1.081,1.885
"master","wide_rate",1,"gene251",FALSE,4.107,8.093,5.845,2.046,3.954
"mle","wide_rate",1,"gene251",FALSE,4.107,16.58,5.845,4.192,3.954
"cap_10s","wide_rate",1,"gene251",FALSE,4.107,16.58,5.845,4.192,3.954
"cap_10s","wide_rate",1,"gene252",FALSE,1.275,11.89,62.61,10,1.189
"master","wide_rate",1,"gene252",FALSE,1.275,2.175,62.61,1.829,1.189
"mle","wide_rate",1,"gene252",FALSE,1.275,53.42,62.61,44.91,1.189
"master","wide_rate",1,"gene253",FALSE,1.88,3.45,7.113,2.037,1.694
"mle","wide_rate",1,"gene253",FALSE,1.88,16.03,7.113,9.468,1.694
"cap_10s","wide_rate",1,"gene253",FALSE,1.88,16.03,7.113,9.468,1.694
"master","wide_rate",1,"gene254",FALSE,1.503,5.104,34.91,3.919,1.302
"mle","wide_rate",1,"gene254",FALSE,1.503,37.48,34.91,28.78,1.302
"cap_10s","wide_rate",1,"gene254",FALSE,1.503,13.02,34.91,10,1.302
"master","wide_rate",1,"gene255",FALSE,1.207,1.859,1.365,1.658,1.121
"mle","wide_rate",1,"gene255",FALSE,1.207,1.859,1.365,1.658,1.121
"cap_10s","wide_rate",1,"gene255",FALSE,1.207,1.859,1.365,1.658,1.121
"cap_10s","wide_rate",1,"gene256",TRUE,3.483,31.56,48.51,10,3.156
"mle","wide_rate",1,"gene256",TRUE,3.483,22030,48.51,6978,3.156
"master","wide_rate",1,"gene256",TRUE,3.483,6.671,48.51,2.113,3.156
"master","wide_rate",1,"gene257",FALSE,3.658,7.011,2.193,2.103,3.334
"mle","wide_rate",1,"gene257",FALSE,3.658,8.141,2.193,2.442,3.334
"cap_10s","wide_rate",1,"gene257",FALSE,3.658,8.141,2.193,2.442,3.334
"master","wide_rate",1,"gene258",TRUE,3.485,8.633,121.4,2.977,2.9
"mle","wide_rate",1,"gene258",TRUE,3.485,11700000,121.4,4035000,2.9
"cap_10s","wide_rate",1,"gene258",TRUE,3.485,29,121.4,10,2.9
"master","wide_rate",1,"gene259",FALSE,4.812,2.46,0.5379,0.5808,4.235
"mle","wide_rate",1,"gene259",FALSE,4.812,2.46,0.5379,0.5808,4.235
"cap_10s","wide_rate",1,"gene259",FALSE,4.812,2.46,0.5379,0.5808,4.235
"cap_10s","wide_rate",1,"gene26",FALSE,2.643,24.1,3.814,9.644,2.499
"master","wide_rate",1,"gene26",FALSE,2.643,9.092,3.814,3.639,2.499
"mle","wide_rate",1,"gene26",FALSE,2.643,24.1,3.814,9.644,2.499
"mle","wide_rate",1,"gene260",FALSE,3.068,825.7,175.2,278.3,2.967
"cap_10s","wide_rate",1,"gene260",FALSE,3.068,29.67,175.2,10,2.967
"master","wide_rate",1,"gene260",FALSE,3.068,7.006,175.2,2.361,2.967
"master","wide_rate",1,"gene261",TRUE,1.438,2.397,99.53,1.603,1.496
"mle","wide_rate",1,"gene261",TRUE,1.438,9334000,99.53,6240000,1.496
"cap_10s","wide_rate",1,"gene261",TRUE,1.438,14.96,99.53,10,1.496
"mle","wide_rate",1,"gene262",TRUE,3.435,14110000,169.2,4556000,3.097
"cap_10s","wide_rate",1,"gene262",TRUE,3.435,30.97,169.2,10,3.097
"master","wide_rate",1,"gene262",TRUE,3.435,6.816,169.2,2.201,3.097
"mle","wide_rate",1,"gene263",FALSE,3.118,6.858,2.326,2.483,2.762
"cap_10s","wide_rate",1,"gene263",FALSE,3.118,6.858,2.326,2.483,2.762
"master","wide_rate",1,"gene263",FALSE,3.118,6.162,2.326,2.231,2.762
"mle","wide_rate",1,"gene264",TRUE,1.713,9627000,48.05,6401000,1.504
"cap_10s","wide_rate",1,"gene264",TRUE,1.713,15.04,48.05,10,1.504
"master","wide_rate",1,"gene264",TRUE,1.713,3.67,48.05,2.44,1.504
"master","wide_rate",1,"gene265",FALSE,1.893,1.108,0.6949,0.6239,1.776
"cap_10s","wide_rate",1,"gene265",FALSE,1.893,1.108,0.6949,0.6239,1.776
"mle","wide_rate",1,"gene265",FALSE,1.893,1.108,0.6949,0.6239,1.776
"master","wide_rate",1,"gene266",FALSE,3.97,11.37,2.546,3.503,3.246
"cap_10s","wide_rate",1,"gene266",FALSE,3.97,11.37,2.546,3.503,3.246
"mle","wide_rate",1,"gene266",FALSE,3.97,11.37,2.546,3.503,3.246
"master","wide_rate",1,"gene267",FALSE,2.242,4.89,18.8,2.349,2.082
"mle","wide_rate",1,"gene267",FALSE,2.242,18.72,18.8,8.994,2.082
"cap_10s","wide_rate",1,"gene267",FALSE,2.242,18.72,18.8,8.994,2.082
"master","wide_rate",1,"gene268",TRUE,2.865,5.812,101.6,2.237,2.598
"mle","wide_rate",1,"gene268",TRUE,2.865,44020000,101.6,16940000,2.598
"cap_10s","wide_rate",1,"gene268",TRUE,2.865,25.98,101.6,10,2.598
"mle","wide_rate",1,"gene269",FALSE,2.065,8.296,5.376,3.955,2.098
"cap_10s","wide_rate",1,"gene269",FALSE,2.065,8.296,5.376,3.955,2.098
"master","wide_rate",1,"gene269",FALSE,2.065,3.29,5.376,1.569,2.098
"cap_10s","wide_rate",1,"gene27",FALSE,1.233,9.606,9.969,10,0.9606
"mle","wide_rate",1,"gene27",FALSE,1.233,13.41,9.969,13.96,0.9606
"master","wide_rate",1,"gene27",FALSE,1.233,1.793,9.969,1.867,0.9606
"cap_10s","wide_rate",1,"gene270",FALSE,1.042,3.221,3.34,3.442,0.9357
"master","wide_rate",1,"gene270",FALSE,1.042,1.951,3.34,2.085,0.9357
"mle","wide_rate",1,"gene270",FALSE,1.042,3.221,3.34,3.442,0.9357
"master","wide_rate",1,"gene271",FALSE,1.222,1.885,34.8,1.601,1.177
"mle","wide_rate",1,"gene271",FALSE,1.222,27.39,34.8,23.26,1.177
"cap_10s","wide_rate",1,"gene271",FALSE,1.222,11.77,34.8,10,1.177
"master","wide_rate",1,"gene272",FALSE,2.362,5.6,3.064,2.729,2.052
"mle","wide_rate",1,"gene272",FALSE,2.362,5.6,3.064,2.729,2.052
"cap_10s","wide_rate",1,"gene272",FALSE,2.362,5.6,3.064,2.729,2.052
"mle","wide_rate",1,"gene273",FALSE,5.57,86.11,198.9,16.59,5.191
"master","wide_rate",1,"gene273",FALSE,5.57,12.4,198.9,2.388,5.191
"cap_10s","wide_rate",1,"gene273",FALSE,5.57,51.91,198.9,10,5.191
"mle","wide_rate",1,"gene274",FALSE,3.538,111,18.07,34.42,3.225
"master","wide_rate",1,"gene274",FALSE,3.538,5.795,18.07,1.797,3.225
"cap_10s","wide_rate",1,"gene274",FALSE,3.538,32.25,18.07,10,3.225
"master","wide_rate",1,"gene275",TRUE,2.057,3.994,115.7,1.98,2.017
"mle","wide_rate",1,"gene275",TRUE,2.057,7668000,115.7,3802000,2.017
"cap_10s","wide_rate",1,"gene275",TRUE,2.057,20.17,115.7,10,2.017
"master","wide_rate",1,"gene276",FALSE,3.867,6.697,2.308,2.126,3.15
"mle","wide_rate",1,"gene276",FALSE,3.867,12.42,2.308,3.942,3.15
"cap_10s","wide_rate",1,"gene276",FALSE,3.867,12.42,2.308,3.942,3.15
"master","wide_rate",1,"gene277",FALSE,4.447,3.139,0.6956,0.7706,4.074
"mle","wide_rate",1,"gene277",FALSE,4.447,3.139,0.6956,0.7706,4.074
"cap_10s","wide_rate",1,"gene277",FALSE,4.447,3.139,0.6956,0.7706,4.074
"master","wide_rate",1,"gene278",FALSE,2.835,5.427,120.6,1.925,2.819
"cap_10s","wide_rate",1,"gene278",FALSE,2.835,28.19,120.6,10,2.819
"mle","wide_rate",1,"gene278",FALSE,2.835,306.6,120.6,108.8,2.819
"cap_10s","wide_rate",1,"gene279",FALSE,1.42,6.173,4.856,4.363,1.415
"mle","wide_rate",1,"gene279",FALSE,1.42,6.173,4.856,4.363,1.415
"master","wide_rate",1,"gene279",FALSE,1.42,2.569,4.856,1.815,1.415
"cap_10s","wide_rate",1,"gene28",FALSE,2.66,16,7.543,6.293,2.543
"mle","wide_rate",1,"gene28",FALSE,2.66,16,7.543,6.293,2.543
"master","wide_rate",1,"gene28",FALSE,2.66,5.953,7.543,2.341,2.543
"mle","wide_rate",1,"gene280",FALSE,1.292,0.7568,0.5175,0.5582,1.356
"master","wide_rate",1,"gene280",FALSE,1.292,0.7568,0.5175,0.5582,1.356
"cap_10s","wide_rate",1,"gene280",FALSE,1.292,0.7568,0.5175,0.5582,1.356
"mle","wide_rate",1,"gene281",FALSE,3.392,1.555,0.5505,0.5682,2.736
"master","wide_rate",1,"gene281",FALSE,3.392,1.555,0.5505,0.5682,2.736
"cap_10s","wide_rate",1,"gene281",FALSE,3.392,1.555,0.5505,0.5682,2.736
"master","wide_rate",1,"gene282",FALSE,1.578,2.489,30.27,1.763,1.412
"cap_10s","wide_rate",1,"gene282",FALSE,1.578,14.12,30.27,10,1.412
"mle","wide_rate",1,"gene282",FALSE,1.578,39.62,30.27,28.07,1.412
"cap_10s","wide_rate",1,"gene283",FALSE,3.352,31.09,23.77,10,3.109
"mle","wide_rate",1,"gene283",FALSE,3.352,104,23.77,33.46,3.109
"master","wide_rate",1,"gene283",FALSE,3.352,7.895,23.77,2.539,3.109
"master","wide_rate",1,"gene284",FALSE,1.393,3.006,4.134,2.521,1.192
"mle","wide_rate",1,"gene284",FALSE,1.393,3.854,4.134,3.232,1.192
"cap_10s","wide_rate",1,"gene284",FALSE,1.393,3.854,4.134,3.232,1.192
"master","wide_rate",1,"gene285",FALSE,1.407,3.857,4.194,3.066,1.258
"mle","wide_rate",1,"gene285",FALSE,1.407,6.208,4.194,4.934,1.258
"cap_10s","wide_rate",1,"gene285",FALSE,1.407,6.208,4.194,4.934,1.258
"master","wide_rate",1,"gene286",FALSE,2.142,4.54,3.064,2.548,1.782
"mle","wide_rate",1,"gene286",FALSE,2.142,12.36,3.064,6.937,1.782
"cap_10s","wide_rate",1,"gene286",FALSE,2.142,12.36,3.064,6.937,1.782
"mle","wide_rate",1,"gene287",TRUE,2.42,9246000,130.3,3999000,2.312
"cap_10s","wide_rate",1,"gene287",TRUE,2.42,23.12,130.3,10,2.312
"master","wide_rate",1,"gene287",TRUE,2.42,5.019,130.3,2.171,2.312
"master","wide_rate",1,"gene288",FALSE,2.15,4.294,7.272,2.112,2.033
"mle","wide_rate",1,"gene288",FALSE,2.15,36.92,7.272,18.16,2.033
"cap_10s","wide_rate",1,"gene288",FALSE,2.15,20.33,7.272,10,2.033
"master","wide_rate",1,"gene289",FALSE,3.942,2.462,0.6143,0.6824,3.608
"mle","wide_rate",1,"gene289",FALSE,3.942,2.462,0.6143,0.6824,3.608
"cap_10s","wide_rate",1,"gene289",FALSE,3.942,2.462,0.6143,0.6824,3.608
"cap_10s","wide_rate",1,"gene29",FALSE,3.093,3.31,1.29,1.375,2.407
"master","wide_rate",1,"gene29",FALSE,3.093,3.31,1.29,1.375,2.407
"mle","wide_rate",1,"gene29",FALSE,3.093,3.31,1.29,1.375,2.407
"master","wide_rate",1,"gene290",FALSE,1.282,1.899,2.533,1.526,1.244
"mle","wide_rate",1,"gene290",FALSE,1.282,5.061,2.533,4.068,1.244
"cap_10s","wide_rate",1,"gene290",FALSE,1.282,5.061,2.533,4.068,1.244
"master","wide_rate",1,"gene291",FALSE,3.212,6.012,4.437,1.999,3.008
"mle","wide_rate",1,"gene291",FALSE,3.212,28.19,4.437,9.371,3.008
"cap_10s","wide_rate",1,"gene291",FALSE,3.212,28.19,4.437,9.371,3.008
"cap_10s","wide_rate",1,"gene292",FALSE,2.43,20.9,16.24,10,2.09
"master","wide_rate",1,"gene292",FALSE,2.43,3.428,16.24,1.64,2.09
"mle","wide_rate",1,"gene292",FALSE,2.43,52.93,16.24,25.33,2.09
"master","wide_rate",1,"gene293",TRUE,1.05,1.556,9.853,1.639,0.9494
"mle","wide_rate",1,"gene293",TRUE,1.05,1632000,9.853,1719000,0.9494
"cap_10s","wide_rate",1,"gene293",TRUE,1.05,9.494,9.853,10,0.9494
"master","wide_rate",1,"gene294",FALSE,1.438,2.689,198.1,1.888,1.424
"mle","wide_rate",1,"gene294",FALSE,1.438,641,198.1,450,1.424
"cap_10s","wide_rate",1,"gene294",FALSE,1.438,14.24,198.1,10,1.424
"master","wide_rate",1,"gene295",FALSE,3.247,7.144,19.11,2.353,3.036
"mle","wide_rate",1,"gene295",FALSE,3.247,53.08,19.11,17.48,3.036
"cap_10s","wide_rate",1,"gene295",FALSE,3.247,30.36,19.11,10,3.036
"cap_10s","wide_rate",1,"gene296",FALSE,2.342,9.791,4.585,4.893,2.001
"mle","wide_rate",1,"gene296",FALSE,2.342,9.791,4.585,4.893,2.001
"master","wide_rate",1,"gene296",FALSE,2.342,5.675,4.585,2.836,2.001
"master","wide_rate",1,"gene297",TRUE,3.892,12.92,19.45,3.81,3.392
"mle","wide_rate",1,"gene297",TRUE,3.892,9589000,19.45,2826000,3.392
"cap_10s","wide_rate",1,"gene297",TRUE,3.892,33.92,19.45,10,3.392
"master","wide_rate",1,"gene298",TRUE,3.825,7.421,35.65,2.324,3.194
"mle","wide_rate",1,"gene298",TRUE,3.825,16740000,35.65,5240000,3.194
"cap_10s","wide_rate",1,"gene298",TRUE,3.825,31.94,35.65,10,3.194
"master","wide_rate",1,"gene299",FALSE,1.522,3.336,33.18,2.311,1.444
"mle","wide_rate",1,"gene299",FALSE,1.522,13.02,33.18,9.02,1.444
"cap_10s","wide_rate",1,"gene299",FALSE,1.522,13.02,33.18,9.02,1.444
"cap_10s","wide_rate",1,"gene3",FALSE,1.943,1.814,1.065,1.264,1.435
"master","wide_rate",1,"gene3",FALSE,1.943,1.814,1.065,1.264,1.435
"mle","wide_rate",1,"gene3",FALSE,1.943,1.814,1.065,1.264,1.435
"cap_10s","wide_rate",1,"gene30",FALSE,2.497,7.617,4.891,2.808,2.713
"master","wide_rate",1,"gene30",FALSE,2.497,5.77,4.891,2.127,2.713
"mle","wide_rate",1,"gene30",FALSE,2.497,7.617,4.891,2.808,2.713
"mle","wide_rate",1,"gene300",FALSE,1.22,45.85,17.26,39.22,1.169
"cap_10s","wide_rate",1,"gene300",FALSE,1.22,11.69,17.26,10,1.169
"master","wide_rate",1,"gene300",FALSE,1.22,2.441,17.26,2.088,1.169
"master","wide_rate",1,"gene31",FALSE,3.87,6.437,11.61,1.778,3.621
"mle","wide_rate",1,"gene31",FALSE,3.87,27.21,11.61,7.516,3.621
"cap_10s","wide_rate",1,"gene31",FALSE,3.87,27.21,11.61,7.516,3.621
"mle","wide_rate",1,"gene32",FALSE,3.738,50.58,47.07,14.33,3.529
"cap_10s","wide_rate",1,"gene32",FALSE,3.738,35.29,47.07,10,3.529
"master","wide_rate",1,"gene32",FALSE,3.738,7.277,47.07,2.062,3.529
"cap_10s","wide_rate",1,"gene33",FALSE,2.428,21.91,45.76,10,2.191
"master","wide_rate",1,"gene33",FALSE,2.428,4.523,45.76,2.064,2.191
"mle","wide_rate",1,"gene33",FALSE,2.428,26.28,45.76,11.99,2.191
"cap_10s","wide_rate",1,"gene34",FALSE,4.232,5.394,1.238,1.436,3.755
"master","wide_rate",1,"gene34",FALSE,4.232,5.394,1.238,1.436,3.755
"mle","wide_rate",1,"gene34",FALSE,4.232,5.394,1.238,1.436,3.755
"master","wide_rate",1,"gene35",FALSE,3.193,5.953,2.151,2.314,2.573
"cap_10s","wide_rate",1,"gene35",FALSE,3.193,7.39,2.151,2.873,2.573
"mle","wide_rate",1,"gene35",FALSE,3.193,7.39,2.151,2.873,2.573
"master","wide_rate",1,"gene36",FALSE,1.773,3.621,183.9,2.175,1.664
"cap_10s","wide_rate",1,"gene36",FALSE,1.773,16.64,183.9,10,1.664
"mle","wide_rate",1,"gene36",FALSE,1.773,36.56,183.9,21.97,1.664
"mle","wide_rate",1,"gene37",FALSE,2.21,5.929,2.333,3.251,1.824
"cap_10s","wide_rate",1,"gene37",FALSE,2.21,5.929,2.333,3.251,1.824
"master","wide_rate",1,"gene37",FALSE,2.21,4.904,2.333,2.689,1.824
"mle","wide_rate",1,"gene38",FALSE,1.965,40.26,32.69,22.7,1.773
"cap_10s","wide_rate",1,"gene38",FALSE,1.965,17.73,32.69,10,1.773
"master","wide_rate",1,"gene38",FALSE,1.965,4.444,32.69,2.506,1.773
"mle","wide_rate",1,"gene39",FALSE,1.613,4.065,1.721,3.331,1.221
"cap_10s","wide_rate",1,"gene39",FALSE,1.613,4.065,1.721,3.331,1.221
"master","wide_rate",1,"gene39",FALSE,1.613,4.065,1.721,3.331,1.221
"cap_10s","wide_rate",1,"gene4",FALSE,1.41,14.53,27.47,9.722,1.495
"master","wide_rate",1,"gene4",FALSE,1.41,3.698,27.47,2.474,1.495
"mle","wide_rate",1,"gene4",FALSE,1.41,14.53,27.47,9.722,1.495
"cap_10s","wide_rate",1,"gene40",FALSE,1.168,10.17,14.63,10,1.017
"master","wide_rate",1,"gene40",FALSE,1.168,1.771,14.63,1.741,1.017
"mle","wide_rate",1,"gene40",FALSE,1.168,31.45,14.63,30.91,1.017
"mle","wide_rate",1,"gene41",FALSE,3.712,2.766,0.9078,0.7564,3.656
"cap_10s","wide_rate",1,"gene41",FALSE,3.712,2.766,0.9078,0.7564,3.656
"master","wide_rate",1,"gene41",FALSE,3.712,2.766,0.9078,0.7564,3.656
"cap_10s","wide_rate",1,"gene42",FALSE,1.247,12.41,12.01,10,1.241
"master","wide_rate",1,"gene42",FALSE,1.247,2.142,12.01,1.727,1.241
"mle","wide_rate",1,"gene42",FALSE,1.247,13,12.01,10.48,1.241
"cap_10s","wide_rate",1,"gene43",FALSE,2.747,24.93,15.86,10,2.493
"master","wide_rate",1,"gene43",FALSE,2.747,4.258,15.86,1.708,2.493
"mle","wide_rate",1,"gene43",FALSE,2.747,50.51,15.86,20.26,2.493
"cap_10s","wide_rate",1,"gene44",FALSE,1.463,8.803,5.211,6.353,1.386
"master","wide_rate",1,"gene44",FALSE,1.463,3.074,5.211,2.218,1.386
"mle","wide_rate",1,"gene44",FALSE,1.463,8.803,5.211,6.353,1.386
"mle","wide_rate",1,"gene45",FALSE,1.372,70.8,147.1,52.05,1.36
"master","wide_rate",1,"gene45",FALSE,1.372,2.163,147.1,1.59,1.36
"cap_10s","wide_rate",1,"gene45",FALSE,1.372,13.6,147.1,10,1.36
"cap_10s","wide_rate",1,"gene46",FALSE,1.772,14.66,48.62,10,1.466
"master","wide_rate",1,"gene46",FALSE,1.772,6.051,48.62,4.128,1.466
"mle","wide_rate",1,"gene46",FALSE,1.772,35.53,48.62,24.24,1.466
"cap_10s","wide_rate",1,"gene47",TRUE,1.31,12.52,48.1,10,1.252
"master","wide_rate",1,"gene47",TRUE,1.31,2.387,48.1,1.906,1.252
"mle","wide_rate",1,"gene47",TRUE,1.31,7734000,48.1,6177000,1.252
"cap_10s","wide_rate",1,"gene48",FALSE,3.938,3.096,0.8221,0.8625,3.59
"master","wide_rate",1,"gene48",FALSE,3.938,3.096,0.8221,0.8625,3.59
"mle","wide_rate",1,"gene48",FALSE,3.938,3.096,0.8221,0.8625,3.59
"master","wide_rate",1,"gene49",FALSE,3.692,7.471,1.665,2.411,3.098
"mle","wide_rate",1,"gene49",FALSE,3.692,7.471,1.665,2.411,3.098
"cap_10s","wide_rate",1,"gene49",FALSE,3.692,7.471,1.665,2.411,3.098
"mle","wide_rate",1,"gene5",FALSE,1.855,11.82,7.062,8.562,1.38
"master","wide_rate",1,"gene5",FALSE,1.855,2.935,7.062,2.127,1.38
"cap_10s","wide_rate",1,"gene5",FALSE,1.855,11.82,7.062,8.562,1.38
"cap_10s","wide_rate",1,"gene50",FALSE,3.22,29.85,8.957,10,2.985
"master","wide_rate",1,"gene50",FALSE,3.22,7.189,8.957,2.408,2.985
"mle","wide_rate",1,"gene50",FALSE,3.22,53.54,8.957,17.93,2.985
"cap_10s","wide_rate",1,"gene51",FALSE,2.723,24.72,4.916,10,2.472
"master","wide_rate",1,"gene51",FALSE,2.723,4.798,4.916,1.941,2.472
"mle","wide_rate",1,"gene51",FALSE,2.723,94.94,4.916,38.41,2.472
"cap_10s","wide_rate",1,"gene52",FALSE,2.973,3.172,0.8134,1.154,2.748
"master","wide_rate",1,"gene52",FALSE,2.973,3.172,0.8134,1.154,2.748
"mle","wide_rate",1,"gene52",FALSE,2.973,3.172,0.8134,1.154,2.748
"cap_10s","wide_rate",1,"gene53",FALSE,3.958,31.11,10.44,7.709,4.036
"master","wide_rate",1,"gene53",FALSE,3.958,7.268,10.44,1.801,4.036
"mle","wide_rate",1,"gene53",FALSE,3.958,31.11,10.44,7.709,4.036
"mle","wide_rate",1,"gene54",FALSE,2.283,14.48,4.729,7.351,1.97
"cap_10s","wide_rate",1,"gene54",FALSE,2.283,14.48,4.729,7.351,1.97
"master","wide_rate",1,"gene54",FALSE,2.283,4.888,4.729,2.482,1.97
"cap_10s","wide_rate",1,"gene55",FALSE,2.713,25.42,63.66,10,2.542
"master","wide_rate",1,"gene55",FALSE,2.713,4.366,63.66,1.717,2.542
"mle","wide_rate",1,"gene55",FALSE,2.713,106.5,63.66,41.9,2.542
"cap_10s","wide_rate",1,"gene56",FALSE,2.183,17.78,40.9,10,1.778
"master","wide_rate",1,"gene56",FALSE,2.183,4.195,40.9,2.359,1.778
"mle","wide_rate",1,"gene56",FALSE,2.183,21.54,40.9,12.11,1.778
"cap_10s","wide_rate",1,"gene57",FALSE,2.093,16.51,187.9,10,1.651
"master","wide_rate",1,"gene57",FALSE,2.093,5.868,187.9,3.553,1.651
"mle","wide_rate",1,"gene57",FALSE,2.093,21,187.9,12.72,1.651
"mle","wide_rate",1,"gene58",FALSE,1.885,337.6,50.79,206,1.639
"master","wide_rate",1,"gene58",FALSE,1.885,3.539,50.79,2.159,1.639
"cap_10s","wide_rate",1,"gene58",FALSE,1.885,16.39,50.79,10,1.639
"master","wide_rate",1,"gene59",FALSE,1.528,1.095,0.6505,0.7468,1.467
"cap_10s","wide_rate",1,"gene59",FALSE,1.528,1.095,0.6505,0.7468,1.467
"mle","wide_rate",1,"gene59",FALSE,1.528,1.095,0.6505,0.7468,1.467
"cap_10s","wide_rate",1,"gene6",FALSE,2.705,18.32,9.011,6.183,2.963
"master","wide_rate",1,"gene6",FALSE,2.705,5.938,9.011,2.004,2.963
"mle","wide_rate",1,"gene6",FALSE,2.705,18.32,9.011,6.183,2.963
"master","wide_rate",1,"gene60",FALSE,1.842,3.125,194,1.626,1.922
"cap_10s","wide_rate",1,"gene60",FALSE,1.842,19.22,194,10,1.922
"mle","wide_rate",1,"gene60",FALSE,1.842,594.4,194,309.3,1.922
"cap_10s","wide_rate",1,"gene61",FALSE,1.785,1.345,0.5173,0.8012,1.678
"mle","wide_rate",1,"gene61",FALSE,1.785,1.345,0.5173,0.8012,1.678
"master","wide_rate",1,"gene61",FALSE,1.785,1.345,0.5173,0.8012,1.678
"mle","wide_rate",1,"gene62",FALSE,1.607,3.235,2.887,2.491,1.299
"master","wide_rate",1,"gene62",FALSE,1.607,3.094,2.887,2.382,1.299
"cap_10s","wide_rate",1,"gene62",FALSE,1.607,3.235,2.887,2.491,1.299
"master","wide_rate",1,"gene63",FALSE,3.143,6.064,12.89,2.101,2.886
"cap_10s","wide_rate",1,"gene63",FALSE,3.143,28.86,12.89,10,2.886
"mle","wide_rate",1,"gene63",FALSE,3.143,31.61,12.89,10.96,2.886
"master","wide_rate",1,"gene64",TRUE,3.825,6.458,85.24,1.676,3.854
"cap_10s","wide_rate",1,"gene64",TRUE,3.825,38.54,85.24,10,3.854
"mle","wide_rate",1,"gene64",TRUE,3.825,12240000,85.24,3177000,3.854
"cap_10s","wide_rate",1,"gene65",FALSE,3.71,2.016,0.5123,0.6093,3.309
"master","wide_rate",1,"gene65",FALSE,3.71,2.016,0.5123,0.6093,3.309
"mle","wide_rate",1,"gene65",FALSE,3.71,2.016,0.5123,0.6093,3.309
"cap_10s","wide_rate",1,"gene66",FALSE,1.872,18.31,8.852,9.804,1.867
"master","wide_rate",1,"gene66",FALSE,1.872,3.167,8.852,1.696,1.867
"mle","wide_rate",1,"gene66",FALSE,1.872,18.31,8.852,9.804,1.867
"cap_10s","wide_rate",1,"gene67",FALSE,4.095,37.63,163.6,10,3.763
"master","wide_rate",1,"gene67",FALSE,4.095,7.307,163.6,1.942,3.763
"mle","wide_rate",1,"gene67",FALSE,4.095,194.7,163.6,51.74,3.763
"cap_10s","wide_rate",1,"gene68",TRUE,2.662,25.16,20.24,10,2.516
"master","wide_rate",1,"gene68",TRUE,2.662,4.527,20.24,1.799,2.516
"mle","wide_rate",1,"gene68",TRUE,2.662,16420000,20.24,6526000,2.516
"cap_10s","wide_rate",1,"gene69",FALSE,4.453,42.79,37.59,10,4.279
"master","wide_rate",1,"gene69",FALSE,4.453,7.842,37.59,1.833,4.279
"mle","wide_rate",1,"gene69",FALSE,4.453,49.15,37.59,11.49,4.279
"cap_10s","wide_rate",1,"gene7",FALSE,1.528,6.928,5.715,5.283,1.311
"master","wide_rate",1,"gene7",FALSE,1.528,2.128,5.715,1.623,1.311
"mle","wide_rate",1,"gene7",FALSE,1.528,6.928,5.715,5.283,1.311
"mle","wide_rate",1,"gene70",FALSE,2.377,34.69,10.89,16.23,2.138
"cap_10s","wide_rate",1,"gene70",FALSE,2.377,21.38,10.89,10,2.138
"master","wide_rate",1,"gene70",FALSE,2.377,4.119,10.89,1.927,2.138
"master","wide_rate",1,"gene71",FALSE,2.162,3.649,84.77,1.903,1.918
"mle","wide_rate",1,"gene71",FALSE,2.162,75.56,84.77,39.4,1.918
"cap_10s","wide_rate",1,"gene71",FALSE,2.162,19.18,84.77,10,1.918
"master","wide_rate",1,"gene72",FALSE,3.453,5.61,83.8,1.829,3.067
"mle","wide_rate",1,"gene72",FALSE,3.453,52.87,83.8,17.24,3.067
"cap_10s","wide_rate",1,"gene72",FALSE,3.453,30.67,83.8,10,3.067
"master","wide_rate",1,"gene73",FALSE,2.93,5.285,1.782,1.967,2.687
"mle","wide_rate",1,"gene73",FALSE,2.93,6.007,1.782,2.235,2.687
"cap_10s","wide_rate",1,"gene73",FALSE,2.93,6.007,1.782,2.235,2.687
"master","wide_rate",1,"gene74",FALSE,1.128,1.979,2.086,1.695,1.167
"mle","wide_rate",1,"gene74",FALSE,1.128,2.515,2.086,2.155,1.167
"cap_10s","wide_rate",1,"gene74",FALSE,1.128,2.515,2.086,2.155,1.167
"master","wide_rate",1,"gene75",FALSE,3.425,6.529,2.035,1.995,3.272
"mle","wide_rate",1,"gene75",FALSE,3.425,7.112,2.035,2.173,3.272
"cap_10s","wide_rate",1,"gene75",FALSE,3.425,7.112,2.035,2.173,3.272
"master","wide_rate",1,"gene76",FALSE,1.485,3.432,20.08,2.369,1.449
"mle","wide_rate",1,"gene76",FALSE,1.485,22.49,20.08,15.52,1.449
"cap_10s","wide_rate",1,"gene76",FALSE,1.485,14.49,20.08,10,1.449
"master","wide_rate",1,"gene77",FALSE,2.907,4.806,196.4,1.721,2.792
"mle","wide_rate",1,"gene77",FALSE,2.907,69.73,196.4,24.98,2.792
"cap_10s","wide_rate",1,"gene77",FALSE,2.907,27.92,196.4,10,2.792
"master","wide_rate",1,"gene78",FALSE,1.175,2.113,9.073,2.126,0.994
"cap_10s","wide_rate",1,"gene78",FALSE,1.175,4.035,9.073,4.06,0.994
"mle","wide_rate",1,"gene78",FALSE,1.175,4.035,9.073,4.06,0.994
"master","wide_rate",1,"gene79",FALSE,4.415,7.058,72.02,1.684,4.191
"mle","wide_rate",1,"gene79",FALSE,4.415,61.71,72.02,14.73,4.191
"cap_10s","wide_rate",1,"gene79",FALSE,4.415,41.91,72.02,10,4.191
"cap_10s","wide_rate",1,"gene8",FALSE,1.933,20.65,14.67,10,2.065
"master","wide_rate",1,"gene8",FALSE,1.933,4.533,14.67,2.195,2.065
"mle","wide_rate",1,"gene8",FALSE,1.933,43.75,14.67,21.19,2.065
"mle","wide_rate",1,"gene80",FALSE,2.212,14.67,7.014,8.661,1.694
"cap_10s","wide_rate",1,"gene80",FALSE,2.212,14.67,7.014,8.661,1.694
"master","wide_rate",1,"gene80",FALSE,2.212,5.898,7.014,3.482,1.694
"mle","wide_rate",1,"gene81",FALSE,1.433,7.683,9.076,5.569,1.38
"cap_10s","wide_rate",1,"gene81",FALSE,1.433,7.683,9.076,5.569,1.38
"master","wide_rate",1,"gene81",FALSE,1.433,3.603,9.076,2.612,1.38
"cap_10s","wide_rate",1,"gene82",FALSE,2.898,10.35,2.681,4.36,2.374
"master","wide_rate",1,"gene82",FALSE,2.898,3.997,2.681,1.684,2.374
"mle","wide_rate",1,"gene82",FALSE,2.898,10.35,2.681,4.36,2.374
"master","wide_rate",1,"gene83",FALSE,2.358,3.355,1.481,1.947,1.723
"mle","wide_rate",1,"gene83",FALSE,2.358,3.355,1.481,1.947,1.723
"cap_10s","wide_rate",1,"gene83",FALSE,2.358,3.355,1.481,1.947,1.723
"cap_10s","wide_rate",1,"gene84",FALSE,1.292,12.09,16.8,9.905,1.22
"master","wide_rate",1,"gene84",FALSE,1.292,2.712,16.8,2.222,1.22
"mle","wide_rate",1,"gene84",FALSE,1.292,12.09,16.8,9.905,1.22
"master","wide_rate",1,"gene85",FALSE,3.157,5.216,140,1.738,3.001
"mle","wide_rate",1,"gene85",FALSE,3.157,32.97,140,10.99,3.001
"cap_10s","wide_rate",1,"gene85",FALSE,3.157,30.01,140,10,3.001
"mle","wide_rate",1,"gene86",FALSE,4.212,23.57,3.946,6.264,3.763
"master","wide_rate",1,"gene86",FALSE,4.212,7.328,3.946,1.947,3.763
"cap_10s","wide_rate",1,"gene86",FALSE,4.212,23.57,3.946,6.264,3.763
"master","wide_rate",1,"gene87",TRUE,1.99,3.974,63.56,2.296,1.731
"mle","wide_rate",1,"gene87",TRUE,1.99,8344000,63.56,4820000,1.731
"cap_10s","wide_rate",1,"gene87",TRUE,1.99,17.31,63.56,10,1.731
"master","wide_rate",1,"gene88",FALSE,1.313,1.501,1.503,1.323,1.134
"cap_10s","wide_rate",1,"gene88",FALSE,1.313,1.501,1.503,1.323,1.134
"mle","wide_rate",1,"gene88",FALSE,1.313,1.501,1.503,1.323,1.134
"master","wide_rate",1,"gene89",TRUE,1.3,2.98,13.75,2.243,1.329
"mle","wide_rate",1,"gene89",TRUE,1.3,12810000,13.75,9636000,1.329
"cap_10s","wide_rate",1,"gene89",TRUE,1.3,13.29,13.75,10,1.329
"master","wide_rate",1,"gene9",FALSE,2.06,3.428,4.55,2.644,1.296
"mle","wide_rate",1,"gene9",FALSE,2.06,4.153,4.55,3.204,1.296
"cap_10s","wide_rate",1,"gene9",FALSE,2.06,4.153,4.55,3.204,1.296
"master","wide_rate",1,"gene90",TRUE,1.17,2.11,98.09,1.974,1.069
"cap_10s","wide_rate",1,"gene90",TRUE,1.17,10.69,98.09,10,1.069
"mle","wide_rate",1,"gene90",TRUE,1.17,8904000,98.09,8332000,1.069
"cap_10s","wide_rate",1,"gene91",FALSE,4.323,17.26,3.271,4.3,4.013
"master","wide_rate",1,"gene91",FALSE,4.323,7.663,3.271,1.91,4.013
"mle","wide_rate",1,"gene91",FALSE,4.323,17.26,3.271,4.3,4.013
"master","wide_rate",1,"gene92",FALSE,1.94,3.487,56.55,1.897,1.838
"cap_10s","wide_rate",1,"gene92",FALSE,1.94,18.38,56.55,10,1.838
"mle","wide_rate",1,"gene92",FALSE,1.94,24.68,56.55,13.43,1.838
"cap_10s","wide_rate",1,"gene93",FALSE,1.438,13.21,3.852,9.596,1.377
"master","wide_rate",1,"gene93",FALSE,1.438,3.689,3.852,2.679,1.377
"mle","wide_rate",1,"gene93",FALSE,1.438,13.21,3.852,9.596,1.377
"cap_10s","wide_rate",1,"gene94",FALSE,1.087,9.416,81.27,10,0.9416
"mle","wide_rate",1,"gene94",FALSE,1.087,77.34,81.27,82.14,0.9416
"master","wide_rate",1,"gene94",FALSE,1.087,2.085,81.27,2.214,0.9416
"cap_10s","wide_rate",1,"gene95",FALSE,1.202,1.885,1.685,1.814,1.039
"master","wide_rate",1,"gene95",FALSE,1.202,1.885,1.685,1.814,1.039
"mle","wide_rate",1,"gene95",FALSE,1.202,1.885,1.685,1.814,1.039
"master","wide_rate",1,"gene96",TRUE,1.488,3.579,13.96,2.562,1.397
"mle","wide_rate",1,"gene96",TRUE,1.488,22030,13.96,15770,1.397
"cap_10s","wide_rate",1,"gene96",TRUE,1.488,13.97,13.96,10,1.397
"cap_10s","wide_rate",1,"gene97",FALSE,1.817,11.2,5.291,6.074,1.844
"master","wide_rate",1,"gene97",FALSE,1.817,3.352,5.291,1.817,1.844
"mle","wide_rate",1,"gene97",FALSE,1.817,11.2,5.291,6.074,1.844
"master","wide_rate",1,"gene98",FALSE,2.947,4.722,54.94,1.726,2.736
"mle","wide_rate",1,"gene98",FALSE,2.947,48.43,54.94,17.7,2.736
"cap_10s","wide_rate",1,"gene98",FALSE,2.947,27.36,54.94,10,2.736
"mle","wide_rate",1,"gene99",FALSE,1.175,28.8,13.33,30.11,0.9566
"cap_10s","wide_rate",1,"gene99",FALSE,1.175,9.566,13.33,10,0.9566
"master","wide_rate",1,"gene99",FALSE,1.175,2.514,13.33,2.628,0.9566
"mle","wide_rate",2,"gene1",FALSE,4.718,571.2,33.92,141.6,4.033
"cap_10s","wide_rate",2,"gene1",FALSE,4.718,40.33,33.92,10,4.033
"master","wide_rate",2,"gene1",FALSE,4.718,10.11,33.92,2.508,4.033
"cap_10s","wide_rate",2,"gene10",TRUE,1.92,21.79,70.68,10,2.179
"master","wide_rate",2,"gene10",TRUE,1.92,4.587,70.68,2.105,2.179
"mle","wide_rate",2,"gene10",TRUE,1.92,13480000,70.68,6186000,2.179
"mle","wide_rate",2,"gene100",FALSE,3.322,2.439,0.7408,0.7951,3.067
"cap_10s","wide_rate",2,"gene100",FALSE,3.322,2.439,0.7408,0.7951,3.067
"master","wide_rate",2,"gene100",FALSE,3.322,2.439,0.7408,0.7951,3.067
"cap_10s","wide_rate",2,"gene101",FALSE,4.697,34.65,9.125,8.311,4.17
"master","wide_rate",2,"gene101",FALSE,4.697,7.473,9.125,1.792,4.17
"mle","wide_rate",2,"gene101",FALSE,4.697,34.65,9.125,8.311,4.17
"master","wide_rate",2,"gene102",FALSE,2.458,5.091,142.9,2.142,2.376
"cap_10s","wide_rate",2,"gene102",FALSE,2.458,23.76,142.9,10,2.376
"mle","wide_rate",2,"gene102",FALSE,2.458,32.33,142.9,13.6,2.376
"cap_10s","wide_rate",2,"gene103",FALSE,3.258,28.7,11.51,10,2.87
"master","wide_rate",2,"gene103",FALSE,3.258,7.093,11.51,2.472,2.87
"mle","wide_rate",2,"gene103",FALSE,3.258,37.84,11.51,13.19,2.87
"cap_10s","wide_rate",2,"gene104",FALSE,4.687,38.74,9.06,10,3.874
"master","wide_rate",2,"gene104",FALSE,4.687,12.01,9.06,3.1,3.874
"mle","wide_rate",2,"gene104",FALSE,4.687,147.4,9.06,38.06,3.874
"cap_10s","wide_rate",2,"gene105",FALSE,2.105,1.752,0.7858,0.9134,1.918
"master","wide_rate",2,"gene105",FALSE,2.105,1.752,0.7858,0.9134,1.918
"mle","wide_rate",2,"gene105",FALSE,2.105,1.752,0.7858,0.9134,1.918
"cap_10s","wide_rate",2,"gene106",FALSE,3.235,30.53,90.77,10,3.053
"master","wide_rate",2,"gene106",FALSE,3.235,5.432,90.77,1.78,3.053
"mle","wide_rate",2,"gene106",FALSE,3.235,6268,90.77,2053,3.053
"cap_10s","wide_rate",2,"gene107",FALSE,1.388,8.409,71.63,6.268,1.342
"master","wide_rate",2,"gene107",FALSE,1.388,2.684,71.63,2,1.342
"mle","wide_rate",2,"gene107",FALSE,1.388,8.409,71.63,6.268,1.342
"cap_10s","wide_rate",2,"gene108",FALSE,2.645,1.699,0.6932,0.6433,2.642
"master","wide_rate",2,"gene108",FALSE,2.645,1.699,0.6932,0.6433,2.642
"mle","wide_rate",2,"gene108",FALSE,2.645,1.699,0.6932,0.6433,2.642
"cap_10s","wide_rate",2,"gene109",FALSE,2.945,13,3.578,5.103,2.547
"master","wide_rate",2,"gene109",FALSE,2.945,7.593,3.578,2.981,2.547
"mle","wide_rate",2,"gene109",FALSE,2.945,13,3.578,5.103,2.547
"cap_10s","wide_rate",2,"gene11",FALSE,3.265,26.46,18.05,10,2.646
"master","wide_rate",2,"gene11",FALSE,3.265,6.999,18.05,2.645,2.646
"mle","wide_rate",2,"gene11",FALSE,3.265,48.33,18.05,18.27,2.646
"mle","wide_rate",2,"gene110",FALSE,5.335,7.356,1.214,1.496,4.917
"cap_10s","wide_rate",2,"gene110",FALSE,5.335,7.356,1.214,1.496,4.917
"master","wide_rate",2,"gene110",FALSE,5.335,7.356,1.214,1.496,4.917
"master","wide_rate",2,"gene111",FALSE,1.065,2.219,6.499,2.135,1.039
"mle","wide_rate",2,"gene111",FALSE,1.065,17.54,6.499,16.87,1.039
"cap_10s","wide_rate",2,"gene111",FALSE,1.065,10.39,6.499,10,1.039
"master","wide_rate",2,"gene112",FALSE,1.755,5.116,4.058,3.391,1.509
"mle","wide_rate",2,"gene112",FALSE,1.755,8.731,4.058,5.787,1.509
"cap_10s","wide_rate",2,"gene112",FALSE,1.755,8.731,4.058,5.787,1.509
"master","wide_rate",2,"gene113",FALSE,2.84,4.969,37.77,1.836,2.707
"mle","wide_rate",2,"gene113",FALSE,2.84,47.59,37.77,17.58,2.707
"cap_10s","wide_rate",2,"gene113",FALSE,2.84,27.07,37.77,10,2.707
"master","wide_rate",2,"gene114",TRUE,1.415,2.575,86.48,2.064,1.248
"mle","wide_rate",2,"gene114",TRUE,1.415,8409000,86.48,6740000,1.248
"cap_10s","wide_rate",2,"gene114",TRUE,1.415,12.48,86.48,10,1.248
"master","wide_rate",2,"gene115",TRUE,3.323,5.414,66.82,1.814,2.984
"mle","wide_rate",2,"gene115",TRUE,3.323,8994000,66.82,3014000,2.984
"cap_10s","wide_rate",2,"gene115",TRUE,3.323,29.84,66.82,10,2.984
"master","wide_rate",2,"gene116",FALSE,3.46,4.199,1.249,1.284,3.271
"cap_10s","wide_rate",2,"gene116",FALSE,3.46,4.199,1.249,1.284,3.271
"mle","wide_rate",2,"gene116",FALSE,3.46,4.199,1.249,1.284,3.271
"master","wide_rate",2,"gene117",FALSE,3.722,5.023,1.351,1.379,3.642
"cap_10s","wide_rate",2,"gene117",FALSE,3.722,5.023,1.351,1.379,3.642
"mle","wide_rate",2,"gene117",FALSE,3.722,5.023,1.351,1.379,3.642
"mle","wide_rate",2,"gene118",FALSE,2.345,4.335,2.26,1.968,2.203
"cap_10s","wide_rate",2,"gene118",FALSE,2.345,4.335,2.26,1.968,2.203
"master","wide_rate",2,"gene118",FALSE,2.345,4.335,2.26,1.968,2.203
"mle","wide_rate",2,"gene119",FALSE,1.228,118,125.6,99.01,1.191
"master","wide_rate",2,"gene119",FALSE,1.228,2.765,125.6,2.321,1.191
"cap_10s","wide_rate",2,"gene119",FALSE,1.228,11.91,125.6,10,1.191
"cap_10s","wide_rate",2,"gene12",FALSE,1.43,13.99,4.603,8.286,1.689
"master","wide_rate",2,"gene12",FALSE,1.43,2.923,4.603,1.73,1.689
"mle","wide_rate",2,"gene12",FALSE,1.43,13.99,4.603,8.286,1.689
"master","wide_rate",2,"gene120",FALSE,2.873,2.004,0.7347,0.7192,2.786
"mle","wide_rate",2,"gene120",FALSE,2.873,2.004,0.7347,0.7192,2.786
"cap_10s","wide_rate",2,"gene120",FALSE,2.873,2.004,0.7347,0.7192,2.786
"cap_10s","wide_rate",2,"gene121",FALSE,2.595,25.35,5.299,10,2.535
"mle","wide_rate",2,"gene121",FALSE,2.595,30.2,5.299,11.91,2.535
"master","wide_rate",2,"gene121",FALSE,2.595,4.689,5.299,1.849,2.535
"cap_10s","wide_rate",2,"gene122",FALSE,3.438,22.7,22.63,7.393,3.071
"mle","wide_rate",2,"gene122",FALSE,3.438,22.7,22.63,7.393,3.071
"master","wide_rate",2,"gene122",FALSE,3.438,5.48,22.63,1.785,3.071
"master","wide_rate",2,"gene123",FALSE,1.203,2.125,1.765,1.805,1.177
"mle","wide_rate",2,"gene123",FALSE,1.203,2.346,1.765,1.992,1.177
"cap_10s","wide_rate",2,"gene123",FALSE,1.203,2.346,1.765,1.992,1.177
"master","wide_rate",2,"gene124",FALSE,1.345,3.316,2.413,2.647,1.252
"cap_10s","wide_rate",2,"gene124",FALSE,1.345,3.316,2.413,2.647,1.252
"mle","wide_rate",2,"gene124",FALSE,1.345,3.316,2.413,2.647,1.252
"cap_10s","wide_rate",2,"gene125",FALSE,3.407,16.49,8.361,5.049,3.267
"master","wide_rate",2,"gene125",FALSE,3.407,6.498,8.361,1.989,3.267
"mle","wide_rate",2,"gene125",FALSE,3.407,16.49,8.361,5.049,3.267
"mle","wide_rate",2,"gene126",FALSE,2.62,9.591,2.135,3.894,2.463
"master","wide_rate",2,"gene126",FALSE,2.62,5.414,2.135,2.198,2.463
"cap_10s","wide_rate",2,"gene126",FALSE,2.62,9.591,2.135,3.894,2.463
"mle","wide_rate",2,"gene127",FALSE,1.393,2319,29.29,1715,1.352
"master","wide_rate",2,"gene127",FALSE,1.393,2.194,29.29,1.623,1.352
"cap_10s","wide_rate",2,"gene127",FALSE,1.393,13.52,29.29,10,1.352
"master","wide_rate",2,"gene128",FALSE,1.143,1.674,9.777,1.501,1.115
"cap_10s","wide_rate",2,"gene128",FALSE,1.143,8.455,9.777,7.58,1.115
"mle","wide_rate",2,"gene128",FALSE,1.143,8.455,9.777,7.58,1.115
"master","wide_rate",2,"gene129",FALSE,1.328,1.991,33.76,1.7,1.171
"cap_10s","wide_rate",2,"gene129",FALSE,1.328,11.71,33.76,10,1.171
"mle","wide_rate",2,"gene129",FALSE,1.328,39.77,33.76,33.97,1.171
"cap_10s","wide_rate",2,"gene13",FALSE,2.393,17.92,11.6,10,1.792
"master","wide_rate",2,"gene13",FALSE,2.393,5.797,11.6,3.235,1.792
"mle","wide_rate",2,"gene13",FALSE,2.393,22.05,11.6,12.31,1.792
"master","wide_rate",2,"gene130",FALSE,4.442,2.918,0.7349,0.7153,4.079
"mle","wide_rate",2,"gene130",FALSE,4.442,2.918,0.7349,0.7153,4.079
"cap_10s","wide_rate",2,"gene130",FALSE,4.442,2.918,0.7349,0.7153,4.079
"cap_10s","wide_rate",2,"gene131",FALSE,4.257,6.499,1.285,1.577,4.123
"master","wide_rate",2,"gene131",FALSE,4.257,6.499,1.285,1.577,4.123
"mle","wide_rate",2,"gene131",FALSE,4.257,6.499,1.285,1.577,4.123
"master","wide_rate",2,"gene132",FALSE,1.803,4.395,5.017,2.573,1.708
"cap_10s","wide_rate",2,"gene132",FALSE,1.803,11.48,5.017,6.718,1.708
"mle","wide_rate",2,"gene132",FALSE,1.803,11.48,5.017,6.718,1.708
"master","wide_rate",2,"gene133",FALSE,1.953,4.856,58.14,2.75,1.766
"cap_10s","wide_rate",2,"gene133",FALSE,1.953,17.66,58.14,10,1.766
"mle","wide_rate",2,"gene133",FALSE,1.953,29.19,58.14,16.53,1.766
"cap_10s","wide_rate",2,"gene134",FALSE,1.835,6.302,2.52,3.494,1.804
"mle","wide_rate",2,"gene134",FALSE,1.835,6.302,2.52,3.494,1.804
"master","wide_rate",2,"gene134",FALSE,1.835,4.362,2.52,2.418,1.804
"cap_10s","wide_rate",2,"gene135",TRUE,1.87,18.76,82.15,10,1.876
"mle","wide_rate",2,"gene135",TRUE,1.87,8476000,82.15,4518000,1.876
"master","wide_rate",2,"gene135",TRUE,1.87,3.86,82.15,2.057,1.876
"master","wide_rate",2,"gene136",FALSE,1.313,3.27,4.542,2.799,1.168
"mle","wide_rate",2,"gene136",FALSE,1.313,5.301,4.542,4.538,1.168
"cap_10s","wide_rate",2,"gene136",FALSE,1.313,5.301,4.542,4.538,1.168
"master","wide_rate",2,"gene137",FALSE,3.568,2.434,0.7674,0.7837,3.105
"cap_10s","wide_rate",2,"gene137",FALSE,3.568,2.434,0.7674,0.7837,3.105
"mle","wide_rate",2,"gene137",FALSE,3.568,2.434,0.7674,0.7837,3.105
"cap_10s","wide_rate",2,"gene138",FALSE,2.497,5.323,2.59,2.143,2.483
"master","wide_rate",2,"gene138",FALSE,2.497,4.663,2.59,1.878,2.483
"mle","wide_rate",2,"gene138",FALSE,2.497,5.323,2.59,2.143,2.483
"mle","wide_rate",2,"gene139",FALSE,1.057,11.12,8.976,11.61,0.9573
"master","wide_rate",2,"gene139",FALSE,1.057,1.837,8.976,1.919,0.9573
"cap_10s","wide_rate",2,"gene139",FALSE,1.057,9.573,8.976,10,0.9573
"mle","wide_rate",2,"gene14",FALSE,1.877,81.18,18.94,40.5,2.005
"cap_10s","wide_rate",2,"gene14",FALSE,1.877,20.05,18.94,10,2.005
"master","wide_rate",2,"gene14",FALSE,1.877,4.557,18.94,2.273,2.005
"mle","wide_rate",2,"gene140",FALSE,3.637,56.87,69.78,17.56,3.238
"cap_10s","wide_rate",2,"gene140",FALSE,3.637,32.38,69.78,10,3.238
"master","wide_rate",2,"gene140",FALSE,3.637,9.801,69.78,3.026,3.238
"cap_10s","wide_rate",2,"gene141",FALSE,2.748,24.33,57.72,10,2.433
"master","wide_rate",2,"gene141",FALSE,2.748,6.598,57.72,2.712,2.433
"mle","wide_rate",2,"gene141",FALSE,2.748,91.8,57.72,37.73,2.433
"cap_10s","wide_rate",2,"gene142",FALSE,2.435,1.709,0.7331,0.9236,1.85
"master","wide_rate",2,"gene142",FALSE,2.435,1.709,0.7331,0.9236,1.85
"mle","wide_rate",2,"gene142",FALSE,2.435,1.709,0.7331,0.9236,1.85
"master","wide_rate",2,"gene143",FALSE,2.057,2.143,1.032,1.139,1.882
"cap_10s","wide_rate",2,"gene143",FALSE,2.057,2.143,1.032,1.139,1.882
"mle","wide_rate",2,"gene143",FALSE,2.057,2.143,1.032,1.139,1.882
"master","wide_rate",2,"gene144",FALSE,1.358,2.914,6.589,2.195,1.328
"cap_10s","wide_rate",2,"gene144",FALSE,1.358,5.978,6.589,4.503,1.328
"mle","wide_rate",2,"gene144",FALSE,1.358,5.978,6.589,4.503,1.328
"cap_10s","wide_rate",2,"gene145",FALSE,1.372,10.36,6.371,7.961,1.302
"master","wide_rate",2,"gene145",FALSE,1.372,2.523,6.371,1.938,1.302
"mle","wide_rate",2,"gene145",FALSE,1.372,10.36,6.371,7.961,1.302
"master","wide_rate",2,"gene146",FALSE,2.283,1.205,0.6029,0.6086,1.979
"cap_10s","wide_rate",2,"gene146",FALSE,2.283,1.205,0.6029,0.6086,1.979
"mle","wide_rate",2,"gene146",FALSE,2.283,1.205,0.6029,0.6086,1.979
"cap_10s","wide_rate",2,"gene147",FALSE,2.417,1.52,0.5786,0.6858,2.216
"master","wide_rate",2,"gene147",FALSE,2.417,1.52,0.5786,0.6858,2.216
"mle","wide_rate",2,"gene147",FALSE,2.417,1.52,0.5786,0.6858,2.216
"cap_10s","wide_rate",2,"gene148",FALSE,2.445,17.59,18.97,8.349,2.107
"mle","wide_rate",2,"gene148",FALSE,2.445,17.59,18.97,8.349,2.107
"master","wide_rate",2,"gene148",FALSE,2.445,5.097,18.97,2.419,2.107
"cap_10s","wide_rate",2,"gene149",FALSE,1.387,12.85,32.44,10,1.285
"master","wide_rate",2,"gene149",FALSE,1.387,2.614,32.44,2.034,1.285
"mle","wide_rate",2,"gene149",FALSE,1.387,47.12,32.44,36.66,1.285
"cap_10s","wide_rate",2,"gene15",FALSE,2.565,8.199,2.639,3.951,2.075
"master","wide_rate",2,"gene15",FALSE,2.565,5.59,2.639,2.693,2.075
"mle","wide_rate",2,"gene15",FALSE,2.565,8.199,2.639,3.951,2.075
"master","wide_rate",2,"gene150",TRUE,1.562,5.082,186.5,3.93,1.293
"mle","wide_rate",2,"gene150",TRUE,1.562,9182000,186.5,7101000,1.293
"cap_10s","wide_rate",2,"gene150",TRUE,1.562,12.93,186.5,10,1.293
"cap_10s","wide_rate",2,"gene151",FALSE,1.548,14.43,26.69,10,1.443
"master","wide_rate",2,"gene151",FALSE,1.548,3.251,26.69,2.253,1.443
"mle","wide_rate",2,"gene151",FALSE,1.548,74.74,26.69,51.81,1.443
"master","wide_rate",2,"gene152",FALSE,1.427,0.9667,0.7527,0.6965,1.388
"mle","wide_rate",2,"gene152",FALSE,1.427,0.9667,0.7527,0.6965,1.388
"cap_10s","wide_rate",2,"gene152",FALSE,1.427,0.9667,0.7527,0.6965,1.388
"mle","wide_rate",2,"gene153",TRUE,1.627,13530000,39.64,8383000,1.614
"master","wide_rate",2,"gene153",TRUE,1.627,3.281,39.64,2.033,1.614
"cap_10s","wide_rate",2,"gene153",TRUE,1.627,16.14,39.64,10,1.614
"master","wide_rate",2,"gene154",FALSE,3.432,7.272,3.48,2.327,3.126
"mle","wide_rate",2,"gene154",FALSE,3.432,14.12,3.48,4.518,3.126
"cap_10s","wide_rate",2,"gene154",FALSE,3.432,14.12,3.48,4.518,3.126
"master","wide_rate",2,"gene155",FALSE,1.203,2.131,2.616,1.883,1.132
"cap_10s","wide_rate",2,"gene155",FALSE,1.203,2.599,2.616,2.297,1.132
"mle","wide_rate",2,"gene155",FALSE,1.203,2.599,2.616,2.297,1.132
"master","wide_rate",2,"gene156",TRUE,3.58,7.448,11.98,2.237,3.33
"mle","wide_rate",2,"gene156",TRUE,3.58,15060000,11.98,4523000,3.33
"cap_10s","wide_rate",2,"gene156",TRUE,3.58,33.3,11.98,10,3.33
"master","wide_rate",2,"gene157",FALSE,3.205,6.534,172.1,1.937,3.373
"cap_10s","wide_rate",2,"gene157",FALSE,3.205,33.73,172.1,10,3.373
"mle","wide_rate",2,"gene157",FALSE,3.205,298.7,172.1,88.55,3.373
"master","wide_rate",2,"gene158",TRUE,2.535,5.539,49.42,2.317,2.39
"cap_10s","wide_rate",2,"gene158",TRUE,2.535,23.9,49.42,10,2.39
"mle","wide_rate",2,"gene158",TRUE,2.535,21120000,49.42,8834000,2.39
"master","wide_rate",2,"gene159",FALSE,1.178,0.909,1.122,0.9069,1.002
"mle","wide_rate",2,"gene159",FALSE,1.178,0.909,1.122,0.9069,1.002
"cap_10s","wide_rate",2,"gene159",FALSE,1.178,0.909,1.122,0.9069,1.002
"cap_10s","wide_rate",2,"gene16",TRUE,1.345,14.13,15.12,10,1.413
"master","wide_rate",2,"gene16",TRUE,1.345,2.969,15.12,2.101,1.413
"mle","wide_rate",2,"gene16",TRUE,1.345,13370000,15.12,9463000,1.413
"master","wide_rate",2,"gene160",FALSE,1.568,4.547,11.72,3.404,1.336
"mle","wide_rate",2,"gene160",FALSE,1.568,16.54,11.72,12.39,1.336
"cap_10s","wide_rate",2,"gene160",FALSE,1.568,13.36,11.72,10,1.336
"mle","wide_rate",2,"gene161",FALSE,1.14,7.07,6.494,6.397,1.105
"cap_10s","wide_rate",2,"gene161",FALSE,1.14,7.07,6.494,6.397,1.105
"master","wide_rate",2,"gene161",FALSE,1.14,3.027,6.494,2.739,1.105
"cap_10s","wide_rate",2,"gene162",FALSE,3.523,38.22,94.3,10,3.822
"mle","wide_rate",2,"gene162",FALSE,3.523,179.7,94.3,47.02,3.822
"master","wide_rate",2,"gene162",FALSE,3.523,6.339,94.3,1.658,3.822
"master","wide_rate",2,"gene163",TRUE,1.09,2.541,70.68,2.798,0.9081
"mle","wide_rate",2,"gene163",TRUE,1.09,6902000,70.68,7600000,0.9081
"cap_10s","wide_rate",2,"gene163",TRUE,1.09,9.081,70.68,10,0.9081
"master","wide_rate",2,"gene164",FALSE,3.67,8.283,45.94,2.405,3.444
"cap_10s","wide_rate",2,"gene164",FALSE,3.67,34.44,45.94,10,3.444
"mle","wide_rate",2,"gene164",FALSE,3.67,323.9,45.94,94.06,3.444
"cap_10s","wide_rate",2,"gene165",FALSE,2.873,28.17,153.2,10,2.817
"master","wide_rate",2,"gene165",FALSE,2.873,5.727,153.2,2.033,2.817
"mle","wide_rate",2,"gene165",FALSE,2.873,375,153.2,133.1,2.817
"mle","wide_rate",2,"gene166",FALSE,3.948,25.27,4.515,6.902,3.661
"master","wide_rate",2,"gene166",FALSE,3.948,8.827,4.515,2.411,3.661
"cap_10s","wide_rate",2,"gene166",FALSE,3.948,25.27,4.515,6.902,3.661
"mle","wide_rate",2,"gene167",TRUE,2.678,2.6e+07,13.78,10340000,2.515
"master","wide_rate",2,"gene167",TRUE,2.678,6.911,13.78,2.748,2.515
"cap_10s","wide_rate",2,"gene167",TRUE,2.678,25.15,13.78,10,2.515
"master","wide_rate",2,"gene168",TRUE,2.828,4.695,90.11,2.085,2.251
"cap_10s","wide_rate",2,"gene168",TRUE,2.828,22.51,90.11,10,2.251
"mle","wide_rate",2,"gene168",TRUE,2.828,32020000,90.11,14220000,2.251
"master","wide_rate",2,"gene169",FALSE,1.903,2.069,0.822,1.083,1.91
"cap_10s","wide_rate",2,"gene169",FALSE,1.903,2.069,0.822,1.083,1.91
"mle","wide_rate",2,"gene169",FALSE,1.903,2.069,0.822,1.083,1.91
"cap_10s","wide_rate",2,"gene17",FALSE,1.958,15.87,148.4,10,1.587
"master","wide_rate",2,"gene17",FALSE,1.958,3.387,148.4,2.135,1.587
"mle","wide_rate",2,"gene17",FALSE,1.958,46.48,148.4,29.3,1.587
"master","wide_rate",2,"gene170",FALSE,3.688,6.419,8.987,1.77,3.625
"mle","wide_rate",2,"gene170",FALSE,3.688,36.55,8.987,10.08,3.625
"cap_10s","wide_rate",2,"gene170",FALSE,3.688,36.25,8.987,10,3.625
"cap_10s","wide_rate",2,"gene171",FALSE,3.895,37.18,153.5,10,3.718
"master","wide_rate",2,"gene171",FALSE,3.895,7.289,153.5,1.96,3.718
"mle","wide_rate",2,"gene171",FALSE,3.895,70.81,153.5,19.04,3.718
"master","wide_rate",2,"gene172",FALSE,0.955,1.721,2.45,1.835,0.9376
"cap_10s","wide_rate",2,"gene172",FALSE,0.955,2.159,2.45,2.302,0.9376
"mle","wide_rate",2,"gene172",FALSE,0.955,2.159,2.45,2.302,0.9376
"master","wide_rate",2,"gene173",FALSE,1.342,3.282,75.46,2.774,1.183
"cap_10s","wide_rate",2,"gene173",FALSE,1.342,11.83,75.46,10,1.183
"mle","wide_rate",2,"gene173",FALSE,1.342,60.22,75.46,50.91,1.183
"cap_10s","wide_rate",2,"gene174",FALSE,3.783,13.34,2.767,3.635,3.671
"mle","wide_rate",2,"gene174",FALSE,3.783,13.34,2.767,3.635,3.671
"master","wide_rate",2,"gene174",FALSE,3.783,8.874,2.767,2.417,3.671
"cap_10s","wide_rate",2,"gene175",FALSE,3.837,4.448,1.214,1.386,3.21
"mle","wide_rate",2,"gene175",FALSE,3.837,4.448,1.214,1.386,3.21
"master","wide_rate",2,"gene175",FALSE,3.837,4.448,1.214,1.386,3.21
"master","wide_rate",2,"gene176",FALSE,3.758,7.797,43.05,2.426,3.214
"mle","wide_rate",2,"gene176",FALSE,3.758,104.1,43.05,32.39,3.214
"cap_10s","wide_rate",2,"gene176",FALSE,3.758,32.14,43.05,10,3.214
"master","wide_rate",2,"gene177",FALSE,1.845,4.316,2.687,2.6,1.66
"cap_10s","wide_rate",2,"gene177",FALSE,1.845,4.316,2.687,2.6,1.66
"mle","wide_rate",2,"gene177",FALSE,1.845,4.316,2.687,2.6,1.66
"cap_10s","wide_rate",2,"gene178",FALSE,3.218,25.25,8.844,7.841,3.22
"master","wide_rate",2,"gene178",FALSE,3.218,6.477,8.844,2.012,3.22
"mle","wide_rate",2,"gene178",FALSE,3.218,25.25,8.844,7.841,3.22
"mle","wide_rate",2,"gene179",FALSE,1.063,219.4,143.9,205,1.07
"master","wide_rate",2,"gene179",FALSE,1.063,2.002,143.9,1.871,1.07
"cap_10s","wide_rate",2,"gene179",FALSE,1.063,10.7,143.9,10,1.07
"mle","wide_rate",2,"gene18",FALSE,2.903,16.39,3.623,5.387,3.043
"master","wide_rate",2,"gene18",FALSE,2.903,5.981,3.623,1.966,3.043
"cap_10s","wide_rate",2,"gene18",FALSE,2.903,16.39,3.623,5.387,3.043
"mle","wide_rate",2,"gene180",FALSE,1.197,17.91,16.94,18.28,0.9796
"master","wide_rate",2,"gene180",FALSE,1.197,2.08,16.94,2.123,0.9796
"cap_10s","wide_rate",2,"gene180",FALSE,1.197,9.796,16.94,10,0.9796
"cap_10s","wide_rate",2,"gene181",FALSE,2.505,22.94,73.88,10,2.294
"master","wide_rate",2,"gene181",FALSE,2.505,4.616,73.88,2.013,2.294
"mle","wide_rate",2,"gene181",FALSE,2.505,78.34,73.88,34.16,2.294
"cap_10s","wide_rate",2,"gene182",TRUE,1.497,14.58,44.52,10,1.458
"mle","wide_rate",2,"gene182",TRUE,1.497,11570000,44.52,7936000,1.458
"master","wide_rate",2,"gene182",TRUE,1.497,3.052,44.52,2.094,1.458
"mle","wide_rate",2,"gene183",FALSE,1.718,55.65,11.9,39.08,1.424
"cap_10s","wide_rate",2,"gene183",FALSE,1.718,14.24,11.9,10,1.424
"master","wide_rate",2,"gene183",FALSE,1.718,3.965,11.9,2.785,1.424
"master","wide_rate",2,"gene184",FALSE,2.568,4.439,2.191,1.89,2.348
"cap_10s","wide_rate",2,"gene184",FALSE,2.568,6.814,2.191,2.902,2.348
"mle","wide_rate",2,"gene184",FALSE,2.568,6.814,2.191,2.902,2.348
"master","wide_rate",2,"gene185",FALSE,1.98,3.966,10.22,1.928,2.058
"cap_10s","wide_rate",2,"gene185",FALSE,1.98,16.32,10.22,7.932,2.058
"mle","wide_rate",2,"gene185",FALSE,1.98,16.32,10.22,7.932,2.058
"cap_10s","wide_rate",2,"gene186",FALSE,1.81,1.141,0.606,0.6503,1.754
"master","wide_rate",2,"gene186",FALSE,1.81,1.141,0.606,0.6503,1.754
"mle","wide_rate",2,"gene186",FALSE,1.81,1.141,0.606,0.6503,1.754
"cap_10s","wide_rate",2,"gene187",FALSE,2.023,2.661,1.448,1.39,1.915
"master","wide_rate",2,"gene187",FALSE,2.023,2.661,1.448,1.39,1.915
"mle","wide_rate",2,"gene187",FALSE,2.023,2.661,1.448,1.39,1.915
"cap_10s","wide_rate",2,"gene188",FALSE,2.783,17.94,25.48,8.328,2.155
"master","wide_rate",2,"gene188",FALSE,2.783,10.64,25.48,4.937,2.155
"mle","wide_rate",2,"gene188",FALSE,2.783,17.94,25.48,8.328,2.155
"cap_10s","wide_rate",2,"gene189",TRUE,3.883,32.76,134.6,10,3.276
"master","wide_rate",2,"gene189",TRUE,3.883,8.454,134.6,2.58,3.276
"mle","wide_rate",2,"gene189",TRUE,3.883,10890000,134.6,3323000,3.276
"master","wide_rate",2,"gene19",FALSE,2.962,6.418,9.284,2.541,2.526
"cap_10s","wide_rate",2,"gene19",FALSE,2.962,25.26,9.284,10,2.526
"mle","wide_rate",2,"gene19",FALSE,2.962,27.39,9.284,10.84,2.526
"cap_10s","wide_rate",2,"gene190",FALSE,3.128,28.71,52.98,10,2.871
"master","wide_rate",2,"gene190",FALSE,3.128,5.6,52.98,1.951,2.871
"mle","wide_rate",2,"gene190",FALSE,3.128,50.2,52.98,17.49,2.871
"mle","wide_rate",2,"gene191",TRUE,3.612,8886000,165.8,2687000,3.307
"cap_10s","wide_rate",2,"gene191",TRUE,3.612,33.07,165.8,10,3.307
"master","wide_rate",2,"gene191",TRUE,3.612,9.071,165.8,2.743,3.307
"master","wide_rate",2,"gene192",TRUE,1.83,3.951,15.71,2.507,1.576
"mle","wide_rate",2,"gene192",TRUE,1.83,12920000,15.71,8194000,1.576
"cap_10s","wide_rate",2,"gene192",TRUE,1.83,15.76,15.71,10,1.576
"master","wide_rate",2,"gene193",TRUE,1.742,3.139,170.1,1.864,1.684
"mle","wide_rate",2,"gene193",TRUE,1.742,11940000,170.1,7086000,1.684
"cap_10s","wide_rate",2,"gene193",TRUE,1.742,16.84,170.1,10,1.684
"master","wide_rate",2,"gene194",FALSE,3.29,5.9,1.382,1.785,3.305
"mle","wide_rate",2,"gene194",FALSE,3.29,5.9,1.382,1.785,3.305
"cap_10s","wide_rate",2,"gene194",FALSE,3.29,5.9,1.382,1.785,3.305
"master","wide_rate",2,"gene195",TRUE,3.637,8.817,196.9,2.496,3.533
"mle","wide_rate",2,"gene195",TRUE,3.637,21890000,196.9,6197000,3.533
"cap_10s","wide_rate",2,"gene195",TRUE,3.637,35.33,196.9,10,3.533
"master","wide_rate",2,"gene196",FALSE,1.417,2.302,1.786,1.776,1.297
"mle","wide_rate",2,"gene196",FALSE,1.417,2.579,1.786,1.989,1.297
"cap_10s","wide_rate",2,"gene196",FALSE,1.417,2.579,1.786,1.989,1.297
"master","wide_rate",2,"gene197",FALSE,2.13,4.488,23.44,2.303,1.948
"mle","wide_rate",2,"gene197",FALSE,2.13,19.09,23.44,9.801,1.948
"cap_10s","wide_rate",2,"gene197",FALSE,2.13,19.09,23.44,9.801,1.948
"master","wide_rate",2,"gene198",TRUE,2.622,6.048,26.1,2.486,2.433
"mle","wide_rate",2,"gene198",TRUE,2.622,20930000,26.1,8601000,2.433
"cap_10s","wide_rate",2,"gene198",TRUE,2.622,24.33,26.1,10,2.433
"master","wide_rate",2,"gene199",FALSE,1.272,2.746,5.177,2.488,1.104
"cap_10s","wide_rate",2,"gene199",FALSE,1.272,5.85,5.177,5.299,1.104
"mle","wide_rate",2,"gene199",FALSE,1.272,5.85,5.177,5.299,1.104
"cap_10s","wide_rate",2,"gene2",FALSE,1.283,7.29,6.99,5.273,1.382
"master","wide_rate",2,"gene2",FALSE,1.283,2.612,6.99,1.89,1.382
"mle","wide_rate",2,"gene2",FALSE,1.283,7.29,6.99,5.273,1.382
"cap_10s","wide_rate",2,"gene20",FALSE,0.775,1.17,0.9646,1.382,0.847
"mle","wide_rate",2,"gene20",FALSE,0.775,1.17,0.9646,1.382,0.847
"master","wide_rate",2,"gene20",FALSE,0.775,1.17,0.9646,1.382,0.847
"master","wide_rate",2,"gene200",FALSE,1.408,3.023,4.804,2.252,1.342
"mle","wide_rate",2,"gene200",FALSE,1.408,9.179,4.804,6.839,1.342
"cap_10s","wide_rate",2,"gene200",FALSE,1.408,9.179,4.804,6.839,1.342
"mle","wide_rate",2,"gene201",FALSE,4.538,2563,16.16,590.7,4.34
"cap_10s","wide_rate",2,"gene201",FALSE,4.538,43.4,16.16,10,4.34
"master","wide_rate",2,"gene201",FALSE,4.538,8.48,16.16,1.954,4.34
"mle","wide_rate",2,"gene202",FALSE,2.25,58.37,18.7,27.32,2.136
"cap_10s","wide_rate",2,"gene202",FALSE,2.25,21.36,18.7,10,2.136
"master","wide_rate",2,"gene202",FALSE,2.25,3.832,18.7,1.794,2.136
"cap_10s","wide_rate",2,"gene203",FALSE,2.563,26.26,83.66,10,2.626
"master","wide_rate",2,"gene203",FALSE,2.563,4.582,83.66,1.745,2.626
"mle","wide_rate",2,"gene203",FALSE,2.563,28.57,83.66,10.88,2.626
"master","wide_rate",2,"gene204",FALSE,2.305,5.688,5.298,2.685,2.118
"mle","wide_rate",2,"gene204",FALSE,2.305,9.496,5.298,4.483,2.118
"cap_10s","wide_rate",2,"gene204",FALSE,2.305,9.496,5.298,4.483,2.118
"cap_10s","wide_rate",2,"gene205",FALSE,1.71,10.59,4.898,6.381,1.66
"master","wide_rate",2,"gene205",FALSE,1.71,2.827,4.898,1.704,1.66
"mle","wide_rate",2,"gene205",FALSE,1.71,10.59,4.898,6.381,1.66
"master","wide_rate",2,"gene206",FALSE,1.7,3.23,62.32,1.916,1.686
"mle","wide_rate",2,"gene206",FALSE,1.7,27.31,62.32,16.2,1.686
"cap_10s","wide_rate",2,"gene206",FALSE,1.7,16.86,62.32,10,1.686
"mle","wide_rate",2,"gene207",FALSE,1.628,24.56,51.46,17.32,1.418
"master","wide_rate",2,"gene207",FALSE,1.628,3.717,51.46,2.621,1.418
"cap_10s","wide_rate",2,"gene207",FALSE,1.628,14.18,51.46,10,1.418
"master","wide_rate",2,"gene208",FALSE,1.948,4.596,2.117,3.027,1.518
"mle","wide_rate",2,"gene208",FALSE,1.948,4.596,2.117,3.027,1.518
"cap_10s","wide_rate",2,"gene208",FALSE,1.948,4.596,2.117,3.027,1.518
"master","wide_rate",2,"gene209",FALSE,1.757,3.373,88.07,1.921,1.756
"cap_10s","wide_rate",2,"gene209",FALSE,1.757,17.56,88.07,10,1.756
"mle","wide_rate",2,"gene209",FALSE,1.757,40.19,88.07,22.88,1.756
"cap_10s","wide_rate",2,"gene21",FALSE,3.795,1.73,0.5181,0.6343,2.727
"mle","wide_rate",2,"gene21",FALSE,3.795,1.73,0.5181,0.6343,2.727
"master","wide_rate",2,"gene21",FALSE,3.795,1.73,0.5181,0.6343,2.727
"master","wide_rate",2,"gene210",FALSE,2.512,5.488,26.58,2.219,2.473
"mle","wide_rate",2,"gene210",FALSE,2.512,31.24,26.58,12.63,2.473
"cap_10s","wide_rate",2,"gene210",FALSE,2.512,24.73,26.58,10,2.473
"master","wide_rate",2,"gene211",TRUE,1.507,5.43,8.364,4.53,1.198
"cap_10s","wide_rate",2,"gene211",TRUE,1.507,11.98,8.364,10,1.198
"mle","wide_rate",2,"gene211",TRUE,1.507,11260000,8.364,9393000,1.198
"cap_10s","wide_rate",2,"gene212",FALSE,2.18,21.19,18.27,10,2.119
"master","wide_rate",2,"gene212",FALSE,2.18,4.398,18.27,2.076,2.119
"mle","wide_rate",2,"gene212",FALSE,2.18,50.56,18.27,23.86,2.119
"master","wide_rate",2,"gene213",FALSE,0.975,2.138,5.617,2.274,0.9402
"cap_10s","wide_rate",2,"gene213",FALSE,0.975,3.727,5.617,3.964,0.9402
"mle","wide_rate",2,"gene213",FALSE,0.975,3.727,5.617,3.964,0.9402
"cap_10s","wide_rate",2,"gene214",FALSE,4.115,36.16,195.9,10,3.616
"master","wide_rate",2,"gene214",FALSE,4.115,8.181,195.9,2.263,3.616
"mle","wide_rate",2,"gene214",FALSE,4.115,77.46,195.9,21.42,3.616
"cap_10s","wide_rate",2,"gene215",FALSE,3.437,2.954,0.8884,0.826,3.576
"mle","wide_rate",2,"gene215",FALSE,3.437,2.954,0.8884,0.826,3.576
"master","wide_rate",2,"gene215",FALSE,3.437,2.954,0.8884,0.826,3.576
"cap_10s","wide_rate",2,"gene216",FALSE,3.548,17.92,13.4,5.643,3.175
"master","wide_rate",2,"gene216",FALSE,3.548,8.347,13.4,2.629,3.175
"mle","wide_rate",2,"gene216",FALSE,3.548,17.92,13.4,5.643,3.175
"master","wide_rate",2,"gene217",FALSE,1.518,2.761,1.755,2.212,1.248
"mle","wide_rate",2,"gene217",FALSE,1.518,2.761,1.755,2.212,1.248
"cap_10s","wide_rate",2,"gene217",FALSE,1.518,2.761,1.755,2.212,1.248
"cap_10s","wide_rate",2,"gene218",FALSE,2.02,1.403,0.8152,0.8189,1.713
"master","wide_rate",2,"gene218",FALSE,2.02,1.403,0.8152,0.8189,1.713
"mle","wide_rate",2,"gene218",FALSE,2.02,1.403,0.8152,0.8189,1.713
"master","wide_rate",2,"gene219",FALSE,4.14,6.143,1.224,1.48,4.149
"mle","wide_rate",2,"gene219",FALSE,4.14,6.143,1.224,1.48,4.149
"cap_10s","wide_rate",2,"gene219",FALSE,4.14,6.143,1.224,1.48,4.149
"mle","wide_rate",2,"gene22",FALSE,1.967,3.579,1.072,1.637,2.187
"master","wide_rate",2,"gene22",FALSE,1.967,3.579,1.072,1.637,2.187
"cap_10s","wide_rate",2,"gene22",FALSE,1.967,3.579,1.072,1.637,2.187
"mle","wide_rate",2,"gene220",FALSE,2.178,13.04,3.819,6.599,1.975
"cap_10s","wide_rate",2,"gene220",FALSE,2.178,13.04,3.819,6.599,1.975
"master","wide_rate",2,"gene220",FALSE,2.178,5.503,3.819,2.786,1.975
"mle","wide_rate",2,"gene221",FALSE,1.545,21.38,17.48,16.36,1.307
"cap_10s","wide_rate",2,"gene221",FALSE,1.545,13.07,17.48,10,1.307
"master","wide_rate",2,"gene221",FALSE,1.545,3.271,17.48,2.503,1.307
"cap_10s","wide_rate",2,"gene222",FALSE,3.712,4.408,1.305,1.266,3.482
"master","wide_rate",2,"gene222",FALSE,3.712,4.408,1.305,1.266,3.482
"mle","wide_rate",2,"gene222",FALSE,3.712,4.408,1.305,1.266,3.482
"master","wide_rate",2,"gene223",FALSE,2.287,2.762,1.359,1.422,1.943
"cap_10s","wide_rate",2,"gene223",FALSE,2.287,2.762,1.359,1.422,1.943
"mle","wide_rate",2,"gene223",FALSE,2.287,2.762,1.359,1.422,1.943
"cap_10s","wide_rate",2,"gene224",FALSE,1.403,6.288,4.829,5.494,1.145
"master","wide_rate",2,"gene224",FALSE,1.403,2.552,4.829,2.23,1.145
"mle","wide_rate",2,"gene224",FALSE,1.403,6.288,4.829,5.494,1.145
"cap_10s","wide_rate",2,"gene225",FALSE,1.433,13.9,16.17,10,1.39
"master","wide_rate",2,"gene225",FALSE,1.433,2.435,16.17,1.752,1.39
"mle","wide_rate",2,"gene225",FALSE,1.433,22.71,16.17,16.34,1.39
"cap_10s","wide_rate",2,"gene226",FALSE,1.443,1.379,1.082,1.096,1.259
"master","wide_rate",2,"gene226",FALSE,1.443,1.379,1.082,1.096,1.259
"mle","wide_rate",2,"gene226",FALSE,1.443,1.379,1.082,1.096,1.259
"cap_10s","wide_rate",2,"gene227",FALSE,5.045,46.85,17.37,10,4.685
"master","wide_rate",2,"gene227",FALSE,5.045,8.363,17.37,1.785,4.685
"mle","wide_rate",2,"gene227",FALSE,5.045,132.5,17.37,28.28,4.685
"cap_10s","wide_rate",2,"gene228",FALSE,3.123,1.971,0.6886,0.6806,2.897
"master","wide_rate",2,"gene228",FALSE,3.123,1.971,0.6886,0.6806,2.897
"mle","wide_rate",2,"gene228",FALSE,3.123,1.971,0.6886,0.6806,2.897
"cap_10s","wide_rate",2,"gene229",FALSE,2.337,11.04,3.935,5.533,1.995
"master","wide_rate",2,"gene229",FALSE,2.337,4.628,3.935,2.32,1.995
"mle","wide_rate",2,"gene229",FALSE,2.337,11.04,3.935,5.533,1.995
"master","wide_rate",2,"gene23",FALSE,4.3,7.104,6.825,2.191,3.243
"cap_10s","wide_rate",2,"gene23",FALSE,4.3,32.43,6.825,10,3.243
"mle","wide_rate",2,"gene23",FALSE,4.3,34.48,6.825,10.63,3.243
"cap_10s","wide_rate",2,"gene230",FALSE,3.192,2.269,0.5911,0.7264,3.123
"master","wide_rate",2,"gene230",FALSE,3.192,2.269,0.5911,0.7264,3.123
"mle","wide_rate",2,"gene230",FALSE,3.192,2.269,0.5911,0.7264,3.123
"mle","wide_rate",2,"gene231",FALSE,3.277,132.7,15.73,44.26,2.999
"cap_10s","wide_rate",2,"gene231",FALSE,3.277,29.99,15.73,10,2.999
"master","wide_rate",2,"gene231",FALSE,3.277,5.832,15.73,1.944,2.999
"master","wide_rate",2,"gene232",FALSE,1.363,2.427,174.4,1.953,1.243
"mle","wide_rate",2,"gene232",FALSE,1.363,17.08,174.4,13.74,1.243
"cap_10s","wide_rate",2,"gene232",FALSE,1.363,12.43,174.4,10,1.243
"master","wide_rate",2,"gene233",FALSE,1.638,3.738,12.68,2.7,1.385
"mle","wide_rate",2,"gene233",FALSE,1.638,41.09,12.68,29.67,1.385
"cap_10s","wide_rate",2,"gene233",FALSE,1.638,13.85,12.68,10,1.385
"master","wide_rate",2,"gene234",FALSE,3.337,11.25,12.99,3.603,3.122
"mle","wide_rate",2,"gene234",FALSE,3.337,102.7,12.99,32.89,3.122
"cap_10s","wide_rate",2,"gene234",FALSE,3.337,31.22,12.99,10,3.122
"master","wide_rate",2,"gene235",FALSE,3.232,8.203,69.38,3.098,2.648
"mle","wide_rate",2,"gene235",FALSE,3.232,85.55,69.38,32.31,2.648
"cap_10s","wide_rate",2,"gene235",FALSE,3.232,26.48,69.38,10,2.648
"master","wide_rate",2,"gene236",FALSE,3.453,8.405,3.538,2.609,3.221
"mle","wide_rate",2,"gene236",FALSE,3.453,13.11,3.538,4.071,3.221
"cap_10s","wide_rate",2,"gene236",FALSE,3.453,13.11,3.538,4.071,3.221
"master","wide_rate",2,"gene237",FALSE,4.195,6.623,20.42,1.764,3.754
"cap_10s","wide_rate",2,"gene237",FALSE,4.195,37.54,20.42,10,3.754
"mle","wide_rate",2,"gene237",FALSE,4.195,37.73,20.42,10.05,3.754
"master","wide_rate",2,"gene238",FALSE,1.682,1.266,0.8106,0.9141,1.385
"cap_10s","wide_rate",2,"gene238",FALSE,1.682,1.266,0.8106,0.9141,1.385
"mle","wide_rate",2,"gene238",FALSE,1.682,1.266,0.8106,0.9141,1.385
"cap_10s","wide_rate",2,"gene239",FALSE,3.033,24.51,127.9,10,2.451
"mle","wide_rate",2,"gene239",FALSE,3.033,403,127.9,164.4,2.451
"master","wide_rate",2,"gene239",FALSE,3.033,6.907,127.9,2.818,2.451
"cap_10s","wide_rate",2,"gene24",FALSE,1.115,11.03,162.8,10,1.103
"master","wide_rate",2,"gene24",FALSE,1.115,3.629,162.8,3.289,1.103
"mle","wide_rate",2,"gene24",FALSE,1.115,13.41,162.8,12.16,1.103
"mle","wide_rate",2,"gene240",FALSE,1.44,7.904,6.406,5.637,1.402
"master","wide_rate",2,"gene240",FALSE,1.44,3.283,6.406,2.342,1.402
"cap_10s","wide_rate",2,"gene240",FALSE,1.44,7.904,6.406,5.637,1.402
"master","wide_rate",2,"gene241",FALSE,3.178,4.81,1.402,1.709,2.814
"cap_10s","wide_rate",2,"gene241",FALSE,3.178,4.81,1.402,1.709,2.814
"mle","wide_rate",2,"gene241",FALSE,3.178,4.81,1.402,1.709,2.814
"master","wide_rate",2,"gene242",FALSE,1.99,3.438,18.05,1.728,1.99
"cap_10s","wide_rate",2,"gene242",FALSE,1.99,19.9,18.05,10,1.99
"mle","wide_rate",2,"gene242",FALSE,1.99,25.03,18.05,12.58,1.99
"cap_10s","wide_rate",2,"gene243",FALSE,3.042,16.84,7.484,5.61,3.001
"mle","wide_rate",2,"gene243",FALSE,3.042,16.84,7.484,5.61,3.001
"master","wide_rate",2,"gene243",FALSE,3.042,6.791,7.484,2.263,3.001
"master","wide_rate",2,"gene244",FALSE,3.01,2.576,0.8245,0.9247,2.785
"mle","wide_rate",2,"gene244",FALSE,3.01,2.576,0.8245,0.9247,2.785
"cap_10s","wide_rate",2,"gene244",FALSE,3.01,2.576,0.8245,0.9247,2.785
"master","wide_rate",2,"gene245",TRUE,4.012,7.019,46.81,1.97,3.564
"mle","wide_rate",2,"gene245",TRUE,4.012,12130000,46.81,3402000,3.564
"cap_10s","wide_rate",2,"gene245",TRUE,4.012,35.64,46.81,10,3.564
"master","wide_rate",2,"gene246",FALSE,1.24,2.122,1.738,1.796,1.182
"mle","wide_rate",2,"gene246",FALSE,1.24,2.962,1.738,2.507,1.182
"cap_10s","wide_rate",2,"gene246",FALSE,1.24,2.962,1.738,2.507,1.182
"mle","wide_rate",2,"gene247",FALSE,1.682,50.86,22.57,30.97,1.642
"cap_10s","wide_rate",2,"gene247",FALSE,1.682,16.42,22.57,10,1.642
"master","wide_rate",2,"gene247",FALSE,1.682,2.913,22.57,1.774,1.642
"master","wide_rate",2,"gene248",TRUE,1.74,4.506,35.88,3.414,1.32
"mle","wide_rate",2,"gene248",TRUE,1.74,22030,35.88,16690,1.32
"cap_10s","wide_rate",2,"gene248",TRUE,1.74,13.2,35.88,10,1.32
"master","wide_rate",2,"gene249",FALSE,4.71,4.924,1.234,1.177,4.185
"mle","wide_rate",2,"gene249",FALSE,4.71,4.924,1.234,1.177,4.185
"cap_10s","wide_rate",2,"gene249",FALSE,4.71,4.924,1.234,1.177,4.185
"cap_10s","wide_rate",2,"gene25",FALSE,4.41,33.71,32.72,10,3.371
"master","wide_rate",2,"gene25",FALSE,4.41,7.148,32.72,2.12,3.371
"mle","wide_rate",2,"gene25",FALSE,4.41,268.2,32.72,79.55,3.371
"master","wide_rate",2,"gene250",TRUE,3.058,4.908,135.2,1.621,3.027
"mle","wide_rate",2,"gene250",TRUE,3.058,32680000,135.2,10790000,3.027
"cap_10s","wide_rate",2,"gene250",TRUE,3.058,30.27,135.2,10,3.027
"master","wide_rate",2,"gene251",FALSE,2.85,4.452,6.431,1.584,2.81
"mle","wide_rate",2,"gene251",FALSE,2.85,9.743,6.431,3.467,2.81
"cap_10s","wide_rate",2,"gene251",FALSE,2.85,9.743,6.431,3.467,2.81
"cap_10s","wide_rate",2,"gene252",FALSE,3.405,31.1,87.26,10,3.11
"master","wide_rate",2,"gene252",FALSE,3.405,6.3,87.26,2.026,3.11
"mle","wide_rate",2,"gene252",FALSE,3.405,50.57,87.26,16.26,3.11
"master","wide_rate",2,"gene253",FALSE,3.105,5.208,5.405,1.782,2.922
"mle","wide_rate",2,"gene253",FALSE,3.105,15.59,5.405,5.335,2.922
"cap_10s","wide_rate",2,"gene253",FALSE,3.105,15.59,5.405,5.335,2.922
"master","wide_rate",2,"gene254",FALSE,4.747,11.76,29.23,2.665,4.414
"mle","wide_rate",2,"gene254",FALSE,4.747,51.29,29.23,11.62,4.414
"cap_10s","wide_rate",2,"gene254",FALSE,4.747,44.14,29.23,10,4.414
"master","wide_rate",2,"gene255",FALSE,1.278,2.964,7.154,2.444,1.212
"mle","wide_rate",2,"gene255",FALSE,1.278,15.19,7.154,12.53,1.212
"cap_10s","wide_rate",2,"gene255",FALSE,1.278,12.12,7.154,10,1.212
"cap_10s","wide_rate",2,"gene256",FALSE,2.888,9.889,5.449,3.71,2.666
"mle","wide_rate",2,"gene256",FALSE,2.888,9.889,5.449,3.71,2.666
"master","wide_rate",2,"gene256",FALSE,2.888,5.927,5.449,2.223,2.666
"master","wide_rate",2,"gene257",FALSE,1.018,2.178,108.9,2.033,1.072
"mle","wide_rate",2,"gene257",FALSE,1.018,172.8,108.9,161.2,1.072
"cap_10s","wide_rate",2,"gene257",FALSE,1.018,10.72,108.9,10,1.072
"master","wide_rate",2,"gene258",FALSE,2.75,6.407,10.31,2.292,2.795
"mle","wide_rate",2,"gene258",FALSE,2.75,38.73,10.31,13.86,2.795
"cap_10s","wide_rate",2,"gene258",FALSE,2.75,27.95,10.31,10,2.795
"master","wide_rate",2,"gene259",FALSE,1.295,2.185,1.705,1.851,1.18
"mle","wide_rate",2,"gene259",FALSE,1.295,2.517,1.705,2.132,1.18
"cap_10s","wide_rate",2,"gene259",FALSE,1.295,2.517,1.705,2.132,1.18
"cap_10s","wide_rate",2,"gene26",FALSE,0.9583,2.712,2.504,2.59,1.047
"master","wide_rate",2,"gene26",FALSE,0.9583,1.891,2.504,1.806,1.047
"mle","wide_rate",2,"gene26",FALSE,0.9583,2.712,2.504,2.59,1.047
"mle","wide_rate",2,"gene260",FALSE,2.138,25.11,26.08,12.83,1.958
"cap_10s","wide_rate",2,"gene260",FALSE,2.138,19.58,26.08,10,1.958
"master","wide_rate",2,"gene260",FALSE,2.138,4.176,26.08,2.134,1.958
"master","wide_rate",2,"gene261",FALSE,1.44,2.799,24.14,2.105,1.329
"mle","wide_rate",2,"gene261",FALSE,1.44,5.508,24.14,4.143,1.329
"cap_10s","wide_rate",2,"gene261",FALSE,1.44,5.508,24.14,4.143,1.329
"mle","wide_rate",2,"gene262",FALSE,1.67,1.326,0.8781,0.8479,1.564
"cap_10s","wide_rate",2,"gene262",FALSE,1.67,1.326,0.8781,0.8479,1.564
"master","wide_rate",2,"gene262",FALSE,1.67,1.326,0.8781,0.8479,1.564
"mle","wide_rate",2,"gene263",FALSE,1.16,13.2,7.883,12.14,1.088
"cap_10s","wide_rate",2,"gene263",FALSE,1.16,10.88,7.883,10,1.088
"master","wide_rate",2,"gene263",FALSE,1.16,2.539,7.883,2.335,1.088
"mle","wide_rate",2,"gene264",FALSE,1.21,25.53,99.9,20.52,1.244
"cap_10s","wide_rate",2,"gene264",FALSE,1.21,12.44,99.9,10,1.244
"master","wide_rate",2,"gene264",FALSE,1.21,2.404,99.9,1.932,1.244
"master","wide_rate",2,"gene265",FALSE,1.428,1.125,0.7533,0.7754,1.451
"cap_10s","wide_rate",2,"gene265",FALSE,1.428,1.125,0.7533,0.7754,1.451
"mle","wide_rate",2,"gene265",FALSE,1.428,1.125,0.7533,0.7754,1.451
"master","wide_rate",2,"gene266",FALSE,2.843,3.435,1.091,1.156,2.972
"cap_10s","wide_rate",2,"gene266",FALSE,2.843,3.435,1.091,1.156,2.972
"mle","wide_rate",2,"gene266",FALSE,2.843,3.435,1.091,1.156,2.972
"master","wide_rate",2,"gene267",FALSE,1.242,2.431,5.373,2.057,1.182
"mle","wide_rate",2,"gene267",FALSE,1.242,7.377,5.373,6.242,1.182
"cap_10s","wide_rate",2,"gene267",FALSE,1.242,7.377,5.373,6.242,1.182
"master","wide_rate",2,"gene268",FALSE,5.43,5.203,0.9809,1.216,4.28
"mle","wide_rate",2,"gene268",FALSE,5.43,5.203,0.9809,1.216,4.28
"cap_10s","wide_rate",2,"gene268",FALSE,5.43,5.203,0.9809,1.216,4.28
"mle","wide_rate",2,"gene269",FALSE,3.812,55.56,74.39,14.08,3.945
"cap_10s","wide_rate",2,"gene269",FALSE,3.812,39.45,74.39,10,3.945
"master","wide_rate",2,"gene269",FALSE,3.812,8.598,74.39,2.18,3.945
"cap_10s","wide_rate",2,"gene27",FALSE,1.698,3.933,2.426,2.68,1.467
"mle","wide_rate",2,"gene27",FALSE,1.698,3.933,2.426,2.68,1.467
"master","wide_rate",2,"gene27",FALSE,1.698,3.583,2.426,2.442,1.467
"cap_10s","wide_rate",2,"gene270",TRUE,2.192,19.2,85.9,10,1.92
"master","wide_rate",2,"gene270",TRUE,2.192,4.848,85.9,2.524,1.92
"mle","wide_rate",2,"gene270",TRUE,2.192,15540000,85.9,8094000,1.92
"master","wide_rate",2,"gene271",FALSE,3.253,6.207,9.952,2.004,3.097
"mle","wide_rate",2,"gene271",FALSE,3.253,18.63,9.952,6.016,3.097
"cap_10s","wide_rate",2,"gene271",FALSE,3.253,18.63,9.952,6.016,3.097
"master","wide_rate",2,"gene272",FALSE,4.183,6.626,1.265,1.825,3.632
"mle","wide_rate",2,"gene272",FALSE,4.183,6.626,1.265,1.825,3.632
"cap_10s","wide_rate",2,"gene272",FALSE,4.183,6.626,1.265,1.825,3.632
"mle","wide_rate",2,"gene273",TRUE,1.52,8679000,127.1,5672000,1.53
"master","wide_rate",2,"gene273",TRUE,1.52,2.734,127.1,1.786,1.53
"cap_10s","wide_rate",2,"gene273",TRUE,1.52,15.3,127.1,10,1.53
"mle","wide_rate",2,"gene274",TRUE,1.777,9412000,89.4,6164000,1.527
"master","wide_rate",2,"gene274",TRUE,1.777,4.695,89.4,3.075,1.527
"cap_10s","wide_rate",2,"gene274",TRUE,1.777,15.27,89.4,10,1.527
"master","wide_rate",2,"gene275",FALSE,1.653,3.124,6.941,2.069,1.51
"mle","wide_rate",2,"gene275",FALSE,1.653,20.42,6.941,13.52,1.51
"cap_10s","wide_rate",2,"gene275",FALSE,1.653,15.1,6.941,10,1.51
"master","wide_rate",2,"gene276",FALSE,5.578,10.32,11.81,2.016,5.119
"mle","wide_rate",2,"gene276",FALSE,5.578,46.98,11.81,9.177,5.119
"cap_10s","wide_rate",2,"gene276",FALSE,5.578,46.98,11.81,9.177,5.119
"master","wide_rate",2,"gene277",FALSE,4.185,7.222,40.8,1.99,3.629
"mle","wide_rate",2,"gene277",FALSE,4.185,48.49,40.8,13.36,3.629
"cap_10s","wide_rate",2,"gene277",FALSE,4.185,36.29,40.8,10,3.629
"master","wide_rate",2,"gene278",FALSE,2.622,4.844,102.5,1.986,2.439
"cap_10s","wide_rate",2,"gene278",FALSE,2.622,24.14,102.5,9.898,2.439
"mle","wide_rate",2,"gene278",FALSE,2.622,24.14,102.5,9.898,2.439
"cap_10s","wide_rate",2,"gene279",FALSE,2.42,11.02,6.614,5.019,2.196
"mle","wide_rate",2,"gene279",FALSE,2.42,11.02,6.614,5.019,2.196
"master","wide_rate",2,"gene279",FALSE,2.42,5.105,6.614,2.325,2.196
"cap_10s","wide_rate",2,"gene28",FALSE,2.553,5.529,1.81,2.212,2.5
"mle","wide_rate",2,"gene28",FALSE,2.553,5.529,1.81,2.212,2.5
"master","wide_rate",2,"gene28",FALSE,2.553,5.529,1.81,2.212,2.5
"mle","wide_rate",2,"gene280",FALSE,2.165,2.562,1.515,1.405,1.824
"master","wide_rate",2,"gene280",FALSE,2.165,2.562,1.515,1.405,1.824
"cap_10s","wide_rate",2,"gene280",FALSE,2.165,2.562,1.515,1.405,1.824
"mle","wide_rate",2,"gene281",FALSE,1.807,16.44,162,11.3,1.456
"master","wide_rate",2,"gene281",FALSE,1.807,4.961,162,3.408,1.456
"cap_10s","wide_rate",2,"gene281",FALSE,1.807,14.56,162,10,1.456
"master","wide_rate",2,"gene282",TRUE,3.97,8.989,40.77,2.746,3.274
"cap_10s","wide_rate",2,"gene282",TRUE,3.97,32.74,40.77,10,3.274
"mle","wide_rate",2,"gene282",TRUE,3.97,12780000,40.77,3904000,3.274
"cap_10s","wide_rate",2,"gene283",FALSE,2.51,24.9,30.01,10,2.49
"mle","wide_rate",2,"gene283",FALSE,2.51,48.24,30.01,19.37,2.49
"master","wide_rate",2,"gene283",FALSE,2.51,4.866,30.01,1.954,2.49
"master","wide_rate",2,"gene284",TRUE,2.697,4.877,53.45,1.767,2.76
"mle","wide_rate",2,"gene284",TRUE,2.697,14160000,53.45,5130000,2.76
"cap_10s","wide_rate",2,"gene284",TRUE,2.697,27.6,53.45,10,2.76
"master","wide_rate",2,"gene285",FALSE,1.933,4.816,3.444,2.731,1.764
"mle","wide_rate",2,"gene285",FALSE,1.933,5.51,3.444,3.124,1.764
"cap_10s","wide_rate",2,"gene285",FALSE,1.933,5.51,3.444,3.124,1.764
"master","wide_rate",2,"gene286",FALSE,1.803,3.214,130,1.896,1.695
"mle","wide_rate",2,"gene286",FALSE,1.803,19.98,130,11.79,1.695
"cap_10s","wide_rate",2,"gene286",FALSE,1.803,16.95,130,10,1.695
"mle","wide_rate",2,"gene287",FALSE,4.417,16.74,3.672,4.327,3.868
"cap_10s","wide_rate",2,"gene287",FALSE,4.417,16.74,3.672,4.327,3.868
"master","wide_rate",2,"gene287",FALSE,4.417,10.23,3.672,2.646,3.868
"master","wide_rate",2,"gene288",FALSE,1.887,3.556,9.451,1.879,1.892
"mle","wide_rate",2,"gene288",FALSE,1.887,13.81,9.451,7.296,1.892
"cap_10s","wide_rate",2,"gene288",FALSE,1.887,13.81,9.451,7.296,1.892
"master","wide_rate",2,"gene289",FALSE,2.355,4.63,13.2,2.198,2.106
"mle","wide_rate",2,"gene289",FALSE,2.355,29.9,13.2,14.2,2.106
"cap_10s","wide_rate",2,"gene289",FALSE,2.355,21.06,13.2,10,2.106
"cap_10s","wide_rate",2,"gene29",FALSE,1.493,11.76,13.78,9.312,1.263
"master","wide_rate",2,"gene29",FALSE,1.493,2.876,13.78,2.277,1.263
"mle","wide_rate",2,"gene29",FALSE,1.493,11.76,13.78,9.312,1.263
"master","wide_rate",2,"gene290",FALSE,2.092,4.898,147.5,2.633,1.86
"mle","wide_rate",2,"gene290",FALSE,2.092,44.82,147.5,24.1,1.86
"cap_10s","wide_rate",2,"gene290",FALSE,2.092,18.6,147.5,10,1.86
"master","wide_rate",2,"gene291",FALSE,1.23,2.532,6.99,2.06,1.229
"mle","wide_rate",2,"gene291",FALSE,1.23,8.728,6.99,7.1,1.229
"cap_10s","wide_rate",2,"gene291",FALSE,1.23,8.728,6.99,7.1,1.229
"cap_10s","wide_rate",2,"gene292",FALSE,2.582,2.763,1.474,1.13,2.445
"master","wide_rate",2,"gene292",FALSE,2.582,2.763,1.474,1.13,2.445
"mle","wide_rate",2,"gene292",FALSE,2.582,2.763,1.474,1.13,2.445
"master","wide_rate",2,"gene293",FALSE,1.977,5.6,175.9,3.096,1.809
"mle","wide_rate",2,"gene293",FALSE,1.977,42.42,175.9,23.45,1.809
"cap_10s","wide_rate",2,"gene293",FALSE,1.977,18.09,175.9,10,1.809
"master","wide_rate",2,"gene294",FALSE,2.728,5.099,2.707,1.976,2.581
"mle","wide_rate",2,"gene294",FALSE,2.728,9.419,2.707,3.649,2.581
"cap_10s","wide_rate",2,"gene294",FALSE,2.728,9.419,2.707,3.649,2.581
"master","wide_rate",2,"gene295",TRUE,1.797,2.697,26.39,1.682,1.604
"mle","wide_rate",2,"gene295",TRUE,1.797,15940000,26.39,9938000,1.604
"cap_10s","wide_rate",2,"gene295",TRUE,1.797,16.04,26.39,10,1.604
"cap_10s","wide_rate",2,"gene296",FALSE,1.28,10.54,141.8,8.767,1.203
"mle","wide_rate",2,"gene296",FALSE,1.28,10.54,141.8,8.767,1.203
"master","wide_rate",2,"gene296",FALSE,1.28,1.957,141.8,1.627,1.203
"master","wide_rate",2,"gene297",FALSE,1.412,1.505,0.9108,1.197,1.258
"mle","wide_rate",2,"gene297",FALSE,1.412,1.505,0.9108,1.197,1.258
"cap_10s","wide_rate",2,"gene297",FALSE,1.412,1.505,0.9108,1.197,1.258
"master","wide_rate",2,"gene298",FALSE,3.142,7.8,5.538,2.585,3.018
"mle","wide_rate",2,"gene298",FALSE,3.142,14.3,5.538,4.739,3.018
"cap_10s","wide_rate",2,"gene298",FALSE,3.142,14.3,5.538,4.739,3.018
"master","wide_rate",2,"gene299",FALSE,1.282,2.189,13.67,1.888,1.16
"mle","wide_rate",2,"gene299",FALSE,1.282,8.634,13.67,7.446,1.16
"cap_10s","wide_rate",2,"gene299",FALSE,1.282,8.634,13.67,7.446,1.16
"cap_10s","wide_rate",2,"gene3",FALSE,5.047,10.3,2.391,2.374,4.338
"master","wide_rate",2,"gene3",FALSE,5.047,8.626,2.391,1.989,4.338
"mle","wide_rate",2,"gene3",FALSE,5.047,10.3,2.391,2.374,4.338
"cap_10s","wide_rate",2,"gene30",FALSE,2.975,11.32,2.457,3.653,3.098
"master","wide_rate",2,"gene30",FALSE,2.975,6.307,2.457,2.036,3.098
"mle","wide_rate",2,"gene30",FALSE,2.975,11.32,2.457,3.653,3.098
"mle","wide_rate",2,"gene300",FALSE,1.377,7.279,7.217,6.359,1.145
"cap_10s","wide_rate",2,"gene300",FALSE,1.377,7.279,7.217,6.359,1.145
"master","wide_rate",2,"gene300",FALSE,1.377,2.975,7.217,2.599,1.145
"master","wide_rate",2,"gene31",FALSE,2.473,5.519,2.639,2.456,2.247
"mle","wide_rate",2,"gene31",FALSE,2.473,5.519,2.639,2.456,2.247
"cap_10s","wide_rate",2,"gene31",FALSE,2.473,5.519,2.639,2.456,2.247
"mle","wide_rate",2,"gene32",TRUE,1.678,8742000,106,5858000,1.492
"cap_10s","wide_rate",2,"gene32",TRUE,1.678,14.92,106,10,1.492
"master","wide_rate",2,"gene32",TRUE,1.678,2.801,106,1.877,1.492
"cap_10s","wide_rate",2,"gene33",FALSE,1.612,1.554,1.167,1.123,1.383
"master","wide_rate",2,"gene33",FALSE,1.612,1.554,1.167,1.123,1.383
"mle","wide_rate",2,"gene33",FALSE,1.612,1.554,1.167,1.123,1.383
"cap_10s","wide_rate",2,"gene34",FALSE,2.097,21.04,39.07,10,2.104
"master","wide_rate",2,"gene34",FALSE,2.097,3.72,39.07,1.768,2.104
"mle","wide_rate",2,"gene34",FALSE,2.097,22.34,39.07,10.61,2.104
"master","wide_rate",2,"gene35",FALSE,2.445,3.765,1.774,1.74,2.163
"cap_10s","wide_rate",2,"gene35",FALSE,2.445,3.765,1.774,1.74,2.163
"mle","wide_rate",2,"gene35",FALSE,2.445,3.765,1.774,1.74,2.163
"master","wide_rate",2,"gene36",FALSE,4.217,5.539,1.264,1.558,3.556
"cap_10s","wide_rate",2,"gene36",FALSE,4.217,5.539,1.264,1.558,3.556
"mle","wide_rate",2,"gene36",FALSE,4.217,5.539,1.264,1.558,3.556
"mle","wide_rate",2,"gene37",FALSE,1.503,14.09,5.746,9.746,1.445
"cap_10s","wide_rate",2,"gene37",FALSE,1.503,14.09,5.746,9.746,1.445
"master","wide_rate",2,"gene37",FALSE,1.503,2.85,5.746,1.971,1.445
"mle","wide_rate",2,"gene38",FALSE,1.125,67.93,42.69,68.95,0.9852
"cap_10s","wide_rate",2,"gene38",FALSE,1.125,9.852,42.69,10,0.9852
"master","wide_rate",2,"gene38",FALSE,1.125,1.951,42.69,1.98,0.9852
"mle","wide_rate",2,"gene39",FALSE,2.535,16.08,44.33,7.069,2.275
"cap_10s","wide_rate",2,"gene39",FALSE,2.535,16.08,44.33,7.069,2.275
"master","wide_rate",2,"gene39",FALSE,2.535,4.377,44.33,1.924,2.275
"cap_10s","wide_rate",2,"gene4",FALSE,2.267,24.23,88.03,10,2.423
"master","wide_rate",2,"gene4",FALSE,2.267,4.978,88.03,2.054,2.423
"mle","wide_rate",2,"gene4",FALSE,2.267,38.27,88.03,15.8,2.423
"cap_10s","wide_rate",2,"gene40",FALSE,1.302,7.641,5.09,6.248,1.223
"master","wide_rate",2,"gene40",FALSE,1.302,3.483,5.09,2.848,1.223
"mle","wide_rate",2,"gene40",FALSE,1.302,7.641,5.09,6.248,1.223
"mle","wide_rate",2,"gene41",FALSE,2.203,40.09,6.191,22.66,1.769
"cap_10s","wide_rate",2,"gene41",FALSE,2.203,17.69,6.191,10,1.769
"master","wide_rate",2,"gene41",FALSE,2.203,7.544,6.191,4.264,1.769
"cap_10s","wide_rate",2,"gene42",FALSE,2.042,19.77,7.843,10,1.977
"master","wide_rate",2,"gene42",FALSE,2.042,4.205,7.843,2.127,1.977
"mle","wide_rate",2,"gene42",FALSE,2.042,59.61,7.843,30.15,1.977
"cap_10s","wide_rate",2,"gene43",FALSE,1.253,1.245,1.123,1.008,1.235
"master","wide_rate",2,"gene43",FALSE,1.253,1.245,1.123,1.008,1.235
"mle","wide_rate",2,"gene43",FALSE,1.253,1.245,1.123,1.008,1.235
"cap_10s","wide_rate",2,"gene44",FALSE,1.477,15.28,5.496,10,1.528
"master","wide_rate",2,"gene44",FALSE,1.477,4.392,5.496,2.875,1.528
"mle","wide_rate",2,"gene44",FALSE,1.477,52.05,5.496,34.07,1.528
"mle","wide_rate",2,"gene45",FALSE,2.773,7.848,2.339,3.445,2.278
"master","wide_rate",2,"gene45",FALSE,2.773,4.946,2.339,2.171,2.278
"cap_10s","wide_rate",2,"gene45",FALSE,2.773,7.848,2.339,3.445,2.278
"cap_10s","wide_rate",2,"gene46",FALSE,4.197,34.9,7.213,10,3.49
"master","wide_rate",2,"gene46",FALSE,4.197,13.96,7.213,4,3.49
"mle","wide_rate",2,"gene46",FALSE,4.197,65.6,7.213,18.8,3.49
"cap_10s","wide_rate",2,"gene47",TRUE,1.177,10.78,134.7,10,1.078
"master","wide_rate",2,"gene47",TRUE,1.177,2.106,134.7,1.954,1.078
"mle","wide_rate",2,"gene47",TRUE,1.177,2787000,134.7,2586000,1.078
"cap_10s","wide_rate",2,"gene48",TRUE,1.737,13.71,164.6,10,1.371
"master","wide_rate",2,"gene48",TRUE,1.737,3.003,164.6,2.19,1.371
"mle","wide_rate",2,"gene48",TRUE,1.737,5955000,164.6,4343000,1.371
"master","wide_rate",2,"gene49",FALSE,3.682,10.78,6.913,3.458,3.116
"mle","wide_rate",2,"gene49",FALSE,3.682,47.93,6.913,15.38,3.116
"cap_10s","wide_rate",2,"gene49",FALSE,3.682,31.16,6.913,10,3.116
"mle","wide_rate",2,"gene5",FALSE,3.803,41.9,71.25,13.91,3.012
"master","wide_rate",2,"gene5",FALSE,3.803,6.346,71.25,2.107,3.012
"cap_10s","wide_rate",2,"gene5",FALSE,3.803,30.12,71.25,10,3.012
"cap_10s","wide_rate",2,"gene50",TRUE,3.325,31.44,85.85,10,3.144
"master","wide_rate",2,"gene50",TRUE,3.325,7.25,85.85,2.306,3.144
"mle","wide_rate",2,"gene50",TRUE,3.325,14210000,85.85,4520000,3.144
"cap_10s","wide_rate",2,"gene51",FALSE,2.6,7.115,2.963,2.942,2.418
"master","wide_rate",2,"gene51",FALSE,2.6,5.577,2.963,2.306,2.418
"mle","wide_rate",2,"gene51",FALSE,2.6,7.115,2.963,2.942,2.418
"cap_10s","wide_rate",2,"gene52",TRUE,1.982,18.94,51.71,10,1.894
"master","wide_rate",2,"gene52",TRUE,1.982,4.204,51.71,2.22,1.894
"mle","wide_rate",2,"gene52",TRUE,1.982,4357000,51.71,2300000,1.894
"cap_10s","wide_rate",2,"gene53",FALSE,4.08,6.361,1.449,1.757,3.619
"master","wide_rate",2,"gene53",FALSE,4.08,6.361,1.449,1.757,3.619
"mle","wide_rate",2,"gene53",FALSE,4.08,6.361,1.449,1.757,3.619
"mle","wide_rate",2,"gene54",FALSE,3.123,60.89,26.91,22.56,2.699
"cap_10s","wide_rate",2,"gene54",FALSE,3.123,26.99,26.91,10,2.699
"master","wide_rate",2,"gene54",FALSE,3.123,6.021,26.91,2.231,2.699
"cap_10s","wide_rate",2,"gene55",FALSE,1.918,17.26,74.43,10,1.726
"master","wide_rate",2,"gene55",FALSE,1.918,3.413,74.43,1.977,1.726
"mle","wide_rate",2,"gene55",FALSE,1.918,395.9,74.43,229.3,1.726
"cap_10s","wide_rate",2,"gene56",FALSE,2.62,3.224,1.378,1.305,2.471
"master","wide_rate",2,"gene56",FALSE,2.62,3.224,1.378,1.305,2.471
"mle","wide_rate",2,"gene56",FALSE,2.62,3.224,1.378,1.305,2.471
"cap_10s","wide_rate",2,"gene57",FALSE,4.307,16.52,6.055,4.713,3.506
"master","wide_rate",2,"gene57",FALSE,4.307,13.17,6.055,3.757,3.506
"mle","wide_rate",2,"gene57",FALSE,4.307,16.52,6.055,4.713,3.506
"mle","wide_rate",2,"gene58",FALSE,1.407,3.897,4.039,3.031,1.285
"master","wide_rate",2,"gene58",FALSE,1.407,2.367,4.039,1.841,1.285
"cap_10s","wide_rate",2,"gene58",FALSE,1.407,3.897,4.039,3.031,1.285
"master","wide_rate",2,"gene59",FALSE,2.742,5.298,8.108,2.075,2.553
"cap_10s","wide_rate",2,"gene59",FALSE,2.742,18.36,8.108,7.194,2.553
"mle","wide_rate",2,"gene59",FALSE,2.742,18.36,8.108,7.194,2.553
"cap_10s","wide_rate",2,"gene6",FALSE,0.92,9.876,30.18,10,0.9876
"master","wide_rate",2,"gene6",FALSE,0.92,2.23,30.18,2.258,0.9876
"mle","wide_rate",2,"gene6",FALSE,0.92,11.84,30.18,11.99,0.9876
"master","wide_rate",2,"gene60",FALSE,1.813,4.274,11.93,2.649,1.614
"cap_10s","wide_rate",2,"gene60",FALSE,1.813,16.14,11.93,10,1.614
"mle","wide_rate",2,"gene60",FALSE,1.813,140.4,11.93,87.02,1.614
"cap_10s","wide_rate",2,"gene61",FALSE,1.955,6.499,3.339,3.582,1.814
"mle","wide_rate",2,"gene61",FALSE,1.955,6.499,3.339,3.582,1.814
"master","wide_rate",2,"gene61",FALSE,1.955,3.396,3.339,1.871,1.814
"mle","wide_rate",2,"gene62",TRUE,1.385,9445000,72.48,7370000,1.282
"master","wide_rate",2,"gene62",TRUE,1.385,3.151,72.48,2.459,1.282
"cap_10s","wide_rate",2,"gene62",TRUE,1.385,12.82,72.48,10,1.282
"master","wide_rate",2,"gene63",FALSE,2.038,3.85,15.74,2.2,1.75
"cap_10s","wide_rate",2,"gene63",FALSE,2.038,13.77,15.74,7.865,1.75
"mle","wide_rate",2,"gene63",FALSE,2.038,13.77,15.74,7.865,1.75
"master","wide_rate",2,"gene64",FALSE,1.377,5.656,62.35,5.479,1.032
"cap_10s","wide_rate",2,"gene64",FALSE,1.377,10.32,62.35,10,1.032
"mle","wide_rate",2,"gene64",FALSE,1.377,60.09,62.35,58.21,1.032
"cap_10s","wide_rate",2,"gene65",FALSE,4.49,35.59,2.743,8.353,4.261
"master","wide_rate",2,"gene65",FALSE,4.49,8.306,2.743,1.95,4.261
"mle","wide_rate",2,"gene65",FALSE,4.49,35.59,2.743,8.353,4.261
"cap_10s","wide_rate",2,"gene66",FALSE,1.585,13.04,42.77,10,1.304
"master","wide_rate",2,"gene66",FALSE,1.585,3.441,42.77,2.639,1.304
"mle","wide_rate",2,"gene66",FALSE,1.585,21.39,42.77,16.4,1.304
"cap_10s","wide_rate",2,"gene67",TRUE,1.505,14.21,185.3,10,1.421
"master","wide_rate",2,"gene67",TRUE,1.505,2.399,185.3,1.689,1.421
"mle","wide_rate",2,"gene67",TRUE,1.505,8106000,185.3,5706000,1.421
"cap_10s","wide_rate",2,"gene68",FALSE,2.048,8.658,2.584,5.997,1.444
"master","wide_rate",2,"gene68",FALSE,2.048,7.039,2.584,4.875,1.444
"mle","wide_rate",2,"gene68",FALSE,2.048,8.658,2.584,5.997,1.444
"cap_10s","wide_rate",2,"gene69",FALSE,1.503,2.646,2.372,1.892,1.398
"master","wide_rate",2,"gene69",FALSE,1.503,2.569,2.372,1.837,1.398
"mle","wide_rate",2,"gene69",FALSE,1.503,2.646,2.372,1.892,1.398
"cap_10s","wide_rate",2,"gene7",FALSE,5.327,4.682,1.032,1.265,3.701
"master","wide_rate",2,"gene7",FALSE,5.327,4.682,1.032,1.265,3.701
"mle","wide_rate",2,"gene7",FALSE,5.327,4.682,1.032,1.265,3.701
"mle","wide_rate",2,"gene70",FALSE,1.872,40.4,106.9,25.72,1.571
"cap_10s","wide_rate",2,"gene70",FALSE,1.872,15.71,106.9,10,1.571
"master","wide_rate",2,"gene70",FALSE,1.872,4.313,106.9,2.746,1.571
"master","wide_rate",2,"gene71",FALSE,2.493,7.666,3.22,3.121,2.456
"mle","wide_rate",2,"gene71",FALSE,2.493,7.666,3.22,3.121,2.456
"cap_10s","wide_rate",2,"gene71",FALSE,2.493,7.666,3.22,3.121,2.456
"master","wide_rate",2,"gene72",FALSE,1.452,1.89,1.065,1.669,1.133
"mle","wide_rate",2,"gene72",FALSE,1.452,1.89,1.065,1.669,1.133
"cap_10s","wide_rate",2,"gene72",FALSE,1.452,1.89,1.065,1.669,1.133
"master","wide_rate",2,"gene73",FALSE,3.595,12.89,8.656,4.777,2.699
"mle","wide_rate",2,"gene73",FALSE,3.595,32.01,8.656,11.86,2.699
"cap_10s","wide_rate",2,"gene73",FALSE,3.595,26.99,8.656,10,2.699
"master","wide_rate",2,"gene74",FALSE,4.967,16.64,29.53,3.923,4.241
"mle","wide_rate",2,"gene74",FALSE,4.967,1370,29.53,323.1,4.241
"cap_10s","wide_rate",2,"gene74",FALSE,4.967,42.41,29.53,10,4.241
"master","wide_rate",2,"gene75",FALSE,1.732,3.988,139.9,2.48,1.608
"mle","wide_rate",2,"gene75",FALSE,1.732,45.27,139.9,28.15,1.608
"cap_10s","wide_rate",2,"gene75",FALSE,1.732,16.08,139.9,10,1.608
"master","wide_rate",2,"gene76",TRUE,3.125,6.785,37.36,2.238,3.031
"mle","wide_rate",2,"gene76",TRUE,3.125,14070000,37.36,4641000,3.031
"cap_10s","wide_rate",2,"gene76",TRUE,3.125,30.31,37.36,10,3.031
"master","wide_rate",2,"gene77",FALSE,3.865,6.463,116.2,1.814,3.562
"mle","wide_rate",2,"gene77",FALSE,3.865,172.8,116.2,48.5,3.562
"cap_10s","wide_rate",2,"gene77",FALSE,3.865,35.62,116.2,10,3.562
"master","wide_rate",2,"gene78",FALSE,2.035,4.72,1.863,2.683,1.759
"cap_10s","wide_rate",2,"gene78",FALSE,2.035,4.72,1.863,2.683,1.759
"mle","wide_rate",2,"gene78",FALSE,2.035,4.72,1.863,2.683,1.759
"master","wide_rate",2,"gene79",FALSE,4.405,11.23,25.26,2.623,4.283
"mle","wide_rate",2,"gene79",FALSE,4.405,42.79,25.26,9.991,4.283
"cap_10s","wide_rate",2,"gene79",FALSE,4.405,42.79,25.26,9.991,4.283
"cap_10s","wide_rate",2,"gene8",TRUE,0.9733,10.32,137.1,10,1.032
"master","wide_rate",2,"gene8",TRUE,0.9733,1.98,137.1,1.918,1.032
"mle","wide_rate",2,"gene8",TRUE,0.9733,6291000,137.1,6096000,1.032
"mle","wide_rate",2,"gene80",FALSE,2.803,2.93,1.163,1.148,2.553
"cap_10s","wide_rate",2,"gene80",FALSE,2.803,2.93,1.163,1.148,2.553
"master","wide_rate",2,"gene80",FALSE,2.803,2.93,1.163,1.148,2.553
"mle","wide_rate",2,"gene81",FALSE,1.96,0.9285,0.5325,0.5999,1.548
"cap_10s","wide_rate",2,"gene81",FALSE,1.96,0.9285,0.5325,0.5999,1.548
"master","wide_rate",2,"gene81",FALSE,1.96,0.9285,0.5325,0.5999,1.548
"cap_10s","wide_rate",2,"gene82",FALSE,2.918,5.903,2.3,2.197,2.687
"master","wide_rate",2,"gene82",FALSE,2.918,5.384,2.3,2.004,2.687
"mle","wide_rate",2,"gene82",FALSE,2.918,5.903,2.3,2.197,2.687
"master","wide_rate",2,"gene83",FALSE,1.488,4.446,10.72,3.874,1.148
"mle","wide_rate",2,"gene83",FALSE,1.488,14.49,10.72,12.63,1.148
"cap_10s","wide_rate",2,"gene83",FALSE,1.488,11.48,10.72,10,1.148
"cap_10s","wide_rate",2,"gene84",FALSE,1.462,14.47,174.5,10,1.447
"master","wide_rate",2,"gene84",FALSE,1.462,3.021,174.5,2.087,1.447
"mle","wide_rate",2,"gene84",FALSE,1.462,22.38,174.5,15.46,1.447
"master","wide_rate",2,"gene85",TRUE,1.535,3.267,77.19,2.38,1.372
"mle","wide_rate",2,"gene85",TRUE,1.535,11100000,77.19,8092000,1.372
"cap_10s","wide_rate",2,"gene85",TRUE,1.535,13.72,77.19,10,1.372
"mle","wide_rate",2,"gene86",FALSE,2.065,33.62,39.88,16.95,1.984
"master","wide_rate",2,"gene86",FALSE,2.065,3.893,39.88,1.962,1.984
"cap_10s","wide_rate",2,"gene86",FALSE,2.065,19.84,39.88,10,1.984
"master","wide_rate",2,"gene87",FALSE,1.42,3.402,77.06,2.463,1.381
"mle","wide_rate",2,"gene87",FALSE,1.42,53.52,77.06,38.75,1.381
"cap_10s","wide_rate",2,"gene87",FALSE,1.42,13.81,77.06,10,1.381
"master","wide_rate",2,"gene88",FALSE,4.03,7.099,19.64,1.841,3.855
"cap_10s","wide_rate",2,"gene88",FALSE,4.03,31.5,19.64,8.169,3.855
"mle","wide_rate",2,"gene88",FALSE,4.03,31.5,19.64,8.169,3.855
"master","wide_rate",2,"gene89",FALSE,2.562,5.275,7.272,1.914,2.756
"mle","wide_rate",2,"gene89",FALSE,2.562,98.79,7.272,35.85,2.756
"cap_10s","wide_rate",2,"gene89",FALSE,2.562,27.56,7.272,10,2.756
"master","wide_rate",2,"gene9",FALSE,1.567,1.942,1.487,1.446,1.343
"mle","wide_rate",2,"gene9",FALSE,1.567,1.942,1.487,1.446,1.343
"cap_10s","wide_rate",2,"gene9",FALSE,1.567,1.942,1.487,1.446,1.343
"master","wide_rate",2,"gene90",FALSE,2.07,3.548,2.542,1.808,1.962
"cap_10s","wide_rate",2,"gene90",FALSE,2.07,3.548,2.542,1.808,1.962
"mle","wide_rate",2,"gene90",FALSE,2.07,3.548,2.542,1.808,1.962
"cap_10s","wide_rate",2,"gene91",FALSE,2.64,9.601,2.707,3.893,2.466
"master","wide_rate",2,"gene91",FALSE,2.64,7.526,2.707,3.052,2.466
"mle","wide_rate",2,"gene91",FALSE,2.64,9.601,2.707,3.893,2.466
"master","wide_rate",2,"gene92",FALSE,2.52,5.027,15.86,2.031,2.475
"cap_10s","wide_rate",2,"gene92",FALSE,2.52,24.75,15.86,10,2.475
"mle","wide_rate",2,"gene92",FALSE,2.52,28.32,15.86,11.44,2.475
"cap_10s","wide_rate",2,"gene93",FALSE,1.553,2.102,1.281,1.452,1.447
"master","wide_rate",2,"gene93",FALSE,1.553,2.102,1.281,1.452,1.447
"mle","wide_rate",2,"gene93",FALSE,1.553,2.102,1.281,1.452,1.447
"cap_10s","wide_rate",2,"gene94",FALSE,4.538,42.96,7.954,10,4.296
"mle","wide_rate",2,"gene94",FALSE,4.538,67.81,7.954,15.78,4.296
"master","wide_rate",2,"gene94",FALSE,4.538,8.821,7.954,2.053,4.296
"cap_10s","wide_rate",2,"gene95",FALSE,2.655,1.634,0.5243,0.6714,2.433
"master","wide_rate",2,"gene95",FALSE,2.655,1.634,0.5243,0.6714,2.433
"mle","wide_rate",2,"gene95",FALSE,2.655,1.634,0.5243,0.6714,2.433
"master","wide_rate",2,"gene96",TRUE,2.033,3.561,15.53,2.003,1.778
"mle","wide_rate",2,"gene96",TRUE,2.033,4022000,15.53,2262000,1.778
"cap_10s","wide_rate",2,"gene96",TRUE,2.033,17.78,15.53,10,1.778
"cap_10s","wide_rate",2,"gene97",FALSE,0.9583,0.5891,0.5553,0.6843,0.8608
"master","wide_rate",2,"gene97",FALSE,0.9583,0.5891,0.5553,0.6843,0.8608
"mle","wide_rate",2,"gene97",FALSE,0.9583,0.5891,0.5553,0.6843,0.8608
"master","wide_rate",2,"gene98",TRUE,1.507,3.03,183.5,2.188,1.385
"mle","wide_rate",2,"gene98",TRUE,1.507,9799000,183.5,7078000,1.385
"cap_10s","wide_rate",2,"gene98",TRUE,1.507,13.85,183.5,10,1.385
"mle","wide_rate",2,"gene99",FALSE,1.45,2.278,1.163,1.806,1.262
"cap_10s","wide_rate",2,"gene99",FALSE,1.45,2.278,1.163,1.806,1.262
"master","wide_rate",2,"gene99",FALSE,1.45,2.278,1.163,1.806,1.262
"mle","wide_rate",3,"gene1",TRUE,1.34,3004000,161.8,3248000,0.9248
"cap_10s","wide_rate",3,"gene1",TRUE,1.34,9.248,161.8,10,0.9248
"master","wide_rate",3,"gene1",TRUE,1.34,1.798,161.8,1.944,0.9248
"cap_10s","wide_rate",3,"gene10",TRUE,1.348,13.39,101.4,10,1.339
"master","wide_rate",3,"gene10",TRUE,1.348,4.176,101.4,3.12,1.339
"mle","wide_rate",3,"gene10",TRUE,1.348,12360000,101.4,9234000,1.339
"mle","wide_rate",3,"gene100",FALSE,2.137,7.441,4.16,4,1.86
"cap_10s","wide_rate",3,"gene100",FALSE,2.137,7.441,4.16,4,1.86
"master","wide_rate",3,"gene100",FALSE,2.137,4.658,4.16,2.504,1.86
"cap_10s","wide_rate",3,"gene101",TRUE,4.063,34.73,100.2,10,3.473
"master","wide_rate",3,"gene101",TRUE,4.063,14.97,100.2,4.309,3.473
"mle","wide_rate",3,"gene101",TRUE,4.063,18440000,100.2,5310000,3.473
"master","wide_rate",3,"gene102",FALSE,1.3,2.141,10.14,1.799,1.19
"cap_10s","wide_rate",3,"gene102",FALSE,1.3,11.9,10.14,10,1.19
"mle","wide_rate",3,"gene102",FALSE,1.3,16.8,10.14,14.11,1.19
"cap_10s","wide_rate",3,"gene103",FALSE,3.095,27.21,76.12,10,2.721
"master","wide_rate",3,"gene103",FALSE,3.095,7.315,76.12,2.688,2.721
"mle","wide_rate",3,"gene103",FALSE,3.095,1471,76.12,540.5,2.721
"cap_10s","wide_rate",3,"gene104",TRUE,1.253,10.92,101.2,10,1.092
"master","wide_rate",3,"gene104",TRUE,1.253,2.935,101.2,2.688,1.092
"mle","wide_rate",3,"gene104",TRUE,1.253,5782000,101.2,5295000,1.092
"cap_10s","wide_rate",3,"gene105",FALSE,5.005,46.49,7.305,10,4.649
"master","wide_rate",3,"gene105",FALSE,5.005,14.74,7.305,3.172,4.649
"mle","wide_rate",3,"gene105",FALSE,5.005,61.78,7.305,13.29,4.649
"cap_10s","wide_rate",3,"gene106",FALSE,2.133,11.9,3.025,5.477,2.174
"master","wide_rate",3,"gene106",FALSE,2.133,3.987,3.025,1.834,2.174
"mle","wide_rate",3,"gene106",FALSE,2.133,11.9,3.025,5.477,2.174
"cap_10s","wide_rate",3,"gene107",FALSE,1.07,6.277,4.681,6.489,0.9673
"master","wide_rate",3,"gene107",FALSE,1.07,2.373,4.681,2.453,0.9673
"mle","wide_rate",3,"gene107",FALSE,1.07,6.277,4.681,6.489,0.9673
"cap_10s","wide_rate",3,"gene108",TRUE,1.497,12.17,101.9,10,1.217
"master","wide_rate",3,"gene108",TRUE,1.497,2.961,101.9,2.434,1.217
"mle","wide_rate",3,"gene108",TRUE,1.497,9408000,101.9,7732000,1.217
"cap_10s","wide_rate",3,"gene109",FALSE,1.372,1.299,0.9742,0.9688,1.341
"master","wide_rate",3,"gene109",FALSE,1.372,1.299,0.9742,0.9688,1.341
"mle","wide_rate",3,"gene109",FALSE,1.372,1.299,0.9742,0.9688,1.341
"cap_10s","wide_rate",3,"gene11",TRUE,2.11,15.67,192.4,10,1.567
"master","wide_rate",3,"gene11",TRUE,2.11,5.101,192.4,3.256,1.567
"mle","wide_rate",3,"gene11",TRUE,2.11,1358000,192.4,866600,1.567
"mle","wide_rate",3,"gene110",TRUE,3.897,11690000,23.56,3169000,3.69
"cap_10s","wide_rate",3,"gene110",TRUE,3.897,36.9,23.56,10,3.69
"master","wide_rate",3,"gene110",TRUE,3.897,6.926,23.56,1.877,3.69
"master","wide_rate",3,"gene111",FALSE,3.502,5.83,114.2,1.731,3.368
"mle","wide_rate",3,"gene111",FALSE,3.502,39.34,114.2,11.68,3.368
"cap_10s","wide_rate",3,"gene111",FALSE,3.502,33.68,114.2,10,3.368
"master","wide_rate",3,"gene112",FALSE,1.473,4.078,10.15,3.057,1.334
"mle","wide_rate",3,"gene112",FALSE,1.473,13.08,10.15,9.804,1.334
"cap_10s","wide_rate",3,"gene112",FALSE,1.473,13.08,10.15,9.804,1.334
"master","wide_rate",3,"gene113",TRUE,1.215,2.219,33.96,2.02,1.098
"mle","wide_rate",3,"gene113",TRUE,1.215,22030,33.96,20050,1.098
"cap_10s","wide_rate",3,"gene113",TRUE,1.215,10.98,33.96,10,1.098
"master","wide_rate",3,"gene114",FALSE,2.048,4.235,2.678,2.076,2.04
"mle","wide_rate",3,"gene114",FALSE,2.048,6.526,2.678,3.199,2.04
"cap_10s","wide_rate",3,"gene114",FALSE,2.048,6.526,2.678,3.199,2.04
"master","wide_rate",3,"gene115",FALSE,1.62,1.822,1.04,1.106,1.648
"mle","wide_rate",3,"gene115",FALSE,1.62,1.822,1.04,1.106,1.648
"cap_10s","wide_rate",3,"gene115",FALSE,1.62,1.822,1.04,1.106,1.648
"master","wide_rate",3,"gene116",FALSE,1.53,3.732,170.1,2.899,1.287
"cap_10s","wide_rate",3,"gene116",FALSE,1.53,12.87,170.1,10,1.287
"mle","wide_rate",3,"gene116",FALSE,1.53,42.08,170.1,32.68,1.287
"master","wide_rate",3,"gene117",FALSE,4.022,9.171,26.16,2.422,3.787
"cap_10s","wide_rate",3,"gene117",FALSE,4.022,37.87,26.16,10,3.787
"mle","wide_rate",3,"gene117",FALSE,4.022,243.4,26.16,64.29,3.787
"mle","wide_rate",3,"gene118",FALSE,1.153,1.735,1.365,1.441,1.204
"cap_10s","wide_rate",3,"gene118",FALSE,1.153,1.735,1.365,1.441,1.204
"master","wide_rate",3,"gene118",FALSE,1.153,1.735,1.365,1.441,1.204
"mle","wide_rate",3,"gene119",FALSE,3.017,10.61,3.108,3.834,2.768
"master","wide_rate",3,"gene119",FALSE,3.017,6.398,3.108,2.311,2.768
"cap_10s","wide_rate",3,"gene119",FALSE,3.017,10.61,3.108,3.834,2.768
"cap_10s","wide_rate",3,"gene12",FALSE,1.373,7.809,3.56,5.802,1.346
"master","wide_rate",3,"gene12",FALSE,1.373,6.001,3.56,4.459,1.346
"mle","wide_rate",3,"gene12",FALSE,1.373,7.809,3.56,5.802,1.346
"master","wide_rate",3,"gene120",FALSE,1.438,2.432,3.04,1.671,1.455
"mle","wide_rate",3,"gene120",FALSE,1.438,8.383,3.04,5.76,1.455
"cap_10s","wide_rate",3,"gene120",FALSE,1.438,8.383,3.04,5.76,1.455
"cap_10s","wide_rate",3,"gene121",FALSE,1.227,3.678,2.389,3.122,1.178
"mle","wide_rate",3,"gene121",FALSE,1.227,3.678,2.389,3.122,1.178
"master","wide_rate",3,"gene121",FALSE,1.227,2.695,2.389,2.288,1.178
"cap_10s","wide_rate",3,"gene122",TRUE,1.202,10.4,98.31,10,1.04
"mle","wide_rate",3,"gene122",TRUE,1.202,10020000,98.31,9629000,1.04
"master","wide_rate",3,"gene122",TRUE,1.202,2.59,98.31,2.49,1.04
"master","wide_rate",3,"gene123",TRUE,1.175,2.552,115.1,2.509,1.017
"mle","wide_rate",3,"gene123",TRUE,1.175,6069000,115.1,5968000,1.017
"cap_10s","wide_rate",3,"gene123",TRUE,1.175,10.17,115.1,10,1.017
"master","wide_rate",3,"gene124",FALSE,2.143,1.477,0.773,0.9326,1.584
"cap_10s","wide_rate",3,"gene124",FALSE,2.143,1.477,0.773,0.9326,1.584
"mle","wide_rate",3,"gene124",FALSE,2.143,1.477,0.773,0.9326,1.584
"cap_10s","wide_rate",3,"gene125",FALSE,2.862,25.55,31.69,10,2.555
"master","wide_rate",3,"gene125",FALSE,2.862,5.357,31.69,2.097,2.555
"mle","wide_rate",3,"gene125",FALSE,2.862,42.14,31.69,16.5,2.555
"mle","wide_rate",3,"gene126",FALSE,2.533,44.91,30.12,17.39,2.583
"master","wide_rate",3,"gene126",FALSE,2.533,4.501,30.12,1.743,2.583
"cap_10s","wide_rate",3,"gene126",FALSE,2.533,25.83,30.12,10,2.583
"mle","wide_rate",3,"gene127",FALSE,4.502,168.6,181.2,41.87,4.026
"master","wide_rate",3,"gene127",FALSE,4.502,10.75,181.2,2.669,4.026
"cap_10s","wide_rate",3,"gene127",FALSE,4.502,40.26,181.2,10,4.026
"master","wide_rate",3,"gene128",TRUE,1.783,4.063,11.44,2.548,1.595
"cap_10s","wide_rate",3,"gene128",TRUE,1.783,15.95,11.44,10,1.595
"mle","wide_rate",3,"gene128",TRUE,1.783,23410000,11.44,14680000,1.595
"master","wide_rate",3,"gene129",FALSE,1.09,0.6444,0.5455,0.5808,1.109
"cap_10s","wide_rate",3,"gene129",FALSE,1.09,0.6444,0.5455,0.5808,1.109
"mle","wide_rate",3,"gene129",FALSE,1.09,0.6444,0.5455,0.5808,1.109
"cap_10s","wide_rate",3,"gene13",FALSE,1.997,1.788,1.263,1.118,1.599
"master","wide_rate",3,"gene13",FALSE,1.997,1.788,1.263,1.118,1.599
"mle","wide_rate",3,"gene13",FALSE,1.997,1.788,1.263,1.118,1.599
"master","wide_rate",3,"gene130",FALSE,2.79,2.89,1.023,1.16,2.49
"mle","wide_rate",3,"gene130",FALSE,2.79,2.89,1.023,1.16,2.49
"cap_10s","wide_rate",3,"gene130",FALSE,2.79,2.89,1.023,1.16,2.49
"cap_10s","wide_rate",3,"gene131",FALSE,3.127,6.609,2.655,2.207,2.994
"master","wide_rate",3,"gene131",FALSE,3.127,5.479,2.655,1.83,2.994
"mle","wide_rate",3,"gene131",FALSE,3.127,6.609,2.655,2.207,2.994
"master","wide_rate",3,"gene132",TRUE,2.878,5.778,34.83,2.228,2.593
"cap_10s","wide_rate",3,"gene132",TRUE,2.878,25.93,34.83,10,2.593
"mle","wide_rate",3,"gene132",TRUE,2.878,5613000,34.83,2164000,2.593
"master","wide_rate",3,"gene133",FALSE,3.278,5.051,6.156,1.604,3.149
"cap_10s","wide_rate",3,"gene133",FALSE,3.278,16.99,6.156,5.396,3.149
"mle","wide_rate",3,"gene133",FALSE,3.278,16.99,6.156,5.396,3.149
"cap_10s","wide_rate",3,"gene134",FALSE,0.9517,9.571,178.5,10,0.9571
"mle","wide_rate",3,"gene134",FALSE,0.9517,91.04,178.5,95.12,0.9571
"master","wide_rate",3,"gene134",FALSE,0.9517,1.916,178.5,2.002,0.9571
"cap_10s","wide_rate",3,"gene135",FALSE,3.85,5.303,1.241,1.427,3.717
"mle","wide_rate",3,"gene135",FALSE,3.85,5.303,1.241,1.427,3.717
"master","wide_rate",3,"gene135",FALSE,3.85,5.303,1.241,1.427,3.717
"master","wide_rate",3,"gene136",FALSE,1.268,0.5713,0.5438,0.496,1.152
"mle","wide_rate",3,"gene136",FALSE,1.268,0.5713,0.5438,0.496,1.152
"cap_10s","wide_rate",3,"gene136",FALSE,1.268,0.5713,0.5438,0.496,1.152
"master","wide_rate",3,"gene137",FALSE,2.612,1.667,0.605,0.7136,2.336
"cap_10s","wide_rate",3,"gene137",FALSE,2.612,1.667,0.605,0.7136,2.336
"mle","wide_rate",3,"gene137",FALSE,2.612,1.667,0.605,0.7136,2.336
"cap_10s","wide_rate",3,"gene138",TRUE,3.965,36.17,13.76,10,3.617
"master","wide_rate",3,"gene138",TRUE,3.965,9.245,13.76,2.556,3.617
"mle","wide_rate",3,"gene138",TRUE,3.965,6169000,13.76,1705000,3.617
"mle","wide_rate",3,"gene139",FALSE,1.3,39.88,93.22,34.54,1.155
"master","wide_rate",3,"gene139",FALSE,1.3,2.458,93.22,2.129,1.155
"cap_10s","wide_rate",3,"gene139",FALSE,1.3,11.55,93.22,10,1.155
"mle","wide_rate",3,"gene14",FALSE,0.97,0.881,0.7057,0.8712,1.011
"cap_10s","wide_rate",3,"gene14",FALSE,0.97,0.881,0.7057,0.8712,1.011
"master","wide_rate",3,"gene14",FALSE,0.97,0.881,0.7057,0.8712,1.011
"mle","wide_rate",3,"gene140",FALSE,1.552,20.25,10.63,14.01,1.446
"cap_10s","wide_rate",3,"gene140",FALSE,1.552,14.46,10.63,10,1.446
"master","wide_rate",3,"gene140",FALSE,1.552,2.906,10.63,2.011,1.446
"cap_10s","wide_rate",3,"gene141",TRUE,2.82,23.95,49.48,10,2.395
"master","wide_rate",3,"gene141",TRUE,2.82,5.749,49.48,2.401,2.395
"mle","wide_rate",3,"gene141",TRUE,2.82,11370000,49.48,4746000,2.395
"cap_10s","wide_rate",3,"gene142",FALSE,0.9767,3.176,2.204,3.378,0.9402
"master","wide_rate",3,"gene142",FALSE,0.9767,1.597,2.204,1.699,0.9402
"mle","wide_rate",3,"gene142",FALSE,0.9767,3.176,2.204,3.378,0.9402
"master","wide_rate",3,"gene143",FALSE,2.367,7.009,10.11,3.036,2.309
"cap_10s","wide_rate",3,"gene143",FALSE,2.367,23.09,10.11,10,2.309
"mle","wide_rate",3,"gene143",FALSE,2.367,99.23,10.11,42.98,2.309
"master","wide_rate",3,"gene144",FALSE,1.955,4.353,5.892,2.219,1.962
"cap_10s","wide_rate",3,"gene144",FALSE,1.955,9.144,5.892,4.662,1.962
"mle","wide_rate",3,"gene144",FALSE,1.955,9.144,5.892,4.662,1.962
"cap_10s","wide_rate",3,"gene145",FALSE,1.553,14.19,57.94,10,1.419
"master","wide_rate",3,"gene145",FALSE,1.553,2.897,57.94,2.042,1.419
"mle","wide_rate",3,"gene145",FALSE,1.553,62.54,57.94,44.08,1.419
"master","wide_rate",3,"gene146",FALSE,3.63,5.599,14.15,1.72,3.254
"cap_10s","wide_rate",3,"gene146",FALSE,3.63,32.54,14.15,10,3.254
"mle","wide_rate",3,"gene146",FALSE,3.63,360,14.15,110.6,3.254
"cap_10s","wide_rate",3,"gene147",FALSE,3.358,24.57,9.22,7.941,3.095
"master","wide_rate",3,"gene147",FALSE,3.358,5.446,9.22,1.76,3.095
"mle","wide_rate",3,"gene147",FALSE,3.358,24.57,9.22,7.941,3.095
"cap_10s","wide_rate",3,"gene148",FALSE,3.075,15.56,12.58,6.077,2.561
"mle","wide_rate",3,"gene148",FALSE,3.075,15.56,12.58,6.077,2.561
"master","wide_rate",3,"gene148",FALSE,3.075,4.909,12.58,1.917,2.561
"cap_10s","wide_rate",3,"gene149",FALSE,1.583,1.347,0.6371,0.8734,1.543
"master","wide_rate",3,"gene149",FALSE,1.583,1.347,0.6371,0.8734,1.543
"mle","wide_rate",3,"gene149",FALSE,1.583,1.347,0.6371,0.8734,1.543
"cap_10s","wide_rate",3,"gene15",FALSE,1.393,11.1,69.78,10,1.11
"master","wide_rate",3,"gene15",FALSE,1.393,1.971,69.78,1.776,1.11
"mle","wide_rate",3,"gene15",FALSE,1.393,17.76,69.78,16.01,1.11
"master","wide_rate",3,"gene150",TRUE,3.347,5.086,160.2,1.749,2.908
"mle","wide_rate",3,"gene150",TRUE,3.347,21100000,160.2,7256000,2.908
"cap_10s","wide_rate",3,"gene150",TRUE,3.347,29.08,160.2,10,2.908
"cap_10s","wide_rate",3,"gene151",FALSE,3.047,13.6,2.704,5.039,2.699
"master","wide_rate",3,"gene151",FALSE,3.047,6.814,2.704,2.524,2.699
"mle","wide_rate",3,"gene151",FALSE,3.047,13.6,2.704,5.039,2.699
"master","wide_rate",3,"gene152",FALSE,2.09,1.052,0.5261,0.6504,1.618
"mle","wide_rate",3,"gene152",FALSE,2.09,1.052,0.5261,0.6504,1.618
"cap_10s","wide_rate",3,"gene152",FALSE,2.09,1.052,0.5261,0.6504,1.618
"mle","wide_rate",3,"gene153",FALSE,1.072,44.31,23.44,43.12,1.027
"master","wide_rate",3,"gene153",FALSE,1.072,2.572,23.44,2.504,1.027
"cap_10s","wide_rate",3,"gene153",FALSE,1.072,10.27,23.44,10,1.027
"master","wide_rate",3,"gene154",FALSE,3.837,7.207,1.793,2.015,3.576
"mle","wide_rate",3,"gene154",FALSE,3.837,7.764,1.793,2.171,3.576
"cap_10s","wide_rate",3,"gene154",FALSE,3.837,7.764,1.793,2.171,3.576
"master","wide_rate",3,"gene155",TRUE,3.538,10.04,55.08,3.147,3.191
"cap_10s","wide_rate",3,"gene155",TRUE,3.538,31.91,55.08,10,3.191
"mle","wide_rate",3,"gene155",TRUE,3.538,6721000,55.08,2106000,3.191
"master","wide_rate",3,"gene156",FALSE,3.942,8.736,15.54,2.212,3.949
"mle","wide_rate",3,"gene156",FALSE,3.942,38.02,15.54,9.628,3.949
"cap_10s","wide_rate",3,"gene156",FALSE,3.942,38.02,15.54,9.628,3.949
"master","wide_rate",3,"gene157",FALSE,1.052,1.763,131.3,1.869,0.9432
"cap_10s","wide_rate",3,"gene157",FALSE,1.052,9.432,131.3,10,0.9432
"mle","wide_rate",3,"gene157",FALSE,1.052,14.29,131.3,15.15,0.9432
"master","wide_rate",3,"gene158",FALSE,3.09,9.376,6.878,3.374,2.779
"cap_10s","wide_rate",3,"gene158",FALSE,3.09,10.77,6.878,3.874,2.779
"mle","wide_rate",3,"gene158",FALSE,3.09,10.77,6.878,3.874,2.779
"master","wide_rate",3,"gene159",FALSE,1.307,2.83,3.982,2.45,1.155
"mle","wide_rate",3,"gene159",FALSE,1.307,4.661,3.982,4.035,1.155
"cap_10s","wide_rate",3,"gene159",FALSE,1.307,4.661,3.982,4.035,1.155
"cap_10s","wide_rate",3,"gene16",FALSE,0.97,2.436,2.321,2.36,1.032
"master","wide_rate",3,"gene16",FALSE,0.97,1.882,2.321,1.823,1.032
"mle","wide_rate",3,"gene16",FALSE,0.97,2.436,2.321,2.36,1.032
"master","wide_rate",3,"gene160",FALSE,1.988,5.515,116.4,3.215,1.715
"mle","wide_rate",3,"gene160",FALSE,1.988,235.6,116.4,137.4,1.715
"cap_10s","wide_rate",3,"gene160",FALSE,1.988,17.15,116.4,10,1.715
"mle","wide_rate",3,"gene161",FALSE,1.757,13.28,11.6,8.2,1.62
"cap_10s","wide_rate",3,"gene161",FALSE,1.757,13.28,11.6,8.2,1.62
"master","wide_rate",3,"gene161",FALSE,1.757,4.08,11.6,2.519,1.62
"cap_10s","wide_rate",3,"gene162",FALSE,1.217,11.68,154.2,10,1.168
"mle","wide_rate",3,"gene162",FALSE,1.217,21.03,154.2,18.01,1.168
"master","wide_rate",3,"gene162",FALSE,1.217,1.992,154.2,1.705,1.168
"master","wide_rate",3,"gene163",FALSE,3.018,5.346,1.688,1.83,2.922
"mle","wide_rate",3,"gene163",FALSE,3.018,5.732,1.688,1.962,2.922
"cap_10s","wide_rate",3,"gene163",FALSE,3.018,5.732,1.688,1.962,2.922
"master","wide_rate",3,"gene164",FALSE,1.363,4.007,37.24,3.238,1.237
"cap_10s","wide_rate",3,"gene164",FALSE,1.363,12.37,37.24,10,1.237
"mle","wide_rate",3,"gene164",FALSE,1.363,37.49,37.24,30.3,1.237
"cap_10s","wide_rate",3,"gene165",FALSE,4.545,46.66,20.98,10,4.666
"master","wide_rate",3,"gene165",FALSE,4.545,10.95,20.98,2.347,4.666
"mle","wide_rate",3,"gene165",FALSE,4.545,48.87,20.98,10.47,4.666
"mle","wide_rate",3,"gene166",FALSE,2.702,93.76,15.93,37.58,2.495
"master","wide_rate",3,"gene166",FALSE,2.702,5.552,15.93,2.225,2.495
"cap_10s","wide_rate",3,"gene166",FALSE,2.702,24.95,15.93,10,2.495
"mle","wide_rate",3,"gene167",FALSE,3.782,20.48,3.804,5.763,3.553
"master","wide_rate",3,"gene167",FALSE,3.782,7.584,3.804,2.135,3.553
"cap_10s","wide_rate",3,"gene167",FALSE,3.782,20.48,3.804,5.763,3.553
"master","wide_rate",3,"gene168",FALSE,1.213,2.796,1.907,2.44,1.146
"cap_10s","wide_rate",3,"gene168",FALSE,1.213,3.094,1.907,2.7,1.146
"mle","wide_rate",3,"gene168",FALSE,1.213,3.094,1.907,2.7,1.146
"master","wide_rate",3,"gene169",FALSE,1.728,1.841,0.9083,1.04,1.77
"cap_10s","wide_rate",3,"gene169",FALSE,1.728,1.841,0.9083,1.04,1.77
"mle","wide_rate",3,"gene169",FALSE,1.728,1.841,0.9083,1.04,1.77
"cap_10s","wide_rate",3,"gene17",FALSE,3.233,3.289,1.383,1.275,2.58
"master","wide_rate",3,"gene17",FALSE,3.233,3.289,1.383,1.275,2.58
"mle","wide_rate",3,"gene17",FALSE,3.233,3.289,1.383,1.275,2.58
"master","wide_rate",3,"gene170",FALSE,2.443,6.501,17.64,3.007,2.162
"mle","wide_rate",3,"gene170",FALSE,2.443,205.7,17.64,95.15,2.162
"cap_10s","wide_rate",3,"gene170",FALSE,2.443,21.62,17.64,10,2.162
"cap_10s","wide_rate",3,"gene171",FALSE,2.552,9.776,4.207,4.164,2.348
"master","wide_rate",3,"gene171",FALSE,2.552,4.172,4.207,1.777,2.348
"mle","wide_rate",3,"gene171",FALSE,2.552,9.776,4.207,4.164,2.348
"master","wide_rate",3,"gene172",FALSE,3.273,6.414,16.89,2.058,3.117
"cap_10s","wide_rate",3,"gene172",FALSE,3.273,28.03,16.89,8.995,3.117
"mle","wide_rate",3,"gene172",FALSE,3.273,28.03,16.89,8.995,3.117
"master","wide_rate",3,"gene173",TRUE,2.015,3.891,31.08,1.832,2.124
"cap_10s","wide_rate",3,"gene173",TRUE,2.015,21.24,31.08,10,2.124
"mle","wide_rate",3,"gene173",TRUE,2.015,9319000,31.08,4388000,2.124
"cap_10s","wide_rate",3,"gene174",FALSE,2.555,24.27,19.53,10,2.427
"mle","wide_rate",3,"gene174",FALSE,2.555,37.16,19.53,15.31,2.427
"master","wide_rate",3,"gene174",FALSE,2.555,4.449,19.53,1.833,2.427
"cap_10s","wide_rate",3,"gene175",FALSE,1.97,8.414,3.78,4.917,1.711
"mle","wide_rate",3,"gene175",FALSE,1.97,8.414,3.78,4.917,1.711
"master","wide_rate",3,"gene175",FALSE,1.97,2.823,3.78,1.65,1.711
"master","wide_rate",3,"gene176",FALSE,4.693,5.6,1.113,1.244,4.502
"mle","wide_rate",3,"gene176",FALSE,4.693,5.6,1.113,1.244,4.502
"cap_10s","wide_rate",3,"gene176",FALSE,4.693,5.6,1.113,1.244,4.502
"master","wide_rate",3,"gene177",FALSE,0.9467,0.4364,0.5684,0.5733,0.7612
"cap_10s","wide_rate",3,"gene177",FALSE,0.9467,0.4364,0.5684,0.5733,0.7612
"mle","wide_rate",3,"gene177",FALSE,0.9467,0.4364,0.5684,0.5733,0.7612
"cap_10s","wide_rate",3,"gene178",FALSE,2.64,20.06,13.8,7.991,2.511
"master","wide_rate",3,"gene178",FALSE,2.64,4.717,13.8,1.879,2.511
"mle","wide_rate",3,"gene178",FALSE,2.64,20.06,13.8,7.991,2.511
"mle","wide_rate",3,"gene179",FALSE,1.145,2.12,1.886,2.434,0.8707
"master","wide_rate",3,"gene179",FALSE,1.145,2.12,1.886,2.434,0.8707
"cap_10s","wide_rate",3,"gene179",FALSE,1.145,2.12,1.886,2.434,0.8707
"mle","wide_rate",3,"gene18",FALSE,0.905,2.137,1.201,1.947,1.098
"master","wide_rate",3,"gene18",FALSE,0.905,1.765,1.201,1.608,1.098
"cap_10s","wide_rate",3,"gene18",FALSE,0.905,2.137,1.201,1.947,1.098
"mle","wide_rate",3,"gene180",FALSE,4.37,10.2,2.409,2.458,4.15
"master","wide_rate",3,"gene180",FALSE,4.37,7.515,2.409,1.811,4.15
"cap_10s","wide_rate",3,"gene180",FALSE,4.37,10.2,2.409,2.458,4.15
"cap_10s","wide_rate",3,"gene181",FALSE,1.91,18.14,34.88,10,1.814
"master","wide_rate",3,"gene181",FALSE,1.91,3.44,34.88,1.896,1.814
"mle","wide_rate",3,"gene181",FALSE,1.91,64.31,34.88,35.45,1.814
"cap_10s","wide_rate",3,"gene182",FALSE,4.103,40.14,47.09,10,4.014
"mle","wide_rate",3,"gene182",FALSE,4.103,81.94,47.09,20.41,4.014
"master","wide_rate",3,"gene182",FALSE,4.103,9.252,47.09,2.305,4.014
"mle","wide_rate",3,"gene183",FALSE,2.713,102.1,34.33,38.98,2.619
"cap_10s","wide_rate",3,"gene183",FALSE,2.713,26.19,34.33,10,2.619
"master","wide_rate",3,"gene183",FALSE,2.713,7.156,34.33,2.732,2.619
"master","wide_rate",3,"gene184",TRUE,1.198,1.955,60.65,2.047,0.9552
"cap_10s","wide_rate",3,"gene184",TRUE,1.198,9.552,60.65,10,0.9552
"mle","wide_rate",3,"gene184",TRUE,1.198,5644000,60.65,5909000,0.9552
"master","wide_rate",3,"gene185",FALSE,1.328,2.199,88.4,1.638,1.342
"cap_10s","wide_rate",3,"gene185",FALSE,1.328,13.42,88.4,10,1.342
"mle","wide_rate",3,"gene185",FALSE,1.328,21.42,88.4,15.96,1.342
"cap_10s","wide_rate",3,"gene186",FALSE,1.598,13.34,11.2,10,1.334
"master","wide_rate",3,"gene186",FALSE,1.598,2.727,11.2,2.045,1.334
"mle","wide_rate",3,"gene186",FALSE,1.598,22.36,11.2,16.76,1.334
"cap_10s","wide_rate",3,"gene187",FALSE,2.558,24.84,22.4,10,2.484
"master","wide_rate",3,"gene187",FALSE,2.558,4.555,22.4,1.834,2.484
"mle","wide_rate",3,"gene187",FALSE,2.558,28.37,22.4,11.42,2.484
"cap_10s","wide_rate",3,"gene188",FALSE,1.258,1.611,1.45,1.329,1.212
"master","wide_rate",3,"gene188",FALSE,1.258,1.611,1.45,1.329,1.212
"mle","wide_rate",3,"gene188",FALSE,1.258,1.611,1.45,1.329,1.212
"cap_10s","wide_rate",3,"gene189",FALSE,3.662,3.253,1.046,0.9007,3.611
"master","wide_rate",3,"gene189",FALSE,3.662,3.253,1.046,0.9007,3.611
"mle","wide_rate",3,"gene189",FALSE,3.662,3.253,1.046,0.9007,3.611
"master","wide_rate",3,"gene19",FALSE,2.555,4.948,4.457,2.585,1.914
"cap_10s","wide_rate",3,"gene19",FALSE,2.555,12.23,4.457,6.39,1.914
"mle","wide_rate",3,"gene19",FALSE,2.555,12.23,4.457,6.39,1.914
"cap_10s","wide_rate",3,"gene190",FALSE,5.1,47.05,123.8,10,4.705
"master","wide_rate",3,"gene190",FALSE,5.1,11.28,123.8,2.397,4.705
"mle","wide_rate",3,"gene190",FALSE,5.1,169.6,123.8,36.04,4.705
"mle","wide_rate",3,"gene191",FALSE,1.127,21.12,13.86,20.32,1.039
"cap_10s","wide_rate",3,"gene191",FALSE,1.127,10.39,13.86,10,1.039
"master","wide_rate",3,"gene191",FALSE,1.127,2.498,13.86,2.403,1.039
"master","wide_rate",3,"gene192",FALSE,2.725,4.876,7.673,1.827,2.668
"mle","wide_rate",3,"gene192",FALSE,2.725,22.72,7.673,8.513,2.668
"cap_10s","wide_rate",3,"gene192",FALSE,2.725,22.72,7.673,8.513,2.668
"master","wide_rate",3,"gene193",FALSE,3.168,6.448,11.31,2.172,2.968
"mle","wide_rate",3,"gene193",FALSE,3.168,15.11,11.31,5.091,2.968
"cap_10s","wide_rate",3,"gene193",FALSE,3.168,15.11,11.31,5.091,2.968
"master","wide_rate",3,"gene194",FALSE,4.11,9.949,4.189,2.724,3.653
"mle","wide_rate",3,"gene194",FALSE,4.11,19.94,4.189,5.459,3.653
"cap_10s","wide_rate",3,"gene194",FALSE,4.11,19.94,4.189,5.459,3.653
"master","wide_rate",3,"gene195",FALSE,1.422,2.235,4.334,1.749,1.278
"mle","wide_rate",3,"gene195",FALSE,1.422,14.05,4.334,10.99,1.278
"cap_10s","wide_rate",3,"gene195",FALSE,1.422,12.78,4.334,10,1.278
"master","wide_rate",3,"gene196",FALSE,1.565,2.909,39.48,1.865,1.56
"mle","wide_rate",3,"gene196",FALSE,1.565,378.2,39.48,242.4,1.56
"cap_10s","wide_rate",3,"gene196",FALSE,1.565,15.6,39.48,10,1.56
"master","wide_rate",3,"gene197",FALSE,1.622,2.869,25.72,2.087,1.375
"mle","wide_rate",3,"gene197",FALSE,1.622,11.99,25.72,8.723,1.375
"cap_10s","wide_rate",3,"gene197",FALSE,1.622,11.99,25.72,8.723,1.375
"master","wide_rate",3,"gene198",FALSE,2.305,5.106,111,2.233,2.287
"mle","wide_rate",3,"gene198",FALSE,2.305,203.8,111,89.12,2.287
"cap_10s","wide_rate",3,"gene198",FALSE,2.305,22.87,111,10,2.287
"master","wide_rate",3,"gene199",FALSE,4.638,9.429,11.12,2.406,3.919
"cap_10s","wide_rate",3,"gene199",FALSE,4.638,27.07,11.12,6.907,3.919
"mle","wide_rate",3,"gene199",FALSE,4.638,27.07,11.12,6.907,3.919
"cap_10s","wide_rate",3,"gene2",TRUE,3.06,34.45,27.21,10,3.445
"master","wide_rate",3,"gene2",TRUE,3.06,6.498,27.21,1.886,3.445
"mle","wide_rate",3,"gene2",TRUE,3.06,26620000,27.21,7727000,3.445
"cap_10s","wide_rate",3,"gene20",FALSE,1.822,17.83,30.8,10,1.783
"mle","wide_rate",3,"gene20",FALSE,1.822,23.92,30.8,13.42,1.783
"master","wide_rate",3,"gene20",FALSE,1.822,7.257,30.8,4.07,1.783
"master","wide_rate",3,"gene200",FALSE,2.747,6.349,9.265,2.524,2.516
"mle","wide_rate",3,"gene200",FALSE,2.747,31.92,9.265,12.69,2.516
"cap_10s","wide_rate",3,"gene200",FALSE,2.747,25.16,9.265,10,2.516
"mle","wide_rate",3,"gene201",FALSE,1.887,39.69,103,25.37,1.564
"cap_10s","wide_rate",3,"gene201",FALSE,1.887,15.64,103,10,1.564
"master","wide_rate",3,"gene201",FALSE,1.887,7.645,103,4.888,1.564
"mle","wide_rate",3,"gene202",FALSE,1.967,7.984,7.264,3.976,2.008
"cap_10s","wide_rate",3,"gene202",FALSE,1.967,7.984,7.264,3.976,2.008
"master","wide_rate",3,"gene202",FALSE,1.967,4.132,7.264,2.058,2.008
"cap_10s","wide_rate",3,"gene203",FALSE,3.718,31.01,41.43,10,3.101
"master","wide_rate",3,"gene203",FALSE,3.718,7.258,41.43,2.341,3.101
"mle","wide_rate",3,"gene203",FALSE,3.718,41.71,41.43,13.45,3.101
"master","wide_rate",3,"gene204",FALSE,2.013,4.407,14.53,2.294,1.922
"mle","wide_rate",3,"gene204",FALSE,2.013,98.8,14.53,51.42,1.922
"cap_10s","wide_rate",3,"gene204",FALSE,2.013,19.22,14.53,10,1.922
"cap_10s","wide_rate",3,"gene205",TRUE,2.228,20.3,54.45,10,2.03
"master","wide_rate",3,"gene205",TRUE,2.228,4.235,54.45,2.086,2.03
"mle","wide_rate",3,"gene205",TRUE,2.228,4255000,54.45,2096000,2.03
"master","wide_rate",3,"gene206",FALSE,3.467,2.278,0.6181,0.6889,3.306
"mle","wide_rate",3,"gene206",FALSE,3.467,2.278,0.6181,0.6889,3.306
"cap_10s","wide_rate",3,"gene206",FALSE,3.467,2.278,0.6181,0.6889,3.306
"mle","wide_rate",3,"gene207",FALSE,3.728,70.36,117.5,19.23,3.658
"master","wide_rate",3,"gene207",FALSE,3.728,8.481,117.5,2.318,3.658
"cap_10s","wide_rate",3,"gene207",FALSE,3.728,36.58,117.5,10,3.658
"master","wide_rate",3,"gene208",FALSE,3.61,7.792,18.04,2.251,3.461
"mle","wide_rate",3,"gene208",FALSE,3.61,44.3,18.04,12.8,3.461
"cap_10s","wide_rate",3,"gene208",FALSE,3.61,34.61,18.04,10,3.461
"master","wide_rate",3,"gene209",FALSE,1.713,5.429,5.606,3.554,1.528
"cap_10s","wide_rate",3,"gene209",FALSE,1.713,6.395,5.606,4.186,1.528
"mle","wide_rate",3,"gene209",FALSE,1.713,6.395,5.606,4.186,1.528
"cap_10s","wide_rate",3,"gene21",FALSE,1.798,13.03,169.9,10,1.303
"mle","wide_rate",3,"gene21",FALSE,1.798,20.3,169.9,15.58,1.303
"master","wide_rate",3,"gene21",FALSE,1.798,3.558,169.9,2.731,1.303
"master","wide_rate",3,"gene210",FALSE,1.507,2.851,1.952,1.918,1.486
"mle","wide_rate",3,"gene210",FALSE,1.507,3.658,1.952,2.462,1.486
"cap_10s","wide_rate",3,"gene210",FALSE,1.507,3.658,1.952,2.462,1.486
"master","wide_rate",3,"gene211",FALSE,1.402,2.653,87.34,2.054,1.292
"cap_10s","wide_rate",3,"gene211",FALSE,1.402,12.92,87.34,10,1.292
"mle","wide_rate",3,"gene211",FALSE,1.402,27.55,87.34,21.33,1.292
"cap_10s","wide_rate",3,"gene212",TRUE,3.34,29.82,82.81,10,2.982
"master","wide_rate",3,"gene212",TRUE,3.34,7.092,82.81,2.378,2.982
"mle","wide_rate",3,"gene212",TRUE,3.34,18030000,82.81,6048000,2.982
"master","wide_rate",3,"gene213",FALSE,1.778,4.127,18.25,2.539,1.625
"cap_10s","wide_rate",3,"gene213",FALSE,1.778,16.25,18.25,10,1.625
"mle","wide_rate",3,"gene213",FALSE,1.778,18.58,18.25,11.43,1.625
"cap_10s","wide_rate",3,"gene214",FALSE,1.242,12.08,19.14,10,1.208
"master","wide_rate",3,"gene214",FALSE,1.242,2.558,19.14,2.118,1.208
"mle","wide_rate",3,"gene214",FALSE,1.242,52.98,19.14,43.86,1.208
"cap_10s","wide_rate",3,"gene215",FALSE,4.468,37.01,10.3,9.379,3.946
"mle","wide_rate",3,"gene215",FALSE,4.468,37.01,10.3,9.379,3.946
"master","wide_rate",3,"gene215",FALSE,4.468,11.34,10.3,2.875,3.946
"cap_10s","wide_rate",3,"gene216",FALSE,4.39,2.175,0.506,0.5331,4.081
"master","wide_rate",3,"gene216",FALSE,4.39,2.175,0.506,0.5331,4.081
"mle","wide_rate",3,"gene216",FALSE,4.39,2.175,0.506,0.5331,4.081
"master","wide_rate",3,"gene217",FALSE,1.155,2.187,1.657,2.116,1.034
"mle","wide_rate",3,"gene217",FALSE,1.155,2.187,1.657,2.116,1.034
"cap_10s","wide_rate",3,"gene217",FALSE,1.155,2.187,1.657,2.116,1.034
"cap_10s","wide_rate",3,"gene218",FALSE,3.807,36.98,17.28,10,3.698
"master","wide_rate",3,"gene218",FALSE,3.807,7.117,17.28,1.925,3.698
"mle","wide_rate",3,"gene218",FALSE,3.807,68.84,17.28,18.62,3.698
"master","wide_rate",3,"gene219",FALSE,3.475,6.65,6.486,1.981,3.356
"mle","wide_rate",3,"gene219",FALSE,3.475,21.66,6.486,6.453,3.356
"cap_10s","wide_rate",3,"gene219",FALSE,3.475,21.66,6.486,6.453,3.356
"mle","wide_rate",3,"gene22",FALSE,2.773,7.839,1.904,2.556,3.067
"master","wide_rate",3,"gene22",FALSE,2.773,6.135,1.904,2,3.067
"cap_10s","wide_rate",3,"gene22",FALSE,2.773,7.839,1.904,2.556,3.067
"mle","wide_rate",3,"gene220",FALSE,1.538,13.46,135.5,9.143,1.473
"cap_10s","wide_rate",3,"gene220",FALSE,1.538,13.46,135.5,9.143,1.473
"master","wide_rate",3,"gene220",FALSE,1.538,3.252,135.5,2.208,1.473
"mle","wide_rate",3,"gene221",FALSE,1.493,9.641,119.1,6.893,1.399
"cap_10s","wide_rate",3,"gene221",FALSE,1.493,9.641,119.1,6.893,1.399
"master","wide_rate",3,"gene221",FALSE,1.493,3.241,119.1,2.317,1.399
"cap_10s","wide_rate",3,"gene222",FALSE,2.798,20.86,10.2,8.89,2.347
"master","wide_rate",3,"gene222",FALSE,2.798,5.64,10.2,2.403,2.347
"mle","wide_rate",3,"gene222",FALSE,2.798,20.86,10.2,8.89,2.347
"master","wide_rate",3,"gene223",FALSE,1.213,2.422,2.698,2.098,1.154
"cap_10s","wide_rate",3,"gene223",FALSE,1.213,5.328,2.698,4.616,1.154
"mle","wide_rate",3,"gene223",FALSE,1.213,5.328,2.698,4.616,1.154
"cap_10s","wide_rate",3,"gene224",FALSE,1.375,13.93,34.01,10,1.393
"master","wide_rate",3,"gene224",FALSE,1.375,2.705,34.01,1.942,1.393
"mle","wide_rate",3,"gene224",FALSE,1.375,22,34.01,15.79,1.393
"cap_10s","wide_rate",3,"gene225",FALSE,2.818,5.729,2.053,2.092,2.739
"master","wide_rate",3,"gene225",FALSE,2.818,5.646,2.053,2.061,2.739
"mle","wide_rate",3,"gene225",FALSE,2.818,5.729,2.053,2.092,2.739
"cap_10s","wide_rate",3,"gene226",TRUE,1.843,15.42,146,10,1.542
"master","wide_rate",3,"gene226",TRUE,1.843,3.388,146,2.197,1.542
"mle","wide_rate",3,"gene226",TRUE,1.843,11210000,146,7269000,1.542
"cap_10s","wide_rate",3,"gene227",FALSE,2.28,8.188,3.913,4.562,1.795
"master","wide_rate",3,"gene227",FALSE,2.28,5.081,3.913,2.831,1.795
"mle","wide_rate",3,"gene227",FALSE,2.28,8.188,3.913,4.562,1.795
"cap_10s","wide_rate",3,"gene228",FALSE,4.193,35.92,72.44,10,3.592
"master","wide_rate",3,"gene228",FALSE,4.193,6.776,72.44,1.886,3.592
"mle","wide_rate",3,"gene228",FALSE,4.193,64.35,72.44,17.91,3.592
"cap_10s","wide_rate",3,"gene229",FALSE,1.152,10.83,90.02,10,1.083
"master","wide_rate",3,"gene229",FALSE,1.152,1.667,90.02,1.539,1.083
"mle","wide_rate",3,"gene229",FALSE,1.152,35.28,90.02,32.56,1.083
"master","wide_rate",3,"gene23",FALSE,3.365,4.019,1.708,1.52,2.645
"cap_10s","wide_rate",3,"gene23",FALSE,3.365,4.019,1.708,1.52,2.645
"mle","wide_rate",3,"gene23",FALSE,3.365,4.019,1.708,1.52,2.645
"cap_10s","wide_rate",3,"gene230",FALSE,2.638,23.63,101,10,2.363
"master","wide_rate",3,"gene230",FALSE,2.638,4.727,101,2,2.363
"mle","wide_rate",3,"gene230",FALSE,2.638,50.6,101,21.41,2.363
"mle","wide_rate",3,"gene231",FALSE,3.408,5.347,1.857,2.103,2.543
"cap_10s","wide_rate",3,"gene231",FALSE,3.408,5.347,1.857,2.103,2.543
"master","wide_rate",3,"gene231",FALSE,3.408,5.347,1.857,2.103,2.543
"master","wide_rate",3,"gene232",FALSE,1.79,2.909,14.14,1.67,1.742
"mle","wide_rate",3,"gene232",FALSE,1.79,12.5,14.14,7.175,1.742
"cap_10s","wide_rate",3,"gene232",FALSE,1.79,12.5,14.14,7.175,1.742
"master","wide_rate",3,"gene233",FALSE,1.365,2.354,11.66,1.726,1.364
"mle","wide_rate",3,"gene233",FALSE,1.365,37.15,11.66,27.24,1.364
"cap_10s","wide_rate",3,"gene233",FALSE,1.365,13.64,11.66,10,1.364
"master","wide_rate",3,"gene234",FALSE,3.418,7.752,5.242,2.563,3.024
"mle","wide_rate",3,"gene234",FALSE,3.418,20.22,5.242,6.685,3.024
"cap_10s","wide_rate",3,"gene234",FALSE,3.418,20.22,5.242,6.685,3.024
"master","wide_rate",3,"gene235",FALSE,1.673,1.501,0.7299,1.06,1.416
"mle","wide_rate",3,"gene235",FALSE,1.673,1.501,0.7299,1.06,1.416
"cap_10s","wide_rate",3,"gene235",FALSE,1.673,1.501,0.7299,1.06,1.416
"master","wide_rate",3,"gene236",FALSE,2.893,6.847,2.53,2.698,2.538
"mle","wide_rate",3,"gene236",FALSE,2.893,6.847,2.53,2.698,2.538
"cap_10s","wide_rate",3,"gene236",FALSE,2.893,6.847,2.53,2.698,2.538
"master","wide_rate",3,"gene237",FALSE,3.833,8.742,7.085,2.218,3.941
"cap_10s","wide_rate",3,"gene237",FALSE,3.833,30.01,7.085,7.614,3.941
"mle","wide_rate",3,"gene237",FALSE,3.833,30.01,7.085,7.614,3.941
"master","wide_rate",3,"gene238",FALSE,1.148,2.344,68.23,2.291,1.023
"cap_10s","wide_rate",3,"gene238",FALSE,1.148,10.23,68.23,10,1.023
"mle","wide_rate",3,"gene238",FALSE,1.148,90.73,68.23,88.66,1.023
"cap_10s","wide_rate",3,"gene239",FALSE,1.057,0.9942,0.872,0.9703,1.025
"mle","wide_rate",3,"gene239",FALSE,1.057,0.9942,0.872,0.9703,1.025
"master","wide_rate",3,"gene239",FALSE,1.057,0.9942,0.872,0.9703,1.025
"cap_10s","wide_rate",3,"gene24",TRUE,2.958,31.62,136,10,3.162
"master","wide_rate",3,"gene24",TRUE,2.958,6.075,136,1.921,3.162
"mle","wide_rate",3,"gene24",TRUE,2.958,11860000,136,3750000,3.162
"mle","wide_rate",3,"gene240",TRUE,1.903,8249000,154,4684000,1.761
"master","wide_rate",3,"gene240",TRUE,1.903,3.981,154,2.261,1.761
"cap_10s","wide_rate",3,"gene240",TRUE,1.903,17.61,154,10,1.761
"master","wide_rate",3,"gene241",FALSE,3.945,7.129,20.37,1.944,3.667
"cap_10s","wide_rate",3,"gene241",FALSE,3.945,35.12,20.37,9.578,3.667
"mle","wide_rate",3,"gene241",FALSE,3.945,35.12,20.37,9.578,3.667
"master","wide_rate",3,"gene242",FALSE,3.73,7.372,68.46,1.979,3.724
"cap_10s","wide_rate",3,"gene242",FALSE,3.73,37.24,68.46,10,3.724
"mle","wide_rate",3,"gene242",FALSE,3.73,50.24,68.46,13.49,3.724
"cap_10s","wide_rate",3,"gene243",FALSE,2.113,1.885,1.025,0.9966,1.891
"mle","wide_rate",3,"gene243",FALSE,2.113,1.885,1.025,0.9966,1.891
"master","wide_rate",3,"gene243",FALSE,2.113,1.885,1.025,0.9966,1.891
"master","wide_rate",3,"gene244",FALSE,4.507,10.51,2.823,2.798,3.754
"mle","wide_rate",3,"gene244",FALSE,4.507,10.51,2.823,2.798,3.754
"cap_10s","wide_rate",3,"gene244",FALSE,4.507,10.51,2.823,2.798,3.754
"master","wide_rate",3,"gene245",FALSE,0.815,1.292,0.8063,1.464,0.8827
"mle","wide_rate",3,"gene245",FALSE,0.815,1.292,0.8063,1.464,0.8827
"cap_10s","wide_rate",3,"gene245",FALSE,0.815,1.292,0.8063,1.464,0.8827
"master","wide_rate",3,"gene246",FALSE,2.682,5.494,7.113,2.171,2.53
"mle","wide_rate",3,"gene246",FALSE,2.682,60.83,7.113,24.04,2.53
"cap_10s","wide_rate",3,"gene246",FALSE,2.682,25.3,7.113,10,2.53
"mle","wide_rate",3,"gene247",FALSE,2.18,4.848,1.695,2.628,1.844
"cap_10s","wide_rate",3,"gene247",FALSE,2.18,4.848,1.695,2.628,1.844
"master","wide_rate",3,"gene247",FALSE,2.18,4.848,1.695,2.628,1.844
"master","wide_rate",3,"gene248",FALSE,1.57,1.744,1.19,1.309,1.332
"mle","wide_rate",3,"gene248",FALSE,1.57,1.744,1.19,1.309,1.332
"cap_10s","wide_rate",3,"gene248",FALSE,1.57,1.744,1.19,1.309,1.332
"master","wide_rate",3,"gene249",FALSE,1.133,2.773,46.2,2.764,1.003
"mle","wide_rate",3,"gene249",FALSE,1.133,136.4,46.2,135.9,1.003
"cap_10s","wide_rate",3,"gene249",FALSE,1.133,10.03,46.2,10,1.003
"cap_10s","wide_rate",3,"gene25",FALSE,1.372,5.493,2.985,4.997,1.099
"master","wide_rate",3,"gene25",FALSE,1.372,1.946,2.985,1.771,1.099
"mle","wide_rate",3,"gene25",FALSE,1.372,5.493,2.985,4.997,1.099
"master","wide_rate",3,"gene250",FALSE,1.477,0.8639,0.6118,0.6389,1.352
"mle","wide_rate",3,"gene250",FALSE,1.477,0.8639,0.6118,0.6389,1.352
"cap_10s","wide_rate",3,"gene250",FALSE,1.477,0.8639,0.6118,0.6389,1.352
"master","wide_rate",3,"gene251",FALSE,2.34,4.216,2.336,2.073,2.034
"mle","wide_rate",3,"gene251",FALSE,2.34,5.171,2.336,2.543,2.034
"cap_10s","wide_rate",3,"gene251",FALSE,2.34,5.171,2.336,2.543,2.034
"cap_10s","wide_rate",3,"gene252",FALSE,1.163,2.746,2.718,2.336,1.175
"master","wide_rate",3,"gene252",FALSE,1.163,2.141,2.718,1.821,1.175
"mle","wide_rate",3,"gene252",FALSE,1.163,2.746,2.718,2.336,1.175
"master","wide_rate",3,"gene253",FALSE,1.223,1.805,1.142,1.519,1.188
"mle","wide_rate",3,"gene253",FALSE,1.223,1.805,1.142,1.519,1.188
"cap_10s","wide_rate",3,"gene253",FALSE,1.223,1.805,1.142,1.519,1.188
"master","wide_rate",3,"gene254",TRUE,1.422,4.13,169.9,3.4,1.215
"mle","wide_rate",3,"gene254",TRUE,1.422,6933000,169.9,5706000,1.215
"cap_10s","wide_rate",3,"gene254",TRUE,1.422,12.15,169.9,10,1.215
"master","wide_rate",3,"gene255",FALSE,5.452,4.078,0.7692,0.8624,4.729
"mle","wide_rate",3,"gene255",FALSE,5.452,4.078,0.7692,0.8624,4.729
"cap_10s","wide_rate",3,"gene255",FALSE,5.452,4.078,0.7692,0.8624,4.729
"cap_10s","wide_rate",3,"gene256",FALSE,1.44,5.855,2.586,4.978,1.176
"mle","wide_rate",3,"gene256",FALSE,1.44,5.855,2.586,4.978,1.176
"master","wide_rate",3,"gene256",FALSE,1.44,3.142,2.586,2.672,1.176
"master","wide_rate",3,"gene257",FALSE,3.325,6.019,2.46,1.971,3.053
"mle","wide_rate",3,"gene257",FALSE,3.325,7.822,2.46,2.562,3.053
"cap_10s","wide_rate",3,"gene257",FALSE,3.325,7.822,2.46,2.562,3.053
"master","wide_rate",3,"gene258",FALSE,1.607,3.172,20.24,2.189,1.449
"mle","wide_rate",3,"gene258",FALSE,1.607,26.88,20.24,18.55,1.449
"cap_10s","wide_rate",3,"gene258",FALSE,1.607,14.49,20.24,10,1.449
"master","wide_rate",3,"gene259",TRUE,3.213,6.394,145.8,2.134,2.996
"mle","wide_rate",3,"gene259",TRUE,3.213,16420000,145.8,5480000,2.996
"cap_10s","wide_rate",3,"gene259",TRUE,3.213,29.96,145.8,10,2.996
"cap_10s","wide_rate",3,"gene26",FALSE,4.688,50.93,11.79,10,5.093
"master","wide_rate",3,"gene26",FALSE,4.688,17.61,11.79,3.457,5.093
"mle","wide_rate",3,"gene26",FALSE,4.688,60.98,11.79,11.97,5.093
"mle","wide_rate",3,"gene260",FALSE,1.948,40.03,17.87,25.71,1.557
"cap_10s","wide_rate",3,"gene260",FALSE,1.948,15.57,17.87,10,1.557
"master","wide_rate",3,"gene260",FALSE,1.948,4.039,17.87,2.595,1.557
"master","wide_rate",3,"gene261",TRUE,2.65,4.254,22.32,1.684,2.526
"mle","wide_rate",3,"gene261",TRUE,2.65,8888000,22.32,3518000,2.526
"cap_10s","wide_rate",3,"gene261",TRUE,2.65,25.26,22.32,10,2.526
"mle","wide_rate",3,"gene262",FALSE,2.037,46.7,22.08,25.03,1.866
"cap_10s","wide_rate",3,"gene262",FALSE,2.037,18.66,22.08,10,1.866
"master","wide_rate",3,"gene262",FALSE,2.037,3.66,22.08,1.962,1.866
"mle","wide_rate",3,"gene263",FALSE,1.68,1.385,1.211,1.041,1.33
"cap_10s","wide_rate",3,"gene263",FALSE,1.68,1.385,1.211,1.041,1.33
"master","wide_rate",3,"gene263",FALSE,1.68,1.385,1.211,1.041,1.33
"mle","wide_rate",3,"gene264",TRUE,3.627,15290000,172.4,4742000,3.223
"cap_10s","wide_rate",3,"gene264",TRUE,3.627,32.23,172.4,10,3.223
"master","wide_rate",3,"gene264",TRUE,3.627,7.501,172.4,2.327,3.223
"master","wide_rate",3,"gene265",FALSE,3.015,5.984,11.55,1.969,3.039
"cap_10s","wide_rate",3,"gene265",FALSE,3.015,30.39,11.55,10,3.039
"mle","wide_rate",3,"gene265",FALSE,3.015,35.76,11.55,11.77,3.039
"master","wide_rate",3,"gene266",FALSE,4.802,8.55,2.968,2.024,4.224
"cap_10s","wide_rate",3,"gene266",FALSE,4.802,27.81,2.968,6.584,4.224
"mle","wide_rate",3,"gene266",FALSE,4.802,27.81,2.968,6.584,4.224
"master","wide_rate",3,"gene267",FALSE,1.643,3.732,101.4,2.319,1.61
"mle","wide_rate",3,"gene267",FALSE,1.643,57.19,101.4,35.53,1.61
"cap_10s","wide_rate",3,"gene267",FALSE,1.643,16.1,101.4,10,1.61
"master","wide_rate",3,"gene268",FALSE,2.293,4.047,33.4,1.781,2.273
"mle","wide_rate",3,"gene268",FALSE,2.293,20.62,33.4,9.076,2.273
"cap_10s","wide_rate",3,"gene268",FALSE,2.293,20.62,33.4,9.076,2.273
"mle","wide_rate",3,"gene269",FALSE,3.883,42.08,85.1,11.05,3.808
"cap_10s","wide_rate",3,"gene269",FALSE,3.883,38.08,85.1,10,3.808
"master","wide_rate",3,"gene269",FALSE,3.883,9.19,85.1,2.413,3.808
"cap_10s","wide_rate",3,"gene27",TRUE,3.037,24.18,41.19,10,2.418
"mle","wide_rate",3,"gene27",TRUE,3.037,3048000,41.19,1260000,2.418
"master","wide_rate",3,"gene27",TRUE,3.037,4.144,41.19,1.713,2.418
"cap_10s","wide_rate",3,"gene270",FALSE,1.995,7.349,2.888,3.7,1.986
"master","wide_rate",3,"gene270",FALSE,1.995,3.741,2.888,1.883,1.986
"mle","wide_rate",3,"gene270",FALSE,1.995,7.349,2.888,3.7,1.986
"master","wide_rate",3,"gene271",FALSE,3.333,8.723,2.817,2.801,3.114
"mle","wide_rate",3,"gene271",FALSE,3.333,11.16,2.817,3.583,3.114
"cap_10s","wide_rate",3,"gene271",FALSE,3.333,11.16,2.817,3.583,3.114
"master","wide_rate",3,"gene272",FALSE,3.982,11.89,17.39,3.545,3.353
"mle","wide_rate",3,"gene272",FALSE,3.982,40.91,17.39,12.2,3.353
"cap_10s","wide_rate",3,"gene272",FALSE,3.982,33.53,17.39,10,3.353
"mle","wide_rate",3,"gene273",FALSE,3.295,5.635,1.995,1.744,3.231
"master","wide_rate",3,"gene273",FALSE,3.295,5.635,1.995,1.744,3.231
"cap_10s","wide_rate",3,"gene273",FALSE,3.295,5.635,1.995,1.744,3.231
"mle","wide_rate",3,"gene274",FALSE,2.17,31.99,146.1,14.04,2.279
"master","wide_rate",3,"gene274",FALSE,2.17,4.176,146.1,1.832,2.279
"cap_10s","wide_rate",3,"gene274",FALSE,2.17,22.79,146.1,10,2.279
"master","wide_rate",3,"gene275",TRUE,1.195,1.774,21.86,1.772,1.001
"mle","wide_rate",3,"gene275",TRUE,1.195,3678000,21.86,3673000,1.001
"cap_10s","wide_rate",3,"gene275",TRUE,1.195,10.01,21.86,10,1.001
"master","wide_rate",3,"gene276",FALSE,1.38,2.152,126.6,1.647,1.307
"mle","wide_rate",3,"gene276",FALSE,1.38,40.26,126.6,30.81,1.307
"cap_10s","wide_rate",3,"gene276",FALSE,1.38,13.07,126.6,10,1.307
"master","wide_rate",3,"gene277",TRUE,2.453,4.783,100.3,1.914,2.499
"mle","wide_rate",3,"gene277",TRUE,2.453,12510000,100.3,5006000,2.499
"cap_10s","wide_rate",3,"gene277",TRUE,2.453,24.99,100.3,10,2.499
"master","wide_rate",3,"gene278",FALSE,3.23,5.166,32.04,1.653,3.125
"cap_10s","wide_rate",3,"gene278",FALSE,3.23,31.25,32.04,10,3.125
"mle","wide_rate",3,"gene278",FALSE,3.23,315.5,32.04,101,3.125
"cap_10s","wide_rate",3,"gene279",FALSE,2.02,18.06,57.36,10,1.806
"mle","wide_rate",3,"gene279",FALSE,2.02,117.8,57.36,65.26,1.806
"master","wide_rate",3,"gene279",FALSE,2.02,5.357,57.36,2.966,1.806
"cap_10s","wide_rate",3,"gene28",FALSE,3.203,30.03,102.3,10,3.003
"mle","wide_rate",3,"gene28",FALSE,3.203,42.81,102.3,14.26,3.003
"master","wide_rate",3,"gene28",FALSE,3.203,10.97,102.3,3.654,3.003
"mle","wide_rate",3,"gene280",FALSE,2.922,149.3,195.1,54.34,2.748
"master","wide_rate",3,"gene280",FALSE,2.922,6.091,195.1,2.216,2.748
"cap_10s","wide_rate",3,"gene280",FALSE,2.922,27.48,195.1,10,2.748
"mle","wide_rate",3,"gene281",FALSE,4.433,58.03,14.44,14.75,3.935
"master","wide_rate",3,"gene281",FALSE,4.433,11.07,14.44,2.812,3.935
"cap_10s","wide_rate",3,"gene281",FALSE,4.433,39.35,14.44,10,3.935
"master","wide_rate",3,"gene282",FALSE,1.197,2.322,74.22,1.936,1.199
"cap_10s","wide_rate",3,"gene282",FALSE,1.197,11.99,74.22,10,1.199
"mle","wide_rate",3,"gene282",FALSE,1.197,14.79,74.22,12.33,1.199
"cap_10s","wide_rate",3,"gene283",FALSE,1.463,1.554,1.304,1.171,1.326
"mle","wide_rate",3,"gene283",FALSE,1.463,1.554,1.304,1.171,1.326
"master","wide_rate",3,"gene283",FALSE,1.463,1.554,1.304,1.171,1.326
"master","wide_rate",3,"gene284",FALSE,2.628,3.643,1.547,1.577,2.31
"mle","wide_rate",3,"gene284",FALSE,2.628,3.643,1.547,1.577,2.31
"cap_10s","wide_rate",3,"gene284",FALSE,2.628,3.643,1.547,1.577,2.31
"master","wide_rate",3,"gene285",FALSE,2.528,4.295,1.393,1.79,2.4
"mle","wide_rate",3,"gene285",FALSE,2.528,4.295,1.393,1.79,2.4
"cap_10s","wide_rate",3,"gene285",FALSE,2.528,4.295,1.393,1.79,2.4
"master","wide_rate",3,"gene286",TRUE,2.61,5.907,49.18,2.683,2.201
"mle","wide_rate",3,"gene286",TRUE,2.61,3379000,49.18,1535000,2.201
"cap_10s","wide_rate",3,"gene286",TRUE,2.61,22.01,49.18,10,2.201
"mle","wide_rate",3,"gene287",FALSE,0.99,32.54,168.1,33.7,0.9655
"cap_10s","wide_rate",3,"gene287",FALSE,0.99,9.655,168.1,10,0.9655
"master","wide_rate",3,"gene287",FALSE,0.99,1.529,168.1,1.584,0.9655
"master","wide_rate",3,"gene288",FALSE,0.9833,2.298,7.399,2.51,0.9154
"mle","wide_rate",3,"gene288",FALSE,0.9833,12.67,7.399,13.84,0.9154
"cap_10s","wide_rate",3,"gene288",FALSE,0.9833,9.154,7.399,10,0.9154
"master","wide_rate",3,"gene289",FALSE,3.767,4.645,1.545,1.322,3.513
"mle","wide_rate",3,"gene289",FALSE,3.767,4.645,1.545,1.322,3.513
"cap_10s","wide_rate",3,"gene289",FALSE,3.767,4.645,1.545,1.322,3.513
"cap_10s","wide_rate",3,"gene29",FALSE,1.517,12.65,16.65,10,1.265
"master","wide_rate",3,"gene29",FALSE,1.517,2.119,16.65,1.675,1.265
"mle","wide_rate",3,"gene29",FALSE,1.517,66.08,16.65,52.22,1.265
"master","wide_rate",3,"gene290",FALSE,1.552,3.057,2.732,2.028,1.507
"mle","wide_rate",3,"gene290",FALSE,1.552,5.253,2.732,3.485,1.507
"cap_10s","wide_rate",3,"gene290",FALSE,1.552,5.253,2.732,3.485,1.507
"master","wide_rate",3,"gene291",FALSE,2.413,5.079,18.99,2.468,2.058
"mle","wide_rate",3,"gene291",FALSE,2.413,19.36,18.99,9.406,2.058
"cap_10s","wide_rate",3,"gene291",FALSE,2.413,19.36,18.99,9.406,2.058
"cap_10s","wide_rate",3,"gene292",FALSE,2.508,19.82,195.4,10,1.982
"master","wide_rate",3,"gene292",FALSE,2.508,6.743,195.4,3.402,1.982
"mle","wide_rate",3,"gene292",FALSE,2.508,39.06,195.4,19.71,1.982
"master","wide_rate",3,"gene293",FALSE,2.062,6.301,15.74,3.855,1.634
"mle","wide_rate",3,"gene293",FALSE,2.062,12.23,15.74,7.486,1.634
"cap_10s","wide_rate",3,"gene293",FALSE,2.062,12.23,15.74,7.486,1.634
"master","wide_rate",3,"gene294",FALSE,4.547,2.136,0.5268,0.5267,4.055
"mle","wide_rate",3,"gene294",FALSE,4.547,2.136,0.5268,0.5267,4.055
"cap_10s","wide_rate",3,"gene294",FALSE,4.547,2.136,0.5268,0.5267,4.055
"master","wide_rate",3,"gene295",TRUE,1.593,2.713,21.32,1.841,1.474
"mle","wide_rate",3,"gene295",TRUE,1.593,15940000,21.32,10810000,1.474
"cap_10s","wide_rate",3,"gene295",TRUE,1.593,14.74,21.32,10,1.474
"cap_10s","wide_rate",3,"gene296",FALSE,2.372,2.126,0.764,0.8857,2.4
"mle","wide_rate",3,"gene296",FALSE,2.372,2.126,0.764,0.8857,2.4
"master","wide_rate",3,"gene296",FALSE,2.372,2.126,0.764,0.8857,2.4
"master","wide_rate",3,"gene297",TRUE,2.138,7.018,137.3,3.644,1.926
"mle","wide_rate",3,"gene297",TRUE,2.138,7083000,137.3,3678000,1.926
"cap_10s","wide_rate",3,"gene297",TRUE,2.138,19.26,137.3,10,1.926
"master","wide_rate",3,"gene298",TRUE,2.358,5.124,98.23,2.257,2.27
"mle","wide_rate",3,"gene298",TRUE,2.358,9506000,98.23,4187000,2.27
"cap_10s","wide_rate",3,"gene298",TRUE,2.358,22.7,98.23,10,2.27
"master","wide_rate",3,"gene299",FALSE,4.665,3.093,0.6655,0.7453,4.15
"mle","wide_rate",3,"gene299",FALSE,4.665,3.093,0.6655,0.7453,4.15
"cap_10s","wide_rate",3,"gene299",FALSE,4.665,3.093,0.6655,0.7453,4.15
"cap_10s","wide_rate",3,"gene3",FALSE,3.145,10.75,5.879,4.084,2.631
"master","wide_rate",3,"gene3",FALSE,3.145,4.404,5.879,1.674,2.631
"mle","wide_rate",3,"gene3",FALSE,3.145,10.75,5.879,4.084,2.631
"cap_10s","wide_rate",3,"gene30",FALSE,1.013,0.6197,0.6973,0.5472,1.133
"master","wide_rate",3,"gene30",FALSE,1.013,0.6197,0.6973,0.5472,1.133
"mle","wide_rate",3,"gene30",FALSE,1.013,0.6197,0.6973,0.5472,1.133
"mle","wide_rate",3,"gene300",FALSE,1.18,11.44,7.941,9.927,1.152
"cap_10s","wide_rate",3,"gene300",FALSE,1.18,11.44,7.941,9.927,1.152
"master","wide_rate",3,"gene300",FALSE,1.18,2.011,7.941,1.745,1.152
"master","wide_rate",3,"gene31",FALSE,1.932,4.052,17.02,2.247,1.803
"mle","wide_rate",3,"gene31",FALSE,1.932,20.1,17.02,11.14,1.803
"cap_10s","wide_rate",3,"gene31",FALSE,1.932,18.03,17.02,10,1.803
"mle","wide_rate",3,"gene32",TRUE,1.578,17080000,26,10990000,1.555
"cap_10s","wide_rate",3,"gene32",TRUE,1.578,15.55,26,10,1.555
"master","wide_rate",3,"gene32",TRUE,1.578,2.568,26,1.652,1.555
"cap_10s","wide_rate",3,"gene33",FALSE,1.072,8.948,30.1,10,0.8948
"master","wide_rate",3,"gene33",FALSE,1.072,1.784,30.1,1.994,0.8948
"mle","wide_rate",3,"gene33",FALSE,1.072,44.07,30.1,49.26,0.8948
"cap_10s","wide_rate",3,"gene34",FALSE,2.135,15.6,5.506,10,1.56
"master","wide_rate",3,"gene34",FALSE,2.135,7.194,5.506,4.613,1.56
"mle","wide_rate",3,"gene34",FALSE,2.135,26.37,5.506,16.91,1.56
"master","wide_rate",3,"gene35",TRUE,1.545,2.756,51.94,1.818,1.516
"cap_10s","wide_rate",3,"gene35",TRUE,1.545,15.16,51.94,10,1.516
"mle","wide_rate",3,"gene35",TRUE,1.545,8817000,51.94,5816000,1.516
"master","wide_rate",3,"gene36",FALSE,1.225,2.629,20.05,2.315,1.136
"cap_10s","wide_rate",3,"gene36",FALSE,1.225,11.36,20.05,10,1.136
"mle","wide_rate",3,"gene36",FALSE,1.225,20.77,20.05,18.29,1.136
"mle","wide_rate",3,"gene37",FALSE,1.303,20.06,5.714,17.36,1.155
"cap_10s","wide_rate",3,"gene37",FALSE,1.303,11.55,5.714,10,1.155
"master","wide_rate",3,"gene37",FALSE,1.303,3.018,5.714,2.613,1.155
"mle","wide_rate",3,"gene38",FALSE,0.9283,3.518,2.757,3.84,0.916
"cap_10s","wide_rate",3,"gene38",FALSE,0.9283,3.518,2.757,3.84,0.916
"master","wide_rate",3,"gene38",FALSE,0.9283,1.978,2.757,2.159,0.916
"mle","wide_rate",3,"gene39",TRUE,1.89,6890000,113.5,4152000,1.659
"cap_10s","wide_rate",3,"gene39",TRUE,1.89,16.59,113.5,10,1.659
"master","wide_rate",3,"gene39",TRUE,1.89,3.307,113.5,1.993,1.659
"cap_10s","wide_rate",3,"gene4",FALSE,1.773,1.389,0.8002,0.7542,1.842
"master","wide_rate",3,"gene4",FALSE,1.773,1.389,0.8002,0.7542,1.842
"mle","wide_rate",3,"gene4",FALSE,1.773,1.389,0.8002,0.7542,1.842
"cap_10s","wide_rate",3,"gene40",FALSE,1.338,11.06,13.24,9.291,1.19
"master","wide_rate",3,"gene40",FALSE,1.338,2.735,13.24,2.298,1.19
"mle","wide_rate",3,"gene40",FALSE,1.338,11.06,13.24,9.291,1.19
"mle","wide_rate",3,"gene41",FALSE,1.053,3.081,2.45,3.155,0.9768
"cap_10s","wide_rate",3,"gene41",FALSE,1.053,3.081,2.45,3.155,0.9768
"master","wide_rate",3,"gene41",FALSE,1.053,2.413,2.45,2.47,0.9768
"cap_10s","wide_rate",3,"gene42",TRUE,4.683,40.55,32.52,10,4.055
"master","wide_rate",3,"gene42",TRUE,4.683,12.3,32.52,3.033,4.055
"mle","wide_rate",3,"gene42",TRUE,4.683,10250000,32.52,2527000,4.055
"cap_10s","wide_rate",3,"gene43",FALSE,2.418,5.031,1.704,2.271,2.215
"master","wide_rate",3,"gene43",FALSE,2.418,4.19,1.704,1.891,2.215
"mle","wide_rate",3,"gene43",FALSE,2.418,5.031,1.704,2.271,2.215
"cap_10s","wide_rate",3,"gene44",FALSE,1.777,15.79,47.09,10,1.579
"master","wide_rate",3,"gene44",FALSE,1.777,4.743,47.09,3.004,1.579
"mle","wide_rate",3,"gene44",FALSE,1.777,19.58,47.09,12.4,1.579
"mle","wide_rate",3,"gene45",FALSE,1.048,1.889,1.41,1.887,1.001
"master","wide_rate",3,"gene45",FALSE,1.048,1.511,1.41,1.51,1.001
"cap_10s","wide_rate",3,"gene45",FALSE,1.048,1.889,1.41,1.887,1.001
"cap_10s","wide_rate",3,"gene46",FALSE,1.682,8.988,3.638,5.701,1.577
"master","wide_rate",3,"gene46",FALSE,1.682,5.203,3.638,3.3,1.577
"mle","wide_rate",3,"gene46",FALSE,1.682,8.988,3.638,5.701,1.577
"cap_10s","wide_rate",3,"gene47",FALSE,4.927,16.95,3.349,3.91,4.335
"master","wide_rate",3,"gene47",FALSE,4.927,8.853,3.349,2.042,4.335
"mle","wide_rate",3,"gene47",FALSE,4.927,16.95,3.349,3.91,4.335
"cap_10s","wide_rate",3,"gene48",FALSE,2.275,19.34,14.45,9.196,2.103
"master","wide_rate",3,"gene48",FALSE,2.275,3.953,14.45,1.88,2.103
"mle","wide_rate",3,"gene48",FALSE,2.275,19.34,14.45,9.196,2.103
"master","wide_rate",3,"gene49",FALSE,3.258,8.247,22.71,2.709,3.044
"mle","wide_rate",3,"gene49",FALSE,3.258,69.77,22.71,22.92,3.044
"cap_10s","wide_rate",3,"gene49",FALSE,3.258,30.44,22.71,10,3.044
"mle","wide_rate",3,"gene5",FALSE,2.067,94.09,14.53,58,1.622
"master","wide_rate",3,"gene5",FALSE,2.067,5.081,14.53,3.132,1.622
"cap_10s","wide_rate",3,"gene5",FALSE,2.067,16.22,14.53,10,1.622
"cap_10s","wide_rate",3,"gene50",FALSE,3.223,29.47,9.75,10,2.947
"master","wide_rate",3,"gene50",FALSE,3.223,5.031,9.75,1.707,2.947
"mle","wide_rate",3,"gene50",FALSE,3.223,122.6,9.75,41.6,2.947
"cap_10s","wide_rate",3,"gene51",FALSE,3.95,2.011,0.5637,0.5302,3.792
"master","wide_rate",3,"gene51",FALSE,3.95,2.011,0.5637,0.5302,3.792
"mle","wide_rate",3,"gene51",FALSE,3.95,2.011,0.5637,0.5302,3.792
"cap_10s","wide_rate",3,"gene52",FALSE,1.838,17.93,15.61,10,1.793
"master","wide_rate",3,"gene52",FALSE,1.838,2.811,15.61,1.568,1.793
"mle","wide_rate",3,"gene52",FALSE,1.838,18.26,15.61,10.19,1.793
"cap_10s","wide_rate",3,"gene53",FALSE,4.355,38.53,5.644,8.853,4.352
"master","wide_rate",3,"gene53",FALSE,4.355,10.52,5.644,2.417,4.352
"mle","wide_rate",3,"gene53",FALSE,4.355,38.53,5.644,8.853,4.352
"mle","wide_rate",3,"gene54",FALSE,2.422,48.62,23.26,21.45,2.266
"cap_10s","wide_rate",3,"gene54",FALSE,2.422,22.66,23.26,10,2.266
"master","wide_rate",3,"gene54",FALSE,2.422,4.147,23.26,1.83,2.266
"cap_10s","wide_rate",3,"gene55",FALSE,2.067,7.952,3.025,4.74,1.678
"master","wide_rate",3,"gene55",FALSE,2.067,3.063,3.025,1.826,1.678
"mle","wide_rate",3,"gene55",FALSE,2.067,7.952,3.025,4.74,1.678
"cap_10s","wide_rate",3,"gene56",FALSE,1.252,0.735,0.6193,0.6433,1.143
"master","wide_rate",3,"gene56",FALSE,1.252,0.735,0.6193,0.6433,1.143
"mle","wide_rate",3,"gene56",FALSE,1.252,0.735,0.6193,0.6433,1.143
"cap_10s","wide_rate",3,"gene57",FALSE,2.933,28.66,9.894,10,2.866
"master","wide_rate",3,"gene57",FALSE,2.933,5.923,9.894,2.066,2.866
"mle","wide_rate",3,"gene57",FALSE,2.933,115.4,9.894,40.26,2.866
"mle","wide_rate",3,"gene58",FALSE,2.597,3.679,1.203,1.547,2.378
"master","wide_rate",3,"gene58",FALSE,2.597,3.679,1.203,1.547,2.378
"cap_10s","wide_rate",3,"gene58",FALSE,2.597,3.679,1.203,1.547,2.378
"master","wide_rate",3,"gene59",FALSE,2.07,3.644,4.392,1.791,2.035
"cap_10s","wide_rate",3,"gene59",FALSE,2.07,14.9,4.392,7.323,2.035
"mle","wide_rate",3,"gene59",FALSE,2.07,14.9,4.392,7.323,2.035
"cap_10s","wide_rate",3,"gene6",FALSE,1.458,6.587,3.652,3.929,1.677
"master","wide_rate",3,"gene6",FALSE,1.458,3.484,3.652,2.078,1.677
"mle","wide_rate",3,"gene6",FALSE,1.458,6.587,3.652,3.929,1.677
"master","wide_rate",3,"gene60",FALSE,1.615,2.706,3.033,1.6,1.691
"cap_10s","wide_rate",3,"gene60",FALSE,1.615,4.624,3.033,2.734,1.691
"mle","wide_rate",3,"gene60",FALSE,1.615,4.624,3.033,2.734,1.691
"cap_10s","wide_rate",3,"gene61",TRUE,1.595,14.73,44.84,10,1.473
"mle","wide_rate",3,"gene61",TRUE,1.595,22690000,44.84,15410000,1.473
"master","wide_rate",3,"gene61",TRUE,1.595,2.776,44.84,1.885,1.473
"mle","wide_rate",3,"gene62",FALSE,2.448,46.78,61.7,21.25,2.201
"master","wide_rate",3,"gene62",FALSE,2.448,4.363,61.7,1.982,2.201
"cap_10s","wide_rate",3,"gene62",FALSE,2.448,22.01,61.7,10,2.201
"master","wide_rate",3,"gene63",TRUE,2.81,8.525,95.71,3.255,2.619
"cap_10s","wide_rate",3,"gene63",TRUE,2.81,26.19,95.71,10,2.619
"mle","wide_rate",3,"gene63",TRUE,2.81,8934000,95.71,3412000,2.619
"master","wide_rate",3,"gene64",TRUE,1.257,2.985,177.1,2.535,1.178
"cap_10s","wide_rate",3,"gene64",TRUE,1.257,11.78,177.1,10,1.178
"mle","wide_rate",3,"gene64",TRUE,1.257,10030000,177.1,8518000,1.178
"cap_10s","wide_rate",3,"gene65",FALSE,1.385,1.904,1.244,1.557,1.223
"master","wide_rate",3,"gene65",FALSE,1.385,1.904,1.244,1.557,1.223
"mle","wide_rate",3,"gene65",FALSE,1.385,1.904,1.244,1.557,1.223
"cap_10s","wide_rate",3,"gene66",FALSE,1.912,19.76,8.202,10,1.976
"master","wide_rate",3,"gene66",FALSE,1.912,4.269,8.202,2.161,1.976
"mle","wide_rate",3,"gene66",FALSE,1.912,38.58,8.202,19.53,1.976
"cap_10s","wide_rate",3,"gene67",FALSE,2.16,19.1,21.24,10,1.91
"master","wide_rate",3,"gene67",FALSE,2.16,5.423,21.24,2.839,1.91
"mle","wide_rate",3,"gene67",FALSE,2.16,30.36,21.24,15.9,1.91
"cap_10s","wide_rate",3,"gene68",FALSE,1.38,12.91,129.3,10,1.291
"master","wide_rate",3,"gene68",FALSE,1.38,2.685,129.3,2.081,1.291
"mle","wide_rate",3,"gene68",FALSE,1.38,13.05,129.3,10.11,1.291
"cap_10s","wide_rate",3,"gene69",FALSE,3.133,2.592,0.9922,0.95,2.728
"master","wide_rate",3,"gene69",FALSE,3.133,2.592,0.9922,0.95,2.728
"mle","wide_rate",3,"gene69",FALSE,3.133,2.592,0.9922,0.95,2.728
"cap_10s","wide_rate",3,"gene7",FALSE,2.822,9.236,3.522,4.028,2.293
"master","wide_rate",3,"gene7",FALSE,2.822,4.485,3.522,1.956,2.293
"mle","wide_rate",3,"gene7",FALSE,2.822,9.236,3.522,4.028,2.293
"mle","wide_rate",3,"gene70",FALSE,3.55,2.279,0.6552,0.6857,3.324
"cap_10s","wide_rate",3,"gene70",FALSE,3.55,2.279,0.6552,0.6857,3.324
"master","wide_rate",3,"gene70",FALSE,3.55,2.279,0.6552,0.6857,3.324
"master","wide_rate",3,"gene71",FALSE,4.18,6.725,1.65,1.678,4.008
"mle","wide_rate",3,"gene71",FALSE,4.18,6.725,1.65,1.678,4.008
"cap_10s","wide_rate",3,"gene71",FALSE,4.18,6.725,1.65,1.678,4.008
"master","wide_rate",3,"gene72",FALSE,2.205,6.415,25.41,3.244,1.978
"mle","wide_rate",3,"gene72",FALSE,2.205,108.4,25.41,54.81,1.978
"cap_10s","wide_rate",3,"gene72",FALSE,2.205,19.78,25.41,10,1.978
"master","wide_rate",3,"gene73",FALSE,3.795,7.231,23.56,2,3.616
"mle","wide_rate",3,"gene73",FALSE,3.795,68.62,23.56,18.98,3.616
"cap_10s","wide_rate",3,"gene73",FALSE,3.795,36.16,23.56,10,3.616
"master","wide_rate",3,"gene74",FALSE,2.053,1.713,0.8962,0.9616,1.781
"mle","wide_rate",3,"gene74",FALSE,2.053,1.713,0.8962,0.9616,1.781
"cap_10s","wide_rate",3,"gene74",FALSE,2.053,1.713,0.8962,0.9616,1.781
"master","wide_rate",3,"gene75",FALSE,1.767,4.132,4.863,2.613,1.581
"mle","wide_rate",3,"gene75",FALSE,1.767,17.54,4.863,11.1,1.581
"cap_10s","wide_rate",3,"gene75",FALSE,1.767,15.81,4.863,10,1.581
"master","wide_rate",3,"gene76",TRUE,3.45,9.469,126.3,3.042,3.113
"mle","wide_rate",3,"gene76",TRUE,3.45,14400000,126.3,4624000,3.113
"cap_10s","wide_rate",3,"gene76",TRUE,3.45,31.13,126.3,10,3.113
"master","wide_rate",3,"gene77",FALSE,1.205,1.527,1.212,1.386,1.102
"mle","wide_rate",3,"gene77",FALSE,1.205,1.527,1.212,1.386,1.102
"cap_10s","wide_rate",3,"gene77",FALSE,1.205,1.527,1.212,1.386,1.102
"master","wide_rate",3,"gene78",FALSE,3.385,2.986,0.9476,0.9732,3.069
"cap_10s","wide_rate",3,"gene78",FALSE,3.385,2.986,0.9476,0.9732,3.069
"mle","wide_rate",3,"gene78",FALSE,3.385,2.986,0.9476,0.9732,3.069
"master","wide_rate",3,"gene79",FALSE,1.733,2.732,19.12,1.561,1.75
"mle","wide_rate",3,"gene79",FALSE,1.733,49.17,19.12,28.09,1.75
"cap_10s","wide_rate",3,"gene79",FALSE,1.733,17.5,19.12,10,1.75
"cap_10s","wide_rate",3,"gene8",FALSE,1.872,3.372,1.83,1.597,2.111
"master","wide_rate",3,"gene8",FALSE,1.872,3.372,1.83,1.597,2.111
"mle","wide_rate",3,"gene8",FALSE,1.872,3.372,1.83,1.597,2.111
"mle","wide_rate",3,"gene80",FALSE,0.9967,0.5839,0.623,0.6199,0.9419
"cap_10s","wide_rate",3,"gene80",FALSE,0.9967,0.5839,0.623,0.6199,0.9419
"master","wide_rate",3,"gene80",FALSE,0.9967,0.5839,0.623,0.6199,0.9419
"mle","wide_rate",3,"gene81",FALSE,3.533,37.17,9.02,11.49,3.235
"cap_10s","wide_rate",3,"gene81",FALSE,3.533,32.35,9.02,10,3.235
"master","wide_rate",3,"gene81",FALSE,3.533,6.302,9.02,1.948,3.235
"cap_10s","wide_rate",3,"gene82",FALSE,2.458,1.985,0.9693,0.8677,2.288
"master","wide_rate",3,"gene82",FALSE,2.458,1.985,0.9693,0.8677,2.288
"mle","wide_rate",3,"gene82",FALSE,2.458,1.985,0.9693,0.8677,2.288
"master","wide_rate",3,"gene83",TRUE,2.903,7.283,129.4,2.679,2.718
"mle","wide_rate",3,"gene83",TRUE,2.903,22670000,129.4,8340000,2.718
"cap_10s","wide_rate",3,"gene83",TRUE,2.903,27.18,129.4,10,2.718
"cap_10s","wide_rate",3,"gene84",FALSE,1.237,1.026,0.9734,0.8641,1.188
"master","wide_rate",3,"gene84",FALSE,1.237,1.026,0.9734,0.8641,1.188
"mle","wide_rate",3,"gene84",FALSE,1.237,1.026,0.9734,0.8641,1.188
"master","wide_rate",3,"gene85",FALSE,2.378,1.426,0.5466,0.6523,2.186
"mle","wide_rate",3,"gene85",FALSE,2.378,1.426,0.5466,0.6523,2.186
"cap_10s","wide_rate",3,"gene85",FALSE,2.378,1.426,0.5466,0.6523,2.186
"mle","wide_rate",3,"gene86",FALSE,1.052,2.35,1.736,2.561,0.9175
"master","wide_rate",3,"gene86",FALSE,1.052,2.35,1.736,2.561,0.9175
"cap_10s","wide_rate",3,"gene86",FALSE,1.052,2.35,1.736,2.561,0.9175
"master","wide_rate",3,"gene87",FALSE,5.302,11.1,28.02,2.29,4.849
"mle","wide_rate",3,"gene87",FALSE,5.302,108.2,28.02,22.31,4.849
"cap_10s","wide_rate",3,"gene87",FALSE,5.302,48.49,28.02,10,4.849
"master","wide_rate",3,"gene88",TRUE,1.253,2.226,79.52,1.805,1.234
"cap_10s","wide_rate",3,"gene88",TRUE,1.253,12.34,79.52,10,1.234
"mle","wide_rate",3,"gene88",TRUE,1.253,4094000,79.52,3318000,1.234
"master","wide_rate",3,"gene89",FALSE,3.198,7.191,181.6,2.744,2.621
"mle","wide_rate",3,"gene89",FALSE,3.198,38.49,181.6,14.69,2.621
"cap_10s","wide_rate",3,"gene89",FALSE,3.198,26.21,181.6,10,2.621
"master","wide_rate",3,"gene9",FALSE,1.428,1.847,39.12,1.585,1.165
"mle","wide_rate",3,"gene9",FALSE,1.428,19.46,39.12,16.7,1.165
"cap_10s","wide_rate",3,"gene9",FALSE,1.428,11.65,39.12,10,1.165
"master","wide_rate",3,"gene90",FALSE,1.233,1.916,7.062,1.587,1.207
"cap_10s","wide_rate",3,"gene90",FALSE,1.233,7.227,7.062,5.987,1.207
"mle","wide_rate",3,"gene90",FALSE,1.233,7.227,7.062,5.987,1.207
"cap_10s","wide_rate",3,"gene91",FALSE,3.465,13.06,4.411,3.938,3.316
"master","wide_rate",3,"gene91",FALSE,3.465,7.689,4.411,2.319,3.316
"mle","wide_rate",3,"gene91",FALSE,3.465,13.06,4.411,3.938,3.316
"master","wide_rate",3,"gene92",TRUE,2.013,3.568,85.44,1.867,1.911
"cap_10s","wide_rate",3,"gene92",TRUE,2.013,19.11,85.44,10,1.911
"mle","wide_rate",3,"gene92",TRUE,2.013,12460000,85.44,6519000,1.911
"cap_10s","wide_rate",3,"gene93",FALSE,1.75,7.835,5.722,4.313,1.817
"master","wide_rate",3,"gene93",FALSE,1.75,3.299,5.722,1.816,1.817
"mle","wide_rate",3,"gene93",FALSE,1.75,7.835,5.722,4.313,1.817
"cap_10s","wide_rate",3,"gene94",FALSE,1.905,1.584,1.012,0.9376,1.69
"mle","wide_rate",3,"gene94",FALSE,1.905,1.584,1.012,0.9376,1.69
"master","wide_rate",3,"gene94",FALSE,1.905,1.584,1.012,0.9376,1.69
"cap_10s","wide_rate",3,"gene95",FALSE,2.585,16.56,64.11,6.967,2.377
"master","wide_rate",3,"gene95",FALSE,2.585,5.045,64.11,2.122,2.377
"mle","wide_rate",3,"gene95",FALSE,2.585,16.56,64.11,6.967,2.377
"master","wide_rate",3,"gene96",FALSE,3.327,2.081,0.5298,0.8319,2.501
"mle","wide_rate",3,"gene96",FALSE,3.327,2.081,0.5298,0.8319,2.501
"cap_10s","wide_rate",3,"gene96",FALSE,3.327,2.081,0.5298,0.8319,2.501
"cap_10s","wide_rate",3,"gene97",FALSE,1.028,9.546,31.42,10,0.9546
"master","wide_rate",3,"gene97",FALSE,1.028,1.617,31.42,1.694,0.9546
"mle","wide_rate",3,"gene97",FALSE,1.028,33.98,31.42,35.6,0.9546
"master","wide_rate",3,"gene98",FALSE,3.152,6.014,20.71,1.955,3.076
"mle","wide_rate",3,"gene98",FALSE,3.152,36.64,20.71,11.91,3.076
"cap_10s","wide_rate",3,"gene98",FALSE,3.152,30.76,20.71,10,3.076
"mle","wide_rate",3,"gene99",TRUE,2.858,13220000,26.32,5151000,2.567
"cap_10s","wide_rate",3,"gene99",TRUE,2.858,25.67,26.32,10,2.567
"master","wide_rate",3,"gene99",TRUE,2.858,5.412,26.32,2.109,2.567
