"candidate","regime","expected","observed"
"master","null",1,0.99966
"master","null",0.94768,0.94391
"master","null",0.89811,0.89012
"master","null",0.85112,0.84114
"master","null",0.80659,0.80406
"master","null",0.7644,0.76898
"master","null",0.72441,0.73136
"master","null",0.68651,0.69675
"master","null",0.65059,0.66238
"master","null",0.61656,0.62645
"master","null",0.5843,0.59003
"master","null",0.55373,0.56161
"master","null",0.52476,0.5312
"master","null",0.49731,0.50175
"master","null",0.47129,0.47247
"master","null",0.44664,0.44766
"master","null",0.42327,0.42261
"master","null",0.40113,0.39788
"master","null",0.38014,0.37752
"master","null",0.36025,0.35547
"master","null",0.34141,0.33893
"master","null",0.32355,0.31659
"master","null",0.30662,0.29991
"master","null",0.29058,0.28025
"master","null",0.27538,0.2649
"master","null",0.26097,0.25008
"master","null",0.24732,0.23827
"master","null",0.23438,0.22772
"master","null",0.22212,0.2164
"master","null",0.2105,0.20422
"master","null",0.19948,0.19096
"master","null",0.18905,0.1822
"master","null",0.17916,0.17326
"master","null",0.16979,0.16362
"master","null",0.1609,0.15401
"master","null",0.15248,0.14556
"master","null",0.14451,0.13914
"master","null",0.13695,0.13304
"master","null",0.12978,0.12631
"master","null",0.12299,0.11841
"master","null",0.11656,0.11303
"master","null",0.11046,0.10695
"master","null",0.10468,0.10059
"master","null",0.099205,0.096745
"master","null",0.094015,0.091808
"master","null",0.089097,0.08697
"master","null",0.084436,0.082773
"master","null",0.080018,0.077897
"master","null",0.075832,0.074888
"master","null",0.071865,0.07229
"master","null",0.068105,0.069051
"master","null",0.064542,0.066419
"master","null",0.061166,0.063859
"master","null",0.057966,0.060853
"master","null",0.054933,0.056841
"master","null",0.052059,0.053357
"master","null",0.049336,0.051726
"master","null",0.046755,0.048053
"master","null",0.044309,0.044249
"master","null",0.041991,0.039302
"master","null",0.039794,0.037169
"master","null",0.037712,0.036504
"master","null",0.035739,0.033436
"master","null",0.033869,0.032075
"master","null",0.032098,0.030475
"master","null",0.030418,0.029072
"master","null",0.028827,0.027813
"master","null",0.027319,0.025608
"master","null",0.02589,0.023725
"master","null",0.024535,0.021834
"master","null",0.023252,0.020355
"master","null",0.022035,0.018565
"master","null",0.020882,0.017181
"master","null",0.01979,0.016604
"master","null",0.018755,0.014858
"master","null",0.017773,0.014037
"master","null",0.016844,0.013791
"master","null",0.015962,0.013325
"master","null",0.015127,0.013027
"master","null",0.014336,0.012892
"master","null",0.013586,0.011651
"master","null",0.012875,0.010953
"master","null",0.012202,0.010249
"master","null",0.011563,0.010072
"master","null",0.010958,0.0091281
"master","null",0.010385,0.0089545
"master","null",0.0098417,0.0087259
"master","null",0.0093268,0.0068788
"master","null",0.0088389,0.0066316
"master","null",0.0083765,0.0065784
"master","null",0.0079383,0.0054697
"master","null",0.007523,0.0053322
"master","null",0.0071294,0.0049789
"master","null",0.0067564,0.0049761
"master","null",0.0064029,0.004423
"master","null",0.006068,0.0040399
"master","null",0.0057505,0.0038628
"master","null",0.0054497,0.0037791
"master","null",0.0051646,0.0037744
"master","null",0.0048944,0.0035958
"master","null",0.0046383,0.0029677
"master","null",0.0043957,0.0029677
"master","null",0.0041657,0.0025893
"master","null",0.0039478,0.0021305
"master","null",0.0037412,0.0021305
"master","null",0.0035455,0.0020466
"master","null",0.00336,0.0020466
"master","null",0.0031842,0.0019338
"master","null",0.0030177,0.0019338
"master","null",0.0028598,0.0013229
"master","null",0.0027102,0.0013229
"master","null",0.0025684,0.0012908
"master","null",0.002434,0.0012908
"master","null",0.0023067,0.00098953
"master","null",0.002186,0.00098953
"master","null",0.0020716,0.00098953
"master","null",0.0019633,0.00069698
"master","null",0.0018606,0.00069698
"master","null",0.0017632,0.00069698
"master","null",0.001671,0.00069698
"master","null",0.0015836,0.00053369
"master","null",0.0015007,0.00053369
"master","null",0.0014222,0.00053369
"master","null",0.0013478,0.00053369
"master","null",0.0012773,0.00051976
"master","null",0.0012105,0.00051976
"master","null",0.0011471,0.00051976
"master","null",0.0010871,0.00051976
"master","null",0.0010303,0.00051976
"master","null",0.00097635,0.00046808
"master","null",0.00092527,0.00046808
"master","null",0.00087687,0.00046808
"master","null",0.00083099,0.00046808
"master","null",0.00078752,0.00046808
"master","null",0.00074632,0.00046808
"master","null",0.00070727,0.00046808
"master","null",0.00067027,0.00046808
"master","null",0.00063521,0.00026528
"master","null",0.00060198,0.00026528
"master","null",0.00057048,0.00026528
"master","null",0.00054064,0.00026528
"master","null",0.00051235,0.00026528
"master","null",0.00048555,0.00026528
"master","null",0.00046015,0.00026528
"master","null",0.00043607,0.00026528
"master","null",0.00041326,0.00026528
"master","null",0.00039164,0.00026528
"master","null",0.00037115,0.00026528
"master","null",0.00035173,0.00026528
"master","null",0.00033333,4.5095e-06
"master","baseline",1,0.99981
"master","baseline",0.94801,0.95209
"master","baseline",0.89872,0.89869
"master","baseline",0.852,0.84393
"master","baseline",0.8077,0.80204
"master","baseline",0.76571,0.76263
"master","baseline",0.7259,0.73141
"master","baseline",0.68816,0.69639
"master","baseline",0.65239,0.65934
"master","baseline",0.61847,0.62078
"master","baseline",0.58632,0.58696
"master","baseline",0.55583,0.55233
"master","baseline",0.52694,0.52546
"master","baseline",0.49954,0.50259
"master","baseline",0.47357,0.47755
"master","baseline",0.44895,0.45501
"master","baseline",0.42561,0.43093
"master","baseline",0.40348,0.40569
"master","baseline",0.3825,0.38423
"master","baseline",0.36262,0.36513
"master","baseline",0.34377,0.34758
"master","baseline",0.32589,0.32909
"master","baseline",0.30895,0.30717
"master","baseline",0.29289,0.28685
"master","baseline",0.27766,0.2691
"master","baseline",0.26323,0.25418
"master","baseline",0.24954,0.24226
"master","baseline",0.23657,0.23256
"master","baseline",0.22427,0.22322
"master","baseline",0.21261,0.21117
"master","baseline",0.20156,0.19978
"master","baseline",0.19108,0.18902
"master","baseline",0.18114,0.17921
"master","baseline",0.17172,0.17037
"master","baseline",0.1628,0.16262
"master","baseline",0.15433,0.1541
"master","baseline",0.14631,0.14463
"master","baseline",0.1387,0.13748
"master","baseline",0.13149,0.12924
"master","baseline",0.12466,0.12132
"master","baseline",0.11817,0.11458
"master","baseline",0.11203,0.10986
"master","baseline",0.10621,0.10506
"master","baseline",0.10068,0.09771
"master","baseline",0.09545,0.092965
"master","baseline",0.090488,0.089259
"master","baseline",0.085783,0.085039
"master","baseline",0.081324,0.079528
"master","baseline",0.077096,0.074228
"master","baseline",0.073087,0.071175
"master","baseline",0.069288,0.067347
"master","baseline",0.065685,0.06192
"master","baseline",0.06227,0.059211
"master","baseline",0.059033,0.057007
"master","baseline",0.055964,0.0528
"master","baseline",0.053054,0.049526
"master","baseline",0.050296,0.047363
"master","baseline",0.047681,0.045277
"master","baseline",0.045202,0.041871
"master","baseline",0.042852,0.041108
"master","baseline",0.040624,0.03859
"master","baseline",0.038512,0.035788
"master","baseline",0.03651,0.035537
"master","baseline",0.034612,0.033222
"master","baseline",0.032813,0.031023
"master","baseline",0.031107,0.028315
"master","baseline",0.029489,0.027592
"master","baseline",0.027956,0.026671
"master","baseline",0.026503,0.023781
"master","baseline",0.025125,0.022391
"master","baseline",0.023819,0.021564
"master","baseline",0.02258,0.02122
"master","baseline",0.021406,0.019218
"master","baseline",0.020294,0.016738
"master","baseline",0.019238,0.016141
"master","baseline",0.018238,0.015722
"master","baseline",0.01729,0.014504
"master","baseline",0.016391,0.013887
"master","baseline",0.015539,0.013287
"master","baseline",0.014731,0.012317
"master","baseline",0.013965,0.011152
"master","baseline",0.013239,0.010334
"master","baseline",0.012551,0.0098773
"master","baseline",0.011898,0.0085943
"master","baseline",0.01128,0.0079634
"master","baseline",0.010693,0.0074789
"master","baseline",0.010137,0.0063174
"master","baseline",0.0096104,0.0062148
"master","baseline",0.0091108,0.0057401
"master","baseline",0.0086371,0.0054348
"master","baseline",0.0081881,0.0052534
"master","baseline",0.0077624,0.0047665
"master","baseline",0.0073588,0.003771
"master","baseline",0.0069762,0.0035121
"master","baseline",0.0066135,0.0031846
"master","baseline",0.0062697,0.0027959
"master","baseline",0.0059437,0.0027872
"master","baseline",0.0056347,0.0027872
"master","baseline",0.0053418,0.0026077
"master","baseline",0.0050641,0.0017835
"master","baseline",0.0048008,0.0014973
"master","baseline",0.0045512,0.0012284
"master","baseline",0.0043146,0.0012284
"master","baseline",0.0040903,0.0010279
"master","baseline",0.0038776,0.0010279
"master","baseline",0.003676,0.00097208
"master","baseline",0.0034849,0.00090757
"master","baseline",0.0033037,0.00090757
"master","baseline",0.003132,0.00087251
"master","baseline",0.0029691,0.00087251
"master","baseline",0.0028148,0.00087251
"master","baseline",0.0026684,0.00059946
"master","baseline",0.0025297,0.00059946
"master","baseline",0.0023982,0.00053503
"master","baseline",0.0022735,0.00053503
"master","baseline",0.0021553,0.00053503
"master","baseline",0.0020433,0.00049317
"master","baseline",0.001937,0.00049317
"master","baseline",0.0018363,0.00049317
"master","baseline",0.0017409,0.00020133
"master","baseline",0.0016503,0.00020133
"master","baseline",0.0015645,0.00020133
"master","baseline",0.0014832,0.00020133
"master","baseline",0.0014061,0.00020133
"master","baseline",0.001333,0.00012061
"master","baseline",0.0012637,0.00012061
"master","baseline",0.001198,0.00012061
"master","baseline",0.0011357,0.00012061
"master","baseline",0.0010767,0.00012061
"master","baseline",0.0010207,9.5128e-05
"master","baseline",0.00096762,9.5128e-05
"master","baseline",0.00091732,9.5128e-05
"master","baseline",0.00086963,9.5128e-05
"master","baseline",0.00082441,9.5128e-05
"master","baseline",0.00078155,9.5128e-05
"master","baseline",0.00074092,9.5128e-05
"master","baseline",0.0007024,9.5128e-05
"master","baseline",0.00066588,7.5615e-05
"master","baseline",0.00063126,7.5615e-05
"master","baseline",0.00059844,7.5615e-05
"master","baseline",0.00056733,7.5615e-05
"master","baseline",0.00053784,7.5615e-05
"master","baseline",0.00050987,7.5615e-05
"master","baseline",0.00048337,7.5615e-05
"master","baseline",0.00045824,7.5615e-05
"master","baseline",0.00043441,7.5615e-05
"master","baseline",0.00041183,7.5615e-05
"master","baseline",0.00039042,7.5615e-05
"master","baseline",0.00037012,7.5615e-05
"master","baseline",0.00035088,7.2986e-05
"master","weak_de",1,0.99838
"master","weak_de",0.94835,0.95694
"master","weak_de",0.89938,0.90812
"master","weak_de",0.85293,0.86131
"master","weak_de",0.80888,0.82211
"master","weak_de",0.7671,0.78419
"master","weak_de",0.72749,0.74678
"master","weak_de",0.68991,0.7091
"master","weak_de",0.65428,0.6732
"master","weak_de",0.62049,0.64343
"master","weak_de",0.58845,0.61093
"master","weak_de",0.55806,0.58549
"master","weak_de",0.52923,0.55805
"master","weak_de",0.5019,0.5339
"master","weak_de",0.47598,0.50466
"master","weak_de",0.4514,0.47724
"master","weak_de",0.42809,0.45608
"master","weak_de",0.40598,0.4348
"master","weak_de",0.38501,0.40919
"master","weak_de",0.36513,0.38469
"master","weak_de",0.34627,0.36815
"master","weak_de",0.32839,0.35018
"master","weak_de",0.31143,0.33234
"master","weak_de",0.29534,0.31544
"master","weak_de",0.28009,0.30025
"master","weak_de",0.26562,0.28788
"master","weak_de",0.25191,0.27362
"master","weak_de",0.2389,0.26125
"master","weak_de",0.22656,0.24635
"master","weak_de",0.21486,0.23336
"master","weak_de",0.20376,0.21839
"master","weak_de",0.19324,0.20657
"master","weak_de",0.18326,0.19679
"master","weak_de",0.17379,0.1917
"master","weak_de",0.16482,0.18117
"master","weak_de",0.15631,0.17119
"master","weak_de",0.14823,0.16502
"master","weak_de",0.14058,0.15835
"master","weak_de",0.13332,0.15
"master","weak_de",0.12643,0.14068
"master","weak_de",0.1199,0.13279
"master","weak_de",0.11371,0.12663
"master","weak_de",0.10784,0.11667
"master","weak_de",0.10227,0.11134
"master","weak_de",0.096987,0.10564
"master","weak_de",0.091978,0.10077
"master","weak_de",0.087227,0.098197
"master","weak_de",0.082722,0.091702
"master","weak_de",0.07845,0.086093
"master","weak_de",0.074399,0.080231
"master","weak_de",0.070556,0.077042
"master","weak_de",0.066912,0.074097
"master","weak_de",0.063457,0.070244
"master","weak_de",0.060179,0.067591
"master","weak_de",0.057071,0.065958
"master","weak_de",0.054124,0.063769
"master","weak_de",0.051329,0.059094
"master","weak_de",0.048678,0.056142
"master","weak_de",0.046164,0.054781
"master","weak_de",0.04378,0.051401
"master","weak_de",0.041519,0.049994
"master","weak_de",0.039374,0.044953
"master","weak_de",0.037341,0.04162
"master","weak_de",0.035412,0.039978
"master","weak_de",0.033583,0.037538
"master","weak_de",0.031849,0.036874
"master","weak_de",0.030204,0.036169
"master","weak_de",0.028644,0.034575
"master","weak_de",0.027165,0.032778
"master","weak_de",0.025762,0.030066
"master","weak_de",0.024431,0.026661
"master","weak_de",0.02317,0.026092
"master","weak_de",0.021973,0.024118
"master","weak_de",0.020838,0.021624
"master","weak_de",0.019762,0.020731
"master","weak_de",0.018741,0.019764
"master","weak_de",0.017774,0.018367
"master","weak_de",0.016856,0.017935
"master","weak_de",0.015985,0.017489
"master","weak_de",0.01516,0.015918
"master","weak_de",0.014377,0.014944
"master","weak_de",0.013634,0.014763
"master","weak_de",0.01293,0.014574
"master","weak_de",0.012262,0.014571
"master","weak_de",0.011629,0.014161
"master","weak_de",0.011028,0.013642
"master","weak_de",0.010459,0.013445
"master","weak_de",0.0099186,0.012033
"master","weak_de",0.0094064,0.011452
"master","weak_de",0.0089206,0.011259
"master","weak_de",0.0084599,0.01092
"master","weak_de",0.008023,0.0098851
"master","weak_de",0.0076086,0.0097358
"master","weak_de",0.0072157,0.0094068
"master","weak_de",0.006843,0.0072354
"master","weak_de",0.0064896,0.0063256
"master","weak_de",0.0061544,0.006188
"master","weak_de",0.0058366,0.0060359
"master","weak_de",0.0055352,0.0059679
"master","weak_de",0.0052493,0.0059679
"master","weak_de",0.0049782,0.0049815
"master","weak_de",0.0047211,0.0042814
"master","weak_de",0.0044773,0.0042814
"master","weak_de",0.004246,0.0039881
"master","weak_de",0.0040267,0.003954
"master","weak_de",0.0038188,0.003954
"master","weak_de",0.0036216,0.003339
"master","weak_de",0.0034345,0.003339
"master","weak_de",0.0032571,0.0029944
"master","weak_de",0.0030889,0.0029944
"master","weak_de",0.0029294,0.0022734
"master","weak_de",0.0027781,0.0022734
"master","weak_de",0.0026346,0.0022734
"master","weak_de",0.0024986,0.0018075
"master","weak_de",0.0023695,0.0018075
"master","weak_de",0.0022471,0.0018075
"master","weak_de",0.0021311,0.0016495
"master","weak_de",0.002021,0.0016495
"master","weak_de",0.0019167,0.0016495
"master","weak_de",0.0018177,0.0015424
"master","weak_de",0.0017238,0.0015424
"master","weak_de",0.0016348,0.0015424
"master","weak_de",0.0015503,0.0015424
"master","weak_de",0.0014703,0.0014303
"master","weak_de",0.0013943,0.0014303
"master","weak_de",0.0013223,0.0014303
"master","weak_de",0.001254,0.0014303
"master","weak_de",0.0011893,0.0014303
"master","weak_de",0.0011278,0.0014303
"master","weak_de",0.0010696,0.0010185
"master","weak_de",0.0010144,0.0010185
"master","weak_de",0.00096197,0.0010185
"master","weak_de",0.00091229,0.0010185
"master","weak_de",0.00086518,0.0010185
"master","weak_de",0.00082049,0.0010185
"master","weak_de",0.00077812,0.0010185
"master","weak_de",0.00073793,0.00068585
"master","weak_de",0.00069982,0.00068585
"master","weak_de",0.00066368,0.00068585
"master","weak_de",0.0006294,0.00068585
"master","weak_de",0.0005969,0.00068585
"master","weak_de",0.00056607,0.00068585
"master","weak_de",0.00053684,0.00068585
"master","weak_de",0.00050911,0.00068585
"master","weak_de",0.00048282,0.00068585
"master","weak_de",0.00045788,0.00068585
"master","weak_de",0.00043423,0.00068585
"master","weak_de",0.00041181,0.00068585
"master","weak_de",0.00039054,0.00068585
"master","weak_de",0.00037037,0.00014347
"master","low_count",1,0.99976
"master","low_count",0.94835,0.95111
"master","low_count",0.89938,0.90087
"master","low_count",0.85293,0.85679
"master","low_count",0.80888,0.8139
"master","low_count",0.7671,0.77483
"master","low_count",0.72749,0.74578
"master","low_count",0.68991,0.70199
"master","low_count",0.65428,0.66567
"master","low_count",0.62049,0.63747
"master","low_count",0.58845,0.60654
"master","low_count",0.55806,0.57888
"master","low_count",0.52923,0.55264
"master","low_count",0.5019,0.52735
"master","low_count",0.47598,0.50634
"master","low_count",0.4514,0.4811
"master","low_count",0.42809,0.45841
"master","low_count",0.40598,0.43311
"master","low_count",0.38501,0.40931
"master","low_count",0.36513,0.39163
"master","low_count",0.34627,0.36841
"master","low_count",0.32839,0.34894
"master","low_count",0.31143,0.33148
"master","low_count",0.29534,0.31774
"master","low_count",0.28009,0.30319
"master","low_count",0.26562,0.29134
"master","low_count",0.25191,0.27675
"master","low_count",0.2389,0.26776
"master","low_count",0.22656,0.25279
"master","low_count",0.21486,0.24137
"master","low_count",0.20376,0.23067
"master","low_count",0.19324,0.22037
"master","low_count",0.18326,0.21186
"master","low_count",0.17379,0.20367
"master","low_count",0.16482,0.19009
"master","low_count",0.15631,0.18155
"master","low_count",0.14823,0.1734
"master","low_count",0.14058,0.16682
"master","low_count",0.13332,0.16153
"master","low_count",0.12643,0.15754
"master","low_count",0.1199,0.14768
"master","low_count",0.11371,0.14089
"master","low_count",0.10784,0.13445
"master","low_count",0.10227,0.12661
"master","low_count",0.096987,0.12161
"master","low_count",0.091978,0.11602
"master","low_count",0.087227,0.11103
"master","low_count",0.082722,0.10571
"master","low_count",0.07845,0.099529
"master","low_count",0.074399,0.093184
"master","low_count",0.070556,0.090494
"master","low_count",0.066912,0.087151
"master","low_count",0.063457,0.084563
"master","low_count",0.060179,0.081201
"master","low_count",0.057071,0.079426
"master","low_count",0.054124,0.078134
"master","low_count",0.051329,0.072505
"master","low_count",0.048678,0.069552
"master","low_count",0.046164,0.066361
"master","low_count",0.04378,0.062987
"master","low_count",0.041519,0.059763
"master","low_count",0.039374,0.056379
"master","low_count",0.037341,0.053781
"master","low_count",0.035412,0.049821
"master","low_count",0.033583,0.047764
"master","low_count",0.031849,0.04594
"master","low_count",0.030204,0.043733
"master","low_count",0.028644,0.041628
"master","low_count",0.027165,0.038308
"master","low_count",0.025762,0.037066
"master","low_count",0.024431,0.033828
"master","low_count",0.02317,0.033675
"master","low_count",0.021973,0.03289
"master","low_count",0.020838,0.032248
"master","low_count",0.019762,0.031932
"master","low_count",0.018741,0.028915
"master","low_count",0.017774,0.027455
"master","low_count",0.016856,0.024232
"master","low_count",0.015985,0.02208
"master","low_count",0.01516,0.020216
"master","low_count",0.014377,0.019092
"master","low_count",0.013634,0.017625
"master","low_count",0.01293,0.016841
"master","low_count",0.012262,0.016751
"master","low_count",0.011629,0.016181
"master","low_count",0.011028,0.015569
"master","low_count",0.010459,0.014354
"master","low_count",0.0099186,0.012976
"master","low_count",0.0094064,0.012321
"master","low_count",0.0089206,0.011658
"master","low_count",0.0084599,0.011428
"master","low_count",0.008023,0.0098676
"master","low_count",0.0076086,0.0091517
"master","low_count",0.0072157,0.008695
"master","low_count",0.006843,0.0080063
"master","low_count",0.0064896,0.0076092
"master","low_count",0.0061544,0.0073818
"master","low_count",0.0058366,0.0065772
"master","low_count",0.0055352,0.0062651
"master","low_count",0.0052493,0.0062651
"master","low_count",0.0049782,0.0062313
"master","low_count",0.0047211,0.0054409
"master","low_count",0.0044773,0.0054409
"master","low_count",0.004246,0.0053195
"master","low_count",0.0040267,0.0038709
"master","low_count",0.0038188,0.0038709
"master","low_count",0.0036216,0.0034314
"master","low_count",0.0034345,0.0034314
"master","low_count",0.0032571,0.0034082
"master","low_count",0.0030889,0.0034082
"master","low_count",0.0029294,0.0031677
"master","low_count",0.0027781,0.0031677
"master","low_count",0.0026346,0.0031677
"master","low_count",0.0024986,0.0025596
"master","low_count",0.0023695,0.0025596
"master","low_count",0.0022471,0.0025596
"master","low_count",0.0021311,0.0021328
"master","low_count",0.002021,0.0021328
"master","low_count",0.0019167,0.0021328
"master","low_count",0.0018177,0.0018927
"master","low_count",0.0017238,0.0018927
"master","low_count",0.0016348,0.0018927
"master","low_count",0.0015503,0.0018927
"master","low_count",0.0014703,0.0017662
"master","low_count",0.0013943,0.0017662
"master","low_count",0.0013223,0.0017662
"master","low_count",0.001254,0.0017662
"master","low_count",0.0011893,0.0017662
"master","low_count",0.0011278,0.0017662
"master","low_count",0.0010696,0.0016136
"master","low_count",0.0010144,0.0016136
"master","low_count",0.00096197,0.0016136
"master","low_count",0.00091229,0.0016136
"master","low_count",0.00086518,0.0016136
"master","low_count",0.00082049,0.0016136
"master","low_count",0.00077812,0.0016136
"master","low_count",0.00073793,0.00075353
"master","low_count",0.00069982,0.00075353
"master","low_count",0.00066368,0.00075353
"master","low_count",0.0006294,0.00075353
"master","low_count",0.0005969,0.00075353
"master","low_count",0.00056607,0.00075353
"master","low_count",0.00053684,0.00075353
"master","low_count",0.00050911,0.00075353
"master","low_count",0.00048282,0.00075353
"master","low_count",0.00045788,0.00075353
"master","low_count",0.00043423,0.00075353
"master","low_count",0.00041181,0.00075353
"master","low_count",0.00039054,0.00075353
"master","low_count",0.00037037,0.00072659
"master","wide_rate",1,0.99954
"master","wide_rate",0.94835,0.9504
"master","wide_rate",0.89938,0.8954
"master","wide_rate",0.85293,0.8464
"master","wide_rate",0.80888,0.79852
"master","wide_rate",0.7671,0.75833
"master","wide_rate",0.72749,0.72077
"master","wide_rate",0.68991,0.68424
"master","wide_rate",0.65428,0.65756
"master","wide_rate",0.62049,0.62945
"master","wide_rate",0.58845,0.59473
"master","wide_rate",0.55806,0.56565
"master","wide_rate",0.52923,0.53166
"master","wide_rate",0.5019,0.50395
"master","wide_rate",0.47598,0.48128
"master","wide_rate",0.4514,0.46219
"master","wide_rate",0.42809,0.44069
"master","wide_rate",0.40598,0.41994
"master","wide_rate",0.38501,0.39972
"master","wide_rate",0.36513,0.38727
"master","wide_rate",0.34627,0.36588
"master","wide_rate",0.32839,0.35226
"master","wide_rate",0.31143,0.33562
"master","wide_rate",0.29534,0.31998
"master","wide_rate",0.28009,0.30285
"master","wide_rate",0.26562,0.28643
"master","wide_rate",0.25191,0.27224
"master","wide_rate",0.2389,0.26155
"master","wide_rate",0.22656,0.24899
"master","wide_rate",0.21486,0.23545
"master","wide_rate",0.20376,0.22395
"master","wide_rate",0.19324,0.21277
"master","wide_rate",0.18326,0.2059
"master","wide_rate",0.17379,0.19571
"master","wide_rate",0.16482,0.1882
"master","wide_rate",0.15631,0.17861
"master","wide_rate",0.14823,0.17168
"master","wide_rate",0.14058,0.16493
"master","wide_rate",0.13332,0.15924
"master","wide_rate",0.12643,0.15309
"master","wide_rate",0.1199,0.14516
"master","wide_rate",0.11371,0.13543
"master","wide_rate",0.10784,0.12767
"master","wide_rate",0.10227,0.12232
"master","wide_rate",0.096987,0.11704
"master","wide_rate",0.091978,0.11308
"master","wide_rate",0.087227,0.1103
"master","wide_rate",0.082722,0.10233
"master","wide_rate",0.07845,0.097832
"master","wide_rate",0.074399,0.093302
"master","wide_rate",0.070556,0.089679
"master","wide_rate",0.066912,0.085627
"master","wide_rate",0.063457,0.08022
"master","wide_rate",0.060179,0.075041
"master","wide_rate",0.057071,0.071822
"master","wide_rate",0.054124,0.066164
"master","wide_rate",0.051329,0.063948
"master","wide_rate",0.048678,0.060846
"master","wide_rate",0.046164,0.059727
"master","wide_rate",0.04378,0.056543
"master","wide_rate",0.041519,0.055581
"master","wide_rate",0.039374,0.053561
"master","wide_rate",0.037341,0.051353
"master","wide_rate",0.035412,0.047285
"master","wide_rate",0.033583,0.046492
"master","wide_rate",0.031849,0.044125
"master","wide_rate",0.030204,0.041231
"master","wide_rate",0.028644,0.03881
"master","wide_rate",0.027165,0.034572
"master","wide_rate",0.025762,0.033492
"master","wide_rate",0.024431,0.03141
"master","wide_rate",0.02317,0.028223
"master","wide_rate",0.021973,0.027643
"master","wide_rate",0.020838,0.026527
"master","wide_rate",0.019762,0.025917
"master","wide_rate",0.018741,0.024592
"master","wide_rate",0.017774,0.023551
"master","wide_rate",0.016856,0.022434
"master","wide_rate",0.015985,0.021825
"master","wide_rate",0.01516,0.019902
"master","wide_rate",0.014377,0.018059
"master","wide_rate",0.013634,0.017374
"master","wide_rate",0.01293,0.015595
"master","wide_rate",0.012262,0.015228
"master","wide_rate",0.011629,0.014187
"master","wide_rate",0.011028,0.010609
"master","wide_rate",0.010459,0.01043
"master","wide_rate",0.0099186,0.010171
"master","wide_rate",0.0094064,0.01008
"master","wide_rate",0.0089206,0.0079961
"master","wide_rate",0.0084599,0.0073739
"master","wide_rate",0.008023,0.0069796
"master","wide_rate",0.0076086,0.0069528
"master","wide_rate",0.0072157,0.006628
"master","wide_rate",0.006843,0.0060039
"master","wide_rate",0.0064896,0.0058062
"master","wide_rate",0.0061544,0.0056057
"master","wide_rate",0.0058366,0.0054112
"master","wide_rate",0.0055352,0.0048814
"master","wide_rate",0.0052493,0.0048814
"master","wide_rate",0.0049782,0.00478
"master","wide_rate",0.0047211,0.0045378
"master","wide_rate",0.0044773,0.0045378
"master","wide_rate",0.004246,0.0044268
"master","wide_rate",0.0040267,0.003458
"master","wide_rate",0.0038188,0.003458
"master","wide_rate",0.0036216,0.0028679
"master","wide_rate",0.0034345,0.0028679
"master","wide_rate",0.0032571,0.0028
"master","wide_rate",0.0030889,0.0028
"master","wide_rate",0.0029294,0.0024004
"master","wide_rate",0.0027781,0.0024004
"master","wide_rate",0.0026346,0.0024004
"master","wide_rate",0.0024986,0.0023769
"master","wide_rate",0.0023695,0.0023769
"master","wide_rate",0.0022471,0.0023769
"master","wide_rate",0.0021311,0.0022443
"master","wide_rate",0.002021,0.0022443
"master","wide_rate",0.0019167,0.0022443
"master","wide_rate",0.0018177,0.002085
"master","wide_rate",0.0017238,0.002085
"master","wide_rate",0.0016348,0.002085
"master","wide_rate",0.0015503,0.002085
"master","wide_rate",0.0014703,0.001398
"master","wide_rate",0.0013943,0.001398
"master","wide_rate",0.0013223,0.001398
"master","wide_rate",0.001254,0.001398
"master","wide_rate",0.0011893,0.001398
"master","wide_rate",0.0011278,0.001398
"master","wide_rate",0.0010696,0.0011984
"master","wide_rate",0.0010144,0.0011984
"master","wide_rate",0.00096197,0.0011984
"master","wide_rate",0.00091229,0.0011984
"master","wide_rate",0.00086518,0.0011984
"master","wide_rate",0.00082049,0.0011984
"master","wide_rate",0.00077812,0.0011984
"master","wide_rate",0.00073793,0.0001834
"master","wide_rate",0.00069982,0.0001834
"master","wide_rate",0.00066368,0.0001834
"master","wide_rate",0.0006294,0.0001834
"master","wide_rate",0.0005969,0.0001834
"master","wide_rate",0.00056607,0.0001834
"master","wide_rate",0.00053684,0.0001834
"master","wide_rate",0.00050911,0.0001834
"master","wide_rate",0.00048282,0.0001834
"master","wide_rate",0.00045788,0.0001834
"master","wide_rate",0.00043423,0.0001834
"master","wide_rate",0.00041181,0.0001834
"master","wide_rate",0.00039054,0.0001834
"master","wide_rate",0.00037037,7.9172e-05
"master","trend",1,0.99974
"master","trend",0.94835,0.95085
"master","trend",0.89938,0.89702
"master","trend",0.85293,0.85519
"master","trend",0.80888,0.81164
"master","trend",0.7671,0.76979
"master","trend",0.72749,0.72656
"master","trend",0.68991,0.69208
"master","trend",0.65428,0.6589
"master","trend",0.62049,0.62866
"master","trend",0.58845,0.60034
"master","trend",0.55806,0.56823
"master","trend",0.52923,0.53964
"master","trend",0.5019,0.51167
"master","trend",0.47598,0.4846
"master","trend",0.4514,0.4539
"master","trend",0.42809,0.43123
"master","trend",0.40598,0.40872
"master","trend",0.38501,0.38649
"master","trend",0.36513,0.3649
"master","trend",0.34627,0.34792
"master","trend",0.32839,0.33044
"master","trend",0.31143,0.31285
"master","trend",0.29534,0.29432
"master","trend",0.28009,0.28344
"master","trend",0.26562,0.272
"master","trend",0.25191,0.26165
"master","trend",0.2389,0.25259
"master","trend",0.22656,0.24067
"master","trend",0.21486,0.23108
"master","trend",0.20376,0.21682
"master","trend",0.19324,0.20746
"master","trend",0.18326,0.19635
"master","trend",0.17379,0.18456
"master","trend",0.16482,0.17397
"master","trend",0.15631,0.16467
"master","trend",0.14823,0.15688
"master","trend",0.14058,0.1457
"master","trend",0.13332,0.1375
"master","trend",0.12643,0.12888
"master","trend",0.1199,0.12072
"master","trend",0.11371,0.11702
"master","trend",0.10784,0.10994
"master","trend",0.10227,0.10131
"master","trend",0.096987,0.096901
"master","trend",0.091978,0.092762
"master","trend",0.087227,0.086052
"master","trend",0.082722,0.079649
"master","trend",0.07845,0.076132
"master","trend",0.074399,0.072713
"master","trend",0.070556,0.069799
"master","trend",0.066912,0.065382
"master","trend",0.063457,0.062398
"master","trend",0.060179,0.057131
"master","trend",0.057071,0.051886
"master","trend",0.054124,0.047779
"master","trend",0.051329,0.042431
"master","trend",0.048678,0.039796
"master","trend",0.046164,0.038127
"master","trend",0.04378,0.036667
"master","trend",0.041519,0.034761
"master","trend",0.039374,0.033857
"master","trend",0.037341,0.030935
"master","trend",0.035412,0.028397
"master","trend",0.033583,0.025458
"master","trend",0.031849,0.021234
"master","trend",0.030204,0.020763
"master","trend",0.028644,0.018644
"master","trend",0.027165,0.016461
"master","trend",0.025762,0.015616
"master","trend",0.024431,0.014267
"master","trend",0.02317,0.014108
"master","trend",0.021973,0.013705
"master","trend",0.020838,0.012921
"master","trend",0.019762,0.01209
"master","trend",0.018741,0.011476
"master","trend",0.017774,0.011071
"master","trend",0.016856,0.010844
"master","trend",0.015985,0.0099031
"master","trend",0.01516,0.0091251
"master","trend",0.014377,0.0086575
"master","trend",0.013634,0.0083805
"master","trend",0.01293,0.0082349
"master","trend",0.012262,0.0067791
"master","trend",0.011629,0.0061198
"master","trend",0.011028,0.0053929
"master","trend",0.010459,0.0053189
"master","trend",0.0099186,0.0048598
"master","trend",0.0094064,0.0046016
"master","trend",0.0089206,0.0045907
"master","trend",0.0084599,0.0036325
"master","trend",0.008023,0.0034798
"master","trend",0.0076086,0.0029635
"master","trend",0.0072157,0.0029251
"master","trend",0.006843,0.002762
"master","trend",0.0064896,0.0026725
"master","trend",0.0061544,0.0026295
"master","trend",0.0058366,0.0022414
"master","trend",0.0055352,0.0022317
"master","trend",0.0052493,0.0022317
"master","trend",0.0049782,0.0016296
"master","trend",0.0047211,0.0015453
"master","trend",0.0044773,0.0015453
"master","trend",0.004246,0.0012064
"master","trend",0.0040267,0.00097634
"master","trend",0.0038188,0.00097634
"master","trend",0.0036216,0.00091964
"master","trend",0.0034345,0.00091964
"master","trend",0.0032571,0.00077137
"master","trend",0.0030889,0.00077137
"master","trend",0.0029294,0.00059653
"master","trend",0.0027781,0.00059653
"master","trend",0.0026346,0.00059653
"master","trend",0.0024986,0.00042004
"master","trend",0.0023695,0.00042004
"master","trend",0.0022471,0.00042004
"master","trend",0.0021311,0.00036597
"master","trend",0.002021,0.00036597
"master","trend",0.0019167,0.00036597
"master","trend",0.0018177,0.00015198
"master","trend",0.0017238,0.00015198
"master","trend",0.0016348,0.00015198
"master","trend",0.0015503,0.00015198
"master","trend",0.0014703,0.00012431
"master","trend",0.0013943,0.00012431
"master","trend",0.0013223,0.00012431
"master","trend",0.001254,0.00012431
"master","trend",0.0011893,0.00012431
"master","trend",0.0011278,0.00012431
"master","trend",0.0010696,0.00011362
"master","trend",0.0010144,0.00011362
"master","trend",0.00096197,0.00011362
"master","trend",0.00091229,0.00011362
"master","trend",0.00086518,0.00011362
"master","trend",0.00082049,0.00011362
"master","trend",0.00077812,0.00011362
"master","trend",0.00073793,8.1784e-05
"master","trend",0.00069982,8.1784e-05
"master","trend",0.00066368,8.1784e-05
"master","trend",0.0006294,8.1784e-05
"master","trend",0.0005969,8.1784e-05
"master","trend",0.00056607,8.1784e-05
"master","trend",0.00053684,8.1784e-05
"master","trend",0.00050911,8.1784e-05
"master","trend",0.00048282,8.1784e-05
"master","trend",0.00045788,8.1784e-05
"master","trend",0.00043423,8.1784e-05
"master","trend",0.00041181,8.1784e-05
"master","trend",0.00039054,8.1784e-05
"master","trend",0.00037037,1.5853e-06
"master","near_poisson",1,0.99942
"master","near_poisson",0.94801,0.94983
"master","near_poisson",0.89872,0.90116
"master","near_poisson",0.852,0.85098
"master","near_poisson",0.8077,0.80717
"master","near_poisson",0.76571,0.76414
"master","near_poisson",0.7259,0.71825
"master","near_poisson",0.68816,0.68215
"master","near_poisson",0.65239,0.64883
"master","near_poisson",0.61847,0.61717
"master","near_poisson",0.58632,0.57988
"master","near_poisson",0.55583,0.54966
"master","near_poisson",0.52694,0.51649
"master","near_poisson",0.49954,0.4927
"master","near_poisson",0.47357,0.47059
"master","near_poisson",0.44895,0.44465
"master","near_poisson",0.42561,0.42469
"master","near_poisson",0.40348,0.4035
"master","near_poisson",0.3825,0.38231
"master","near_poisson",0.36262,0.3614
"master","near_poisson",0.34377,0.33774
"master","near_poisson",0.32589,0.31999
"master","near_poisson",0.30895,0.30723
"master","near_poisson",0.29289,0.29191
"master","near_poisson",0.27766,0.27918
"master","near_poisson",0.26323,0.25834
"master","near_poisson",0.24954,0.24245
"master","near_poisson",0.23657,0.22772
"master","near_poisson",0.22427,0.21431
"master","near_poisson",0.21261,0.20068
"master","near_poisson",0.20156,0.18654
"master","near_poisson",0.19108,0.17626
"master","near_poisson",0.18114,0.16346
"master","near_poisson",0.17172,0.15573
"master","near_poisson",0.1628,0.14789
"master","near_poisson",0.15433,0.13814
"master","near_poisson",0.14631,0.13001
"master","near_poisson",0.1387,0.12045
"master","near_poisson",0.13149,0.11354
"master","near_poisson",0.12466,0.10774
"master","near_poisson",0.11817,0.10201
"master","near_poisson",0.11203,0.095284
"master","near_poisson",0.10621,0.089018
"master","near_poisson",0.10068,0.084365
"master","near_poisson",0.09545,0.076164
"master","near_poisson",0.090488,0.071846
"master","near_poisson",0.085783,0.068781
"master","near_poisson",0.081324,0.066203
"master","near_poisson",0.077096,0.062985
"master","near_poisson",0.073087,0.057843
"master","near_poisson",0.069288,0.053286
"master","near_poisson",0.065685,0.048929
"master","near_poisson",0.06227,0.046279
"master","near_poisson",0.059033,0.04261
"master","near_poisson",0.055964,0.038663
"master","near_poisson",0.053054,0.035731
"master","near_poisson",0.050296,0.033308
"master","near_poisson",0.047681,0.032163
"master","near_poisson",0.045202,0.030461
"master","near_poisson",0.042852,0.028494
"master","near_poisson",0.040624,0.026229
"master","near_poisson",0.038512,0.023141
"master","near_poisson",0.03651,0.02128
"master","near_poisson",0.034612,0.019557
"master","near_poisson",0.032813,0.018529
"master","near_poisson",0.031107,0.017362
"master","near_poisson",0.029489,0.015367
"master","near_poisson",0.027956,0.014253
"master","near_poisson",0.026503,0.013154
"master","near_poisson",0.025125,0.012177
"master","near_poisson",0.023819,0.011444
"master","near_poisson",0.02258,0.010416
"master","near_poisson",0.021406,0.0099392
"master","near_poisson",0.020294,0.0095216
"master","near_poisson",0.019238,0.009158
"master","near_poisson",0.018238,0.008711
"master","near_poisson",0.01729,0.0085116
"master","near_poisson",0.016391,0.0079891
"master","near_poisson",0.015539,0.007854
"master","near_poisson",0.014731,0.0067417
"master","near_poisson",0.013965,0.0064792
"master","near_poisson",0.013239,0.0064013
"master","near_poisson",0.012551,0.0060087
"master","near_poisson",0.011898,0.0052524
"master","near_poisson",0.01128,0.0051494
"master","near_poisson",0.010693,0.0040373
"master","near_poisson",0.010137,0.0037585
"master","near_poisson",0.0096104,0.0035689
"master","near_poisson",0.0091108,0.0030742
"master","near_poisson",0.0086371,0.0029822
"master","near_poisson",0.0081881,0.0029207
"master","near_poisson",0.0077624,0.0026594
"master","near_poisson",0.0073588,0.0020575
"master","near_poisson",0.0069762,0.0018939
"master","near_poisson",0.0066135,0.0016847
"master","near_poisson",0.0062697,0.0016416
"master","near_poisson",0.0059437,0.0015497
"master","near_poisson",0.0056347,0.0015497
"master","near_poisson",0.0053418,0.0014714
"master","near_poisson",0.0050641,0.001471
"master","near_poisson",0.0048008,0.0012855
"master","near_poisson",0.0045512,0.0011584
"master","near_poisson",0.0043146,0.0011584
"master","near_poisson",0.0040903,0.0011431
"master","near_poisson",0.0038776,0.0011431
"master","near_poisson",0.003676,0.0010944
"master","near_poisson",0.0034849,0.00096913
"master","near_poisson",0.0033037,0.00096913
"master","near_poisson",0.003132,0.00090749
"master","near_poisson",0.0029691,0.00090749
"master","near_poisson",0.0028148,0.00090749
"master","near_poisson",0.0026684,0.00090259
"master","near_poisson",0.0025297,0.00090259
"master","near_poisson",0.0023982,0.0006651
"master","near_poisson",0.0022735,0.0006651
"master","near_poisson",0.0021553,0.0006651
"master","near_poisson",0.0020433,0.00065245
"master","near_poisson",0.001937,0.00065245
"master","near_poisson",0.0018363,0.00065245
"master","near_poisson",0.0017409,0.00065086
"master","near_poisson",0.0016503,0.00065086
"master","near_poisson",0.0015645,0.00065086
"master","near_poisson",0.0014832,0.00065086
"master","near_poisson",0.0014061,0.00065086
"master","near_poisson",0.001333,0.00056754
"master","near_poisson",0.0012637,0.00056754
"master","near_poisson",0.001198,0.00056754
"master","near_poisson",0.0011357,0.00056754
"master","near_poisson",0.0010767,0.00056754
"master","near_poisson",0.0010207,0.00033813
"master","near_poisson",0.00096762,0.00033813
"master","near_poisson",0.00091732,0.00033813
"master","near_poisson",0.00086963,0.00033813
"master","near_poisson",0.00082441,0.00033813
"master","near_poisson",0.00078155,0.00033813
"master","near_poisson",0.00074092,0.00033813
"master","near_poisson",0.0007024,0.00033813
"master","near_poisson",0.00066588,5.6824e-05
"master","near_poisson",0.00063126,5.6824e-05
"master","near_poisson",0.00059844,5.6824e-05
"master","near_poisson",0.00056733,5.6824e-05
"master","near_poisson",0.00053784,5.6824e-05
"master","near_poisson",0.00050987,5.6824e-05
"master","near_poisson",0.00048337,5.6824e-05
"master","near_poisson",0.00045824,5.6824e-05
"master","near_poisson",0.00043441,5.6824e-05
"master","near_poisson",0.00041183,5.6824e-05
"master","near_poisson",0.00039042,5.6824e-05
"master","near_poisson",0.00037012,5.6824e-05
"master","near_poisson",0.00035088,1.5154e-05
"master","generate_null",1,0.99994
"master","generate_null",0.9479,0.946
"master","generate_null",0.89851,0.89719
"master","generate_null",0.8517,0.85296
"master","generate_null",0.80733,0.80518
"master","generate_null",0.76527,0.76221
"master","generate_null",0.7254,0.72016
"master","generate_null",0.6876,0.68036
"master","generate_null",0.65178,0.64065
"master","generate_null",0.61782,0.61391
"master","generate_null",0.58563,0.58337
"master","generate_null",0.55512,0.555
"master","generate_null",0.5262,0.52641
"master","generate_null",0.49878,0.50074
"master","generate_null",0.4728,0.47028
"master","generate_null",0.44816,0.44537
"master","generate_null",0.42481,0.42659
"master","generate_null",0.40268,0.40268
"master","generate_null",0.3817,0.38496
"master","generate_null",0.36181,0.36479
"master","generate_null",0.34296,0.34503
"master","generate_null",0.3251,0.32934
"master","generate_null",0.30816,0.30988
"master","generate_null",0.2921,0.2942
"master","generate_null",0.27688,0.27898
"master","generate_null",0.26246,0.2646
"master","generate_null",0.24878,0.25213
"master","generate_null",0.23582,0.2408
"master","generate_null",0.22354,0.22738
"master","generate_null",0.21189,0.21556
"master","generate_null",0.20085,0.2023
"master","generate_null",0.19039,0.19123
"master","generate_null",0.18047,0.18208
"master","generate_null",0.17106,0.17408
"master","generate_null",0.16215,0.16413
"master","generate_null",0.1537,0.15656
"master","generate_null",0.1457,0.14816
"master","generate_null",0.13811,0.14197
"master","generate_null",0.13091,0.1359
"master","generate_null",0.12409,0.12978
"master","generate_null",0.11762,0.12482
"master","generate_null",0.1115,0.1188
"master","generate_null",0.10569,0.11458
"master","generate_null",0.10018,0.10919
"master","generate_null",0.094961,0.10557
"master","generate_null",0.090014,0.10218
"master","generate_null",0.085324,0.097573
"master","generate_null",0.080879,0.093789
"master","generate_null",0.076665,0.088536
"master","generate_null",0.072671,0.084394
"master","generate_null",0.068884,0.081623
"master","generate_null",0.065296,0.079119
"master","generate_null",0.061894,0.077154
"master","generate_null",0.058669,0.068495
"master","generate_null",0.055612,0.067117
"master","generate_null",0.052715,0.064137
"master","generate_null",0.049968,0.060138
"master","generate_null",0.047365,0.057822
"master","generate_null",0.044897,0.055823
"master","generate_null",0.042558,0.052569
"master","generate_null",0.040341,0.051551
"master","generate_null",0.038239,0.049329
"master","generate_null",0.036247,0.048116
"master","generate_null",0.034358,0.046609
"master","generate_null",0.032568,0.042303
"master","generate_null",0.030872,0.040414
"master","generate_null",0.029263,0.039389
"master","generate_null",0.027738,0.038939
"master","generate_null",0.026293,0.037392
"master","generate_null",0.024923,0.034914
"master","generate_null",0.023625,0.033449
"master","generate_null",0.022394,0.031686
"master","generate_null",0.021227,0.030971
"master","generate_null",0.020121,0.028989
"master","generate_null",0.019073,0.028074
"master","generate_null",0.018079,0.026345
"master","generate_null",0.017137,0.021218
"master","generate_null",0.016245,0.020469
"master","generate_null",0.015398,0.01996
"master","generate_null",0.014596,0.01976
"master","generate_null",0.013835,0.018417
"master","generate_null",0.013115,0.018012
"master","generate_null",0.012431,0.01625
"master","generate_null",0.011784,0.014794
"master","generate_null",0.01117,0.013647
"master","generate_null",0.010588,0.012868
"master","generate_null",0.010036,0.012851
"master","generate_null",0.0095133,0.012139
"master","generate_null",0.0090177,0.011865
"master","generate_null",0.0085478,0.01134
"master","generate_null",0.0081025,0.0099474
"master","generate_null",0.0076804,0.0098528
"master","generate_null",0.0072802,0.0093081
"master","generate_null",0.0069009,0.0091241
"master","generate_null",0.0065414,0.0087882
"master","generate_null",0.0062006,0.0081756
"master","generate_null",0.0058775,0.0081756
"master","generate_null",0.0055713,0.007995
"master","generate_null",0.005281,0.0077614
"master","generate_null",0.0050059,0.0070513
"master","generate_null",0.0047451,0.0068775
"master","generate_null",0.0044979,0.0068775
"master","generate_null",0.0042635,0.0067769
"master","generate_null",0.0040414,0.0062913
"master","generate_null",0.0038308,0.0062913
"master","generate_null",0.0036312,0.0062816
"master","generate_null",0.0034421,0.005691
"master","generate_null",0.0032627,0.005691
"master","generate_null",0.0030927,0.0054995
"master","generate_null",0.0029316,0.0054995
"master","generate_null",0.0027789,0.0054995
"master","generate_null",0.0026341,0.0044886
"master","generate_null",0.0024968,0.0044886
"master","generate_null",0.0023668,0.0038961
"master","generate_null",0.0022435,0.0038961
"master","generate_null",0.0021266,0.0038961
"master","generate_null",0.0020158,0.0034349
"master","generate_null",0.0019108,0.0034349
"master","generate_null",0.0018112,0.0034349
"master","generate_null",0.0017168,0.0034015
"master","generate_null",0.0016274,0.0034015
"master","generate_null",0.0015426,0.0034015
"master","generate_null",0.0014622,0.0034015
"master","generate_null",0.001386,0.0034015
"master","generate_null",0.0013138,0.003261
"master","generate_null",0.0012454,0.003261
"master","generate_null",0.0011805,0.003261
"master","generate_null",0.001119,0.003261
"master","generate_null",0.0010607,0.003261
"master","generate_null",0.0010054,0.0027971
"master","generate_null",0.00095305,0.0027971
"master","generate_null",0.0009034,0.0027971
"master","generate_null",0.00085633,0.0027971
"master","generate_null",0.00081171,0.0027971
"master","generate_null",0.00076942,0.0027971
"master","generate_null",0.00072934,0.0027971
"master","generate_null",0.00069134,0.0027971
"master","generate_null",0.00065532,0.0012526
"master","generate_null",0.00062118,0.0012526
"master","generate_null",0.00058881,0.0012526
"master","generate_null",0.00055814,0.0012526
"master","generate_null",0.00052906,0.0012526
"master","generate_null",0.00050149,0.0012526
"master","generate_null",0.00047537,0.0012526
"master","generate_null",0.0004506,0.0012526
"master","generate_null",0.00042712,0.0012526
"master","generate_null",0.00040487,0.0012526
"master","generate_null",0.00038378,0.0012526
"master","generate_null",0.00036378,0.0012526
"master","generate_null",0.00034483,0.00073365
"mle","null",1,0.99957
"mle","null",0.94768,0.94175
"mle","null",0.89811,0.88888
"mle","null",0.85112,0.84466
"mle","null",0.80659,0.80262
"mle","null",0.7644,0.76566
"mle","null",0.72441,0.73094
"mle","null",0.68651,0.69473
"mle","null",0.65059,0.65706
"mle","null",0.61656,0.62473
"mle","null",0.5843,0.58749
"mle","null",0.55373,0.55359
"mle","null",0.52476,0.52006
"mle","null",0.49731,0.49384
"mle","null",0.47129,0.46938
"mle","null",0.44664,0.44601
"mle","null",0.42327,0.42205
"mle","null",0.40113,0.39738
"mle","null",0.38014,0.37388
"mle","null",0.36025,0.35264
"mle","null",0.34141,0.32979
"mle","null",0.32355,0.30898
"mle","null",0.30662,0.29387
"mle","null",0.29058,0.27808
"mle","null",0.27538,0.25824
"mle","null",0.26097,0.24445
"mle","null",0.24732,0.23206
"mle","null",0.23438,0.21793
"mle","null",0.22212,0.20845
"mle","null",0.2105,0.19575
"mle","null",0.19948,0.18303
"mle","null",0.18905,0.17277
"mle","null",0.17916,0.16603
"mle","null",0.16979,0.15513
"mle","null",0.1609,0.14497
"mle","null",0.15248,0.1375
"mle","null",0.14451,0.12911
"mle","null",0.13695,0.12083
"mle","null",0.12978,0.11499
"mle","null",0.12299,0.11018
"mle","null",0.11656,0.10586
"mle","null",0.11046,0.098987
"mle","null",0.10468,0.092747
"mle","null",0.099205,0.088538
"mle","null",0.094015,0.08213
"mle","null",0.089097,0.078928
"mle","null",0.084436,0.074826
"mle","null",0.080018,0.068239
"mle","null",0.075832,0.063571
"mle","null",0.071865,0.059686
"mle","null",0.068105,0.056666
"mle","null",0.064542,0.053276
"mle","null",0.061166,0.049537
"mle","null",0.057966,0.045386
"mle","null",0.054933,0.043854
"mle","null",0.052059,0.039138
"mle","null",0.049336,0.038007
"mle","null",0.046755,0.035764
"mle","null",0.044309,0.034422
"mle","null",0.041991,0.031505
"mle","null",0.039794,0.029389
"mle","null",0.037712,0.027831
"mle","null",0.035739,0.025444
"mle","null",0.033869,0.022215
"mle","null",0.032098,0.02027
"mle","null",0.030418,0.019484
"mle","null",0.028827,0.017666
"mle","null",0.027319,0.016576
"mle","null",0.02589,0.015838
"mle","null",0.024535,0.013926
"mle","null",0.023252,0.011192
"mle","null",0.022035,0.010539
"mle","null",0.020882,0.009526
"mle","null",0.01979,0.0092327
"mle","null",0.018755,0.0084347
"mle","null",0.017773,0.0074995
"mle","null",0.016844,0.0069186
"mle","null",0.015962,0.0056447
"mle","null",0.015127,0.0048586
"mle","null",0.014336,0.0041402
"mle","null",0.013586,0.0026266
"mle","null",0.012875,0.0021592
"mle","null",0.012202,0.0018115
"mle","null",0.011563,0.0015949
"mle","null",0.010958,0.0013802
"mle","null",0.010385,0.0011888
"mle","null",0.0098417,0.001017
"mle","null",0.0093268,0.00058059
"mle","null",0.0088389,0.00035192
"mle","null",0.0083765,0.0003268
"mle","null",0.0079383,0.00016102
"mle","null",0.007523,8.1685e-05
"mle","null",0.0071294,6.0738e-05
"mle","null",0.0067564,2.5149e-05
"mle","null",0.0064029,1.6257e-05
"mle","null",0.006068,7.0612e-06
"mle","null",0.0057505,5.3239e-06
"mle","null",0.0054497,4.1694e-06
"mle","null",0.0051646,9.2869e-07
"mle","null",0.0048944,6.0293e-07
"mle","null",0.0046383,4.8987e-09
"mle","null",0.0043957,4.8987e-09
"mle","null",0.0041657,1.0975e-11
"mle","null",0.0039478,1.3706e-17
"mle","null",0.0037412,1.3706e-17
"mle","null",0.0035455,1.1408e-17
"mle","null",0.00336,1.1408e-17
"mle","null",0.0031842,2.6369e-22
"mle","null",0.0030177,2.6369e-22
"mle","null",0.0028598,9.8265e-23
"mle","null",0.0027102,9.8265e-23
"mle","null",0.0025684,3.2576e-23
"mle","null",0.002434,3.2576e-23
"mle","null",0.0023067,2.8602e-26
"mle","null",0.002186,2.8602e-26
"mle","null",0.0020716,2.8602e-26
"mle","null",0.0019633,2.4462e-30
"mle","null",0.0018606,2.4462e-30
"mle","null",0.0017632,2.4462e-30
"mle","null",0.001671,2.4462e-30
"mle","null",0.0015836,8.5075e-31
"mle","null",0.0015007,8.5075e-31
"mle","null",0.0014222,8.5075e-31
"mle","null",0.0013478,8.5075e-31
"mle","null",0.0012773,3.0297e-33
"mle","null",0.0012105,3.0297e-33
"mle","null",0.0011471,3.0297e-33
"mle","null",0.0010871,3.0297e-33
"mle","null",0.0010303,3.0297e-33
"mle","null",0.00097635,3.9582e-41
"mle","null",0.00092527,3.9582e-41
"mle","null",0.00087687,3.9582e-41
"mle","null",0.00083099,3.9582e-41
"mle","null",0.00078752,3.9582e-41
"mle","null",0.00074632,3.9582e-41
"mle","null",0.00070727,3.9582e-41
"mle","null",0.00067027,3.9582e-41
"mle","null",0.00063521,7.5561e-56
"mle","null",0.00060198,7.5561e-56
"mle","null",0.00057048,7.5561e-56
"mle","null",0.00054064,7.5561e-56
"mle","null",0.00051235,7.5561e-56
"mle","null",0.00048555,7.5561e-56
"mle","null",0.00046015,7.5561e-56
"mle","null",0.00043607,7.5561e-56
"mle","null",0.00041326,7.5561e-56
"mle","null",0.00039164,7.5561e-56
"mle","null",0.00037115,7.5561e-56
"mle","null",0.00035173,7.5561e-56
"mle","null",0.00033333,2.9758e-82
"mle","baseline",1,0.99834
"mle","baseline",0.94801,0.94424
"mle","baseline",0.89872,0.89756
"mle","baseline",0.852,0.84515
"mle","baseline",0.8077,0.80522
"mle","baseline",0.76571,0.77076
"mle","baseline",0.7259,0.7312
"mle","baseline",0.68816,0.69969
"mle","baseline",0.65239,0.66562
"mle","baseline",0.61847,0.6301
"mle","baseline",0.58632,0.59336
"mle","baseline",0.55583,0.56479
"mle","baseline",0.52694,0.53829
"mle","baseline",0.49954,0.51359
"mle","baseline",0.47357,0.48678
"mle","baseline",0.44895,0.46213
"mle","baseline",0.42561,0.43902
"mle","baseline",0.40348,0.41804
"mle","baseline",0.3825,0.39681
"mle","baseline",0.36262,0.37505
"mle","baseline",0.34377,0.35706
"mle","baseline",0.32589,0.3314
"mle","baseline",0.30895,0.31145
"mle","baseline",0.29289,0.29458
"mle","baseline",0.27766,0.2785
"mle","baseline",0.26323,0.26514
"mle","baseline",0.24954,0.25082
"mle","baseline",0.23657,0.23989
"mle","baseline",0.22427,0.22597
"mle","baseline",0.21261,0.21309
"mle","baseline",0.20156,0.20192
"mle","baseline",0.19108,0.1899
"mle","baseline",0.18114,0.18272
"mle","baseline",0.17172,0.17299
"mle","baseline",0.1628,0.16408
"mle","baseline",0.15433,0.15761
"mle","baseline",0.14631,0.14785
"mle","baseline",0.1387,0.14
"mle","baseline",0.13149,0.13289
"mle","baseline",0.12466,0.12731
"mle","baseline",0.11817,0.1184
"mle","baseline",0.11203,0.11439
"mle","baseline",0.10621,0.10239
"mle","baseline",0.10068,0.09745
"mle","baseline",0.09545,0.091126
"mle","baseline",0.090488,0.087374
"mle","baseline",0.085783,0.080354
"mle","baseline",0.081324,0.07645
"mle","baseline",0.077096,0.0714
"mle","baseline",0.073087,0.0662
"mle","baseline",0.069288,0.06244
"mle","baseline",0.065685,0.060829
"mle","baseline",0.06227,0.05759
"mle","baseline",0.059033,0.055341
"mle","baseline",0.055964,0.050655
"mle","baseline",0.053054,0.048101
"mle","baseline",0.050296,0.045416
"mle","baseline",0.047681,0.042905
"mle","baseline",0.045202,0.040053
"mle","baseline",0.042852,0.037524
"mle","baseline",0.040624,0.036306
"mle","baseline",0.038512,0.034315
"mle","baseline",0.03651,0.032073
"mle","baseline",0.034612,0.03076
"mle","baseline",0.032813,0.02766
"mle","baseline",0.031107,0.025125
"mle","baseline",0.029489,0.023339
"mle","baseline",0.027956,0.01823
"mle","baseline",0.026503,0.01646
"mle","baseline",0.025125,0.015671
"mle","baseline",0.023819,0.013588
"mle","baseline",0.02258,0.012678
"mle","baseline",0.021406,0.010916
"mle","baseline",0.020294,0.010109
"mle","baseline",0.019238,0.0095004
"mle","baseline",0.018238,0.0076412
"mle","baseline",0.01729,0.0072902
"mle","baseline",0.016391,0.0059742
"mle","baseline",0.015539,0.0048906
"mle","baseline",0.014731,0.0041897
"mle","baseline",0.013965,0.0038953
"mle","baseline",0.013239,0.0031485
"mle","baseline",0.012551,0.0029115
"mle","baseline",0.011898,0.0021713
"mle","baseline",0.01128,0.0017928
"mle","baseline",0.010693,0.0012901
"mle","baseline",0.010137,0.0012173
"mle","baseline",0.0096104,0.00070674
"mle","baseline",0.0091108,0.00062405
"mle","baseline",0.0086371,0.0005009
"mle","baseline",0.0081881,0.00042386
"mle","baseline",0.0077624,0.00039078
"mle","baseline",0.0073588,0.00024299
"mle","baseline",0.0069762,0.00018993
"mle","baseline",0.0066135,0.00018013
"mle","baseline",0.0062697,0.00016104
"mle","baseline",0.0059437,0.00013718
"mle","baseline",0.0056347,0.00013718
"mle","baseline",0.0053418,0.00013515
"mle","baseline",0.0050641,0.00012686
"mle","baseline",0.0048008,0.00010197
"mle","baseline",0.0045512,2.2426e-05
"mle","baseline",0.0043146,2.2426e-05
"mle","baseline",0.0040903,5.9914e-06
"mle","baseline",0.0038776,5.9914e-06
"mle","baseline",0.003676,1.7426e-07
"mle","baseline",0.0034849,2.0393e-08
"mle","baseline",0.0033037,2.0393e-08
"mle","baseline",0.003132,1.2363e-08
"mle","baseline",0.0029691,1.2363e-08
"mle","baseline",0.0028148,1.2363e-08
"mle","baseline",0.0026684,8.1546e-14
"mle","baseline",0.0025297,8.1546e-14
"mle","baseline",0.0023982,1.5297e-15
"mle","baseline",0.0022735,1.5297e-15
"mle","baseline",0.0021553,1.5297e-15
"mle","baseline",0.0020433,4.6026e-20
"mle","baseline",0.001937,4.6026e-20
"mle","baseline",0.0018363,4.6026e-20
"mle","baseline",0.0017409,1.1543e-21
"mle","baseline",0.0016503,1.1543e-21
"mle","baseline",0.0015645,1.1543e-21
"mle","baseline",0.0014832,1.1543e-21
"mle","baseline",0.0014061,1.1543e-21
"mle","baseline",0.001333,9.4059e-27
"mle","baseline",0.0012637,9.4059e-27
"mle","baseline",0.001198,9.4059e-27
"mle","baseline",0.0011357,9.4059e-27
"mle","baseline",0.0010767,9.4059e-27
"mle","baseline",0.0010207,7.7535e-44
"mle","baseline",0.00096762,7.7535e-44
"mle","baseline",0.00091732,7.7535e-44
"mle","baseline",0.00086963,7.7535e-44
"mle","baseline",0.00082441,7.7535e-44
"mle","baseline",0.00078155,7.7535e-44
"mle","baseline",0.00074092,7.7535e-44
"mle","baseline",0.0007024,7.7535e-44
"mle","baseline",0.00066588,9.6206e-50
"mle","baseline",0.00063126,9.6206e-50
"mle","baseline",0.00059844,9.6206e-50
"mle","baseline",0.00056733,9.6206e-50
"mle","baseline",0.00053784,9.6206e-50
"mle","baseline",0.00050987,9.6206e-50
"mle","baseline",0.00048337,9.6206e-50
"mle","baseline",0.00045824,9.6206e-50
"mle","baseline",0.00043441,9.6206e-50
"mle","baseline",0.00041183,9.6206e-50
"mle","baseline",0.00039042,9.6206e-50
"mle","baseline",0.00037012,9.6206e-50
"mle","baseline",0.00035088,8.4742e-84
"mle","weak_de",1,0.99995
"mle","weak_de",0.94835,0.95301
"mle","weak_de",0.89938,0.90759
"mle","weak_de",0.85293,0.86721
"mle","weak_de",0.80888,0.822
"mle","weak_de",0.7671,0.78434
"mle","weak_de",0.72749,0.75037
"mle","weak_de",0.68991,0.71502
"mle","weak_de",0.65428,0.68255
"mle","weak_de",0.62049,0.64926
"mle","weak_de",0.58845,0.62153
"mle","weak_de",0.55806,0.5925
"mle","weak_de",0.52923,0.56764
"mle","weak_de",0.5019,0.54016
"mle","weak_de",0.47598,0.51232
"mle","weak_de",0.4514,0.48481
"mle","weak_de",0.42809,0.46548
"mle","weak_de",0.40598,0.44388
"mle","weak_de",0.38501,0.42039
"mle","weak_de",0.36513,0.39792
"mle","weak_de",0.34627,0.37706
"mle","weak_de",0.32839,0.35895
"mle","weak_de",0.31143,0.33866
"mle","weak_de",0.29534,0.32135
"mle","weak_de",0.28009,0.30785
"mle","weak_de",0.26562,0.29447
"mle","weak_de",0.25191,0.27957
"mle","weak_de",0.2389,0.26306
"mle","weak_de",0.22656,0.2476
"mle","weak_de",0.21486,0.23668
"mle","weak_de",0.20376,0.22977
"mle","weak_de",0.19324,0.21945
"mle","weak_de",0.18326,0.20877
"mle","weak_de",0.17379,0.19377
"mle","weak_de",0.16482,0.18116
"mle","weak_de",0.15631,0.1724
"mle","weak_de",0.14823,0.16223
"mle","weak_de",0.14058,0.15227
"mle","weak_de",0.13332,0.14349
"mle","weak_de",0.12643,0.13309
"mle","weak_de",0.1199,0.12652
"mle","weak_de",0.11371,0.12041
"mle","weak_de",0.10784,0.11415
"mle","weak_de",0.10227,0.10871
"mle","weak_de",0.096987,0.10214
"mle","weak_de",0.091978,0.097917
"mle","weak_de",0.087227,0.092884
"mle","weak_de",0.082722,0.087631
"mle","weak_de",0.07845,0.083335
"mle","weak_de",0.074399,0.076982
"mle","weak_de",0.070556,0.073858
"mle","weak_de",0.066912,0.06944
"mle","weak_de",0.063457,0.065989
"mle","weak_de",0.060179,0.061404
"mle","weak_de",0.057071,0.059023
"mle","weak_de",0.054124,0.055839
"mle","weak_de",0.051329,0.054351
"mle","weak_de",0.048678,0.051211
"mle","weak_de",0.046164,0.048184
"mle","weak_de",0.04378,0.04371
"mle","weak_de",0.041519,0.041675
"mle","weak_de",0.039374,0.038656
"mle","weak_de",0.037341,0.036163
"mle","weak_de",0.035412,0.034418
"mle","weak_de",0.033583,0.033646
"mle","weak_de",0.031849,0.030893
"mle","weak_de",0.030204,0.029556
"mle","weak_de",0.028644,0.028183
"mle","weak_de",0.027165,0.025766
"mle","weak_de",0.025762,0.023639
"mle","weak_de",0.024431,0.019495
"mle","weak_de",0.02317,0.016733
"mle","weak_de",0.021973,0.015858
"mle","weak_de",0.020838,0.014832
"mle","weak_de",0.019762,0.014274
"mle","weak_de",0.018741,0.011708
"mle","weak_de",0.017774,0.0099161
"mle","weak_de",0.016856,0.0097501
"mle","weak_de",0.015985,0.0090132
"mle","weak_de",0.01516,0.0061363
"mle","weak_de",0.014377,0.0045409
"mle","weak_de",0.013634,0.0041532
"mle","weak_de",0.01293,0.0035273
"mle","weak_de",0.012262,0.0034509
"mle","weak_de",0.011629,0.0031616
"mle","weak_de",0.011028,0.0023787
"mle","weak_de",0.010459,0.002353
"mle","weak_de",0.0099186,0.0018153
"mle","weak_de",0.0094064,0.0017655
"mle","weak_de",0.0089206,0.0013187
"mle","weak_de",0.0084599,0.00094567
"mle","weak_de",0.008023,0.00077186
"mle","weak_de",0.0076086,0.0007191
"mle","weak_de",0.0072157,0.0005615
"mle","weak_de",0.006843,0.0001436
"mle","weak_de",0.0064896,0.0001301
"mle","weak_de",0.0061544,0.00011989
"mle","weak_de",0.0058366,0.00011253
"mle","weak_de",0.0055352,0.00010573
"mle","weak_de",0.0052493,0.00010573
"mle","weak_de",0.0049782,3.8057e-05
"mle","weak_de",0.0047211,2.4614e-05
"mle","weak_de",0.0044773,2.4614e-05
"mle","weak_de",0.004246,1.6858e-08
"mle","weak_de",0.0040267,3.1946e-09
"mle","weak_de",0.0038188,3.1946e-09
"mle","weak_de",0.0036216,2.5691e-10
"mle","weak_de",0.0034345,2.5691e-10
"mle","weak_de",0.0032571,1.0106e-13
"mle","weak_de",0.0030889,1.0106e-13
"mle","weak_de",0.0029294,1.3477e-19
"mle","weak_de",0.0027781,1.3477e-19
"mle","weak_de",0.0026346,1.3477e-19
"mle","weak_de",0.0024986,4.3924e-22
"mle","weak_de",0.0023695,4.3924e-22
"mle","weak_de",0.0022471,4.3924e-22
"mle","weak_de",0.0021311,6.4938e-24
"mle","weak_de",0.002021,6.4938e-24
"mle","weak_de",0.0019167,6.4938e-24
"mle","weak_de",0.0018177,1.7211e-36
"mle","weak_de",0.0017238,1.7211e-36
"mle","weak_de",0.0016348,1.7211e-36
"mle","weak_de",0.0015503,1.7211e-36
"mle","weak_de",0.0014703,7.3299e-47
"mle","weak_de",0.0013943,7.3299e-47
"mle","weak_de",0.0013223,7.3299e-47
"mle","weak_de",0.001254,7.3299e-47
"mle","weak_de",0.0011893,7.3299e-47
"mle","weak_de",0.0011278,7.3299e-47
"mle","weak_de",0.0010696,2.7015e-47
"mle","weak_de",0.0010144,2.7015e-47
"mle","weak_de",0.00096197,2.7015e-47
"mle","weak_de",0.00091229,2.7015e-47
"mle","weak_de",0.00086518,2.7015e-47
"mle","weak_de",0.00082049,2.7015e-47
"mle","weak_de",0.00077812,2.7015e-47
"mle","weak_de",0.00073793,7.1812e-65
"mle","weak_de",0.00069982,7.1812e-65
"mle","weak_de",0.00066368,7.1812e-65
"mle","weak_de",0.0006294,7.1812e-65
"mle","weak_de",0.0005969,7.1812e-65
"mle","weak_de",0.00056607,7.1812e-65
"mle","weak_de",0.00053684,7.1812e-65
"mle","weak_de",0.00050911,7.1812e-65
"mle","weak_de",0.00048282,7.1812e-65
"mle","weak_de",0.00045788,7.1812e-65
"mle","weak_de",0.00043423,7.1812e-65
"mle","weak_de",0.00041181,7.1812e-65
"mle","weak_de",0.00039054,7.1812e-65
"mle","weak_de",0.00037037,2.6467e-97
"mle","low_count",1,0.99998
"mle","low_count",0.94835,0.95154
"mle","low_count",0.89938,0.90554
"mle","low_count",0.85293,0.86247
"mle","low_count",0.80888,0.82034
"mle","low_count",0.7671,0.77409
"mle","low_count",0.72749,0.73409
"mle","low_count",0.68991,0.70219
"mle","low_count",0.65428,0.66901
"mle","low_count",0.62049,0.63667
"mle","low_count",0.58845,0.60871
"mle","low_count",0.55806,0.5788
"mle","low_count",0.52923,0.54691
"mle","low_count",0.5019,0.52028
"mle","low_count",0.47598,0.48786
"mle","low_count",0.4514,0.46177
"mle","low_count",0.42809,0.43423
"mle","low_count",0.40598,0.41277
"mle","low_count",0.38501,0.39328
"mle","low_count",0.36513,0.37128
"mle","low_count",0.34627,0.35571
"mle","low_count",0.32839,0.33386
"mle","low_count",0.31143,0.31711
"mle","low_count",0.29534,0.30222
"mle","low_count",0.28009,0.28945
"mle","low_count",0.26562,0.27546
"mle","low_count",0.25191,0.25914
"mle","low_count",0.2389,0.2417
"mle","low_count",0.22656,0.2268
"mle","low_count",0.21486,0.21597
"mle","low_count",0.20376,0.20508
"mle","low_count",0.19324,0.19565
"mle","low_count",0.18326,0.18305
"mle","low_count",0.17379,0.16976
"mle","low_count",0.16482,0.16172
"mle","low_count",0.15631,0.15353
"mle","low_count",0.14823,0.14359
"mle","low_count",0.14058,0.13599
"mle","low_count",0.13332,0.12566
"mle","low_count",0.12643,0.11665
"mle","low_count",0.1199,0.1105
"mle","low_count",0.11371,0.099506
"mle","low_count",0.10784,0.0928
"mle","low_count",0.10227,0.084442
"mle","low_count",0.096987,0.07564
"mle","low_count",0.091978,0.070653
"mle","low_count",0.087227,0.064796
"mle","low_count",0.082722,0.058354
"mle","low_count",0.07845,0.054621
"mle","low_count",0.074399,0.048155
"mle","low_count",0.070556,0.045062
"mle","low_count",0.066912,0.041581
"mle","low_count",0.063457,0.039148
"mle","low_count",0.060179,0.033454
"mle","low_count",0.057071,0.030656
"mle","low_count",0.054124,0.028572
"mle","low_count",0.051329,0.025148
"mle","low_count",0.048678,0.021525
"mle","low_count",0.046164,0.017516
"mle","low_count",0.04378,0.015972
"mle","low_count",0.041519,0.013069
"mle","low_count",0.039374,0.011107
"mle","low_count",0.037341,0.0099784
"mle","low_count",0.035412,0.0077124
"mle","low_count",0.033583,0.0062176
"mle","low_count",0.031849,0.004359
"mle","low_count",0.030204,0.0027088
"mle","low_count",0.028644,0.0020296
"mle","low_count",0.027165,0.0011189
"mle","low_count",0.025762,0.00068039
"mle","low_count",0.024431,0.0003875
"mle","low_count",0.02317,0.00017535
"mle","low_count",0.021973,8.9396e-05
"mle","low_count",0.020838,2.0565e-05
"mle","low_count",0.019762,7.6752e-06
"mle","low_count",0.018741,4.0591e-07
"mle","low_count",0.017774,1.9645e-07
"mle","low_count",0.016856,1.3757e-07
"mle","low_count",0.015985,9.6761e-08
"mle","low_count",0.01516,9.7972e-12
"mle","low_count",0.014377,2.0526e-12
"mle","low_count",0.013634,2.5194e-14
"mle","low_count",0.01293,9.8152e-17
"mle","low_count",0.012262,1.0037e-17
"mle","low_count",0.011629,3.0409e-19
"mle","low_count",0.011028,5.5706e-21
"mle","low_count",0.010459,2.262e-22
"mle","low_count",0.0099186,7.9214e-23
"mle","low_count",0.0094064,9.6538e-27
"mle","low_count",0.0089206,2.5316e-27
"mle","low_count",0.0084599,5.7398e-31
"mle","low_count",0.008023,3.0095e-31
"mle","low_count",0.0076086,4.934e-34
"mle","low_count",0.0072157,2.5061e-35
"mle","low_count",0.006843,3.9446e-36
"mle","low_count",0.0064896,3.3884e-36
"mle","low_count",0.0061544,8.5133e-38
"mle","low_count",0.0058366,1.3035e-38
"mle","low_count",0.0055352,2.1252e-39
"mle","low_count",0.0052493,2.1252e-39
"mle","low_count",0.0049782,4.1371e-40
"mle","low_count",0.0047211,1.6162e-41
"mle","low_count",0.0044773,1.6162e-41
"mle","low_count",0.004246,3.838e-44
"mle","low_count",0.0040267,1.0406e-44
"mle","low_count",0.0038188,1.0406e-44
"mle","low_count",0.0036216,3.5043e-47
"mle","low_count",0.0034345,3.5043e-47
"mle","low_count",0.0032571,2.6922e-49
"mle","low_count",0.0030889,2.6922e-49
"mle","low_count",0.0029294,7.2394e-52
"mle","low_count",0.0027781,7.2394e-52
"mle","low_count",0.0026346,7.2394e-52
"mle","low_count",0.0024986,4.474e-55
"mle","low_count",0.0023695,4.474e-55
"mle","low_count",0.0022471,4.474e-55
"mle","low_count",0.0021311,2.4672e-55
"mle","low_count",0.002021,2.4672e-55
"mle","low_count",0.0019167,2.4672e-55
"mle","low_count",0.0018177,1.4048e-66
"mle","low_count",0.0017238,1.4048e-66
"mle","low_count",0.0016348,1.4048e-66
"mle","low_count",0.0015503,1.4048e-66
"mle","low_count",0.0014703,1.3753e-69
"mle","low_count",0.0013943,1.3753e-69
"mle","low_count",0.0013223,1.3753e-69
"mle","low_count",0.001254,1.3753e-69
"mle","low_count",0.0011893,1.3753e-69
"mle","low_count",0.0011278,1.3753e-69
"mle","low_count",0.0010696,1.2604e-70
"mle","low_count",0.0010144,1.2604e-70
"mle","low_count",0.00096197,1.2604e-70
"mle","low_count",0.00091229,1.2604e-70
"mle","low_count",0.00086518,1.2604e-70
"mle","low_count",0.00082049,1.2604e-70
"mle","low_count",0.00077812,1.2604e-70
"mle","low_count",0.00073793,1.6936e-77
"mle","low_count",0.00069982,1.6936e-77
"mle","low_count",0.00066368,1.6936e-77
"mle","low_count",0.0006294,1.6936e-77
"mle","low_count",0.0005969,1.6936e-77
"mle","low_count",0.00056607,1.6936e-77
"mle","low_count",0.00053684,1.6936e-77
"mle","low_count",0.00050911,1.6936e-77
"mle","low_count",0.00048282,1.6936e-77
"mle","low_count",0.00045788,1.6936e-77
"mle","low_count",0.00043423,1.6936e-77
"mle","low_count",0.00041181,1.6936e-77
"mle","low_count",0.00039054,1.6936e-77
"mle","low_count",0.00037037,6.1094e-104
"mle","wide_rate",1,0.99992
"mle","wide_rate",0.94835,0.9529
"mle","wide_rate",0.89938,0.90428
"mle","wide_rate",0.85293,0.85689
"mle","wide_rate",0.80888,0.80941
"mle","wide_rate",0.7671,0.77087
"mle","wide_rate",0.72749,0.73007
"mle","wide_rate",0.68991,0.69229
"mle","wide_rate",0.65428,0.6582
"mle","wide_rate",0.62049,0.61935
"mle","wide_rate",0.58845,0.58539
"mle","wide_rate",0.55806,0.54659
"mle","wide_rate",0.52923,0.5054
"mle","wide_rate",0.5019,0.47591
"mle","wide_rate",0.47598,0.44407
"mle","wide_rate",0.4514,0.41519
"mle","wide_rate",0.42809,0.38671
"mle","wide_rate",0.40598,0.36363
"mle","wide_rate",0.38501,0.34201
"mle","wide_rate",0.36513,0.31658
"mle","wide_rate",0.34627,0.29882
"mle","wide_rate",0.32839,0.27486
"mle","wide_rate",0.31143,0.25505
"mle","wide_rate",0.29534,0.2359
"mle","wide_rate",0.28009,0.21085
"mle","wide_rate",0.26562,0.19649
"mle","wide_rate",0.25191,0.17472
"mle","wide_rate",0.2389,0.15671
"mle","wide_rate",0.22656,0.13764
"mle","wide_rate",0.21486,0.1227
"mle","wide_rate",0.20376,0.11005
"mle","wide_rate",0.19324,0.094781
"mle","wide_rate",0.18326,0.076519
"mle","wide_rate",0.17379,0.063177
"mle","wide_rate",0.16482,0.04962
"mle","wide_rate",0.15631,0.035045
"mle","wide_rate",0.14823,0.021646
"mle","wide_rate",0.14058,0.0095911
"mle","wide_rate",0.13332,0.0043162
"mle","wide_rate",0.12643,0.00071251
"mle","wide_rate",0.1199,0.0001125
"mle","wide_rate",0.11371,1.2454e-05
"mle","wide_rate",0.10784,1.4166e-06
"mle","wide_rate",0.10227,2.0503e-07
"mle","wide_rate",0.096987,5.3901e-09
"mle","wide_rate",0.091978,1.4174e-10
"mle","wide_rate",0.087227,2.1004e-12
"mle","wide_rate",0.082722,2.8589e-13
"mle","wide_rate",0.07845,3.7775e-15
"mle","wide_rate",0.074399,1.6947e-16
"mle","wide_rate",0.070556,5.785e-18
"mle","wide_rate",0.066912,1.6029e-19
"mle","wide_rate",0.063457,1.8484e-21
"mle","wide_rate",0.060179,2.1812e-23
"mle","wide_rate",0.057071,9.7096e-25
"mle","wide_rate",0.054124,4.4238e-26
"mle","wide_rate",0.051329,5.6312e-28
"mle","wide_rate",0.048678,1.2198e-29
"mle","wide_rate",0.046164,4.0523e-30
"mle","wide_rate",0.04378,5.1464e-31
"mle","wide_rate",0.041519,5.6938e-33
"mle","wide_rate",0.039374,5.3052e-35
"mle","wide_rate",0.037341,6.3139e-36
"mle","wide_rate",0.035412,1.4325e-36
"mle","wide_rate",0.033583,3.2961e-37
"mle","wide_rate",0.031849,1.4931e-39
"mle","wide_rate",0.030204,1.2286e-40
"mle","wide_rate",0.028644,9.7949e-43
"mle","wide_rate",0.027165,2.3286e-44
"mle","wide_rate",0.025762,7.0291e-45
"mle","wide_rate",0.024431,9.9793e-46
"mle","wide_rate",0.02317,2.2788e-46
"mle","wide_rate",0.021973,1.9702e-48
"mle","wide_rate",0.020838,1.5353e-50
"mle","wide_rate",0.019762,9.1369e-54
"mle","wide_rate",0.018741,9.7701e-55
"mle","wide_rate",0.017774,4.0087e-56
"mle","wide_rate",0.016856,2.4105e-57
"mle","wide_rate",0.015985,3.4261e-60
"mle","wide_rate",0.01516,4.0355e-62
"mle","wide_rate",0.014377,4.3311e-63
"mle","wide_rate",0.013634,2.1498e-63
"mle","wide_rate",0.01293,1.8459e-63
"mle","wide_rate",0.012262,9.9609e-65
"mle","wide_rate",0.011629,1.121e-66
"mle","wide_rate",0.011028,6.1731e-67
"mle","wide_rate",0.010459,1.4655e-67
"mle","wide_rate",0.0099186,1.0809e-68
"mle","wide_rate",0.0094064,6.6834e-69
"mle","wide_rate",0.0089206,2.9363e-69
"mle","wide_rate",0.0084599,2.1335e-70
"mle","wide_rate",0.008023,2.9437e-71
"mle","wide_rate",0.0076086,6.9743e-72
"mle","wide_rate",0.0072157,2.9648e-72
"mle","wide_rate",0.006843,2.031e-72
"mle","wide_rate",0.0064896,1.1561e-74
"mle","wide_rate",0.0061544,1.8906e-76
"mle","wide_rate",0.0058366,5.7016e-79
"mle","wide_rate",0.0055352,1.4378e-79
"mle","wide_rate",0.0052493,1.4378e-79
"mle","wide_rate",0.0049782,7.9653e-80
"mle","wide_rate",0.0047211,3.3235e-82
"mle","wide_rate",0.0044773,3.3235e-82
"mle","wide_rate",0.004246,5.8533e-83
"mle","wide_rate",0.0040267,7.7179e-86
"mle","wide_rate",0.0038188,7.7179e-86
"mle","wide_rate",0.0036216,1.1233e-88
"mle","wide_rate",0.0034345,1.1233e-88
"mle","wide_rate",0.0032571,9.5543e-92
"mle","wide_rate",0.0030889,9.5543e-92
"mle","wide_rate",0.0029294,7.3519e-93
"mle","wide_rate",0.0027781,7.3519e-93
"mle","wide_rate",0.0026346,7.3519e-93
"mle","wide_rate",0.0024986,1.5948e-95
"mle","wide_rate",0.0023695,1.5948e-95
"mle","wide_rate",0.0022471,1.5948e-95
"mle","wide_rate",0.0021311,4.8428e-99
"mle","wide_rate",0.002021,4.8428e-99
"mle","wide_rate",0.0019167,4.8428e-99
"mle","wide_rate",0.0018177,7.4473e-104
"mle","wide_rate",0.0017238,7.4473e-104
"mle","wide_rate",0.0016348,7.4473e-104
"mle","wide_rate",0.0015503,7.4473e-104
"mle","wide_rate",0.0014703,1.2764e-106
"mle","wide_rate",0.0013943,1.2764e-106
"mle","wide_rate",0.0013223,1.2764e-106
"mle","wide_rate",0.001254,1.2764e-106
"mle","wide_rate",0.0011893,1.2764e-106
"mle","wide_rate",0.0011278,1.2764e-106
"mle","wide_rate",0.0010696,2.7353e-122
"mle","wide_rate",0.0010144,2.7353e-122
"mle","wide_rate",0.00096197,2.7353e-122
"mle","wide_rate",0.00091229,2.7353e-122
"mle","wide_rate",0.00086518,2.7353e-122
"mle","wide_rate",0.00082049,2.7353e-122
"mle","wide_rate",0.00077812,2.7353e-122
"mle","wide_rate",0.00073793,8.1283e-129
"mle","wide_rate",0.00069982,8.1283e-129
"mle","wide_rate",0.00066368,8.1283e-129
"mle","wide_rate",0.0006294,8.1283e-129
"mle","wide_rate",0.0005969,8.1283e-129
"mle","wide_rate",0.00056607,8.1283e-129
"mle","wide_rate",0.00053684,8.1283e-129
"mle","wide_rate",0.00050911,8.1283e-129
"mle","wide_rate",0.00048282,8.1283e-129
"mle","wide_rate",0.00045788,8.1283e-129
"mle","wide_rate",0.00043423,8.1283e-129
"mle","wide_rate",0.00041181,8.1283e-129
"mle","wide_rate",0.00039054,8.1283e-129
"mle","wide_rate",0.00037037,2.5882e-143
"mle","trend",1,0.99977
"mle","trend",0.94835,0.96478
"mle","trend",0.89938,0.92837
"mle","trend",0.85293,0.89336
"mle","trend",0.80888,0.85715
"mle","trend",0.7671,0.82244
"mle","trend",0.72749,0.79013
"mle","trend",0.68991,0.75588
"mle","trend",0.65428,0.71984
"mle","trend",0.62049,0.68721
"mle","trend",0.58845,0.66022
"mle","trend",0.55806,0.63496
"mle","trend",0.52923,0.60428
"mle","trend",0.5019,0.57896
"mle","trend",0.47598,0.54884
"mle","trend",0.4514,0.52345
"mle","trend",0.42809,0.49317
"mle","trend",0.40598,0.4664
"mle","trend",0.38501,0.44127
"mle","trend",0.36513,0.4198
"mle","trend",0.34627,0.39573
"mle","trend",0.32839,0.37519
"mle","trend",0.31143,0.35081
"mle","trend",0.29534,0.32541
"mle","trend",0.28009,0.30655
"mle","trend",0.26562,0.28402
"mle","trend",0.25191,0.25443
"mle","trend",0.2389,0.2382
"mle","trend",0.22656,0.21798
"mle","trend",0.21486,0.20514
"mle","trend",0.20376,0.18599
"mle","trend",0.19324,0.15809
"mle","trend",0.18326,0.13857
"mle","trend",0.17379,0.1239
"mle","trend",0.16482,0.10943
"mle","trend",0.15631,0.097789
"mle","trend",0.14823,0.085179
"mle","trend",0.14058,0.071354
"mle","trend",0.13332,0.055331
"mle","trend",0.12643,0.039052
"mle","trend",0.1199,0.028076
"mle","trend",0.11371,0.018568
"mle","trend",0.10784,0.011386
"mle","trend",0.10227,0.0046224
"mle","trend",0.096987,0.0013045
"mle","trend",0.091978,0.00031287
"mle","trend",0.087227,2.3833e-05
"mle","trend",0.082722,1.1598e-06
"mle","trend",0.07845,8.4475e-09
"mle","trend",0.074399,3.1419e-10
"mle","trend",0.070556,1.869e-11
"mle","trend",0.066912,5.6182e-13
"mle","trend",0.063457,3.8699e-15
"mle","trend",0.060179,2.0184e-18
"mle","trend",0.057071,1.9413e-20
"mle","trend",0.054124,3.0068e-22
"mle","trend",0.051329,2.1687e-24
"mle","trend",0.048678,2.7233e-25
"mle","trend",0.046164,1.423e-26
"mle","trend",0.04378,7.9579e-28
"mle","trend",0.041519,7.0146e-30
"mle","trend",0.039374,5.4739e-33
"mle","trend",0.037341,9.7701e-37
"mle","trend",0.035412,7.0016e-38
"mle","trend",0.033583,6.8707e-41
"mle","trend",0.031849,1.4514e-46
"mle","trend",0.030204,1.3614e-48
"mle","trend",0.028644,1.1967e-49
"mle","trend",0.027165,1.2505e-50
"mle","trend",0.025762,3.9102e-55
"mle","trend",0.024431,4.643e-58
"mle","trend",0.02317,7.8941e-59
"mle","trend",0.021973,1.4028e-59
"mle","trend",0.020838,4.7665e-61
"mle","trend",0.019762,2.5351e-65
"mle","trend",0.018741,1.3446e-67
"mle","trend",0.017774,4.8428e-70
"mle","trend",0.016856,1.7092e-70
"mle","trend",0.015985,1.9999e-73
"mle","trend",0.01516,3.5156e-80
"mle","trend",0.014377,8.445e-81
"mle","trend",0.013634,3.5992e-85
"mle","trend",0.01293,2.231e-87
"mle","trend",0.012262,3.2122e-90
"mle","trend",0.011629,4.5394e-92
"mle","trend",0.011028,2.4889e-93
"mle","trend",0.010459,1.3728e-93
"mle","trend",0.0099186,1.0062e-94
"mle","trend",0.0094064,9.8492e-95
"mle","trend",0.0089206,1.7474e-97
"mle","trend",0.0084599,5.6624e-103
"mle","trend",0.008023,2.5586e-107
"mle","trend",0.0076086,5.9979e-108
"mle","trend",0.0072157,5.3211e-108
"mle","trend",0.006843,3.069e-112
"mle","trend",0.0064896,7.9433e-115
"mle","trend",0.0061544,2.3174e-117
"mle","trend",0.0058366,2.2646e-118
"mle","trend",0.0055352,5.6494e-126
"mle","trend",0.0052493,5.6494e-126
"mle","trend",0.0049782,5.5208e-127
"mle","trend",0.0047211,5.4702e-136
"mle","trend",0.0044773,5.4702e-136
"mle","trend",0.004246,1.074e-136
"mle","trend",0.0040267,9.506e-138
"mle","trend",0.0038188,9.506e-138
"mle","trend",0.0036216,8.2035e-138
"mle","trend",0.0034345,8.2035e-138
"mle","trend",0.0032571,1.7258e-154
"mle","trend",0.0030889,1.7258e-154
"mle","trend",0.0029294,2.8973e-158
"mle","trend",0.0027781,2.8973e-158
"mle","trend",0.0026346,2.8973e-158
"mle","trend",0.0024986,8.4918e-160
"mle","trend",0.0023695,8.4918e-160
"mle","trend",0.0022471,8.4918e-160
"mle","trend",0.0021311,6.9183e-164
"mle","trend",0.002021,6.9183e-164
"mle","trend",0.0019167,6.9183e-164
"mle","trend",0.0018177,3.1333e-166
"mle","trend",0.0017238,3.1333e-166
"mle","trend",0.0016348,3.1333e-166
"mle","trend",0.0015503,3.1333e-166
"mle","trend",0.0014703,4.2364e-171
"mle","trend",0.0013943,4.2364e-171
"mle","trend",0.0013223,4.2364e-171
"mle","trend",0.001254,4.2364e-171
"mle","trend",0.0011893,4.2364e-171
"mle","trend",0.0011278,4.2364e-171
"mle","trend",0.0010696,2.9717e-176
"mle","trend",0.0010144,2.9717e-176
"mle","trend",0.00096197,2.9717e-176
"mle","trend",0.00091229,2.9717e-176
"mle","trend",0.00086518,2.9717e-176
"mle","trend",0.00082049,2.9717e-176
"mle","trend",0.00077812,2.9717e-176
"mle","trend",0.00073793,2.7797e-206
"mle","trend",0.00069982,2.7797e-206
"mle","trend",0.00066368,2.7797e-206
"mle","trend",0.0006294,2.7797e-206
"mle","trend",0.0005969,2.7797e-206
"mle","trend",0.00056607,2.7797e-206
"mle","trend",0.00053684,2.7797e-206
"mle","trend",0.00050911,2.7797e-206
"mle","trend",0.00048282,2.7797e-206
"mle","trend",0.00045788,2.7797e-206
"mle","trend",0.00043423,2.7797e-206
"mle","trend",0.00041181,2.7797e-206
"mle","trend",0.00039054,2.7797e-206
"mle","trend",0.00037037,1.3804e-225
"mle","near_poisson",1,0.99988
"mle","near_poisson",0.94801,0.94868
"mle","near_poisson",0.89872,0.90429
"mle","near_poisson",0.852,0.86309
"mle","near_poisson",0.8077,0.83021
"mle","near_poisson",0.76571,0.794
"mle","near_poisson",0.7259,0.75835
"mle","near_poisson",0.68816,0.72135
"mle","near_poisson",0.65239,0.68815
"mle","near_poisson",0.61847,0.65646
"mle","near_poisson",0.58632,0.62487
"mle","near_poisson",0.55583,0.58526
"mle","near_poisson",0.52694,0.5463
"mle","near_poisson",0.49954,0.50791
"mle","near_poisson",0.47357,0.4728
"mle","near_poisson",0.44895,0.41938
"mle","near_poisson",0.42561,0.36773
"mle","near_poisson",0.40348,0.31578
"mle","near_poisson",0.3825,0.27052
"mle","near_poisson",0.36262,0.22009
"mle","near_poisson",0.34377,0.17997
"mle","near_poisson",0.32589,0.13599
"mle","near_poisson",0.30895,0.10335
"mle","near_poisson",0.29289,0.072046
"mle","near_poisson",0.27766,0.051749
"mle","near_poisson",0.26323,0.038281
"mle","near_poisson",0.24954,0.023438
"mle","near_poisson",0.23657,0.017196
"mle","near_poisson",0.22427,0.011415
"mle","near_poisson",0.21261,0.0055747
"mle","near_poisson",0.20156,0.0030359
"mle","near_poisson",0.19108,0.0017094
"mle","near_poisson",0.18114,0.0010698
"mle","near_poisson",0.17172,0.00054842
"mle","near_poisson",0.1628,0.00028571
"mle","near_poisson",0.15433,0.00015159
"mle","near_poisson",0.14631,7.7065e-05
"mle","near_poisson",0.1387,3.8241e-05
"mle","near_poisson",0.13149,1.4776e-05
"mle","near_poisson",0.12466,6.4658e-06
"mle","near_poisson",0.11817,2.1606e-06
"mle","near_poisson",0.11203,7.7439e-07
"mle","near_poisson",0.10621,2.5926e-07
"mle","near_poisson",0.10068,6.4834e-08
"mle","near_poisson",0.09545,2.9403e-08
"mle","near_poisson",0.090488,3.8699e-09
"mle","near_poisson",0.085783,1.7534e-09
"mle","near_poisson",0.081324,6.2167e-10
"mle","near_poisson",0.077096,1.3909e-10
"mle","near_poisson",0.073087,2.6705e-11
"mle","near_poisson",0.069288,4.3391e-12
"mle","near_poisson",0.065685,1.3737e-12
"mle","near_poisson",0.06227,1.2615e-13
"mle","near_poisson",0.059033,7.2394e-15
"mle","near_poisson",0.055964,4.725e-16
"mle","near_poisson",0.053054,3.4995e-17
"mle","near_poisson",0.050296,6.6191e-18
"mle","near_poisson",0.047681,1.6885e-18
"mle","near_poisson",0.045202,4.2796e-19
"mle","near_poisson",0.042852,5.4213e-20
"mle","near_poisson",0.040624,4.2776e-21
"mle","near_poisson",0.038512,4.0917e-22
"mle","near_poisson",0.03651,2.3583e-23
"mle","near_poisson",0.034612,3.8221e-24
"mle","near_poisson",0.032813,2.9751e-25
"mle","near_poisson",0.031107,5.0992e-26
"mle","near_poisson",0.029489,9.6583e-27
"mle","near_poisson",0.027956,4.6249e-28
"mle","near_poisson",0.026503,1.4846e-28
"mle","near_poisson",0.025125,3.1405e-29
"mle","near_poisson",0.023819,4.0954e-30
"mle","near_poisson",0.02258,8.9125e-31
"mle","near_poisson",0.021406,1.3183e-31
"mle","near_poisson",0.020294,1.6177e-32
"mle","near_poisson",0.019238,1.3253e-33
"mle","near_poisson",0.018238,2.8893e-34
"mle","near_poisson",0.01729,8.3119e-35
"mle","near_poisson",0.016391,2.0389e-35
"mle","near_poisson",0.015539,5.236e-36
"mle","near_poisson",0.014731,4.5071e-37
"mle","near_poisson",0.013965,8.1733e-38
"mle","near_poisson",0.013239,4.9272e-38
"mle","near_poisson",0.012551,1.0375e-38
"mle","near_poisson",0.011898,4.9363e-39
"mle","near_poisson",0.01128,3.7757e-39
"mle","near_poisson",0.010693,4.9659e-40
"mle","near_poisson",0.010137,1.029e-40
"mle","near_poisson",0.0096104,7.8813e-41
"mle","near_poisson",0.0091108,1.7144e-42
"mle","near_poisson",0.0086371,6.3841e-43
"mle","near_poisson",0.0081881,3.5043e-43
"mle","near_poisson",0.0077624,6.1235e-44
"mle","near_poisson",0.0073588,1.3452e-46
"mle","near_poisson",0.0069762,3.3947e-48
"mle","near_poisson",0.0066135,6.6069e-49
"mle","near_poisson",0.0062697,4.2944e-50
"mle","near_poisson",0.0059437,1.173e-50
"mle","near_poisson",0.0056347,1.173e-50
"mle","near_poisson",0.0053418,2.781e-51
"mle","near_poisson",0.0050641,9.6272e-52
"mle","near_poisson",0.0048008,4.6302e-54
"mle","near_poisson",0.0045512,4.3102e-54
"mle","near_poisson",0.0043146,4.3102e-54
"mle","near_poisson",0.0040903,3.5351e-54
"mle","near_poisson",0.0038776,3.5351e-54
"mle","near_poisson",0.003676,3.3581e-54
"mle","near_poisson",0.0034849,2.7189e-55
"mle","near_poisson",0.0033037,2.7189e-55
"mle","near_poisson",0.003132,2.5061e-56
"mle","near_poisson",0.0029691,2.5061e-56
"mle","near_poisson",0.0028148,2.5061e-56
"mle","near_poisson",0.0026684,9.9609e-62
"mle","near_poisson",0.0025297,9.9609e-62
"mle","near_poisson",0.0023982,7.4783e-62
"mle","near_poisson",0.0022735,7.4783e-62
"mle","near_poisson",0.0021553,7.4783e-62
"mle","near_poisson",0.0020433,8.2871e-64
"mle","near_poisson",0.001937,8.2871e-64
"mle","near_poisson",0.0018363,8.2871e-64
"mle","near_poisson",0.0017409,3.4395e-64
"mle","near_poisson",0.0016503,3.4395e-64
"mle","near_poisson",0.0015645,3.4395e-64
"mle","near_poisson",0.0014832,3.4395e-64
"mle","near_poisson",0.0014061,3.4395e-64
"mle","near_poisson",0.001333,3.2734e-75
"mle","near_poisson",0.0012637,3.2734e-75
"mle","near_poisson",0.001198,3.2734e-75
"mle","near_poisson",0.0011357,3.2734e-75
"mle","near_poisson",0.0010767,3.2734e-75
"mle","near_poisson",0.0010207,1.2862e-85
"mle","near_poisson",0.00096762,1.2862e-85
"mle","near_poisson",0.00091732,1.2862e-85
"mle","near_poisson",0.00086963,1.2862e-85
"mle","near_poisson",0.00082441,1.2862e-85
"mle","near_poisson",0.00078155,1.2862e-85
"mle","near_poisson",0.00074092,1.2862e-85
"mle","near_poisson",0.0007024,1.2862e-85
"mle","near_poisson",0.00066588,1.1926e-89
"mle","near_poisson",0.00063126,1.1926e-89
"mle","near_poisson",0.00059844,1.1926e-89
"mle","near_poisson",0.00056733,1.1926e-89
"mle","near_poisson",0.00053784,1.1926e-89
"mle","near_poisson",0.00050987,1.1926e-89
"mle","near_poisson",0.00048337,1.1926e-89
"mle","near_poisson",0.00045824,1.1926e-89
"mle","near_poisson",0.00043441,1.1926e-89
"mle","near_poisson",0.00041183,1.1926e-89
"mle","near_poisson",0.00039042,1.1926e-89
"mle","near_poisson",0.00037012,1.1926e-89
"mle","near_poisson",0.00035088,1.791e-91
"mle","generate_null",1,0.99986
"mle","generate_null",0.9479,0.94199
"mle","generate_null",0.89851,0.89439
"mle","generate_null",0.8517,0.84704
"mle","generate_null",0.80733,0.80295
"mle","generate_null",0.76527,0.7543
"mle","generate_null",0.7254,0.71697
"mle","generate_null",0.6876,0.67937
"mle","generate_null",0.65178,0.64411
"mle","generate_null",0.61782,0.60981
"mle","generate_null",0.58563,0.57768
"mle","generate_null",0.55512,0.54572
"mle","generate_null",0.5262,0.51498
"mle","generate_null",0.49878,0.4879
"mle","generate_null",0.4728,0.46719
"mle","generate_null",0.44816,0.44166
"mle","generate_null",0.42481,0.41707
"mle","generate_null",0.40268,0.3919
"mle","generate_null",0.3817,0.36964
"mle","generate_null",0.36181,0.3514
"mle","generate_null",0.34296,0.33299
"mle","generate_null",0.3251,0.30925
"mle","generate_null",0.30816,0.28886
"mle","generate_null",0.2921,0.27231
"mle","generate_null",0.27688,0.25491
"mle","generate_null",0.26246,0.24352
"mle","generate_null",0.24878,0.23227
"mle","generate_null",0.23582,0.22186
"mle","generate_null",0.22354,0.2122
"mle","generate_null",0.21189,0.20259
"mle","generate_null",0.20085,0.1907
"mle","generate_null",0.19039,0.18163
"mle","generate_null",0.18047,0.17563
"mle","generate_null",0.17106,0.16639
"mle","generate_null",0.16215,0.15916
"mle","generate_null",0.1537,0.1514
"mle","generate_null",0.1457,0.14272
"mle","generate_null",0.13811,0.13736
"mle","generate_null",0.13091,0.13085
"mle","generate_null",0.12409,0.12228
"mle","generate_null",0.11762,0.11422
"mle","generate_null",0.1115,0.10887
"mle","generate_null",0.10569,0.10458
"mle","generate_null",0.10018,0.099742
"mle","generate_null",0.094961,0.093444
"mle","generate_null",0.090014,0.088121
"mle","generate_null",0.085324,0.083732
"mle","generate_null",0.080879,0.079457
"mle","generate_null",0.076665,0.076625
"mle","generate_null",0.072671,0.06986
"mle","generate_null",0.068884,0.067015
"mle","generate_null",0.065296,0.063788
"mle","generate_null",0.061894,0.060387
"mle","generate_null",0.058669,0.057685
"mle","generate_null",0.055612,0.053297
"mle","generate_null",0.052715,0.048858
"mle","generate_null",0.049968,0.04596
"mle","generate_null",0.047365,0.043121
"mle","generate_null",0.044897,0.040676
"mle","generate_null",0.042558,0.036102
"mle","generate_null",0.040341,0.032623
"mle","generate_null",0.038239,0.030993
"mle","generate_null",0.036247,0.029319
"mle","generate_null",0.034358,0.027902
"mle","generate_null",0.032568,0.023565
"mle","generate_null",0.030872,0.021778
"mle","generate_null",0.029263,0.019364
"mle","generate_null",0.027738,0.017409
"mle","generate_null",0.026293,0.016545
"mle","generate_null",0.024923,0.015256
"mle","generate_null",0.023625,0.013212
"mle","generate_null",0.022394,0.012012
"mle","generate_null",0.021227,0.010862
"mle","generate_null",0.020121,0.010578
"mle","generate_null",0.019073,0.010013
"mle","generate_null",0.018079,0.0092094
"mle","generate_null",0.017137,0.007536
"mle","generate_null",0.016245,0.0067685
"mle","generate_null",0.015398,0.0043072
"mle","generate_null",0.014596,0.0037608
"mle","generate_null",0.013835,0.0034438
"mle","generate_null",0.013115,0.0024853
"mle","generate_null",0.012431,0.0017902
"mle","generate_null",0.011784,0.001459
"mle","generate_null",0.01117,0.00093761
"mle","generate_null",0.010588,0.00035655
"mle","generate_null",0.010036,0.00018552
"mle","generate_null",0.0095133,5.815e-05
"mle","generate_null",0.0090177,1.9057e-05
"mle","generate_null",0.0085478,4.1663e-06
"mle","generate_null",0.0081025,2.1786e-06
"mle","generate_null",0.0076804,2.0867e-06
"mle","generate_null",0.0072802,1.4952e-06
"mle","generate_null",0.0069009,4.3699e-07
"mle","generate_null",0.0065414,3.9686e-08
"mle","generate_null",0.0062006,4.0616e-10
"mle","generate_null",0.0058775,4.0616e-10
"mle","generate_null",0.0055713,1.845e-14
"mle","generate_null",0.005281,1.0745e-14
"mle","generate_null",0.0050059,5.6066e-16
"mle","generate_null",0.0047451,6.4062e-17
"mle","generate_null",0.0044979,6.4062e-17
"mle","generate_null",0.0042635,2.4969e-17
"mle","generate_null",0.0040414,2.7441e-18
"mle","generate_null",0.0038308,2.7441e-18
"mle","generate_null",0.0036312,2.52e-19
"mle","generate_null",0.0034421,1.8076e-19
"mle","generate_null",0.0032627,1.8076e-19
"mle","generate_null",0.0030927,7.7144e-20
"mle","generate_null",0.0029316,7.7144e-20
"mle","generate_null",0.0027789,7.7144e-20
"mle","generate_null",0.0026341,1.1397e-21
"mle","generate_null",0.0024968,1.1397e-21
"mle","generate_null",0.0023668,6.8454e-25
"mle","generate_null",0.0022435,6.8454e-25
"mle","generate_null",0.0021266,6.8454e-25
"mle","generate_null",0.0020158,1.4048e-25
"mle","generate_null",0.0019108,1.4048e-25
"mle","generate_null",0.0018112,1.4048e-25
"mle","generate_null",0.0017168,1.3152e-26
"mle","generate_null",0.0016274,1.3152e-26
"mle","generate_null",0.0015426,1.3152e-26
"mle","generate_null",0.0014622,1.3152e-26
"mle","generate_null",0.001386,1.3152e-26
"mle","generate_null",0.0013138,3.9921e-30
"mle","generate_null",0.0012454,3.9921e-30
"mle","generate_null",0.0011805,3.9921e-30
"mle","generate_null",0.001119,3.9921e-30
"mle","generate_null",0.0010607,3.9921e-30
"mle","generate_null",0.0010054,2.5096e-30
"mle","generate_null",0.00095305,2.5096e-30
"mle","generate_null",0.0009034,2.5096e-30
"mle","generate_null",0.00085633,2.5096e-30
"mle","generate_null",0.00081171,2.5096e-30
"mle","generate_null",0.00076942,2.5096e-30
"mle","generate_null",0.00072934,2.5096e-30
"mle","generate_null",0.00069134,2.5096e-30
"mle","generate_null",0.00065532,7.709e-34
"mle","generate_null",0.00062118,7.709e-34
"mle","generate_null",0.00058881,7.709e-34
"mle","generate_null",0.00055814,7.709e-34
"mle","generate_null",0.00052906,7.709e-34
"mle","generate_null",0.00050149,7.709e-34
"mle","generate_null",0.00047537,7.709e-34
"mle","generate_null",0.0004506,7.709e-34
"mle","generate_null",0.00042712,7.709e-34
"mle","generate_null",0.00040487,7.709e-34
"mle","generate_null",0.00038378,7.709e-34
"mle","generate_null",0.00036378,7.709e-34
"mle","generate_null",0.00034483,3.1246e-44
"cap_10s","null",1,0.99992
"cap_10s","null",0.94768,0.94316
"cap_10s","null",0.89811,0.88731
"cap_10s","null",0.85112,0.84449
"cap_10s","null",0.80659,0.80359
"cap_10s","null",0.7644,0.7666
"cap_10s","null",0.72441,0.7313
"cap_10s","null",0.68651,0.69636
"cap_10s","null",0.65059,0.66045
"cap_10s","null",0.61656,0.62598
"cap_10s","null",0.5843,0.58679
"cap_10s","null",0.55373,0.55913
"cap_10s","null",0.52476,0.52741
"cap_10s","null",0.49731,0.49751
"cap_10s","null",0.47129,0.46939
"cap_10s","null",0.44664,0.44701
"cap_10s","null",0.42327,0.42712
"cap_10s","null",0.40113,0.40637
"cap_10s","null",0.38014,0.3776
"cap_10s","null",0.36025,0.35628
"cap_10s","null",0.34141,0.33355
"cap_10s","null",0.32355,0.31412
"cap_10s","null",0.30662,0.2969
"cap_10s","null",0.29058,0.27946
"cap_10s","null",0.27538,0.26499
"cap_10s","null",0.26097,0.24966
"cap_10s","null",0.24732,0.2374
"cap_10s","null",0.23438,0.22589
"cap_10s","null",0.22212,0.21194
"cap_10s","null",0.2105,0.2022
"cap_10s","null",0.19948,0.19343
"cap_10s","null",0.18905,0.1809
"cap_10s","null",0.17916,0.17075
"cap_10s","null",0.16979,0.16401
"cap_10s","null",0.1609,0.15443
"cap_10s","null",0.15248,0.14552
"cap_10s","null",0.14451,0.13524
"cap_10s","null",0.13695,0.1276
"cap_10s","null",0.12978,0.1206
"cap_10s","null",0.12299,0.11399
"cap_10s","null",0.11656,0.11046
"cap_10s","null",0.11046,0.10554
"cap_10s","null",0.10468,0.10087
"cap_10s","null",0.099205,0.097674
"cap_10s","null",0.094015,0.092689
"cap_10s","null",0.089097,0.087014
"cap_10s","null",0.084436,0.082543
"cap_10s","null",0.080018,0.079338
"cap_10s","null",0.075832,0.073619
"cap_10s","null",0.071865,0.069245
"cap_10s","null",0.068105,0.065601
"cap_10s","null",0.064542,0.061785
"cap_10s","null",0.061166,0.058161
"cap_10s","null",0.057966,0.054038
"cap_10s","null",0.054933,0.051611
"cap_10s","null",0.052059,0.049602
"cap_10s","null",0.049336,0.047586
"cap_10s","null",0.046755,0.044538
"cap_10s","null",0.044309,0.041222
"cap_10s","null",0.041991,0.038879
"cap_10s","null",0.039794,0.037829
"cap_10s","null",0.037712,0.035397
"cap_10s","null",0.035739,0.0339
"cap_10s","null",0.033869,0.032214
"cap_10s","null",0.032098,0.030568
"cap_10s","null",0.030418,0.02843
"cap_10s","null",0.028827,0.025526
"cap_10s","null",0.027319,0.024824
"cap_10s","null",0.02589,0.02308
"cap_10s","null",0.024535,0.021908
"cap_10s","null",0.023252,0.01961
"cap_10s","null",0.022035,0.019426
"cap_10s","null",0.020882,0.018265
"cap_10s","null",0.01979,0.018102
"cap_10s","null",0.018755,0.017247
"cap_10s","null",0.017773,0.016319
"cap_10s","null",0.016844,0.015464
"cap_10s","null",0.015962,0.012486
"cap_10s","null",0.015127,0.012069
"cap_10s","null",0.014336,0.011861
"cap_10s","null",0.013586,0.010691
"cap_10s","null",0.012875,0.010471
"cap_10s","null",0.012202,0.0098814
"cap_10s","null",0.011563,0.0087638
"cap_10s","null",0.010958,0.0086431
"cap_10s","null",0.010385,0.0079409
"cap_10s","null",0.0098417,0.0069105
"cap_10s","null",0.0093268,0.0066068
"cap_10s","null",0.0088389,0.0065661
"cap_10s","null",0.0083765,0.0065291
"cap_10s","null",0.0079383,0.0057659
"cap_10s","null",0.007523,0.00534
"cap_10s","null",0.0071294,0.005332
"cap_10s","null",0.0067564,0.0051488
"cap_10s","null",0.0064029,0.004766
"cap_10s","null",0.006068,0.004694
"cap_10s","null",0.0057505,0.0040753
"cap_10s","null",0.0054497,0.0034135
"cap_10s","null",0.0051646,0.0031472
"cap_10s","null",0.0048944,0.0030373
"cap_10s","null",0.0046383,0.0025343
"cap_10s","null",0.0043957,0.0025343
"cap_10s","null",0.0041657,0.0020121
"cap_10s","null",0.0039478,0.0018297
"cap_10s","null",0.0037412,0.0018297
"cap_10s","null",0.0035455,0.0017672
"cap_10s","null",0.00336,0.0017672
"cap_10s","null",0.0031842,0.0014916
"cap_10s","null",0.0030177,0.0014916
"cap_10s","null",0.0028598,0.001482
"cap_10s","null",0.0027102,0.001482
"cap_10s","null",0.0025684,0.0013254
"cap_10s","null",0.002434,0.0013254
"cap_10s","null",0.0023067,0.001234
"cap_10s","null",0.002186,0.001234
"cap_10s","null",0.0020716,0.001234
"cap_10s","null",0.0019633,0.00078141
"cap_10s","null",0.0018606,0.00078141
"cap_10s","null",0.0017632,0.00078141
"cap_10s","null",0.001671,0.00078141
"cap_10s","null",0.0015836,0.00074018
"cap_10s","null",0.0015007,0.00074018
"cap_10s","null",0.0014222,0.00074018
"cap_10s","null",0.0013478,0.00074018
"cap_10s","null",0.0012773,0.00067072
"cap_10s","null",0.0012105,0.00067072
"cap_10s","null",0.0011471,0.00067072
"cap_10s","null",0.0010871,0.00067072
"cap_10s","null",0.0010303,0.00067072
"cap_10s","null",0.00097635,0.00048981
"cap_10s","null",0.00092527,0.00048981
"cap_10s","null",0.00087687,0.00048981
"cap_10s","null",0.00083099,0.00048981
"cap_10s","null",0.00078752,0.00048981
"cap_10s","null",0.00074632,0.00048981
"cap_10s","null",0.00070727,0.00048981
"cap_10s","null",0.00067027,0.00048981
"cap_10s","null",0.00063521,4.1278e-05
"cap_10s","null",0.00060198,4.1278e-05
"cap_10s","null",0.00057048,4.1278e-05
"cap_10s","null",0.00054064,4.1278e-05
"cap_10s","null",0.00051235,4.1278e-05
"cap_10s","null",0.00048555,4.1278e-05
"cap_10s","null",0.00046015,4.1278e-05
"cap_10s","null",0.00043607,4.1278e-05
"cap_10s","null",0.00041326,4.1278e-05
"cap_10s","null",0.00039164,4.1278e-05
"cap_10s","null",0.00037115,4.1278e-05
"cap_10s","null",0.00035173,4.1278e-05
"cap_10s","null",0.00033333,3.4887e-06
"cap_10s","baseline",1,0.99992
"cap_10s","baseline",0.94801,0.94824
"cap_10s","baseline",0.89872,0.89852
"cap_10s","baseline",0.852,0.84256
"cap_10s","baseline",0.8077,0.80181
"cap_10s","baseline",0.76571,0.76337
"cap_10s","baseline",0.7259,0.7285
"cap_10s","baseline",0.68816,0.69484
"cap_10s","baseline",0.65239,0.66078
"cap_10s","baseline",0.61847,0.6245
"cap_10s","baseline",0.58632,0.58861
"cap_10s","baseline",0.55583,0.55918
"cap_10s","baseline",0.52694,0.5296
"cap_10s","baseline",0.49954,0.50695
"cap_10s","baseline",0.47357,0.47847
"cap_10s","baseline",0.44895,0.45699
"cap_10s","baseline",0.42561,0.43286
"cap_10s","baseline",0.40348,0.41332
"cap_10s","baseline",0.3825,0.39205
"cap_10s","baseline",0.36262,0.37163
"cap_10s","baseline",0.34377,0.35085
"cap_10s","baseline",0.32589,0.32825
"cap_10s","baseline",0.30895,0.30825
"cap_10s","baseline",0.29289,0.29416
"cap_10s","baseline",0.27766,0.27936
"cap_10s","baseline",0.26323,0.26484
"cap_10s","baseline",0.24954,0.24792
"cap_10s","baseline",0.23657,0.23548
"cap_10s","baseline",0.22427,0.22158
"cap_10s","baseline",0.21261,0.20996
"cap_10s","baseline",0.20156,0.1988
"cap_10s","baseline",0.19108,0.19061
"cap_10s","baseline",0.18114,0.18181
"cap_10s","baseline",0.17172,0.17183
"cap_10s","baseline",0.1628,0.16065
"cap_10s","baseline",0.15433,0.15311
"cap_10s","baseline",0.14631,0.14365
"cap_10s","baseline",0.1387,0.1379
"cap_10s","baseline",0.13149,0.12964
"cap_10s","baseline",0.12466,0.12336
"cap_10s","baseline",0.11817,0.11732
"cap_10s","baseline",0.11203,0.11095
"cap_10s","baseline",0.10621,0.10571
"cap_10s","baseline",0.10068,0.098519
"cap_10s","baseline",0.09545,0.09356
"cap_10s","baseline",0.090488,0.088442
"cap_10s","baseline",0.085783,0.085787
"cap_10s","baseline",0.081324,0.077394
"cap_10s","baseline",0.077096,0.074364
"cap_10s","baseline",0.073087,0.067476
"cap_10s","baseline",0.069288,0.064503
"cap_10s","baseline",0.065685,0.062333
"cap_10s","baseline",0.06227,0.059505
"cap_10s","baseline",0.059033,0.05763
"cap_10s","baseline",0.055964,0.05616
"cap_10s","baseline",0.053054,0.051351
"cap_10s","baseline",0.050296,0.049789
"cap_10s","baseline",0.047681,0.047589
"cap_10s","baseline",0.045202,0.046038
"cap_10s","baseline",0.042852,0.043074
"cap_10s","baseline",0.040624,0.039864
"cap_10s","baseline",0.038512,0.037906
"cap_10s","baseline",0.03651,0.036346
"cap_10s","baseline",0.034612,0.03451
"cap_10s","baseline",0.032813,0.033062
"cap_10s","baseline",0.031107,0.031857
"cap_10s","baseline",0.029489,0.02967
"cap_10s","baseline",0.027956,0.027684
"cap_10s","baseline",0.026503,0.025382
"cap_10s","baseline",0.025125,0.022061
"cap_10s","baseline",0.023819,0.019884
"cap_10s","baseline",0.02258,0.019039
"cap_10s","baseline",0.021406,0.016686
"cap_10s","baseline",0.020294,0.015724
"cap_10s","baseline",0.019238,0.015101
"cap_10s","baseline",0.018238,0.013917
"cap_10s","baseline",0.01729,0.013431
"cap_10s","baseline",0.016391,0.011873
"cap_10s","baseline",0.015539,0.011032
"cap_10s","baseline",0.014731,0.010255
"cap_10s","baseline",0.013965,0.0099504
"cap_10s","baseline",0.013239,0.0093834
"cap_10s","baseline",0.012551,0.0084322
"cap_10s","baseline",0.011898,0.0080861
"cap_10s","baseline",0.01128,0.0079409
"cap_10s","baseline",0.010693,0.0064661
"cap_10s","baseline",0.010137,0.0056088
"cap_10s","baseline",0.0096104,0.0054544
"cap_10s","baseline",0.0091108,0.0045746
"cap_10s","baseline",0.0086371,0.0036743
"cap_10s","baseline",0.0081881,0.0036353
"cap_10s","baseline",0.0077624,0.0034978
"cap_10s","baseline",0.0073588,0.0029594
"cap_10s","baseline",0.0069762,0.0029524
"cap_10s","baseline",0.0066135,0.0027797
"cap_10s","baseline",0.0062697,0.0026434
"cap_10s","baseline",0.0059437,0.0020271
"cap_10s","baseline",0.0056347,0.0020271
"cap_10s","baseline",0.0053418,0.0017402
"cap_10s","baseline",0.0050641,0.0016446
"cap_10s","baseline",0.0048008,0.0013449
"cap_10s","baseline",0.0045512,0.0012485
"cap_10s","baseline",0.0043146,0.0012485
"cap_10s","baseline",0.0040903,0.00082181
"cap_10s","baseline",0.0038776,0.00082181
"cap_10s","baseline",0.003676,0.00054029
"cap_10s","baseline",0.0034849,0.00042066
"cap_10s","baseline",0.0033037,0.00042066
"cap_10s","baseline",0.003132,0.00039597
"cap_10s","baseline",0.0029691,0.00039597
"cap_10s","baseline",0.0028148,0.00039597
"cap_10s","baseline",0.0026684,0.00034051
"cap_10s","baseline",0.0025297,0.00034051
"cap_10s","baseline",0.0023982,0.00032341
"cap_10s","baseline",0.0022735,0.00032341
"cap_10s","baseline",0.0021553,0.00032341
"cap_10s","baseline",0.0020433,0.00029878
"cap_10s","baseline",0.001937,0.00029878
"cap_10s","baseline",0.0018363,0.00029878
"cap_10s","baseline",0.0017409,0.00021298
"cap_10s","baseline",0.0016503,0.00021298
"cap_10s","baseline",0.0015645,0.00021298
"cap_10s","baseline",0.0014832,0.00021298
"cap_10s","baseline",0.0014061,0.00021298
"cap_10s","baseline",0.001333,0.00019927
"cap_10s","baseline",0.0012637,0.00019927
"cap_10s","baseline",0.001198,0.00019927
"cap_10s","baseline",0.0011357,0.00019927
"cap_10s","baseline",0.0010767,0.00019927
"cap_10s","baseline",0.0010207,0.0001067
"cap_10s","baseline",0.00096762,0.0001067
"cap_10s","baseline",0.00091732,0.0001067
"cap_10s","baseline",0.00086963,0.0001067
"cap_10s","baseline",0.00082441,0.0001067
"cap_10s","baseline",0.00078155,0.0001067
"cap_10s","baseline",0.00074092,0.0001067
"cap_10s","baseline",0.0007024,0.0001067
"cap_10s","baseline",0.00066588,7.1961e-05
"cap_10s","baseline",0.00063126,7.1961e-05
"cap_10s","baseline",0.00059844,7.1961e-05
"cap_10s","baseline",0.00056733,7.1961e-05
"cap_10s","baseline",0.00053784,7.1961e-05
"cap_10s","baseline",0.00050987,7.1961e-05
"cap_10s","baseline",0.00048337,7.1961e-05
"cap_10s","baseline",0.00045824,7.1961e-05
"cap_10s","baseline",0.00043441,7.1961e-05
"cap_10s","baseline",0.00041183,7.1961e-05
"cap_10s","baseline",0.00039042,7.1961e-05
"cap_10s","baseline",0.00037012,7.1961e-05
"cap_10s","baseline",0.00035088,4.1844e-06
"cap_10s","weak_de",1,0.99903
"cap_10s","weak_de",0.94835,0.95576
"cap_10s","weak_de",0.89938,0.90565
"cap_10s","weak_de",0.85293,0.86362
"cap_10s","weak_de",0.80888,0.82113
"cap_10s","weak_de",0.7671,0.78299
"cap_10s","weak_de",0.72749,0.74746
"cap_10s","weak_de",0.68991,0.70947
"cap_10s","weak_de",0.65428,0.67954
"cap_10s","weak_de",0.62049,0.6449
"cap_10s","weak_de",0.58845,0.61803
"cap_10s","weak_de",0.55806,0.58972
"cap_10s","weak_de",0.52923,0.564
"cap_10s","weak_de",0.5019,0.53777
"cap_10s","weak_de",0.47598,0.51209
"cap_10s","weak_de",0.4514,0.48467
"cap_10s","weak_de",0.42809,0.46005
"cap_10s","weak_de",0.40598,0.44056
"cap_10s","weak_de",0.38501,0.42068
"cap_10s","weak_de",0.36513,0.398
"cap_10s","weak_de",0.34627,0.37749
"cap_10s","weak_de",0.32839,0.35793
"cap_10s","weak_de",0.31143,0.33707
"cap_10s","weak_de",0.29534,0.31959
"cap_10s","weak_de",0.28009,0.30441
"cap_10s","weak_de",0.26562,0.29008
"cap_10s","weak_de",0.25191,0.27804
"cap_10s","weak_de",0.2389,0.26299
"cap_10s","weak_de",0.22656,0.24909
"cap_10s","weak_de",0.21486,0.23989
"cap_10s","weak_de",0.20376,0.22693
"cap_10s","weak_de",0.19324,0.21671
"cap_10s","weak_de",0.18326,0.20864
"cap_10s","weak_de",0.17379,0.19411
"cap_10s","weak_de",0.16482,0.1849
"cap_10s","weak_de",0.15631,0.17513
"cap_10s","weak_de",0.14823,0.16781
"cap_10s","weak_de",0.14058,0.15761
"cap_10s","weak_de",0.13332,0.1461
"cap_10s","weak_de",0.12643,0.14094
"cap_10s","weak_de",0.1199,0.13335
"cap_10s","weak_de",0.11371,0.1243
"cap_10s","weak_de",0.10784,0.11419
"cap_10s","weak_de",0.10227,0.10984
"cap_10s","weak_de",0.096987,0.10328
"cap_10s","weak_de",0.091978,0.099177
"cap_10s","weak_de",0.087227,0.094224
"cap_10s","weak_de",0.082722,0.089944
"cap_10s","weak_de",0.07845,0.086403
"cap_10s","weak_de",0.074399,0.083626
"cap_10s","weak_de",0.070556,0.080822
"cap_10s","weak_de",0.066912,0.077115
"cap_10s","weak_de",0.063457,0.072954
"cap_10s","weak_de",0.060179,0.067883
"cap_10s","weak_de",0.057071,0.064518
"cap_10s","weak_de",0.054124,0.06106
"cap_10s","weak_de",0.051329,0.058472
"cap_10s","weak_de",0.048678,0.054141
"cap_10s","weak_de",0.046164,0.052382
"cap_10s","weak_de",0.04378,0.050954
"cap_10s","weak_de",0.041519,0.050203
"cap_10s","weak_de",0.039374,0.048915
"cap_10s","weak_de",0.037341,0.047012
"cap_10s","weak_de",0.035412,0.045552
"cap_10s","weak_de",0.033583,0.043352
"cap_10s","weak_de",0.031849,0.039995
"cap_10s","weak_de",0.030204,0.038716
"cap_10s","weak_de",0.028644,0.036725
"cap_10s","weak_de",0.027165,0.034962
"cap_10s","weak_de",0.025762,0.031009
"cap_10s","weak_de",0.024431,0.029427
"cap_10s","weak_de",0.02317,0.028577
"cap_10s","weak_de",0.021973,0.026926
"cap_10s","weak_de",0.020838,0.025256
"cap_10s","weak_de",0.019762,0.024581
"cap_10s","weak_de",0.018741,0.023932
"cap_10s","weak_de",0.017774,0.021937
"cap_10s","weak_de",0.016856,0.021776
"cap_10s","weak_de",0.015985,0.01996
"cap_10s","weak_de",0.01516,0.016566
"cap_10s","weak_de",0.014377,0.014926
"cap_10s","weak_de",0.013634,0.014018
"cap_10s","weak_de",0.01293,0.013819
"cap_10s","weak_de",0.012262,0.013778
"cap_10s","weak_de",0.011629,0.012966
"cap_10s","weak_de",0.011028,0.012811
"cap_10s","weak_de",0.010459,0.012757
"cap_10s","weak_de",0.0099186,0.012416
"cap_10s","weak_de",0.0094064,0.0098057
"cap_10s","weak_de",0.0089206,0.0080338
"cap_10s","weak_de",0.0084599,0.007705
"cap_10s","weak_de",0.008023,0.0076005
"cap_10s","weak_de",0.0076086,0.0075379
"cap_10s","weak_de",0.0072157,0.0069947
"cap_10s","weak_de",0.006843,0.0062083
"cap_10s","weak_de",0.0064896,0.0056969
"cap_10s","weak_de",0.0061544,0.0056959
"cap_10s","weak_de",0.0058366,0.005529
"cap_10s","weak_de",0.0055352,0.0037952
"cap_10s","weak_de",0.0052493,0.0037952
"cap_10s","weak_de",0.0049782,0.0029367
"cap_10s","weak_de",0.0047211,0.0029144
"cap_10s","weak_de",0.0044773,0.0029144
"cap_10s","weak_de",0.004246,0.0028496
"cap_10s","weak_de",0.0040267,0.0027779
"cap_10s","weak_de",0.0038188,0.0027779
"cap_10s","weak_de",0.0036216,0.0025187
"cap_10s","weak_de",0.0034345,0.0025187
"cap_10s","weak_de",0.0032571,0.0022739
"cap_10s","weak_de",0.0030889,0.0022739
"cap_10s","weak_de",0.0029294,0.0022702
"cap_10s","weak_de",0.0027781,0.0022702
"cap_10s","weak_de",0.0026346,0.0022702
"cap_10s","weak_de",0.0024986,0.0017371
"cap_10s","weak_de",0.0023695,0.0017371
"cap_10s","weak_de",0.0022471,0.0017371
"cap_10s","weak_de",0.0021311,0.0012061
"cap_10s","weak_de",0.002021,0.0012061
"cap_10s","weak_de",0.0019167,0.0012061
"cap_10s","weak_de",0.0018177,0.0012021
"cap_10s","weak_de",0.0017238,0.0012021
"cap_10s","weak_de",0.0016348,0.0012021
"cap_10s","weak_de",0.0015503,0.0012021
"cap_10s","weak_de",0.0014703,0.00093323
"cap_10s","weak_de",0.0013943,0.00093323
"cap_10s","weak_de",0.0013223,0.00093323
"cap_10s","weak_de",0.001254,0.00093323
"cap_10s","weak_de",0.0011893,0.00093323
"cap_10s","weak_de",0.0011278,0.00093323
"cap_10s","weak_de",0.0010696,0.00047573
"cap_10s","weak_de",0.0010144,0.00047573
"cap_10s","weak_de",0.00096197,0.00047573
"cap_10s","weak_de",0.00091229,0.00047573
"cap_10s","weak_de",0.00086518,0.00047573
"cap_10s","weak_de",0.00082049,0.00047573
"cap_10s","weak_de",0.00077812,0.00047573
"cap_10s","weak_de",0.00073793,0.00027899
"cap_10s","weak_de",0.00069982,0.00027899
"cap_10s","weak_de",0.00066368,0.00027899
"cap_10s","weak_de",0.0006294,0.00027899
"cap_10s","weak_de",0.0005969,0.00027899
"cap_10s","weak_de",0.00056607,0.00027899
"cap_10s","weak_de",0.00053684,0.00027899
"cap_10s","weak_de",0.00050911,0.00027899
"cap_10s","weak_de",0.00048282,0.00027899
"cap_10s","weak_de",0.00045788,0.00027899
"cap_10s","weak_de",0.00043423,0.00027899
"cap_10s","weak_de",0.00041181,0.00027899
"cap_10s","weak_de",0.00039054,0.00027899
"cap_10s","weak_de",0.00037037,7.0586e-05
"cap_10s","low_count",1,0.99998
"cap_10s","low_count",0.94835,0.95255
"cap_10s","low_count",0.89938,0.91186
"cap_10s","low_count",0.85293,0.86518
"cap_10s","low_count",0.80888,0.82284
"cap_10s","low_count",0.7671,0.77981
"cap_10s","low_count",0.72749,0.73997
"cap_10s","low_count",0.68991,0.70897
"cap_10s","low_count",0.65428,0.68023
"cap_10s","low_count",0.62049,0.65124
"cap_10s","low_count",0.58845,0.62088
"cap_10s","low_count",0.55806,0.58589
"cap_10s","low_count",0.52923,0.56178
"cap_10s","low_count",0.5019,0.53386
"cap_10s","low_count",0.47598,0.50723
"cap_10s","low_count",0.4514,0.48623
"cap_10s","low_count",0.42809,0.46032
"cap_10s","low_count",0.40598,0.43905
"cap_10s","low_count",0.38501,0.41143
"cap_10s","low_count",0.36513,0.38867
"cap_10s","low_count",0.34627,0.3725
"cap_10s","low_count",0.32839,0.35603
"cap_10s","low_count",0.31143,0.3402
"cap_10s","low_count",0.29534,0.3236
"cap_10s","low_count",0.28009,0.3084
"cap_10s","low_count",0.26562,0.29518
"cap_10s","low_count",0.25191,0.28581
"cap_10s","low_count",0.2389,0.27187
"cap_10s","low_count",0.22656,0.25926
"cap_10s","low_count",0.21486,0.24441
"cap_10s","low_count",0.20376,0.23488
"cap_10s","low_count",0.19324,0.22128
"cap_10s","low_count",0.18326,0.21506
"cap_10s","low_count",0.17379,0.20604
"cap_10s","low_count",0.16482,0.19554
"cap_10s","low_count",0.15631,0.18391
"cap_10s","low_count",0.14823,0.17612
"cap_10s","low_count",0.14058,0.16918
"cap_10s","low_count",0.13332,0.16344
"cap_10s","low_count",0.12643,0.15584
"cap_10s","low_count",0.1199,0.14906
"cap_10s","low_count",0.11371,0.14162
"cap_10s","low_count",0.10784,0.13403
"cap_10s","low_count",0.10227,0.12787
"cap_10s","low_count",0.096987,0.12211
"cap_10s","low_count",0.091978,0.11377
"cap_10s","low_count",0.087227,0.1083
"cap_10s","low_count",0.082722,0.104
"cap_10s","low_count",0.07845,0.10007
"cap_10s","low_count",0.074399,0.094831
"cap_10s","low_count",0.070556,0.091111
"cap_10s","low_count",0.066912,0.087078
"cap_10s","low_count",0.063457,0.084846
"cap_10s","low_count",0.060179,0.078953
"cap_10s","low_count",0.057071,0.075405
"cap_10s","low_count",0.054124,0.072739
"cap_10s","low_count",0.051329,0.070803
"cap_10s","low_count",0.048678,0.066546
"cap_10s","low_count",0.046164,0.064315
"cap_10s","low_count",0.04378,0.061225
"cap_10s","low_count",0.041519,0.057954
"cap_10s","low_count",0.039374,0.054143
"cap_10s","low_count",0.037341,0.051058
"cap_10s","low_count",0.035412,0.048791
"cap_10s","low_count",0.033583,0.047296
"cap_10s","low_count",0.031849,0.043593
"cap_10s","low_count",0.030204,0.042025
"cap_10s","low_count",0.028644,0.040302
"cap_10s","low_count",0.027165,0.037299
"cap_10s","low_count",0.025762,0.036673
"cap_10s","low_count",0.024431,0.035154
"cap_10s","low_count",0.02317,0.033443
"cap_10s","low_count",0.021973,0.031621
"cap_10s","low_count",0.020838,0.029865
"cap_10s","low_count",0.019762,0.029128
"cap_10s","low_count",0.018741,0.028294
"cap_10s","low_count",0.017774,0.025932
"cap_10s","low_count",0.016856,0.025541
"cap_10s","low_count",0.015985,0.024498
"cap_10s","low_count",0.01516,0.023655
"cap_10s","low_count",0.014377,0.020227
"cap_10s","low_count",0.013634,0.019835
"cap_10s","low_count",0.01293,0.01853
"cap_10s","low_count",0.012262,0.017947
"cap_10s","low_count",0.011629,0.017707
"cap_10s","low_count",0.011028,0.015726
"cap_10s","low_count",0.010459,0.014665
"cap_10s","low_count",0.0099186,0.014482
"cap_10s","low_count",0.0094064,0.013968
"cap_10s","low_count",0.0089206,0.013694
"cap_10s","low_count",0.0084599,0.013146
"cap_10s","low_count",0.008023,0.013021
"cap_10s","low_count",0.0076086,0.012926
"cap_10s","low_count",0.0072157,0.012643
"cap_10s","low_count",0.006843,0.012391
"cap_10s","low_count",0.0064896,0.011512
"cap_10s","low_count",0.0061544,0.010217
"cap_10s","low_count",0.0058366,0.0088787
"cap_10s","low_count",0.0055352,0.0086284
"cap_10s","low_count",0.0052493,0.0086284
"cap_10s","low_count",0.0049782,0.0078592
"cap_10s","low_count",0.0047211,0.0078276
"cap_10s","low_count",0.0044773,0.0078276
"cap_10s","low_count",0.004246,0.0069512
"cap_10s","low_count",0.0040267,0.0054797
"cap_10s","low_count",0.0038188,0.0054797
"cap_10s","low_count",0.0036216,0.0053832
"cap_10s","low_count",0.0034345,0.0053832
"cap_10s","low_count",0.0032571,0.0036608
"cap_10s","low_count",0.0030889,0.0036608
"cap_10s","low_count",0.0029294,0.002882
"cap_10s","low_count",0.0027781,0.002882
"cap_10s","low_count",0.0026346,0.002882
"cap_10s","low_count",0.0024986,0.002318
"cap_10s","low_count",0.0023695,0.002318
"cap_10s","low_count",0.0022471,0.002318
"cap_10s","low_count",0.0021311,0.0018931
"cap_10s","low_count",0.002021,0.0018931
"cap_10s","low_count",0.0019167,0.0018931
"cap_10s","low_count",0.0018177,0.0011488
"cap_10s","low_count",0.0017238,0.0011488
"cap_10s","low_count",0.0016348,0.0011488
"cap_10s","low_count",0.0015503,0.0011488
"cap_10s","low_count",0.0014703,0.00092257
"cap_10s","low_count",0.0013943,0.00092257
"cap_10s","low_count",0.0013223,0.00092257
"cap_10s","low_count",0.001254,0.00092257
"cap_10s","low_count",0.0011893,0.00092257
"cap_10s","low_count",0.0011278,0.00092257
"cap_10s","low_count",0.0010696,0.00082423
"cap_10s","low_count",0.0010144,0.00082423
"cap_10s","low_count",0.00096197,0.00082423
"cap_10s","low_count",0.00091229,0.00082423
"cap_10s","low_count",0.00086518,0.00082423
"cap_10s","low_count",0.00082049,0.00082423
"cap_10s","low_count",0.00077812,0.00082423
"cap_10s","low_count",0.00073793,0.00051317
"cap_10s","low_count",0.00069982,0.00051317
"cap_10s","low_count",0.00066368,0.00051317
"cap_10s","low_count",0.0006294,0.00051317
"cap_10s","low_count",0.0005969,0.00051317
"cap_10s","low_count",0.00056607,0.00051317
"cap_10s","low_count",0.00053684,0.00051317
"cap_10s","low_count",0.00050911,0.00051317
"cap_10s","low_count",0.00048282,0.00051317
"cap_10s","low_count",0.00045788,0.00051317
"cap_10s","low_count",0.00043423,0.00051317
"cap_10s","low_count",0.00041181,0.00051317
"cap_10s","low_count",0.00039054,0.00051317
"cap_10s","low_count",0.00037037,0.00030255
"cap_10s","wide_rate",1,0.99988
"cap_10s","wide_rate",0.94835,0.94653
"cap_10s","wide_rate",0.89938,0.89814
"cap_10s","wide_rate",0.85293,0.8477
"cap_10s","wide_rate",0.80888,0.79982
"cap_10s","wide_rate",0.7671,0.76091
"cap_10s","wide_rate",0.72749,0.72535
"cap_10s","wide_rate",0.68991,0.68832
"cap_10s","wide_rate",0.65428,0.65914
"cap_10s","wide_rate",0.62049,0.62985
"cap_10s","wide_rate",0.58845,0.59751
"cap_10s","wide_rate",0.55806,0.56434
"cap_10s","wide_rate",0.52923,0.53092
"cap_10s","wide_rate",0.5019,0.50821
"cap_10s","wide_rate",0.47598,0.48221
"cap_10s","wide_rate",0.4514,0.45879
"cap_10s","wide_rate",0.42809,0.44107
"cap_10s","wide_rate",0.40598,0.4182
"cap_10s","wide_rate",0.38501,0.40199
"cap_10s","wide_rate",0.36513,0.38393
"cap_10s","wide_rate",0.34627,0.3651
"cap_10s","wide_rate",0.32839,0.34897
"cap_10s","wide_rate",0.31143,0.33374
"cap_10s","wide_rate",0.29534,0.31749
"cap_10s","wide_rate",0.28009,0.30322
"cap_10s","wide_rate",0.26562,0.28807
"cap_10s","wide_rate",0.25191,0.27594
"cap_10s","wide_rate",0.2389,0.26104
"cap_10s","wide_rate",0.22656,0.2498
"cap_10s","wide_rate",0.21486,0.23643
"cap_10s","wide_rate",0.20376,0.22177
"cap_10s","wide_rate",0.19324,0.2136
"cap_10s","wide_rate",0.18326,0.20468
"cap_10s","wide_rate",0.17379,0.19516
"cap_10s","wide_rate",0.16482,0.18396
"cap_10s","wide_rate",0.15631,0.17701
"cap_10s","wide_rate",0.14823,0.16916
"cap_10s","wide_rate",0.14058,0.16227
"cap_10s","wide_rate",0.13332,0.15358
"cap_10s","wide_rate",0.12643,0.14443
"cap_10s","wide_rate",0.1199,0.13662
"cap_10s","wide_rate",0.11371,0.13041
"cap_10s","wide_rate",0.10784,0.12325
"cap_10s","wide_rate",0.10227,0.11943
"cap_10s","wide_rate",0.096987,0.11398
"cap_10s","wide_rate",0.091978,0.11052
"cap_10s","wide_rate",0.087227,0.10517
"cap_10s","wide_rate",0.082722,0.099248
"cap_10s","wide_rate",0.07845,0.094807
"cap_10s","wide_rate",0.074399,0.090972
"cap_10s","wide_rate",0.070556,0.08788
"cap_10s","wide_rate",0.066912,0.081059
"cap_10s","wide_rate",0.063457,0.076563
"cap_10s","wide_rate",0.060179,0.072325
"cap_10s","wide_rate",0.057071,0.069562
"cap_10s","wide_rate",0.054124,0.066721
"cap_10s","wide_rate",0.051329,0.062773
"cap_10s","wide_rate",0.048678,0.058794
"cap_10s","wide_rate",0.046164,0.056305
"cap_10s","wide_rate",0.04378,0.053367
"cap_10s","wide_rate",0.041519,0.051924
"cap_10s","wide_rate",0.039374,0.049449
"cap_10s","wide_rate",0.037341,0.046755
"cap_10s","wide_rate",0.035412,0.044405
"cap_10s","wide_rate",0.033583,0.041912
"cap_10s","wide_rate",0.031849,0.040222
"cap_10s","wide_rate",0.030204,0.038732
"cap_10s","wide_rate",0.028644,0.037424
"cap_10s","wide_rate",0.027165,0.034308
"cap_10s","wide_rate",0.025762,0.033052
"cap_10s","wide_rate",0.024431,0.0302
"cap_10s","wide_rate",0.02317,0.029521
"cap_10s","wide_rate",0.021973,0.027778
"cap_10s","wide_rate",0.020838,0.026581
"cap_10s","wide_rate",0.019762,0.024318
"cap_10s","wide_rate",0.018741,0.023775
"cap_10s","wide_rate",0.017774,0.020946
"cap_10s","wide_rate",0.016856,0.020184
"cap_10s","wide_rate",0.015985,0.018848
"cap_10s","wide_rate",0.01516,0.017598
"cap_10s","wide_rate",0.014377,0.015824
"cap_10s","wide_rate",0.013634,0.015434
"cap_10s","wide_rate",0.01293,0.014861
"cap_10s","wide_rate",0.012262,0.013805
"cap_10s","wide_rate",0.011629,0.013329
"cap_10s","wide_rate",0.011028,0.012754
"cap_10s","wide_rate",0.010459,0.011405
"cap_10s","wide_rate",0.0099186,0.011041
"cap_10s","wide_rate",0.0094064,0.010938
"cap_10s","wide_rate",0.0089206,0.010925
"cap_10s","wide_rate",0.0084599,0.0089041
"cap_10s","wide_rate",0.008023,0.0088056
"cap_10s","wide_rate",0.0076086,0.0086561
"cap_10s","wide_rate",0.0072157,0.0086541
"cap_10s","wide_rate",0.006843,0.0085188
"cap_10s","wide_rate",0.0064896,0.0083086
"cap_10s","wide_rate",0.0061544,0.008043
"cap_10s","wide_rate",0.0058366,0.0078489
"cap_10s","wide_rate",0.0055352,0.0070775
"cap_10s","wide_rate",0.0052493,0.0070775
"cap_10s","wide_rate",0.0049782,0.0064644
"cap_10s","wide_rate",0.0047211,0.0062888
"cap_10s","wide_rate",0.0044773,0.0062888
"cap_10s","wide_rate",0.004246,0.0046386
"cap_10s","wide_rate",0.0040267,0.0037009
"cap_10s","wide_rate",0.0038188,0.0037009
"cap_10s","wide_rate",0.0036216,0.0029228
"cap_10s","wide_rate",0.0034345,0.0029228
"cap_10s","wide_rate",0.0032571,0.0026924
"cap_10s","wide_rate",0.0030889,0.0026924
"cap_10s","wide_rate",0.0029294,0.0021775
"cap_10s","wide_rate",0.0027781,0.0021775
"cap_10s","wide_rate",0.0026346,0.0021775
"cap_10s","wide_rate",0.0024986,0.0021072
"cap_10s","wide_rate",0.0023695,0.0021072
"cap_10s","wide_rate",0.0022471,0.0021072
"cap_10s","wide_rate",0.0021311,0.0017405
"cap_10s","wide_rate",0.002021,0.0017405
"cap_10s","wide_rate",0.0019167,0.0017405
"cap_10s","wide_rate",0.0018177,0.0014746
"cap_10s","wide_rate",0.0017238,0.0014746
"cap_10s","wide_rate",0.0016348,0.0014746
"cap_10s","wide_rate",0.0015503,0.0014746
"cap_10s","wide_rate",0.0014703,0.0010585
"cap_10s","wide_rate",0.0013943,0.0010585
"cap_10s","wide_rate",0.0013223,0.0010585
"cap_10s","wide_rate",0.001254,0.0010585
"cap_10s","wide_rate",0.0011893,0.0010585
"cap_10s","wide_rate",0.0011278,0.0010585
"cap_10s","wide_rate",0.0010696,0.00039921
"cap_10s","wide_rate",0.0010144,0.00039921
"cap_10s","wide_rate",0.00096197,0.00039921
"cap_10s","wide_rate",0.00091229,0.00039921
"cap_10s","wide_rate",0.00086518,0.00039921
"cap_10s","wide_rate",0.00082049,0.00039921
"cap_10s","wide_rate",0.00077812,0.00039921
"cap_10s","wide_rate",0.00073793,0.0003576
"cap_10s","wide_rate",0.00069982,0.0003576
"cap_10s","wide_rate",0.00066368,0.0003576
"cap_10s","wide_rate",0.0006294,0.0003576
"cap_10s","wide_rate",0.0005969,0.0003576
"cap_10s","wide_rate",0.00056607,0.0003576
"cap_10s","wide_rate",0.00053684,0.0003576
"cap_10s","wide_rate",0.00050911,0.0003576
"cap_10s","wide_rate",0.00048282,0.0003576
"cap_10s","wide_rate",0.00045788,0.0003576
"cap_10s","wide_rate",0.00043423,0.0003576
"cap_10s","wide_rate",0.00041181,0.0003576
"cap_10s","wide_rate",0.00039054,0.0003576
"cap_10s","wide_rate",0.00037037,0.00017248
"cap_10s","trend",1,0.99962
"cap_10s","trend",0.94835,0.9472
"cap_10s","trend",0.89938,0.90175
"cap_10s","trend",0.85293,0.85118
"cap_10s","trend",0.80888,0.80693
"cap_10s","trend",0.7671,0.76149
"cap_10s","trend",0.72749,0.72559
"cap_10s","trend",0.68991,0.68686
"cap_10s","trend",0.65428,0.65681
"cap_10s","trend",0.62049,0.62347
"cap_10s","trend",0.58845,0.59196
"cap_10s","trend",0.55806,0.55868
"cap_10s","trend",0.52923,0.53469
"cap_10s","trend",0.5019,0.5122
"cap_10s","trend",0.47598,0.48614
"cap_10s","trend",0.4514,0.45386
"cap_10s","trend",0.42809,0.42613
"cap_10s","trend",0.40598,0.40854
"cap_10s","trend",0.38501,0.39112
"cap_10s","trend",0.36513,0.37349
"cap_10s","trend",0.34627,0.35629
"cap_10s","trend",0.32839,0.33732
"cap_10s","trend",0.31143,0.32251
"cap_10s","trend",0.29534,0.3074
"cap_10s","trend",0.28009,0.29691
"cap_10s","trend",0.26562,0.28553
"cap_10s","trend",0.25191,0.27079
"cap_10s","trend",0.2389,0.25484
"cap_10s","trend",0.22656,0.24226
"cap_10s","trend",0.21486,0.23059
"cap_10s","trend",0.20376,0.21992
"cap_10s","trend",0.19324,0.20789
"cap_10s","trend",0.18326,0.19565
"cap_10s","trend",0.17379,0.18835
"cap_10s","trend",0.16482,0.182
"cap_10s","trend",0.15631,0.17255
"cap_10s","trend",0.14823,0.1613
"cap_10s","trend",0.14058,0.15378
"cap_10s","trend",0.13332,0.14735
"cap_10s","trend",0.12643,0.14396
"cap_10s","trend",0.1199,0.13589
"cap_10s","trend",0.11371,0.1286
"cap_10s","trend",0.10784,0.12096
"cap_10s","trend",0.10227,0.11624
"cap_10s","trend",0.096987,0.1084
"cap_10s","trend",0.091978,0.1044
"cap_10s","trend",0.087227,0.09827
"cap_10s","trend",0.082722,0.095142
"cap_10s","trend",0.07845,0.091584
"cap_10s","trend",0.074399,0.086375
"cap_10s","trend",0.070556,0.082585
"cap_10s","trend",0.066912,0.076646
"cap_10s","trend",0.063457,0.072162
"cap_10s","trend",0.060179,0.068278
"cap_10s","trend",0.057071,0.065655
"cap_10s","trend",0.054124,0.060679
"cap_10s","trend",0.051329,0.056127
"cap_10s","trend",0.048678,0.05333
"cap_10s","trend",0.046164,0.051478
"cap_10s","trend",0.04378,0.050254
"cap_10s","trend",0.041519,0.048146
"cap_10s","trend",0.039374,0.046564
"cap_10s","trend",0.037341,0.043779
"cap_10s","trend",0.035412,0.041933
"cap_10s","trend",0.033583,0.040641
"cap_10s","trend",0.031849,0.038113
"cap_10s","trend",0.030204,0.036894
"cap_10s","trend",0.028644,0.034278
"cap_10s","trend",0.027165,0.033719
"cap_10s","trend",0.025762,0.031808
"cap_10s","trend",0.024431,0.030882
"cap_10s","trend",0.02317,0.029204
"cap_10s","trend",0.021973,0.028388
"cap_10s","trend",0.020838,0.027522
"cap_10s","trend",0.019762,0.025388
"cap_10s","trend",0.018741,0.021273
"cap_10s","trend",0.017774,0.020069
"cap_10s","trend",0.016856,0.019556
"cap_10s","trend",0.015985,0.018975
"cap_10s","trend",0.01516,0.017772
"cap_10s","trend",0.014377,0.017222
"cap_10s","trend",0.013634,0.015446
"cap_10s","trend",0.01293,0.014985
"cap_10s","trend",0.012262,0.014231
"cap_10s","trend",0.011629,0.012714
"cap_10s","trend",0.011028,0.012297
"cap_10s","trend",0.010459,0.012222
"cap_10s","trend",0.0099186,0.011653
"cap_10s","trend",0.0094064,0.011303
"cap_10s","trend",0.0089206,0.0088119
"cap_10s","trend",0.0084599,0.0084887
"cap_10s","trend",0.008023,0.0076763
"cap_10s","trend",0.0076086,0.0074352
"cap_10s","trend",0.0072157,0.0070063
"cap_10s","trend",0.006843,0.0068248
"cap_10s","trend",0.0064896,0.0064916
"cap_10s","trend",0.0061544,0.0064711
"cap_10s","trend",0.0058366,0.0063975
"cap_10s","trend",0.0055352,0.0061065
"cap_10s","trend",0.0052493,0.0061065
"cap_10s","trend",0.0049782,0.005672
"cap_10s","trend",0.0047211,0.0054809
"cap_10s","trend",0.0044773,0.0054809
"cap_10s","trend",0.004246,0.0053471
"cap_10s","trend",0.0040267,0.0047637
"cap_10s","trend",0.0038188,0.0047637
"cap_10s","trend",0.0036216,0.0046825
"cap_10s","trend",0.0034345,0.0046825
"cap_10s","trend",0.0032571,0.0037975
"cap_10s","trend",0.0030889,0.0037975
"cap_10s","trend",0.0029294,0.0023978
"cap_10s","trend",0.0027781,0.0023978
"cap_10s","trend",0.0026346,0.0023978
"cap_10s","trend",0.0024986,0.0019654
"cap_10s","trend",0.0023695,0.0019654
"cap_10s","trend",0.0022471,0.0019654
"cap_10s","trend",0.0021311,0.0015035
"cap_10s","trend",0.002021,0.0015035
"cap_10s","trend",0.0019167,0.0015035
"cap_10s","trend",0.0018177,0.0014409
"cap_10s","trend",0.0017238,0.0014409
"cap_10s","trend",0.0016348,0.0014409
"cap_10s","trend",0.0015503,0.0014409
"cap_10s","trend",0.0014703,0.00049946
"cap_10s","trend",0.0013943,0.00049946
"cap_10s","trend",0.0013223,0.00049946
"cap_10s","trend",0.001254,0.00049946
"cap_10s","trend",0.0011893,0.00049946
"cap_10s","trend",0.0011278,0.00049946
"cap_10s","trend",0.0010696,0.00037546
"cap_10s","trend",0.0010144,0.00037546
"cap_10s","trend",0.00096197,0.00037546
"cap_10s","trend",0.00091229,0.00037546
"cap_10s","trend",0.00086518,0.00037546
"cap_10s","trend",0.00082049,0.00037546
"cap_10s","trend",0.00077812,0.00037546
"cap_10s","trend",0.00073793,0.00012674
"cap_10s","trend",0.00069982,0.00012674
"cap_10s","trend",0.00066368,0.00012674
"cap_10s","trend",0.0006294,0.00012674
"cap_10s","trend",0.0005969,0.00012674
"cap_10s","trend",0.00056607,0.00012674
"cap_10s","trend",0.00053684,0.00012674
"cap_10s","trend",0.00050911,0.00012674
"cap_10s","trend",0.00048282,0.00012674
"cap_10s","trend",0.00045788,0.00012674
"cap_10s","trend",0.00043423,0.00012674
"cap_10s","trend",0.00041181,0.00012674
"cap_10s","trend",0.00039054,0.00012674
"cap_10s","trend",0.00037037,2.934e-05
"cap_10s","near_poisson",1,0.99972
"cap_10s","near_poisson",0.94801,0.94931
"cap_10s","near_poisson",0.89872,0.89893
"cap_10s","near_poisson",0.852,0.85498
"cap_10s","near_poisson",0.8077,0.80674
"cap_10s","near_poisson",0.76571,0.76291
"cap_10s","near_poisson",0.7259,0.71934
"cap_10s","near_poisson",0.68816,0.68363
"cap_10s","near_poisson",0.65239,0.64993
"cap_10s","near_poisson",0.61847,0.61548
"cap_10s","near_poisson",0.58632,0.57955
"cap_10s","near_poisson",0.55583,0.54901
"cap_10s","near_poisson",0.52694,0.51798
"cap_10s","near_poisson",0.49954,0.49273
"cap_10s","near_poisson",0.47357,0.47154
"cap_10s","near_poisson",0.44895,0.45027
"cap_10s","near_poisson",0.42561,0.42904
"cap_10s","near_poisson",0.40348,0.40845
"cap_10s","near_poisson",0.3825,0.38537
"cap_10s","near_poisson",0.36262,0.36177
"cap_10s","near_poisson",0.34377,0.34331
"cap_10s","near_poisson",0.32589,0.32242
"cap_10s","near_poisson",0.30895,0.30645
"cap_10s","near_poisson",0.29289,0.29267
"cap_10s","near_poisson",0.27766,0.27769
"cap_10s","near_poisson",0.26323,0.26356
"cap_10s","near_poisson",0.24954,0.24747
"cap_10s","near_poisson",0.23657,0.23315
"cap_10s","near_poisson",0.22427,0.22121
"cap_10s","near_poisson",0.21261,0.20645
"cap_10s","near_poisson",0.20156,0.19529
"cap_10s","near_poisson",0.19108,0.17847
"cap_10s","near_poisson",0.18114,0.16552
"cap_10s","near_poisson",0.17172,0.15526
"cap_10s","near_poisson",0.1628,0.14834
"cap_10s","near_poisson",0.15433,0.13908
"cap_10s","near_poisson",0.14631,0.13193
"cap_10s","near_poisson",0.1387,0.12476
"cap_10s","near_poisson",0.13149,0.11789
"cap_10s","near_poisson",0.12466,0.11206
"cap_10s","near_poisson",0.11817,0.10606
"cap_10s","near_poisson",0.11203,0.10159
"cap_10s","near_poisson",0.10621,0.096137
"cap_10s","near_poisson",0.10068,0.08748
"cap_10s","near_poisson",0.09545,0.082621
"cap_10s","near_poisson",0.090488,0.077067
"cap_10s","near_poisson",0.085783,0.072661
"cap_10s","near_poisson",0.081324,0.066408
"cap_10s","near_poisson",0.077096,0.061165
"cap_10s","near_poisson",0.073087,0.058926
"cap_10s","near_poisson",0.069288,0.055509
"cap_10s","near_poisson",0.065685,0.051615
"cap_10s","near_poisson",0.06227,0.048082
"cap_10s","near_poisson",0.059033,0.045748
"cap_10s","near_poisson",0.055964,0.040415
"cap_10s","near_poisson",0.053054,0.038335
"cap_10s","near_poisson",0.050296,0.036228
"cap_10s","near_poisson",0.047681,0.032858
"cap_10s","near_poisson",0.045202,0.031352
"cap_10s","near_poisson",0.042852,0.030217
"cap_10s","near_poisson",0.040624,0.028498
"cap_10s","near_poisson",0.038512,0.027166
"cap_10s","near_poisson",0.03651,0.025836
"cap_10s","near_poisson",0.034612,0.022189
"cap_10s","near_poisson",0.032813,0.021198
"cap_10s","near_poisson",0.031107,0.018264
"cap_10s","near_poisson",0.029489,0.01706
"cap_10s","near_poisson",0.027956,0.016401
"cap_10s","near_poisson",0.026503,0.015017
"cap_10s","near_poisson",0.025125,0.014122
"cap_10s","near_poisson",0.023819,0.013244
"cap_10s","near_poisson",0.02258,0.011865
"cap_10s","near_poisson",0.021406,0.011602
"cap_10s","near_poisson",0.020294,0.010821
"cap_10s","near_poisson",0.019238,0.010205
"cap_10s","near_poisson",0.018238,0.0094622
"cap_10s","near_poisson",0.01729,0.0089846
"cap_10s","near_poisson",0.016391,0.0086569
"cap_10s","near_poisson",0.015539,0.0082878
"cap_10s","near_poisson",0.014731,0.0080986
"cap_10s","near_poisson",0.013965,0.0076396
"cap_10s","near_poisson",0.013239,0.0073665
"cap_10s","near_poisson",0.012551,0.0072679
"cap_10s","near_poisson",0.011898,0.0070179
"cap_10s","near_poisson",0.01128,0.0068781
"cap_10s","near_poisson",0.010693,0.0055866
"cap_10s","near_poisson",0.010137,0.0054084
"cap_10s","near_poisson",0.0096104,0.0049177
"cap_10s","near_poisson",0.0091108,0.0043822
"cap_10s","near_poisson",0.0086371,0.004252
"cap_10s","near_poisson",0.0081881,0.0041472
"cap_10s","near_poisson",0.0077624,0.0038213
"cap_10s","near_poisson",0.0073588,0.0033937
"cap_10s","near_poisson",0.0069762,0.0029774
"cap_10s","near_poisson",0.0066135,0.0027027
"cap_10s","near_poisson",0.0062697,0.0024653
"cap_10s","near_poisson",0.0059437,0.0022329
"cap_10s","near_poisson",0.0056347,0.0022329
"cap_10s","near_poisson",0.0053418,0.0018949
"cap_10s","near_poisson",0.0050641,0.0018655
"cap_10s","near_poisson",0.0048008,0.0017314
"cap_10s","near_poisson",0.0045512,0.0016709
"cap_10s","near_poisson",0.0043146,0.0016709
"cap_10s","near_poisson",0.0040903,0.0014194
"cap_10s","near_poisson",0.0038776,0.0014194
"cap_10s","near_poisson",0.003676,0.0013727
"cap_10s","near_poisson",0.0034849,0.0013353
"cap_10s","near_poisson",0.0033037,0.0013353
"cap_10s","near_poisson",0.003132,0.0012272
"cap_10s","near_poisson",0.0029691,0.0012272
"cap_10s","near_poisson",0.0028148,0.0012272
"cap_10s","near_poisson",0.0026684,0.0012099
"cap_10s","near_poisson",0.0025297,0.0012099
"cap_10s","near_poisson",0.0023982,0.0011787
"cap_10s","near_poisson",0.0022735,0.0011787
"cap_10s","near_poisson",0.0021553,0.0011787
"cap_10s","near_poisson",0.0020433,0.001137
"cap_10s","near_poisson",0.001937,0.001137
"cap_10s","near_poisson",0.0018363,0.001137
"cap_10s","near_poisson",0.0017409,0.00078893
"cap_10s","near_poisson",0.0016503,0.00078893
"cap_10s","near_poisson",0.0015645,0.00078893
"cap_10s","near_poisson",0.0014832,0.00078893
"cap_10s","near_poisson",0.0014061,0.00078893
"cap_10s","near_poisson",0.001333,0.00078877
"cap_10s","near_poisson",0.0012637,0.00078877
"cap_10s","near_poisson",0.001198,0.00078877
"cap_10s","near_poisson",0.0011357,0.00078877
"cap_10s","near_poisson",0.0010767,0.00078877
"cap_10s","near_poisson",0.0010207,0.00074919
"cap_10s","near_poisson",0.00096762,0.00074919
"cap_10s","near_poisson",0.00091732,0.00074919
"cap_10s","near_poisson",0.00086963,0.00074919
"cap_10s","near_poisson",0.00082441,0.00074919
"cap_10s","near_poisson",0.00078155,0.00074919
"cap_10s","near_poisson",0.00074092,0.00074919
"cap_10s","near_poisson",0.0007024,0.00074919
"cap_10s","near_poisson",0.00066588,0.00072973
"cap_10s","near_poisson",0.00063126,0.00072973
"cap_10s","near_poisson",0.00059844,0.00072973
"cap_10s","near_poisson",0.00056733,0.00072973
"cap_10s","near_poisson",0.00053784,0.00072973
"cap_10s","near_poisson",0.00050987,0.00072973
"cap_10s","near_poisson",0.00048337,0.00072973
"cap_10s","near_poisson",0.00045824,0.00072973
"cap_10s","near_poisson",0.00043441,0.00072973
"cap_10s","near_poisson",0.00041183,0.00072973
"cap_10s","near_poisson",0.00039042,0.00072973
"cap_10s","near_poisson",0.00037012,0.00072973
"cap_10s","near_poisson",0.00035088,0.00011227
"cap_10s","generate_null",1,0.99921
"cap_10s","generate_null",0.9479,0.94329
"cap_10s","generate_null",0.89851,0.89728
"cap_10s","generate_null",0.8517,0.8479
"cap_10s","generate_null",0.80733,0.8044
"cap_10s","generate_null",0.76527,0.76352
"cap_10s","generate_null",0.7254,0.72278
"cap_10s","generate_null",0.6876,0.6832
"cap_10s","generate_null",0.65178,0.65434
"cap_10s","generate_null",0.61782,0.61862
"cap_10s","generate_null",0.58563,0.58733
"cap_10s","generate_null",0.55512,0.55493
"cap_10s","generate_null",0.5262,0.52386
"cap_10s","generate_null",0.49878,0.49837
"cap_10s","generate_null",0.4728,0.47864
"cap_10s","generate_null",0.44816,0.45495
"cap_10s","generate_null",0.42481,0.43141
"cap_10s","generate_null",0.40268,0.4086
"cap_10s","generate_null",0.3817,0.38208
"cap_10s","generate_null",0.36181,0.36534
"cap_10s","generate_null",0.34296,0.34606
"cap_10s","generate_null",0.3251,0.32656
"cap_10s","generate_null",0.30816,0.30918
"cap_10s","generate_null",0.2921,0.29117
"cap_10s","generate_null",0.27688,0.27248
"cap_10s","generate_null",0.26246,0.25799
"cap_10s","generate_null",0.24878,0.24424
"cap_10s","generate_null",0.23582,0.23534
"cap_10s","generate_null",0.22354,0.22631
"cap_10s","generate_null",0.21189,0.21678
"cap_10s","generate_null",0.20085,0.20677
"cap_10s","generate_null",0.19039,0.19645
"cap_10s","generate_null",0.18047,0.18941
"cap_10s","generate_null",0.17106,0.18185
"cap_10s","generate_null",0.16215,0.17454
"cap_10s","generate_null",0.1537,0.16621
"cap_10s","generate_null",0.1457,0.15907
"cap_10s","generate_null",0.13811,0.15148
"cap_10s","generate_null",0.13091,0.14415
"cap_10s","generate_null",0.12409,0.14029
"cap_10s","generate_null",0.11762,0.13218
"cap_10s","generate_null",0.1115,0.12595
"cap_10s","generate_null",0.10569,0.12052
"cap_10s","generate_null",0.10018,0.11598
"cap_10s","generate_null",0.094961,0.11013
"cap_10s","generate_null",0.090014,0.10607
"cap_10s","generate_null",0.085324,0.1034
"cap_10s","generate_null",0.080879,0.098046
"cap_10s","generate_null",0.076665,0.095012
"cap_10s","generate_null",0.072671,0.091709
"cap_10s","generate_null",0.068884,0.086988
"cap_10s","generate_null",0.065296,0.083597
"cap_10s","generate_null",0.061894,0.080718
"cap_10s","generate_null",0.058669,0.07792
"cap_10s","generate_null",0.055612,0.073937
"cap_10s","generate_null",0.052715,0.069563
"cap_10s","generate_null",0.049968,0.066471
"cap_10s","generate_null",0.047365,0.064267
"cap_10s","generate_null",0.044897,0.059936
"cap_10s","generate_null",0.042558,0.058339
"cap_10s","generate_null",0.040341,0.054733
"cap_10s","generate_null",0.038239,0.052453
"cap_10s","generate_null",0.036247,0.052037
"cap_10s","generate_null",0.034358,0.049993
"cap_10s","generate_null",0.032568,0.047851
"cap_10s","generate_null",0.030872,0.046726
"cap_10s","generate_null",0.029263,0.044073
"cap_10s","generate_null",0.027738,0.04336
"cap_10s","generate_null",0.026293,0.041705
"cap_10s","generate_null",0.024923,0.038388
"cap_10s","generate_null",0.023625,0.03684
"cap_10s","generate_null",0.022394,0.035311
"cap_10s","generate_null",0.021227,0.034327
"cap_10s","generate_null",0.020121,0.031386
"cap_10s","generate_null",0.019073,0.030379
"cap_10s","generate_null",0.018079,0.029871
"cap_10s","generate_null",0.017137,0.028985
"cap_10s","generate_null",0.016245,0.028929
"cap_10s","generate_null",0.015398,0.026099
"cap_10s","generate_null",0.014596,0.025238
"cap_10s","generate_null",0.013835,0.024277
"cap_10s","generate_null",0.013115,0.022982
"cap_10s","generate_null",0.012431,0.02156
"cap_10s","generate_null",0.011784,0.019721
"cap_10s","generate_null",0.01117,0.019197
"cap_10s","generate_null",0.010588,0.018947
"cap_10s","generate_null",0.010036,0.018142
"cap_10s","generate_null",0.0095133,0.017588
"cap_10s","generate_null",0.0090177,0.017361
"cap_10s","generate_null",0.0085478,0.016335
"cap_10s","generate_null",0.0081025,0.01518
"cap_10s","generate_null",0.0076804,0.014314
"cap_10s","generate_null",0.0072802,0.014254
"cap_10s","generate_null",0.0069009,0.013739
"cap_10s","generate_null",0.0065414,0.012678
"cap_10s","generate_null",0.0062006,0.012674
"cap_10s","generate_null",0.0058775,0.012674
"cap_10s","generate_null",0.0055713,0.012625
"cap_10s","generate_null",0.005281,0.012088
"cap_10s","generate_null",0.0050059,0.011578
"cap_10s","generate_null",0.0047451,0.011284
"cap_10s","generate_null",0.0044979,0.011284
"cap_10s","generate_null",0.0042635,0.010952
"cap_10s","generate_null",0.0040414,0.010358
"cap_10s","generate_null",0.0038308,0.010358
"cap_10s","generate_null",0.0036312,0.010117
"cap_10s","generate_null",0.0034421,0.0087569
"cap_10s","generate_null",0.0032627,0.0087569
"cap_10s","generate_null",0.0030927,0.0084105
"cap_10s","generate_null",0.0029316,0.0084105
"cap_10s","generate_null",0.0027789,0.0084105
"cap_10s","generate_null",0.0026341,0.0081158
"cap_10s","generate_null",0.0024968,0.0081158
"cap_10s","generate_null",0.0023668,0.0075342
"cap_10s","generate_null",0.0022435,0.0075342
"cap_10s","generate_null",0.0021266,0.0075342
"cap_10s","generate_null",0.0020158,0.0066999
"cap_10s","generate_null",0.0019108,0.0066999
"cap_10s","generate_null",0.0018112,0.0066999
"cap_10s","generate_null",0.0017168,0.004574
"cap_10s","generate_null",0.0016274,0.004574
"cap_10s","generate_null",0.0015426,0.004574
"cap_10s","generate_null",0.0014622,0.004574
"cap_10s","generate_null",0.001386,0.004574
"cap_10s","generate_null",0.0013138,0.0038923
"cap_10s","generate_null",0.0012454,0.0038923
"cap_10s","generate_null",0.0011805,0.0038923
"cap_10s","generate_null",0.001119,0.0038923
"cap_10s","generate_null",0.0010607,0.0038923
"cap_10s","generate_null",0.0010054,0.003345
"cap_10s","generate_null",0.00095305,0.003345
"cap_10s","generate_null",0.0009034,0.003345
"cap_10s","generate_null",0.00085633,0.003345
"cap_10s","generate_null",0.00081171,0.003345
"cap_10s","generate_null",0.00076942,0.003345
"cap_10s","generate_null",0.00072934,0.003345
"cap_10s","generate_null",0.00069134,0.003345
"cap_10s","generate_null",0.00065532,0.0025635
"cap_10s","generate_null",0.00062118,0.0025635
"cap_10s","generate_null",0.00058881,0.0025635
"cap_10s","generate_null",0.00055814,0.0025635
"cap_10s","generate_null",0.00052906,0.0025635
"cap_10s","generate_null",0.00050149,0.0025635
"cap_10s","generate_null",0.00047537,0.0025635
"cap_10s","generate_null",0.0004506,0.0025635
"cap_10s","generate_null",0.00042712,0.0025635
"cap_10s","generate_null",0.00040487,0.0025635
"cap_10s","generate_null",0.00038378,0.0025635
"cap_10s","generate_null",0.00036378,0.0025635
"cap_10s","generate_null",0.00034483,0.00049069
