"candidate","regime","rep","method","null_mean","null_sd"
"mle","baseline",1,"locfdr",-0.167451,0.318576
"cap_max_s","baseline",1,"locfdr",-0.171196,0.331239
"cap_10s","baseline",1,"locfdr",-0.172797,0.329595
"cap_50s","baseline",1,"locfdr",-0.171456,0.331743
"cap_3median","baseline",1,"locfdr",-0.172027,0.324116
"cap_10median","baseline",1,"locfdr",-0.17176,0.325385
"winsor_95","baseline",1,"locfdr",-0.172315,0.324333
"boundary_to_median","baseline",1,"locfdr",-0.173026,0.324258
"common_raw","baseline",1,"locfdr",-0.160177,0.314954
"common_unit","baseline",1,"locfdr",-0.169011,0.331623
"eb_map","baseline",1,"locfdr",-0.164673,0.329984
"profile_lower_50","baseline",1,"locfdr",-0.167855,0.328183
"profile_lower_90","baseline",1,"locfdr",-0.168284,0.325436
"moment_cap_50s","baseline",1,"locfdr",-0.174145,0.327211
"master","baseline",1,"locfdr",-0.17118,0.331197
"oracle","baseline",1,"locfdr",-0.164385,0.322232
"mle_median_stabilize","baseline",1,"locfdr",-0.171184,0.324273
"cap_50s_median_stabilize","baseline",1,"locfdr",-0.171052,0.331112
"mle","baseline",2,"truncated_mle",-0.245509,0.410564
"cap_max_s","baseline",2,"locfdr",-0.218324,0.343131
"cap_10s","baseline",2,"locfdr",-0.216862,0.35307
"cap_50s","baseline",2,"locfdr",-0.219497,0.351108
"cap_3median","baseline",2,"locfdr",-0.215902,0.352394
"cap_10median","baseline",2,"locfdr",-0.215711,0.34892
"winsor_95","baseline",2,"locfdr",-0.216612,0.353999
"boundary_to_median","baseline",2,"locfdr",-0.213079,0.348836
"common_raw","baseline",2,"locfdr",-0.222515,0.343298
"common_unit","baseline",2,"locfdr",-0.217769,0.343031
"eb_map","baseline",2,"locfdr",-0.215738,0.352653
"profile_lower_50","baseline",2,"locfdr",-0.21687,0.349361
"profile_lower_90","baseline",2,"locfdr",-0.218833,0.357073
"moment_cap_50s","baseline",2,"locfdr",-0.213185,0.341987
"master","baseline",2,"locfdr",-0.218316,0.343125
"oracle","baseline",2,"locfdr",-0.220889,0.354964
"mle_median_stabilize","baseline",2,"locfdr",-0.216461,0.351649
"cap_50s_median_stabilize","baseline",2,"locfdr",-0.218633,0.352767
"mle","baseline",3,"locfdr",-0.196398,0.325859
"cap_max_s","baseline",3,"locfdr",-0.197507,0.332684
"cap_10s","baseline",3,"locfdr",-0.193627,0.334067
"cap_50s","baseline",3,"locfdr",-0.19807,0.327244
"cap_3median","baseline",3,"locfdr",-0.193677,0.335825
"cap_10median","baseline",3,"locfdr",-0.198005,0.327337
"winsor_95","baseline",3,"locfdr",-0.194274,0.329232
"boundary_to_median","baseline",3,"locfdr",-0.197777,0.327544
"common_raw","baseline",3,"locfdr",-0.193416,0.327607
"common_unit","baseline",3,"locfdr",-0.197471,0.332097
"eb_map","baseline",3,"locfdr",-0.192886,0.332152
"profile_lower_50","baseline",3,"locfdr",-0.196861,0.325486
"profile_lower_90","baseline",3,"locfdr",-0.19011,0.329187
"moment_cap_50s","baseline",3,"locfdr",-0.195691,0.32234
"master","baseline",3,"locfdr",-0.197495,0.33265
"oracle","baseline",3,"locfdr",-0.196194,0.332383
"mle_median_stabilize","baseline",3,"locfdr",-0.200044,0.331104
"cap_50s_median_stabilize","baseline",3,"locfdr",-0.200511,0.33053
"mle","baseline",4,"locfdr",-0.170983,0.326058
"cap_max_s","baseline",4,"locfdr",-0.168149,0.317896
"cap_10s","baseline",4,"locfdr",-0.170261,0.321375
"cap_50s","baseline",4,"locfdr",-0.171114,0.326337
"cap_3median","baseline",4,"locfdr",-0.169664,0.325232
"cap_10median","baseline",4,"locfdr",-0.170888,0.326215
"winsor_95","baseline",4,"locfdr",-0.16997,0.325487
"boundary_to_median","baseline",4,"locfdr",-0.170983,0.326058
"common_raw","baseline",4,"locfdr",-0.169534,0.310981
"common_unit","baseline",4,"locfdr",-0.161811,0.316019
"eb_map","baseline",4,"locfdr",-0.166194,0.316663
"profile_lower_50","baseline",4,"locfdr",-0.166999,0.321837
"profile_lower_90","baseline",4,"locfdr",-0.166082,0.319687
"moment_cap_50s","baseline",4,"locfdr",-0.169317,0.324138
"master","baseline",4,"locfdr",-0.168146,0.317884
"oracle","baseline",4,"locfdr",-0.164511,0.313626
"mle_median_stabilize","baseline",4,"locfdr",-0.175761,0.332319
"cap_50s_median_stabilize","baseline",4,"locfdr",-0.175754,0.332323
"mle","baseline",5,"truncated_mle",-0.202704,0.333291
"cap_max_s","baseline",5,"locfdr",-0.207328,0.339049
"cap_10s","baseline",5,"locfdr",-0.217466,0.338303
"cap_50s","baseline",5,"locfdr",-0.209293,0.357998
"cap_3median","baseline",5,"locfdr",-0.2145,0.36097
"cap_10median","baseline",5,"locfdr",-0.209264,0.357988
"winsor_95","baseline",5,"locfdr",-0.216374,0.347921
"boundary_to_median","baseline",5,"locfdr",-0.210833,0.358332
"common_raw","baseline",5,"locfdr",-0.218481,0.355302
"common_unit","baseline",5,"locfdr",-0.216312,0.355087
"eb_map","baseline",5,"locfdr",-0.212405,0.339707
"profile_lower_50","baseline",5,"locfdr",-0.214298,0.344143
"profile_lower_90","baseline",5,"locfdr",-0.213885,0.344206
"moment_cap_50s","baseline",5,"locfdr",-0.209879,0.353407
"master","baseline",5,"locfdr",-0.207311,0.339052
"oracle","baseline",5,"locfdr",-0.221804,0.349447
"mle_median_stabilize","baseline",5,"truncated_mle",-0.206022,0.338133
"cap_50s_median_stabilize","baseline",5,"locfdr",-0.214608,0.347617
"mle","baseline",6,"locfdr",-0.146913,0.289494
"cap_max_s","baseline",6,"locfdr",-0.151728,0.285566
"cap_10s","baseline",6,"locfdr",-0.151079,0.29461
"cap_50s","baseline",6,"locfdr",-0.146798,0.29242
"cap_3median","baseline",6,"locfdr",-0.148532,0.29399
"cap_10median","baseline",6,"locfdr",-0.146276,0.29289
"winsor_95","baseline",6,"locfdr",-0.148384,0.293769
"boundary_to_median","baseline",6,"locfdr",-0.147599,0.292368
"common_raw","baseline",6,"locfdr",-0.149504,0.290494
"common_unit","baseline",6,"locfdr",-0.14809,0.286421
"eb_map","baseline",6,"locfdr",-0.15052,0.291875
"profile_lower_50","baseline",6,"locfdr",-0.146953,0.291788
"profile_lower_90","baseline",6,"locfdr",-0.15077,0.292568
"moment_cap_50s","baseline",6,"locfdr",-0.145919,0.291948
"master","baseline",6,"locfdr",-0.151719,0.285562
"oracle","baseline",6,"locfdr",-0.150058,0.300717
"mle_median_stabilize","baseline",6,"locfdr",-0.150005,0.294694
"cap_50s_median_stabilize","baseline",6,"locfdr",-0.148101,0.295013
"mle","baseline",7,"locfdr",-0.103242,0.308135
"cap_max_s","baseline",7,"locfdr",-0.108585,0.306517
"cap_10s","baseline",7,"locfdr",-0.103999,0.311776
"cap_50s","baseline",7,"locfdr",-0.104895,0.312018
"cap_3median","baseline",7,"locfdr",-0.103789,0.307942
"cap_10median","baseline",7,"locfdr",-0.105001,0.311984
"winsor_95","baseline",7,"locfdr",-0.104604,0.310946
"boundary_to_median","baseline",7,"locfdr",-0.104873,0.313008
"common_raw","baseline",7,"locfdr",-0.102813,0.304373
"common_unit","baseline",7,"locfdr",-0.110347,0.302277
"eb_map","baseline",7,"locfdr",-0.103175,0.308108
"profile_lower_50","baseline",7,"locfdr",-0.10389,0.310399
"profile_lower_90","baseline",7,"locfdr",-0.103356,0.30813
"moment_cap_50s","baseline",7,"locfdr",-0.103988,0.312925
"master","baseline",7,"locfdr",-0.108579,0.306518
"oracle","baseline",7,"locfdr",-0.106338,0.303761
"mle_median_stabilize","baseline",7,"locfdr",-0.107287,0.320047
"cap_50s_median_stabilize","baseline",7,"locfdr",-0.107381,0.319041
"mle","baseline",8,"locfdr",-0.0671941,0.371712
"cap_max_s","baseline",8,"locfdr",-0.0727136,0.368445
"cap_10s","baseline",8,"locfdr",-0.072315,0.381155
"cap_50s","baseline",8,"locfdr",-0.0707887,0.376976
"cap_3median","baseline",8,"locfdr",-0.0749889,0.377591
"cap_10median","baseline",8,"locfdr",-0.0677926,0.37441
"winsor_95","baseline",8,"locfdr",-0.0764984,0.380923
"boundary_to_median","baseline",8,"locfdr",-0.0727125,0.375623
"common_raw","baseline",8,"locfdr",-0.0680242,0.366534
"common_unit","baseline",8,"locfdr",-0.0727474,0.367196
"eb_map","baseline",8,"locfdr",-0.0743749,0.373429
"profile_lower_50","baseline",8,"locfdr",-0.0733358,0.379123
"profile_lower_90","baseline",8,"locfdr",-0.0719452,0.383938
"moment_cap_50s","baseline",8,"locfdr",-0.0718015,0.381998
"master","baseline",8,"locfdr",-0.0727021,0.36842
"oracle","baseline",8,"locfdr",-0.0720965,0.367852
"mle_median_stabilize","baseline",8,"locfdr",-0.0705673,0.382926
"cap_50s_median_stabilize","baseline",8,"locfdr",-0.0697505,0.381606
"mle","baseline",9,"truncated_mle",-0.123563,0.341456
"cap_max_s","baseline",9,"locfdr",-0.134574,0.318609
"cap_10s","baseline",9,"locfdr",-0.122919,0.318237
"cap_50s","baseline",9,"locfdr",-0.119193,0.32067
"cap_3median","baseline",9,"locfdr",-0.12557,0.324695
"cap_10median","baseline",9,"locfdr",-0.116562,0.318816
"winsor_95","baseline",9,"locfdr",-0.122483,0.319857
"boundary_to_median","baseline",9,"locfdr",-0.118029,0.31241
"common_raw","baseline",9,"locfdr",-0.131589,0.324251
"common_unit","baseline",9,"locfdr",-0.132286,0.320026
"eb_map","baseline",9,"locfdr",-0.126005,0.322626
"profile_lower_50","baseline",9,"locfdr",-0.122221,0.320467
"profile_lower_90","baseline",9,"locfdr",-0.124934,0.320418
"moment_cap_50s","baseline",9,"locfdr",-0.124215,0.327535
"master","baseline",9,"locfdr",-0.134564,0.318598
"oracle","baseline",9,"locfdr",-0.125764,0.318664
"mle_median_stabilize","baseline",9,"truncated_mle",-0.1268,0.349663
"cap_50s_median_stabilize","baseline",9,"locfdr",-0.119792,0.322339
"mle","baseline",10,"locfdr",-0.156041,0.330814
"cap_max_s","baseline",10,"locfdr",-0.155758,0.320423
"cap_10s","baseline",10,"locfdr",-0.154608,0.330166
"cap_50s","baseline",10,"locfdr",-0.156681,0.332471
"cap_3median","baseline",10,"locfdr",-0.154362,0.329783
"cap_10median","baseline",10,"locfdr",-0.156461,0.33221
"winsor_95","baseline",10,"locfdr",-0.155224,0.330481
"boundary_to_median","baseline",10,"locfdr",-0.156041,0.330814
"common_raw","baseline",10,"locfdr",-0.143574,0.326066
"common_unit","baseline",10,"locfdr",-0.14196,0.311158
"eb_map","baseline",10,"locfdr",-0.152603,0.326949
"profile_lower_50","baseline",10,"locfdr",-0.154554,0.329646
"profile_lower_90","baseline",10,"locfdr",-0.153246,0.328025
"moment_cap_50s","baseline",10,"locfdr",-0.154401,0.330476
"master","baseline",10,"locfdr",-0.155742,0.320404
"oracle","baseline",10,"locfdr",-0.149571,0.322812
"mle_median_stabilize","baseline",10,"locfdr",-0.158264,0.335132
"cap_50s_median_stabilize","baseline",10,"locfdr",-0.157567,0.334221
"mle","generate_null",1,"locfdr",0.0526701,0.761587
"cap_max_s","generate_null",1,"locfdr",0.0358924,0.625269
"cap_10s","generate_null",1,"locfdr",0.0654476,0.757918
"cap_50s","generate_null",1,"locfdr",0.0513392,0.762714
"cap_3median","generate_null",1,"locfdr",0.0608293,0.7024
"cap_10median","generate_null",1,"locfdr",0.0682199,0.745677
"winsor_95","generate_null",1,"locfdr",0.0702857,0.774352
"boundary_to_median","generate_null",1,"locfdr",0.0520154,0.759744
"common_raw","generate_null",1,"locfdr",0.0617556,0.782798
"common_unit","generate_null",1,"locfdr",0.0542178,0.701807
"eb_map","generate_null",1,"locfdr",0.0700326,0.769219
"profile_lower_50","generate_null",1,"locfdr",0.0703535,0.722369
"profile_lower_90","generate_null",1,"locfdr",0.0659864,0.682099
"moment_cap_50s","generate_null",1,"locfdr",0.0476902,0.769084
"master","generate_null",1,"locfdr",0.0358945,0.625253
"mle_median_stabilize","generate_null",1,"locfdr",0.0526701,0.761587
"cap_50s_median_stabilize","generate_null",1,"locfdr",0.0513392,0.762714
"mle","generate_null",2,"locfdr",0.0643681,0.738018
"cap_max_s","generate_null",2,"locfdr",0.0301855,0.646288
"cap_10s","generate_null",2,"locfdr",0.0519967,0.743392
"cap_50s","generate_null",2,"locfdr",0.0637962,0.762569
"cap_3median","generate_null",2,"locfdr",0.0263149,0.679529
"cap_10median","generate_null",2,"locfdr",0.0472041,0.727904
"winsor_95","generate_null",2,"locfdr",0.0628152,0.734841
"boundary_to_median","generate_null",2,"locfdr",0.0659973,0.734642
"common_raw","generate_null",2,"locfdr",0.0541451,0.738165
"common_unit","generate_null",2,"locfdr",0.029761,0.711845
"eb_map","generate_null",2,"locfdr",0.0548587,0.742428
"profile_lower_50","generate_null",2,"locfdr",0.0475402,0.720324
"profile_lower_90","generate_null",2,"locfdr",0.0394291,0.680515
"moment_cap_50s","generate_null",2,"locfdr",0.058582,0.759575
"master","generate_null",2,"locfdr",0.0301978,0.64628
"mle_median_stabilize","generate_null",2,"locfdr",0.0643681,0.738018
"cap_50s_median_stabilize","generate_null",2,"locfdr",0.0637962,0.762569
"mle","generate_null",3,"locfdr",0.0304677,0.702256
"cap_max_s","generate_null",3,"locfdr",0.0097549,0.610523
"cap_10s","generate_null",3,"locfdr",-0.00201907,0.714865
"cap_50s","generate_null",3,"locfdr",0.0208564,0.712373
"cap_3median","generate_null",3,"locfdr",-0.0076728,0.675637
"cap_10median","generate_null",3,"locfdr",0.0149675,0.697989
"winsor_95","generate_null",3,"locfdr",0.00875604,0.713386
"boundary_to_median","generate_null",3,"locfdr",0.0305627,0.700782
"common_raw","generate_null",3,"locfdr",0.0206041,0.760726
"common_unit","generate_null",3,"locfdr",0.031487,0.644358
"eb_map","generate_null",3,"locfdr",-0.00754242,0.732139
"profile_lower_50","generate_null",3,"locfdr",-0.00362391,0.702398
"profile_lower_90","generate_null",3,"locfdr",0.00898737,0.663784
"moment_cap_50s","generate_null",3,"locfdr",0.0175017,0.736788
"master","generate_null",3,"locfdr",0.00975463,0.61049
"mle_median_stabilize","generate_null",3,"locfdr",0.0304677,0.702256
"cap_50s_median_stabilize","generate_null",3,"locfdr",0.0208564,0.712373
"mle","generate_null",4,"locfdr",-0.0884548,0.756643
"cap_max_s","generate_null",4,"locfdr",-0.0401302,0.615563
"cap_10s","generate_null",4,"locfdr",-0.0637523,0.741326
"cap_50s","generate_null",4,"locfdr",-0.0852004,0.750214
"cap_3median","generate_null",4,"locfdr",-0.0650583,0.680423
"cap_10median","generate_null",4,"locfdr",-0.0689758,0.721348
"winsor_95","generate_null",4,"locfdr",-0.0838324,0.742096
"boundary_to_median","generate_null",4,"locfdr",-0.0848407,0.758143
"common_raw","generate_null",4,"locfdr",-0.0380368,0.700637
"common_unit","generate_null",4,"locfdr",-0.024041,0.61559
"eb_map","generate_null",4,"locfdr",-0.081561,0.743517
"profile_lower_50","generate_null",4,"locfdr",-0.0726012,0.724745
"profile_lower_90","generate_null",4,"locfdr",-0.0615324,0.686355
"moment_cap_50s","generate_null",4,"locfdr",-0.0831937,0.741762
"master","generate_null",4,"locfdr",-0.0401245,0.615534
"mle_median_stabilize","generate_null",4,"locfdr",-0.0884548,0.756643
"cap_50s_median_stabilize","generate_null",4,"locfdr",-0.0852004,0.750214
"mle","generate_null",5,"locfdr",0.00212793,0.789201
"cap_max_s","generate_null",5,"locfdr",0.0123011,0.655731
"cap_10s","generate_null",5,"locfdr",0.00446701,0.784437
"cap_50s","generate_null",5,"locfdr",0.00184201,0.788721
"cap_3median","generate_null",5,"locfdr",0.0178167,0.705326
"cap_10median","generate_null",5,"locfdr",-0.00747423,0.775401
"winsor_95","generate_null",5,"locfdr",0.00335007,0.774896
"boundary_to_median","generate_null",5,"locfdr",0.00212793,0.789201
"common_raw","generate_null",5,"locfdr",-0.00343203,0.752914
"common_unit","generate_null",5,"locfdr",0.0198329,0.68316
"eb_map","generate_null",5,"locfdr",0.00367916,0.784168
"profile_lower_50","generate_null",5,"locfdr",0.0124137,0.743306
"profile_lower_90","generate_null",5,"locfdr",0.0163983,0.696787
"moment_cap_50s","generate_null",5,"locfdr",0.0124789,0.786975
"master","generate_null",5,"locfdr",0.0123036,0.655696
"mle_median_stabilize","generate_null",5,"locfdr",0.00212793,0.789201
"cap_50s_median_stabilize","generate_null",5,"locfdr",0.00184201,0.788721
"mle","generate_null",6,"locfdr",0.122245,0.778731
"cap_max_s","generate_null",6,"locfdr",0.0974964,0.651477
"cap_10s","generate_null",6,"locfdr",0.13325,0.786339
"cap_50s","generate_null",6,"locfdr",0.123331,0.784606
"cap_3median","generate_null",6,"locfdr",0.109734,0.717064
"cap_10median","generate_null",6,"locfdr",0.129076,0.778434
"winsor_95","generate_null",6,"locfdr",0.131413,0.781366
"boundary_to_median","generate_null",6,"locfdr",0.121403,0.773078
"common_raw","generate_null",6,"locfdr",0.0619659,0.704873
"common_unit","generate_null",6,"locfdr",0.0809847,0.653712
"eb_map","generate_null",6,"locfdr",0.142343,0.788417
"profile_lower_50","generate_null",6,"locfdr",0.131157,0.756945
"profile_lower_90","generate_null",6,"locfdr",0.122165,0.707136
"moment_cap_50s","generate_null",6,"locfdr",0.123897,0.785256
"master","generate_null",6,"locfdr",0.097494,0.651434
"mle_median_stabilize","generate_null",6,"locfdr",0.122245,0.778731
"cap_50s_median_stabilize","generate_null",6,"locfdr",0.123331,0.784606
"mle","generate_null",7,"locfdr",-0.0174842,0.729975
"cap_max_s","generate_null",7,"locfdr",-0.00199257,0.640446
"cap_10s","generate_null",7,"locfdr",-0.00961731,0.734634
"cap_50s","generate_null",7,"locfdr",-0.0191051,0.754351
"cap_3median","generate_null",7,"locfdr",-0.00881406,0.68093
"cap_10median","generate_null",7,"locfdr",-0.0107615,0.723137
"winsor_95","generate_null",7,"locfdr",-0.0149648,0.730118
"boundary_to_median","generate_null",7,"locfdr",-0.0175316,0.725155
"common_raw","generate_null",7,"locfdr",-0.0391904,0.665038
"common_unit","generate_null",7,"locfdr",-0.0293015,0.647466
"eb_map","generate_null",7,"locfdr",-0.0172376,0.72261
"profile_lower_50","generate_null",7,"locfdr",-0.00411002,0.702895
"profile_lower_90","generate_null",7,"locfdr",-0.00440272,0.672804
"moment_cap_50s","generate_null",7,"locfdr",-0.0128235,0.745194
"master","generate_null",7,"locfdr",-0.00198841,0.640414
"mle_median_stabilize","generate_null",7,"locfdr",-0.0174842,0.729975
"cap_50s_median_stabilize","generate_null",7,"locfdr",-0.0191051,0.754351
"mle","generate_null",8,"locfdr",0.0167299,0.779192
"cap_max_s","generate_null",8,"locfdr",0.00467919,0.672331
"cap_10s","generate_null",8,"locfdr",0.0230782,0.773141
"cap_50s","generate_null",8,"locfdr",0.00653168,0.792172
"cap_3median","generate_null",8,"locfdr",-0.0120922,0.698833
"cap_10median","generate_null",8,"locfdr",0.00552717,0.751298
"winsor_95","generate_null",8,"locfdr",0.0152528,0.775888
"boundary_to_median","generate_null",8,"locfdr",0.0181359,0.776181
"common_raw","generate_null",8,"locfdr",0.00349219,0.789755
"common_unit","generate_null",8,"locfdr",-0.0040065,0.733766
"eb_map","generate_null",8,"locfdr",0.0193751,0.774819
"profile_lower_50","generate_null",8,"locfdr",0.0200772,0.73368
"profile_lower_90","generate_null",8,"locfdr",0.00923372,0.699716
"moment_cap_50s","generate_null",8,"locfdr",0.0212707,0.798485
"master","generate_null",8,"locfdr",0.00467471,0.6723
"mle_median_stabilize","generate_null",8,"locfdr",0.0167299,0.779192
"cap_50s_median_stabilize","generate_null",8,"locfdr",0.00653168,0.792172
"mle","generate_null",9,"locfdr",0.050164,0.736302
"cap_max_s","generate_null",9,"locfdr",0.0350124,0.623845
"cap_10s","generate_null",9,"locfdr",0.0455842,0.737074
"cap_50s","generate_null",9,"locfdr",0.0529378,0.736712
"cap_3median","generate_null",9,"locfdr",0.0366253,0.683709
"cap_10median","generate_null",9,"locfdr",0.0452484,0.719241
"winsor_95","generate_null",9,"locfdr",0.0516022,0.737695
"boundary_to_median","generate_null",9,"locfdr",0.0462059,0.735799
"common_raw","generate_null",9,"locfdr",0.0470161,0.679531
"common_unit","generate_null",9,"locfdr",0.0382646,0.668013
"eb_map","generate_null",9,"locfdr",0.0529482,0.728744
"profile_lower_50","generate_null",9,"locfdr",0.0517429,0.700269
"profile_lower_90","generate_null",9,"locfdr",0.0451085,0.673662
"moment_cap_50s","generate_null",9,"locfdr",0.0530781,0.730293
"master","generate_null",9,"locfdr",0.0350088,0.623819
"mle_median_stabilize","generate_null",9,"locfdr",0.050164,0.736302
"cap_50s_median_stabilize","generate_null",9,"locfdr",0.0529378,0.736712
"mle","generate_null",10,"locfdr",0.0243209,0.757092
"cap_max_s","generate_null",10,"locfdr",0.00735888,0.640648
"cap_10s","generate_null",10,"locfdr",0.0311291,0.765628
"cap_50s","generate_null",10,"locfdr",0.0423919,0.753419
"cap_3median","generate_null",10,"locfdr",0.0232833,0.720162
"cap_10median","generate_null",10,"locfdr",0.0326277,0.770582
"winsor_95","generate_null",10,"locfdr",0.0393374,0.743627
"boundary_to_median","generate_null",10,"locfdr",0.0328523,0.751844
"common_raw","generate_null",10,"locfdr",0.0465154,0.748034
"common_unit","generate_null",10,"locfdr",0.0445789,0.664279
"eb_map","generate_null",10,"locfdr",0.0321814,0.760768
"profile_lower_50","generate_null",10,"locfdr",0.0321558,0.751751
"profile_lower_90","generate_null",10,"locfdr",0.033609,0.711339
"moment_cap_50s","generate_null",10,"locfdr",0.0447172,0.768269
"master","generate_null",10,"locfdr",0.00734292,0.640615
"mle_median_stabilize","generate_null",10,"locfdr",0.0243209,0.757092
"cap_50s_median_stabilize","generate_null",10,"locfdr",0.0423919,0.753419
"mle","low_count",1,"locfdr",0.0255377,0.53293
"cap_max_s","low_count",1,"locfdr",0.0451483,0.443618
"cap_10s","low_count",1,"locfdr",0.0415273,0.561604
"cap_50s","low_count",1,"locfdr",0.0383651,0.585771
"cap_3median","low_count",1,"locfdr",0.0378783,0.571769
"cap_10median","low_count",1,"locfdr",0.0350509,0.580738
"winsor_95","low_count",1,"locfdr",0.0351739,0.580903
"boundary_to_median","low_count",1,"locfdr",0.0213938,0.573232
"common_raw","low_count",1,"locfdr",0.0710539,0.547514
"common_unit","low_count",1,"locfdr",0.0401291,0.5466
"eb_map","low_count",1,"locfdr",0.0416852,0.555558
"profile_lower_50","low_count",1,"locfdr",0.0388912,0.540705
"profile_lower_90","low_count",1,"locfdr",0.0428946,0.458232
"moment_cap_50s","low_count",1,"locfdr",0.0234215,0.588349
"master","low_count",1,"locfdr",0.0451041,0.443348
"oracle","low_count",1,"locfdr",0.024408,0.52481
"mle_median_stabilize","low_count",1,"locfdr",0.0328953,0.599409
"cap_50s_median_stabilize","low_count",1,"locfdr",0.0397856,0.599353
"mle","low_count",2,"locfdr",-0.171727,0.501983
"cap_max_s","low_count",2,"locfdr",-0.148535,0.470878
"cap_10s","low_count",2,"locfdr",-0.206166,0.62587
"cap_50s","low_count",2,"locfdr",-0.21236,0.61922
"cap_3median","low_count",2,"locfdr",-0.217273,0.610311
"cap_10median","low_count",2,"locfdr",-0.211688,0.61524
"winsor_95","low_count",2,"locfdr",-0.209633,0.601085
"boundary_to_median","low_count",2,"locfdr",-0.212398,0.637107
"common_raw","low_count",2,"locfdr",-0.182462,0.63665
"common_unit","low_count",2,"locfdr",-0.212268,0.649039
"eb_map","low_count",2,"locfdr",-0.19915,0.62404
"profile_lower_50","low_count",2,"locfdr",-0.188758,0.597098
"profile_lower_90","low_count",2,"locfdr",-0.164552,0.498443
"moment_cap_50s","low_count",2,"locfdr",-0.197064,0.604463
"master","low_count",2,"locfdr",-0.148516,0.470823
"oracle","low_count",2,"locfdr",-0.191997,0.584101
"mle_median_stabilize","low_count",2,"locfdr",-0.228917,0.644423
"cap_50s_median_stabilize","low_count",2,"locfdr",-0.218265,0.63574
"mle","low_count",3,"locfdr",-0.00277914,0.486331
"cap_max_s","low_count",3,"locfdr",-0.00109032,0.382014
"cap_10s","low_count",3,"locfdr",-0.0111032,0.545204
"cap_50s","low_count",3,"locfdr",0.00259315,0.514749
"cap_3median","low_count",3,"locfdr",-0.0156809,0.497725
"cap_10median","low_count",3,"locfdr",-0.00122109,0.51947
"winsor_95","low_count",3,"locfdr",-0.0122469,0.531764
"boundary_to_median","low_count",3,"locfdr",-0.00398535,0.514747
"common_raw","low_count",3,"locfdr",-0.00593697,0.459943
"common_unit","low_count",3,"locfdr",-0.0158364,0.524052
"eb_map","low_count",3,"locfdr",-0.00716294,0.531512
"profile_lower_50","low_count",3,"locfdr",-0.0107423,0.499059
"profile_lower_90","low_count",3,"locfdr",-0.000189086,0.44322
"moment_cap_50s","low_count",3,"locfdr",-0.00390294,0.500094
"master","low_count",3,"locfdr",-0.00108975,0.38196
"oracle","low_count",3,"locfdr",-0.00846607,0.498547
"mle_median_stabilize","low_count",3,"locfdr",-0.00417743,0.516494
"cap_50s_median_stabilize","low_count",3,"locfdr",0.00275856,0.508749
"mle","low_count",4,"locfdr",-0.0358092,0.434886
"cap_max_s","low_count",4,"locfdr",-0.0633391,0.419805
"cap_10s","low_count",4,"locfdr",-0.0730234,0.570216
"cap_50s","low_count",4,"locfdr",-0.0548157,0.525425
"cap_3median","low_count",4,"locfdr",-0.0644434,0.534395
"cap_10median","low_count",4,"locfdr",-0.0537171,0.525623
"winsor_95","low_count",4,"locfdr",-0.0542431,0.526305
"boundary_to_median","low_count",4,"locfdr",-0.0440469,0.540176
"common_raw","low_count",4,"locfdr",-0.0613294,0.512431
"common_unit","low_count",4,"locfdr",-0.0780584,0.545865
"eb_map","low_count",4,"locfdr",-0.0774438,0.553053
"profile_lower_50","low_count",4,"locfdr",-0.0519188,0.509421
"profile_lower_90","low_count",4,"locfdr",-0.0533066,0.457705
"moment_cap_50s","low_count",4,"locfdr",-0.0438014,0.525692
"master","low_count",4,"locfdr",-0.0633279,0.419748
"oracle","low_count",4,"locfdr",-0.0815782,0.521217
"mle_median_stabilize","low_count",4,"locfdr",-0.0389482,0.521407
"cap_50s_median_stabilize","low_count",4,"locfdr",-0.0549709,0.526653
"mle","low_count",5,"locfdr",-0.0101563,0.445965
"cap_max_s","low_count",5,"locfdr",-0.0340709,0.398352
"cap_10s","low_count",5,"locfdr",-0.0300514,0.530575
"cap_50s","low_count",5,"locfdr",-0.00503523,0.520141
"cap_3median","low_count",5,"locfdr",-0.0126972,0.529162
"cap_10median","low_count",5,"locfdr",-0.0130717,0.514177
"winsor_95","low_count",5,"locfdr",-0.0128191,0.528816
"boundary_to_median","low_count",5,"locfdr",-0.0202177,0.531312
"common_raw","low_count",5,"locfdr",-0.0422956,0.496789
"common_unit","low_count",5,"locfdr",-0.0471029,0.518324
"eb_map","low_count",5,"locfdr",-0.0344774,0.552599
"profile_lower_50","low_count",5,"locfdr",-0.0188269,0.515918
"profile_lower_90","low_count",5,"locfdr",-0.0172864,0.465715
"moment_cap_50s","low_count",5,"locfdr",-0.0177641,0.504244
"master","low_count",5,"locfdr",-0.034065,0.398291
"oracle","low_count",5,"locfdr",-0.0250173,0.505656
"mle_median_stabilize","low_count",5,"locfdr",-0.0129516,0.549227
"cap_50s_median_stabilize","low_count",5,"locfdr",-0.00559727,0.547836
"mle","low_count",6,"locfdr",-0.00690868,0.449309
"cap_max_s","low_count",6,"locfdr",0.00287515,0.345896
"cap_10s","low_count",6,"locfdr",-0.00993208,0.485468
"cap_50s","low_count",6,"locfdr",-0.0169683,0.495472
"cap_3median","low_count",6,"locfdr",-0.0139964,0.477884
"cap_10median","low_count",6,"locfdr",-0.0118279,0.486598
"winsor_95","low_count",6,"locfdr",-0.0130301,0.476518
"boundary_to_median","low_count",6,"locfdr",-0.0137847,0.476002
"common_raw","low_count",6,"locfdr",-0.000686895,0.470686
"common_unit","low_count",6,"locfdr",-0.00875352,0.467858
"eb_map","low_count",6,"locfdr",-0.0112664,0.464561
"profile_lower_50","low_count",6,"locfdr",-0.0126383,0.460841
"profile_lower_90","low_count",6,"locfdr",-0.00749049,0.387584
"moment_cap_50s","low_count",6,"locfdr",-0.0307999,0.482049
"master","low_count",6,"locfdr",0.00287575,0.345847
"oracle","low_count",6,"locfdr",-0.0181781,0.440768
"mle_median_stabilize","low_count",6,"locfdr",-0.00818858,0.478839
"cap_50s_median_stabilize","low_count",6,"locfdr",-0.0154549,0.477607
"mle","low_count",7,"locfdr",-0.0918327,0.503294
"cap_max_s","low_count",7,"locfdr",-0.0563185,0.415592
"cap_10s","low_count",7,"locfdr",-0.0894713,0.550631
"cap_50s","low_count",7,"locfdr",-0.109782,0.551351
"cap_3median","low_count",7,"locfdr",-0.0998502,0.553309
"cap_10median","low_count",7,"locfdr",-0.10562,0.54787
"winsor_95","low_count",7,"locfdr",-0.104653,0.545889
"boundary_to_median","low_count",7,"locfdr",-0.0973587,0.545034
"common_raw","low_count",7,"locfdr",-0.0944601,0.55691
"common_unit","low_count",7,"locfdr",-0.0820992,0.545478
"eb_map","low_count",7,"locfdr",-0.0933767,0.546861
"profile_lower_50","low_count",7,"locfdr",-0.0919972,0.523929
"profile_lower_90","low_count",7,"locfdr",-0.0749017,0.451956
"moment_cap_50s","low_count",7,"locfdr",-0.0859545,0.57194
"master","low_count",7,"locfdr",-0.0563102,0.415544
"oracle","low_count",7,"locfdr",-0.0834973,0.518408
"mle_median_stabilize","low_count",7,"locfdr",-0.102862,0.559305
"cap_50s_median_stabilize","low_count",7,"locfdr",-0.114404,0.573173
"mle","low_count",8,"locfdr",-0.0387834,0.414855
"cap_max_s","low_count",8,"locfdr",-0.0309687,0.3985
"cap_10s","low_count",8,"locfdr",-0.0581668,0.509655
"cap_50s","low_count",8,"locfdr",-0.0478954,0.491394
"cap_3median","low_count",8,"locfdr",-0.0499696,0.504095
"cap_10median","low_count",8,"locfdr",-0.043803,0.479423
"winsor_95","low_count",8,"locfdr",-0.0484985,0.488617
"boundary_to_median","low_count",8,"locfdr",-0.04896,0.505961
"common_raw","low_count",8,"locfdr",-0.0639832,0.50836
"common_unit","low_count",8,"locfdr",-0.060479,0.503059
"eb_map","low_count",8,"locfdr",-0.0553398,0.496411
"profile_lower_50","low_count",8,"locfdr",-0.0535884,0.494615
"profile_lower_90","low_count",8,"locfdr",-0.0410256,0.410398
"moment_cap_50s","low_count",8,"locfdr",-0.0346813,0.485414
"master","low_count",8,"locfdr",-0.0309625,0.398448
"oracle","low_count",8,"locfdr",-0.0491562,0.501827
"mle_median_stabilize","low_count",8,"locfdr",-0.0461974,0.47895
"cap_50s_median_stabilize","low_count",8,"locfdr",-0.0470579,0.484006
"mle","low_count",9,"locfdr",-0.0531839,0.419569
"cap_max_s","low_count",9,"locfdr",-0.0584725,0.397061
"cap_10s","low_count",9,"locfdr",-0.0687376,0.51098
"cap_50s","low_count",9,"locfdr",-0.0684408,0.493682
"cap_3median","low_count",9,"locfdr",-0.071899,0.4786
"cap_10median","low_count",9,"locfdr",-0.0746368,0.483403
"winsor_95","low_count",9,"locfdr",-0.0689262,0.473623
"boundary_to_median","low_count",9,"locfdr",-0.0751684,0.490711
"common_raw","low_count",9,"locfdr",-0.0731393,0.515661
"common_unit","low_count",9,"locfdr",-0.0613984,0.50231
"eb_map","low_count",9,"locfdr",-0.0683535,0.519474
"profile_lower_50","low_count",9,"locfdr",-0.0709058,0.480658
"profile_lower_90","low_count",9,"locfdr",-0.0510221,0.419376
"moment_cap_50s","low_count",9,"locfdr",-0.0787648,0.497845
"master","low_count",9,"locfdr",-0.0584634,0.397013
"oracle","low_count",9,"locfdr",-0.0607326,0.482496
"mle_median_stabilize","low_count",9,"locfdr",-0.0622028,0.502145
"cap_50s_median_stabilize","low_count",9,"locfdr",-0.0755196,0.499648
"mle","low_count",10,"locfdr",-0.101731,0.512908
"cap_max_s","low_count",10,"locfdr",-0.0840903,0.403645
"cap_10s","low_count",10,"locfdr",-0.139653,0.575172
"cap_50s","low_count",10,"locfdr",-0.10845,0.567581
"cap_3median","low_count",10,"locfdr",-0.110892,0.533701
"cap_10median","low_count",10,"locfdr",-0.110559,0.563147
"winsor_95","low_count",10,"locfdr",-0.106486,0.557515
"boundary_to_median","low_count",10,"locfdr",-0.11848,0.557492
"common_raw","low_count",10,"locfdr",-0.127194,0.561546
"common_unit","low_count",10,"locfdr",-0.113388,0.541009
"eb_map","low_count",10,"locfdr",-0.128469,0.561124
"profile_lower_50","low_count",10,"locfdr",-0.103761,0.518202
"profile_lower_90","low_count",10,"locfdr",-0.096514,0.448891
"moment_cap_50s","low_count",10,"locfdr",-0.115261,0.573715
"master","low_count",10,"locfdr",-0.0840826,0.403617
"oracle","low_count",10,"locfdr",-0.108768,0.501356
"mle_median_stabilize","low_count",10,"locfdr",-0.112446,0.600278
"cap_50s_median_stabilize","low_count",10,"locfdr",-0.113208,0.591619
"mle","minimal_design",1,"locfdr",-0.197907,0.306627
"cap_max_s","minimal_design",1,"locfdr",-0.199926,0.311541
"cap_10s","minimal_design",1,"locfdr",-0.197241,0.311357
"cap_50s","minimal_design",1,"locfdr",-0.198721,0.309495
"cap_3median","minimal_design",1,"locfdr",-0.202438,0.309516
"cap_10median","minimal_design",1,"locfdr",-0.198603,0.309405
"winsor_95","minimal_design",1,"locfdr",-0.201079,0.306
"boundary_to_median","minimal_design",1,"locfdr",-0.197907,0.306627
"common_raw","minimal_design",1,"locfdr",-0.198657,0.310525
"common_unit","minimal_design",1,"locfdr",-0.195951,0.311691
"eb_map","minimal_design",1,"locfdr",-0.198091,0.309416
"profile_lower_50","minimal_design",1,"locfdr",-0.197231,0.310754
"profile_lower_90","minimal_design",1,"locfdr",-0.195955,0.307788
"moment_cap_50s","minimal_design",1,"locfdr",-0.198277,0.302931
"master","minimal_design",1,"locfdr",-0.199917,0.311535
"oracle","minimal_design",1,"locfdr",-0.201856,0.315786
"mle_median_stabilize","minimal_design",1,"locfdr",-0.201253,0.311691
"cap_50s_median_stabilize","minimal_design",1,"locfdr",-0.204368,0.30895
"mle","minimal_design",2,"locfdr",-0.264893,0.322792
"cap_max_s","minimal_design",2,"locfdr",-0.268594,0.308238
"cap_10s","minimal_design",2,"locfdr",-0.267708,0.324417
"cap_50s","minimal_design",2,"locfdr",-0.268983,0.326347
"cap_3median","minimal_design",2,"locfdr",-0.268446,0.325285
"cap_10median","minimal_design",2,"locfdr",-0.27108,0.3276
"winsor_95","minimal_design",2,"locfdr",-0.269014,0.32537
"boundary_to_median","minimal_design",2,"locfdr",-0.267853,0.324922
"common_raw","minimal_design",2,"locfdr",-0.266624,0.309101
"common_unit","minimal_design",2,"locfdr",-0.264752,0.310844
"eb_map","minimal_design",2,"locfdr",-0.265756,0.321361
"profile_lower_50","minimal_design",2,"locfdr",-0.266617,0.324388
"profile_lower_90","minimal_design",2,"locfdr",-0.267073,0.324093
"moment_cap_50s","minimal_design",2,"locfdr",-0.268926,0.32694
"master","minimal_design",2,"locfdr",-0.268593,0.308249
"oracle","minimal_design",2,"locfdr",-0.266284,0.322348
"mle_median_stabilize","minimal_design",2,"locfdr",-0.270338,0.329017
"cap_50s_median_stabilize","minimal_design",2,"locfdr",-0.272513,0.330383
"mle","minimal_design",3,"locfdr",-0.184392,0.288004
"cap_max_s","minimal_design",3,"locfdr",-0.185639,0.29395
"cap_10s","minimal_design",3,"locfdr",-0.185351,0.290837
"cap_50s","minimal_design",3,"locfdr",-0.187181,0.298235
"cap_3median","minimal_design",3,"locfdr",-0.185307,0.291877
"cap_10median","minimal_design",3,"locfdr",-0.186432,0.295233
"winsor_95","minimal_design",3,"locfdr",-0.183044,0.289874
"boundary_to_median","minimal_design",3,"locfdr",-0.187667,0.292695
"common_raw","minimal_design",3,"locfdr",-0.187466,0.296625
"common_unit","minimal_design",3,"locfdr",-0.185946,0.296237
"eb_map","minimal_design",3,"locfdr",-0.186301,0.291777
"profile_lower_50","minimal_design",3,"locfdr",-0.185589,0.29227
"profile_lower_90","minimal_design",3,"locfdr",-0.18683,0.292798
"moment_cap_50s","minimal_design",3,"locfdr",-0.184634,0.297367
"master","minimal_design",3,"locfdr",-0.185636,0.293946
"oracle","minimal_design",3,"locfdr",-0.184353,0.287603
"mle_median_stabilize","minimal_design",3,"locfdr",-0.188194,0.293151
"cap_50s_median_stabilize","minimal_design",3,"locfdr",-0.190248,0.303726
"mle","minimal_design",4,"truncated_mle",-0.248519,0.324082
"cap_max_s","minimal_design",4,"locfdr",-0.229917,0.32249
"cap_10s","minimal_design",4,"locfdr",-0.236692,0.324107
"cap_50s","minimal_design",4,"locfdr",-0.238669,0.325853
"cap_3median","minimal_design",4,"locfdr",-0.238831,0.32601
"cap_10median","minimal_design",4,"locfdr",-0.238726,0.325934
"winsor_95","minimal_design",4,"locfdr",-0.238813,0.326099
"boundary_to_median","minimal_design",4,"locfdr",-0.239038,0.326378
"common_raw","minimal_design",4,"locfdr",-0.229902,0.311398
"common_unit","minimal_design",4,"locfdr",-0.226793,0.317313
"eb_map","minimal_design",4,"locfdr",-0.23236,0.324686
"profile_lower_50","minimal_design",4,"locfdr",-0.235693,0.322912
"profile_lower_90","minimal_design",4,"locfdr",-0.232313,0.324986
"moment_cap_50s","minimal_design",4,"locfdr",-0.237776,0.327628
"master","minimal_design",4,"locfdr",-0.229914,0.322494
"oracle","minimal_design",4,"locfdr",-0.229969,0.324142
"mle_median_stabilize","minimal_design",4,"truncated_mle",-0.252245,0.329531
"cap_50s_median_stabilize","minimal_design",4,"locfdr",-0.241666,0.330065
"mle","minimal_design",5,"locfdr",-0.269676,0.309758
"cap_max_s","minimal_design",5,"locfdr",-0.269937,0.299403
"cap_10s","minimal_design",5,"locfdr",-0.27296,0.30199
"cap_50s","minimal_design",5,"locfdr",-0.271511,0.298579
"cap_3median","minimal_design",5,"locfdr",-0.273772,0.30112
"cap_10median","minimal_design",5,"locfdr",-0.272073,0.30529
"winsor_95","minimal_design",5,"locfdr",-0.272732,0.300419
"boundary_to_median","minimal_design",5,"locfdr",-0.269676,0.309758
"common_raw","minimal_design",5,"locfdr",-0.27654,0.290386
"common_unit","minimal_design",5,"locfdr",-0.277876,0.289735
"eb_map","minimal_design",5,"locfdr",-0.270537,0.302318
"profile_lower_50","minimal_design",5,"locfdr",-0.271834,0.299462
"profile_lower_90","minimal_design",5,"locfdr",-0.272309,0.306374
"moment_cap_50s","minimal_design",5,"locfdr",-0.266333,0.299752
"master","minimal_design",5,"locfdr",-0.269935,0.299387
"oracle","minimal_design",5,"locfdr",-0.273666,0.295394
"mle_median_stabilize","minimal_design",5,"locfdr",-0.275231,0.308779
"cap_50s_median_stabilize","minimal_design",5,"locfdr",-0.27169,0.305377
"mle","minimal_design",6,"locfdr",-0.212469,0.318161
"cap_max_s","minimal_design",6,"locfdr",-0.206894,0.308049
"cap_10s","minimal_design",6,"locfdr",-0.2127,0.324314
"cap_50s","minimal_design",6,"locfdr",-0.212469,0.318161
"cap_3median","minimal_design",6,"locfdr",-0.212904,0.324892
"cap_10median","minimal_design",6,"locfdr",-0.212474,0.318169
"winsor_95","minimal_design",6,"locfdr",-0.215882,0.320283
"boundary_to_median","minimal_design",6,"locfdr",-0.212469,0.318161
"common_raw","minimal_design",6,"locfdr",-0.208921,0.318057
"common_unit","minimal_design",6,"locfdr",-0.206502,0.307924
"eb_map","minimal_design",6,"locfdr",-0.212399,0.316502
"profile_lower_50","minimal_design",6,"locfdr",-0.216196,0.320895
"profile_lower_90","minimal_design",6,"locfdr",-0.212701,0.316952
"moment_cap_50s","minimal_design",6,"locfdr",-0.21168,0.323594
"master","minimal_design",6,"locfdr",-0.206894,0.308058
"oracle","minimal_design",6,"locfdr",-0.216163,0.314101
"mle_median_stabilize","minimal_design",6,"locfdr",-0.210779,0.315612
"cap_50s_median_stabilize","minimal_design",6,"locfdr",-0.210779,0.315612
"mle","minimal_design",7,"truncated_mle",-0.252741,0.349473
"cap_max_s","minimal_design",7,"locfdr",-0.228006,0.318355
"cap_10s","minimal_design",7,"locfdr",-0.230733,0.328551
"cap_50s","minimal_design",7,"locfdr",-0.235062,0.332143
"cap_3median","minimal_design",7,"locfdr",-0.231694,0.327542
"cap_10median","minimal_design",7,"locfdr",-0.235222,0.332312
"winsor_95","minimal_design",7,"locfdr",-0.232365,0.327408
"boundary_to_median","minimal_design",7,"locfdr",-0.233445,0.331054
"common_raw","minimal_design",7,"locfdr",-0.23049,0.312041
"common_unit","minimal_design",7,"locfdr",-0.227513,0.317987
"eb_map","minimal_design",7,"locfdr",-0.22715,0.323151
"profile_lower_50","minimal_design",7,"locfdr",-0.230644,0.325041
"profile_lower_90","minimal_design",7,"locfdr",-0.228029,0.323493
"moment_cap_50s","minimal_design",7,"locfdr",-0.229143,0.331096
"master","minimal_design",7,"locfdr",-0.228,0.318344
"oracle","minimal_design",7,"locfdr",-0.231782,0.321882
"mle_median_stabilize","minimal_design",7,"locfdr",-0.235149,0.334205
"cap_50s_median_stabilize","minimal_design",7,"locfdr",-0.237211,0.334959
"mle","minimal_design",8,"locfdr",-0.211795,0.314708
"cap_max_s","minimal_design",8,"locfdr",-0.212759,0.311351
"cap_10s","minimal_design",8,"locfdr",-0.218132,0.313573
"cap_50s","minimal_design",8,"locfdr",-0.218067,0.314099
"cap_3median","minimal_design",8,"locfdr",-0.221085,0.31001
"cap_10median","minimal_design",8,"locfdr",-0.217596,0.313664
"winsor_95","minimal_design",8,"locfdr",-0.22111,0.31006
"boundary_to_median","minimal_design",8,"locfdr",-0.218938,0.314842
"common_raw","minimal_design",8,"locfdr",-0.220339,0.298291
"common_unit","minimal_design",8,"locfdr",-0.212691,0.311109
"eb_map","minimal_design",8,"locfdr",-0.217019,0.310017
"profile_lower_50","minimal_design",8,"locfdr",-0.216396,0.310974
"profile_lower_90","minimal_design",8,"locfdr",-0.217895,0.311607
"moment_cap_50s","minimal_design",8,"locfdr",-0.215289,0.314204
"master","minimal_design",8,"locfdr",-0.212755,0.311349
"oracle","minimal_design",8,"locfdr",-0.217944,0.305274
"mle_median_stabilize","minimal_design",8,"locfdr",-0.218234,0.315734
"cap_50s_median_stabilize","minimal_design",8,"locfdr",-0.218701,0.315031
"mle","minimal_design",9,"locfdr",-0.194272,0.296129
"cap_max_s","minimal_design",9,"locfdr",-0.193032,0.305813
"cap_10s","minimal_design",9,"locfdr",-0.194957,0.299772
"cap_50s","minimal_design",9,"locfdr",-0.194473,0.297744
"cap_3median","minimal_design",9,"locfdr",-0.194304,0.298222
"cap_10median","minimal_design",9,"locfdr",-0.194441,0.297921
"winsor_95","minimal_design",9,"locfdr",-0.194711,0.300511
"boundary_to_median","minimal_design",9,"locfdr",-0.194596,0.298229
"common_raw","minimal_design",9,"locfdr",-0.208013,0.326973
"common_unit","minimal_design",9,"locfdr",-0.192757,0.305198
"eb_map","minimal_design",9,"locfdr",-0.187337,0.299267
"profile_lower_50","minimal_design",9,"locfdr",-0.188063,0.301085
"profile_lower_90","minimal_design",9,"locfdr",-0.19066,0.296432
"moment_cap_50s","minimal_design",9,"locfdr",-0.197993,0.301929
"master","minimal_design",9,"locfdr",-0.19303,0.305807
"oracle","minimal_design",9,"locfdr",-0.206359,0.310154
"mle_median_stabilize","minimal_design",9,"locfdr",-0.194376,0.305227
"cap_50s_median_stabilize","minimal_design",9,"locfdr",-0.193324,0.305014
"mle","minimal_design",10,"locfdr",-0.180412,0.339018
"cap_max_s","minimal_design",10,"locfdr",-0.179068,0.335243
"cap_10s","minimal_design",10,"locfdr",-0.189716,0.342477
"cap_50s","minimal_design",10,"locfdr",-0.184531,0.343201
"cap_3median","minimal_design",10,"locfdr",-0.189346,0.342532
"cap_10median","minimal_design",10,"locfdr",-0.187706,0.345746
"winsor_95","minimal_design",10,"locfdr",-0.19046,0.345588
"boundary_to_median","minimal_design",10,"locfdr",-0.185302,0.343899
"common_raw","minimal_design",10,"locfdr",-0.188237,0.34495
"common_unit","minimal_design",10,"locfdr",-0.178592,0.334961
"eb_map","minimal_design",10,"locfdr",-0.183847,0.332754
"profile_lower_50","minimal_design",10,"locfdr",-0.189033,0.340683
"profile_lower_90","minimal_design",10,"locfdr",-0.184232,0.333297
"moment_cap_50s","minimal_design",10,"locfdr",-0.181568,0.338593
"master","minimal_design",10,"locfdr",-0.179067,0.335233
"oracle","minimal_design",10,"locfdr",-0.185396,0.336348
"mle_median_stabilize","minimal_design",10,"locfdr",-0.186093,0.349265
"cap_50s_median_stabilize","minimal_design",10,"locfdr",-0.187275,0.348135
"mle","near_poisson",1,"truncated_mle",-0.677435,1.60432
"cap_max_s","near_poisson",1,"locfdr",-0.225319,0.316458
"cap_10s","near_poisson",1,"locfdr",-0.226514,0.314802
"cap_50s","near_poisson",1,"locfdr",-0.2259,0.326965
"cap_3median","near_poisson",1,"locfdr",-0.236936,0.319083
"cap_10median","near_poisson",1,"locfdr",-0.246998,0.335773
"winsor_95","near_poisson",1,"truncated_mle",-0.67685,1.59594
"boundary_to_median","near_poisson",1,"locfdr",-0.217664,0.334596
"common_raw","near_poisson",1,"locfdr",-0.228466,0.30961
"common_unit","near_poisson",1,"locfdr",-0.226415,0.314723
"eb_map","near_poisson",1,"locfdr",-0.21526,0.328472
"profile_lower_50","near_poisson",1,"locfdr",-0.235214,0.325292
"profile_lower_90","near_poisson",1,"locfdr",-0.22191,0.324333
"moment_cap_50s","near_poisson",1,"locfdr",-0.227379,0.330942
"master","near_poisson",1,"locfdr",-0.225302,0.316457
"oracle","near_poisson",1,"locfdr",-0.232705,0.333518
"mle_median_stabilize","near_poisson",1,"truncated_mle",-0.867348,2.17249
"cap_50s_median_stabilize","near_poisson",1,"locfdr",-0.223311,0.320308
"mle","near_poisson",2,"locfdr",-0.207961,0.476429
"cap_max_s","near_poisson",2,"locfdr",-0.201789,0.279027
"cap_10s","near_poisson",2,"locfdr",-0.203936,0.281749
"cap_50s","near_poisson",2,"locfdr",-0.216165,0.286457
"cap_3median","near_poisson",2,"locfdr",-0.212218,0.292555
"cap_10median","near_poisson",2,"locfdr",-0.230159,0.312167
"winsor_95","near_poisson",2,"truncated_mle",-0.514401,1.29503
"boundary_to_median","near_poisson",2,"locfdr",-0.203555,0.295835
"common_raw","near_poisson",2,"locfdr",-0.20452,0.282252
"common_unit","near_poisson",2,"locfdr",-0.20376,0.281842
"eb_map","near_poisson",2,"locfdr",-0.203886,0.282178
"profile_lower_50","near_poisson",2,"locfdr",-0.212337,0.297994
"profile_lower_90","near_poisson",2,"locfdr",-0.211064,0.288626
"moment_cap_50s","near_poisson",2,"locfdr",-0.210513,0.284908
"master","near_poisson",2,"locfdr",-0.201786,0.279033
"oracle","near_poisson",2,"locfdr",-0.213899,0.302335
"mle_median_stabilize","near_poisson",2,"locfdr",-0.250609,0.686384
"cap_50s_median_stabilize","near_poisson",2,"locfdr",-0.214153,0.283993
"mle","near_poisson",3,"truncated_mle",-0.58214,1.45973
"cap_max_s","near_poisson",3,"locfdr",-0.225501,0.260896
"cap_10s","near_poisson",3,"locfdr",-0.22072,0.255556
"cap_50s","near_poisson",3,"locfdr",-0.2281,0.267198
"cap_3median","near_poisson",3,"locfdr",-0.226524,0.272175
"cap_10median","near_poisson",3,"locfdr",-0.231751,0.300739
"winsor_95","near_poisson",3,"truncated_mle",-0.581614,1.45712
"boundary_to_median","near_poisson",3,"locfdr",-0.225446,0.264904
"common_raw","near_poisson",3,"locfdr",-0.223248,0.256072
"common_unit","near_poisson",3,"locfdr",-0.220657,0.255634
"eb_map","near_poisson",3,"locfdr",-0.220276,0.258487
"profile_lower_50","near_poisson",3,"locfdr",-0.22841,0.285025
"profile_lower_90","near_poisson",3,"locfdr",-0.222214,0.266562
"moment_cap_50s","near_poisson",3,"locfdr",-0.225441,0.263848
"master","near_poisson",3,"locfdr",-0.225483,0.260881
"oracle","near_poisson",3,"locfdr",-0.227169,0.267305
"mle_median_stabilize","near_poisson",3,"truncated_mle",-0.75025,1.95414
"cap_50s_median_stabilize","near_poisson",3,"locfdr",-0.226295,0.26508
"mle","near_poisson",4,"locfdr",-0.432963,0.847934
"cap_max_s","near_poisson",4,"locfdr",-0.209066,0.317492
"cap_10s","near_poisson",4,"locfdr",-0.213774,0.321217
"cap_50s","near_poisson",4,"locfdr",-0.216787,0.325585
"cap_3median","near_poisson",4,"locfdr",-0.227037,0.328206
"cap_10median","near_poisson",4,"locfdr",-0.23078,0.345403
"winsor_95","near_poisson",4,"locfdr",-0.443342,0.862679
"boundary_to_median","near_poisson",4,"locfdr",-0.219225,0.329886
"common_raw","near_poisson",4,"locfdr",-0.21415,0.320582
"common_unit","near_poisson",4,"locfdr",-0.213492,0.322097
"eb_map","near_poisson",4,"locfdr",-0.210835,0.316864
"profile_lower_50","near_poisson",4,"locfdr",-0.222644,0.328219
"profile_lower_90","near_poisson",4,"locfdr",-0.215802,0.311529
"moment_cap_50s","near_poisson",4,"locfdr",-0.21232,0.320635
"master","near_poisson",4,"locfdr",-0.209053,0.317486
"oracle","near_poisson",4,"locfdr",-0.230648,0.350214
"mle_median_stabilize","near_poisson",4,"locfdr",-0.240201,0.336783
"cap_50s_median_stabilize","near_poisson",4,"locfdr",-0.21586,0.324228
"mle","near_poisson",5,"locfdr",-0.156184,0.346334
"cap_max_s","near_poisson",5,"locfdr",-0.176885,0.358717
"cap_10s","near_poisson",5,"locfdr",-0.172973,0.352633
"cap_50s","near_poisson",5,"locfdr",-0.170273,0.358396
"cap_3median","near_poisson",5,"locfdr",-0.173788,0.351061
"cap_10median","near_poisson",5,"locfdr",-0.187423,0.3794
"winsor_95","near_poisson",5,"locfdr",-0.149843,0.337695
"boundary_to_median","near_poisson",5,"locfdr",-0.182561,0.351918
"common_raw","near_poisson",5,"locfdr",-0.168186,0.349567
"common_unit","near_poisson",5,"locfdr",-0.172742,0.352269
"eb_map","near_poisson",5,"locfdr",-0.173059,0.353333
"profile_lower_50","near_poisson",5,"locfdr",-0.169774,0.342194
"profile_lower_90","near_poisson",5,"locfdr",-0.176182,0.356226
"moment_cap_50s","near_poisson",5,"locfdr",-0.171101,0.350526
"master","near_poisson",5,"locfdr",-0.176838,0.358631
"oracle","near_poisson",5,"locfdr",-0.171708,0.342693
"mle_median_stabilize","near_poisson",5,"truncated_mle",-0.54526,1.94813
"cap_50s_median_stabilize","near_poisson",5,"locfdr",-0.168673,0.35541
"mle","near_poisson",6,"locfdr",-0.487175,1.0378
"cap_max_s","near_poisson",6,"locfdr",-0.254178,0.309236
"cap_10s","near_poisson",6,"locfdr",-0.251719,0.299321
"cap_50s","near_poisson",6,"locfdr",-0.251189,0.300234
"cap_3median","near_poisson",6,"locfdr",-0.26167,0.297394
"cap_10median","near_poisson",6,"locfdr",-0.269395,0.318825
"winsor_95","near_poisson",6,"locfdr",-0.486742,1.03722
"boundary_to_median","near_poisson",6,"locfdr",-0.258319,0.30045
"common_raw","near_poisson",6,"locfdr",-0.256092,0.288863
"common_unit","near_poisson",6,"locfdr",-0.251796,0.299733
"eb_map","near_poisson",6,"locfdr",-0.249147,0.29563
"profile_lower_50","near_poisson",6,"locfdr",-0.25299,0.293943
"profile_lower_90","near_poisson",6,"locfdr",-0.254814,0.308
"moment_cap_50s","near_poisson",6,"locfdr",-0.250642,0.299072
"master","near_poisson",6,"locfdr",-0.254144,0.309203
"oracle","near_poisson",6,"locfdr",-0.256053,0.319503
"mle_median_stabilize","near_poisson",6,"locfdr",-0.476623,1.03579
"cap_50s_median_stabilize","near_poisson",6,"locfdr",-0.247715,0.296366
"mle","near_poisson",7,"locfdr",-0.469468,0.733132
"cap_max_s","near_poisson",7,"locfdr",-0.255558,0.303823
"cap_10s","near_poisson",7,"locfdr",-0.255447,0.301693
"cap_50s","near_poisson",7,"locfdr",-0.253298,0.308901
"cap_3median","near_poisson",7,"locfdr",-0.269912,0.310622
"cap_10median","near_poisson",7,"locfdr",-0.280217,0.334769
"winsor_95","near_poisson",7,"locfdr",-0.479163,0.74657
"boundary_to_median","near_poisson",7,"locfdr",-0.253078,0.292417
"common_raw","near_poisson",7,"locfdr",-0.258463,0.292933
"common_unit","near_poisson",7,"locfdr",-0.255467,0.301461
"eb_map","near_poisson",7,"locfdr",-0.258034,0.305617
"profile_lower_50","near_poisson",7,"locfdr",-0.252603,0.300649
"profile_lower_90","near_poisson",7,"locfdr",-0.261715,0.29774
"moment_cap_50s","near_poisson",7,"locfdr",-0.253512,0.288902
"master","near_poisson",7,"locfdr",-0.255544,0.303795
"oracle","near_poisson",7,"locfdr",-0.273445,0.32989
"mle_median_stabilize","near_poisson",7,"truncated_mle",-0.960337,1.80081
"cap_50s_median_stabilize","near_poisson",7,"locfdr",-0.251149,0.306642
"mle","near_poisson",8,"locfdr",-0.106254,0.337671
"cap_max_s","near_poisson",8,"locfdr",-0.171555,0.309386
"cap_10s","near_poisson",8,"locfdr",-0.168003,0.304858
"cap_50s","near_poisson",8,"locfdr",-0.175086,0.314149
"cap_3median","near_poisson",8,"locfdr",-0.181438,0.319723
"cap_10median","near_poisson",8,"locfdr",-0.177002,0.336278
"winsor_95","near_poisson",8,"locfdr",-0.111186,0.331883
"boundary_to_median","near_poisson",8,"locfdr",-0.169523,0.317174
"common_raw","near_poisson",8,"locfdr",-0.17539,0.303483
"common_unit","near_poisson",8,"locfdr",-0.168049,0.304592
"eb_map","near_poisson",8,"locfdr",-0.168777,0.304361
"profile_lower_50","near_poisson",8,"locfdr",-0.173307,0.320256
"profile_lower_90","near_poisson",8,"locfdr",-0.176572,0.309084
"moment_cap_50s","near_poisson",8,"locfdr",-0.174456,0.31341
"master","near_poisson",8,"locfdr",-0.171545,0.309378
"oracle","near_poisson",8,"locfdr",-0.161191,0.317195
"mle_median_stabilize","near_poisson",8,"locfdr",-0.153287,0.380457
"cap_50s_median_stabilize","near_poisson",8,"locfdr",-0.171787,0.308367
"mle","near_poisson",9,"locfdr",-0.127454,0.312107
"cap_max_s","near_poisson",9,"locfdr",-0.151504,0.277513
"cap_10s","near_poisson",9,"locfdr",-0.152419,0.284849
"cap_50s","near_poisson",9,"locfdr",-0.157653,0.289938
"cap_3median","near_poisson",9,"locfdr",-0.161762,0.301068
"cap_10median","near_poisson",9,"locfdr",-0.171631,0.313105
"winsor_95","near_poisson",9,"locfdr",-0.12724,0.311698
"boundary_to_median","near_poisson",9,"locfdr",-0.142721,0.281147
"common_raw","near_poisson",9,"locfdr",-0.163607,0.299743
"common_unit","near_poisson",9,"locfdr",-0.152566,0.284904
"eb_map","near_poisson",9,"locfdr",-0.15503,0.281171
"profile_lower_50","near_poisson",9,"locfdr",-0.162613,0.29086
"profile_lower_90","near_poisson",9,"locfdr",-0.156296,0.287147
"moment_cap_50s","near_poisson",9,"locfdr",-0.15502,0.287473
"master","near_poisson",9,"locfdr",-0.151494,0.277528
"oracle","near_poisson",9,"locfdr",-0.160915,0.300294
"mle_median_stabilize","near_poisson",9,"truncated_mle",-0.544042,1.62068
"cap_50s_median_stabilize","near_poisson",9,"locfdr",-0.156663,0.288549
"mle","near_poisson",10,"locfdr",-0.391562,0.763003
"cap_max_s","near_poisson",10,"locfdr",-0.21267,0.297618
"cap_10s","near_poisson",10,"locfdr",-0.220358,0.312342
"cap_50s","near_poisson",10,"locfdr",-0.225044,0.320071
"cap_3median","near_poisson",10,"locfdr",-0.232314,0.332859
"cap_10median","near_poisson",10,"locfdr",-0.247751,0.363334
"winsor_95","near_poisson",10,"locfdr",-0.391709,0.762788
"boundary_to_median","near_poisson",10,"locfdr",-0.210687,0.312995
"common_raw","near_poisson",10,"locfdr",-0.230892,0.31883
"common_unit","near_poisson",10,"locfdr",-0.220204,0.311947
"eb_map","near_poisson",10,"locfdr",-0.217453,0.312711
"profile_lower_50","near_poisson",10,"locfdr",-0.216104,0.324361
"profile_lower_90","near_poisson",10,"locfdr",-0.223882,0.333186
"moment_cap_50s","near_poisson",10,"locfdr",-0.22247,0.327431
"master","near_poisson",10,"locfdr",-0.212664,0.297617
"oracle","near_poisson",10,"locfdr",-0.243215,0.337561
"mle_median_stabilize","near_poisson",10,"truncated_mle",-0.90569,2.24894
"cap_50s_median_stabilize","near_poisson",10,"locfdr",-0.22368,0.318142
"mle","null",1,"truncated_mle",0.0430511,0.311333
"cap_max_s","null",1,"locfdr",0.0647219,0.330269
"cap_10s","null",1,"locfdr",0.0498899,0.312263
"cap_50s","null",1,"locfdr",0.0456623,0.315712
"cap_3median","null",1,"locfdr",0.0502041,0.319434
"cap_10median","null",1,"locfdr",0.0459815,0.315459
"winsor_95","null",1,"locfdr",0.0444943,0.312308
"boundary_to_median","null",1,"locfdr",0.0439752,0.315189
"common_raw","null",1,"locfdr",0.0637644,0.323142
"common_unit","null",1,"locfdr",0.056177,0.315178
"eb_map","null",1,"locfdr",0.0542983,0.316742
"profile_lower_50","null",1,"locfdr",0.0481423,0.309137
"profile_lower_90","null",1,"locfdr",0.0494423,0.311789
"moment_cap_50s","null",1,"locfdr",0.047416,0.318265
"master","null",1,"locfdr",0.0647248,0.330282
"oracle","null",1,"locfdr",0.0617593,0.326823
"mle_median_stabilize","null",1,"truncated_mle",0.0451374,0.317553
"cap_50s_median_stabilize","null",1,"locfdr",0.0486045,0.321939
"mle","null",2,"locfdr",0.0409837,0.305787
"cap_max_s","null",2,"locfdr",0.0294462,0.297477
"cap_10s","null",2,"locfdr",0.0389067,0.303838
"cap_50s","null",2,"locfdr",0.0365312,0.302952
"cap_3median","null",2,"locfdr",0.035342,0.304307
"cap_10median","null",2,"locfdr",0.0400878,0.307134
"winsor_95","null",2,"locfdr",0.0380895,0.308409
"boundary_to_median","null",2,"locfdr",0.0404291,0.307704
"common_raw","null",2,"locfdr",0.0382942,0.315013
"common_unit","null",2,"locfdr",0.0332494,0.310132
"eb_map","null",2,"locfdr",0.0369624,0.305052
"profile_lower_50","null",2,"locfdr",0.0389318,0.303568
"profile_lower_90","null",2,"locfdr",0.0391291,0.303102
"moment_cap_50s","null",2,"locfdr",0.0364506,0.299402
"master","null",2,"locfdr",0.0294537,0.297483
"oracle","null",2,"locfdr",0.0363696,0.309129
"mle_median_stabilize","null",2,"locfdr",0.0413625,0.31025
"cap_50s_median_stabilize","null",2,"locfdr",0.0366966,0.305544
"mle","null",3,"locfdr",0.0279419,0.299976
"cap_max_s","null",3,"locfdr",0.022142,0.315139
"cap_10s","null",3,"locfdr",0.0269224,0.303357
"cap_50s","null",3,"locfdr",0.0289982,0.306678
"cap_3median","null",3,"locfdr",0.0272247,0.305949
"cap_10median","null",3,"locfdr",0.0271666,0.308295
"winsor_95","null",3,"locfdr",0.0272631,0.306307
"boundary_to_median","null",3,"locfdr",0.0284212,0.305155
"common_raw","null",3,"locfdr",0.0305285,0.318605
"common_unit","null",3,"locfdr",0.0214164,0.31429
"eb_map","null",3,"locfdr",0.0250834,0.306609
"profile_lower_50","null",3,"locfdr",0.0266965,0.308965
"profile_lower_90","null",3,"locfdr",0.0243887,0.309154
"moment_cap_50s","null",3,"locfdr",0.0311096,0.304751
"master","null",3,"locfdr",0.0221428,0.315127
"oracle","null",3,"locfdr",0.0219044,0.309462
"mle_median_stabilize","null",3,"locfdr",0.0289635,0.307459
"cap_50s_median_stabilize","null",3,"locfdr",0.0294422,0.309902
"mle","null",4,"truncated_mle",-0.0386,0.33181
"cap_max_s","null",4,"locfdr",-0.0423027,0.335789
"cap_10s","null",4,"locfdr",-0.0468904,0.335658
"cap_50s","null",4,"locfdr",-0.049422,0.333251
"cap_3median","null",4,"locfdr",-0.045646,0.336687
"cap_10median","null",4,"locfdr",-0.0495151,0.333045
"winsor_95","null",4,"locfdr",-0.0456737,0.336719
"boundary_to_median","null",4,"locfdr",-0.0479235,0.334074
"common_raw","null",4,"locfdr",-0.0451053,0.337144
"common_unit","null",4,"locfdr",-0.0455319,0.336207
"eb_map","null",4,"locfdr",-0.0422687,0.336659
"profile_lower_50","null",4,"locfdr",-0.049342,0.330784
"profile_lower_90","null",4,"locfdr",-0.0443474,0.335089
"moment_cap_50s","null",4,"locfdr",-0.0502362,0.330558
"master","null",4,"locfdr",-0.042297,0.335805
"oracle","null",4,"locfdr",-0.0415553,0.342757
"mle_median_stabilize","null",4,"truncated_mle",-0.0395705,0.337622
"cap_50s_median_stabilize","null",4,"locfdr",-0.049996,0.336016
"mle","null",5,"locfdr",0.0563038,0.301394
"cap_max_s","null",5,"locfdr",0.0546281,0.306911
"cap_10s","null",5,"locfdr",0.053179,0.302008
"cap_50s","null",5,"locfdr",0.0601443,0.298437
"cap_3median","null",5,"locfdr",0.05073,0.30863
"cap_10median","null",5,"locfdr",0.0602605,0.298607
"winsor_95","null",5,"locfdr",0.0524784,0.302176
"boundary_to_median","null",5,"locfdr",0.0581464,0.299283
"common_raw","null",5,"locfdr",0.051219,0.293901
"common_unit","null",5,"locfdr",0.0541945,0.303209
"eb_map","null",5,"locfdr",0.0538886,0.303704
"profile_lower_50","null",5,"locfdr",0.0582703,0.30146
"profile_lower_90","null",5,"locfdr",0.0564796,0.300999
"moment_cap_50s","null",5,"locfdr",0.0577425,0.305506
"master","null",5,"locfdr",0.054629,0.306893
"oracle","null",5,"locfdr",0.0547839,0.305958
"mle_median_stabilize","null",5,"locfdr",0.0604894,0.300876
"cap_50s_median_stabilize","null",5,"locfdr",0.0605861,0.300499
"mle","null",6,"locfdr",-0.0733357,0.306382
"cap_max_s","null",6,"locfdr",-0.0674454,0.297781
"cap_10s","null",6,"locfdr",-0.0751548,0.316075
"cap_50s","null",6,"locfdr",-0.0755339,0.314619
"cap_3median","null",6,"locfdr",-0.0720901,0.320715
"cap_10median","null",6,"locfdr",-0.078172,0.315859
"winsor_95","null",6,"locfdr",-0.0803224,0.309378
"boundary_to_median","null",6,"truncated_mle",-0.0684604,0.311263
"common_raw","null",6,"locfdr",-0.0655089,0.307017
"common_unit","null",6,"locfdr",-0.0646664,0.299311
"eb_map","null",6,"locfdr",-0.0765337,0.31157
"profile_lower_50","null",6,"locfdr",-0.0799107,0.313198
"profile_lower_90","null",6,"locfdr",-0.0766848,0.313238
"moment_cap_50s","null",6,"locfdr",-0.0775439,0.310054
"master","null",6,"locfdr",-0.0674392,0.297773
"oracle","null",6,"locfdr",-0.0741531,0.308395
"mle_median_stabilize","null",6,"locfdr",-0.0770756,0.319531
"cap_50s_median_stabilize","null",6,"locfdr",-0.0773334,0.320394
"mle","null",7,"truncated_mle",-0.0147117,0.321056
"cap_max_s","null",7,"locfdr",-0.0198507,0.31843
"cap_10s","null",7,"locfdr",-0.0209015,0.326754
"cap_50s","null",7,"locfdr",-0.0207788,0.324405
"cap_3median","null",7,"locfdr",-0.0210778,0.327239
"cap_10median","null",7,"locfdr",-0.0208953,0.324394
"winsor_95","null",7,"locfdr",-0.0206335,0.330032
"boundary_to_median","null",7,"locfdr",-0.0215131,0.324715
"common_raw","null",7,"locfdr",-0.0192943,0.31604
"common_unit","null",7,"locfdr",-0.0221395,0.315585
"eb_map","null",7,"locfdr",-0.0223426,0.322499
"profile_lower_50","null",7,"locfdr",-0.0219531,0.326079
"profile_lower_90","null",7,"locfdr",-0.0222208,0.323372
"moment_cap_50s","null",7,"locfdr",-0.0211504,0.32946
"master","null",7,"locfdr",-0.0198518,0.318447
"oracle","null",7,"locfdr",-0.0249329,0.322782
"mle_median_stabilize","null",7,"truncated_mle",-0.0155939,0.327628
"cap_50s_median_stabilize","null",7,"locfdr",-0.0210329,0.32622
"mle","null",8,"locfdr",0.0163354,0.301582
"cap_max_s","null",8,"locfdr",0.0171855,0.29398
"cap_10s","null",8,"locfdr",0.0226823,0.311145
"cap_50s","null",8,"locfdr",0.0187689,0.305652
"cap_3median","null",8,"locfdr",0.0257302,0.312473
"cap_10median","null",8,"locfdr",0.0220525,0.310097
"winsor_95","null",8,"locfdr",0.0194341,0.308364
"boundary_to_median","null",8,"locfdr",0.0123408,0.304867
"common_raw","null",8,"locfdr",0.0177113,0.308286
"common_unit","null",8,"locfdr",0.0226446,0.300673
"eb_map","null",8,"locfdr",0.0214696,0.304138
"profile_lower_50","null",8,"locfdr",0.0231529,0.311791
"profile_lower_90","null",8,"locfdr",0.0212226,0.304794
"moment_cap_50s","null",8,"locfdr",0.0209607,0.306379
"master","null",8,"locfdr",0.0171873,0.29398
"oracle","null",8,"locfdr",0.0241138,0.30726
"mle_median_stabilize","null",8,"locfdr",0.0168961,0.311632
"cap_50s_median_stabilize","null",8,"locfdr",0.0193749,0.311864
"mle","null",9,"truncated_mle",-0.102831,0.327042
"cap_max_s","null",9,"locfdr",-0.086651,0.327439
"cap_10s","null",9,"locfdr",-0.0840617,0.334543
"cap_50s","null",9,"locfdr",-0.0943232,0.337015
"cap_3median","null",9,"locfdr",-0.091964,0.334274
"cap_10median","null",9,"locfdr",-0.0937837,0.336905
"winsor_95","null",9,"locfdr",-0.0955467,0.338746
"boundary_to_median","null",9,"locfdr",-0.0894923,0.34287
"common_raw","null",9,"locfdr",-0.08799,0.32924
"common_unit","null",9,"locfdr",-0.0839905,0.327603
"eb_map","null",9,"locfdr",-0.0864471,0.33439
"profile_lower_50","null",9,"locfdr",-0.0924488,0.333545
"profile_lower_90","null",9,"locfdr",-0.0887826,0.333293
"moment_cap_50s","null",9,"locfdr",-0.0972658,0.341645
"master","null",9,"locfdr",-0.0866515,0.32744
"oracle","null",9,"locfdr",-0.0861479,0.327268
"mle_median_stabilize","null",9,"truncated_mle",-0.108025,0.338669
"cap_50s_median_stabilize","null",9,"locfdr",-0.0964768,0.343559
"mle","null",10,"truncated_mle",-0.000652684,0.324391
"cap_max_s","null",10,"locfdr",0.0109689,0.328999
"cap_10s","null",10,"truncated_mle",-0.00412181,0.324242
"cap_50s","null",10,"locfdr",0.0123709,0.335244
"cap_3median","null",10,"truncated_mle",-0.00475807,0.325888
"cap_10median","null",10,"locfdr",0.0117359,0.335449
"winsor_95","null",10,"truncated_mle",-0.00497679,0.327651
"boundary_to_median","null",10,"locfdr",0.0134382,0.3356
"common_raw","null",10,"locfdr",0.0139589,0.351188
"common_unit","null",10,"locfdr",0.00965274,0.329725
"eb_map","null",10,"locfdr",0.00981413,0.334097
"profile_lower_50","null",10,"locfdr",0.0101406,0.335851
"profile_lower_90","null",10,"locfdr",0.0111051,0.334907
"moment_cap_50s","null",10,"locfdr",0.0116892,0.339564
"master","null",10,"locfdr",0.0109791,0.329004
"oracle","null",10,"locfdr",0.0122248,0.332342
"mle_median_stabilize","null",10,"truncated_mle",-0.00106412,0.330833
"cap_50s_median_stabilize","null",10,"locfdr",0.0123561,0.335614
"mle","strong_de",1,"truncated_mle",-1.14044,0.418617
"cap_max_s","strong_de",1,"truncated_mle",-1.14636,0.379675
"cap_10s","strong_de",1,"truncated_mle",-1.15084,0.403046
"cap_50s","strong_de",1,"truncated_mle",-1.15063,0.42929
"cap_3median","strong_de",1,"truncated_mle",-1.15801,0.403111
"cap_10median","strong_de",1,"truncated_mle",-1.14635,0.421859
"winsor_95","strong_de",1,"truncated_mle",-1.15664,0.420319
"boundary_to_median","strong_de",1,"truncated_mle",-1.14793,0.419622
"common_raw","strong_de",1,"truncated_mle",-1.15482,0.317527
"common_unit","strong_de",1,"truncated_mle",-1.15144,0.373138
"eb_map","strong_de",1,"truncated_mle",-1.14945,0.385457
"profile_lower_50","strong_de",1,"truncated_mle",-1.1528,0.409407
"profile_lower_90","strong_de",1,"truncated_mle",-1.15177,0.393781
"moment_cap_50s","strong_de",1,"truncated_mle",-1.14957,0.414001
"master","strong_de",1,"truncated_mle",-1.14639,0.379466
"oracle","strong_de",1,"truncated_mle",-1.15443,0.378244
"mle_median_stabilize","strong_de",1,"truncated_mle",-1.1555,0.426936
"cap_50s_median_stabilize","strong_de",1,"truncated_mle",-1.15879,0.432665
"mle","strong_de",2,"truncated_mle",-1.2241,0.544205
"cap_max_s","strong_de",2,"truncated_mle",-1.23251,0.522451
"cap_10s","strong_de",2,"truncated_mle",-1.2331,0.52777
"cap_50s","strong_de",2,"truncated_mle",-1.24485,0.548379
"cap_3median","strong_de",2,"truncated_mle",-1.25063,0.527891
"cap_10median","strong_de",2,"truncated_mle",-1.24459,0.547526
"winsor_95","strong_de",2,"truncated_mle",-1.24882,0.537057
"boundary_to_median","strong_de",2,"truncated_mle",-1.24701,0.541409
"common_raw","strong_de",2,"truncated_mle",-1.24174,0.436555
"common_unit","strong_de",2,"truncated_mle",-1.23438,0.512796
"eb_map","strong_de",2,"truncated_mle",-1.23241,0.523334
"profile_lower_50","strong_de",2,"truncated_mle",-1.23203,0.540426
"profile_lower_90","strong_de",2,"truncated_mle",-1.2297,0.530672
"moment_cap_50s","strong_de",2,"truncated_mle",-1.24007,0.545816
"master","strong_de",2,"truncated_mle",-1.23326,0.522157
"oracle","strong_de",2,"truncated_mle",-1.23988,0.518348
"mle_median_stabilize","strong_de",2,"truncated_mle",-1.2412,0.552667
"cap_50s_median_stabilize","strong_de",2,"truncated_mle",-1.25206,0.55195
"mle","strong_de",3,"truncated_mle",-1.32974,0.456259
"cap_max_s","strong_de",3,"truncated_mle",-1.33078,0.468986
"cap_10s","strong_de",3,"truncated_mle",-1.33353,0.463991
"cap_50s","strong_de",3,"truncated_mle",-1.33003,0.454058
"cap_3median","strong_de",3,"truncated_mle",-1.34125,0.458713
"cap_10median","strong_de",3,"truncated_mle",-1.33223,0.457365
"winsor_95","strong_de",3,"truncated_mle",-1.3405,0.4639
"boundary_to_median","strong_de",3,"truncated_mle",-1.32974,0.456259
"common_raw","strong_de",3,"truncated_mle",-1.34357,0.35573
"common_unit","strong_de",3,"truncated_mle",-1.32543,0.442691
"eb_map","strong_de",3,"truncated_mle",-1.32051,0.45108
"profile_lower_50","strong_de",3,"truncated_mle",-1.32429,0.446541
"profile_lower_90","strong_de",3,"truncated_mle",-1.32009,0.449715
"moment_cap_50s","strong_de",3,"truncated_mle",-1.33401,0.459782
"master","strong_de",3,"truncated_mle",-1.3308,0.468436
"oracle","strong_de",3,"truncated_mle",-1.32733,0.44294
"mle_median_stabilize","strong_de",3,"truncated_mle",-1.34219,0.465464
"cap_50s_median_stabilize","strong_de",3,"truncated_mle",-1.34126,0.462418
"mle","strong_de",4,"locfdr",-0.949306,0.408144
"cap_max_s","strong_de",4,"truncated_mle",-0.954079,0.378214
"cap_10s","strong_de",4,"locfdr",-0.973311,0.397735
"cap_50s","strong_de",4,"locfdr",-0.969529,0.420008
"cap_3median","strong_de",4,"locfdr",-0.978081,0.401235
"cap_10median","strong_de",4,"locfdr",-0.977372,0.426257
"winsor_95","strong_de",4,"locfdr",-0.978759,0.40589
"boundary_to_median","strong_de",4,"locfdr",-0.964055,0.415469
"common_raw","strong_de",4,"truncated_mle",-0.952012,0.325228
"common_unit","strong_de",4,"truncated_mle",-0.952813,0.367306
"eb_map","strong_de",4,"truncated_mle",-0.969028,0.398081
"profile_lower_50","strong_de",4,"locfdr",-0.971605,0.406378
"profile_lower_90","strong_de",4,"truncated_mle",-0.973856,0.410761
"moment_cap_50s","strong_de",4,"locfdr",-0.956808,0.402116
"master","strong_de",4,"truncated_mle",-0.954035,0.378044
"oracle","strong_de",4,"truncated_mle",-0.964753,0.38272
"mle_median_stabilize","strong_de",4,"locfdr",-0.968478,0.41695
"cap_50s_median_stabilize","strong_de",4,"locfdr",-0.975543,0.423078
"mle","strong_de",5,"truncated_mle",-1.43145,0.556192
"cap_max_s","strong_de",5,"truncated_mle",-1.43187,0.564003
"cap_10s","strong_de",5,"truncated_mle",-1.40961,0.546031
"cap_50s","strong_de",5,"truncated_mle",-1.42815,0.550186
"cap_3median","strong_de",5,"truncated_mle",-1.43778,0.547116
"cap_10median","strong_de",5,"truncated_mle",-1.43244,0.546355
"winsor_95","strong_de",5,"truncated_mle",-1.42738,0.547934
"boundary_to_median","strong_de",5,"truncated_mle",-1.43231,0.558417
"common_raw","strong_de",5,"truncated_mle",-1.46025,0.450985
"common_unit","strong_de",5,"truncated_mle",-1.43463,0.545235
"eb_map","strong_de",5,"truncated_mle",-1.42468,0.544632
"profile_lower_50","strong_de",5,"truncated_mle",-1.42789,0.545523
"profile_lower_90","strong_de",5,"truncated_mle",-1.42673,0.549825
"moment_cap_50s","strong_de",5,"truncated_mle",-1.41672,0.536559
"master","strong_de",5,"truncated_mle",-1.4322,0.563605
"oracle","strong_de",5,"truncated_mle",-1.42325,0.537432
"mle_median_stabilize","strong_de",5,"truncated_mle",-1.44787,0.564481
"cap_50s_median_stabilize","strong_de",5,"truncated_mle",-1.4352,0.552261
"mle","strong_de",6,"truncated_mle",-1.29794,0.509604
"cap_max_s","strong_de",6,"truncated_mle",-1.28771,0.505015
"cap_10s","strong_de",6,"truncated_mle",-1.30019,0.503568
"cap_50s","strong_de",6,"truncated_mle",-1.3018,0.508646
"cap_3median","strong_de",6,"truncated_mle",-1.31166,0.500857
"cap_10median","strong_de",6,"truncated_mle",-1.30228,0.508713
"winsor_95","strong_de",6,"truncated_mle",-1.31032,0.499724
"boundary_to_median","strong_de",6,"truncated_mle",-1.30052,0.511058
"common_raw","strong_de",6,"truncated_mle",-1.30179,0.422246
"common_unit","strong_de",6,"truncated_mle",-1.28494,0.49467
"eb_map","strong_de",6,"truncated_mle",-1.2927,0.496643
"profile_lower_50","strong_de",6,"truncated_mle",-1.30641,0.501751
"profile_lower_90","strong_de",6,"truncated_mle",-1.29859,0.498789
"moment_cap_50s","strong_de",6,"truncated_mle",-1.31341,0.508189
"master","strong_de",6,"truncated_mle",-1.28748,0.504833
"oracle","strong_de",6,"truncated_mle",-1.29464,0.496285
"mle_median_stabilize","strong_de",6,"truncated_mle",-1.3117,0.514922
"cap_50s_median_stabilize","strong_de",6,"truncated_mle",-1.307,0.51052
"mle","strong_de",7,"locfdr",-1.17487,0.423584
"cap_max_s","strong_de",7,"locfdr",-1.17133,0.422333
"cap_10s","strong_de",7,"locfdr",-1.18241,0.418306
"cap_50s","strong_de",7,"locfdr",-1.19892,0.437759
"cap_3median","strong_de",7,"locfdr",-1.20048,0.435459
"cap_10median","strong_de",7,"locfdr",-1.19626,0.435718
"winsor_95","strong_de",7,"locfdr",-1.20191,0.437644
"boundary_to_median","strong_de",7,"locfdr",-1.18773,0.425997
"common_raw","strong_de",7,"locfdr",-1.17258,0.379509
"common_unit","strong_de",7,"locfdr",-1.17292,0.425745
"eb_map","strong_de",7,"locfdr",-1.17757,0.416834
"profile_lower_50","strong_de",7,"locfdr",-1.18093,0.418834
"profile_lower_90","strong_de",7,"locfdr",-1.17725,0.413794
"moment_cap_50s","strong_de",7,"locfdr",-1.20573,0.449223
"master","strong_de",7,"locfdr",-1.17128,0.422113
"oracle","strong_de",7,"locfdr",-1.17063,0.413666
"mle_median_stabilize","strong_de",7,"locfdr",-1.19068,0.428769
"cap_50s_median_stabilize","strong_de",7,"locfdr",-1.20008,0.438146
"mle","strong_de",8,"locfdr",-1.27122,0.470424
"cap_max_s","strong_de",8,"locfdr",-1.28333,0.466999
"cap_10s","strong_de",8,"locfdr",-1.29057,0.466166
"cap_50s","strong_de",8,"locfdr",-1.295,0.477264
"cap_3median","strong_de",8,"locfdr",-1.29926,0.472079
"cap_10median","strong_de",8,"locfdr",-1.29648,0.478314
"winsor_95","strong_de",8,"locfdr",-1.29303,0.479674
"boundary_to_median","strong_de",8,"locfdr",-1.29089,0.49011
"common_raw","strong_de",8,"truncated_mle",-1.28802,0.386443
"common_unit","strong_de",8,"locfdr",-1.27578,0.454672
"eb_map","strong_de",8,"locfdr",-1.28257,0.454386
"profile_lower_50","strong_de",8,"truncated_mle",-1.29445,0.476875
"profile_lower_90","strong_de",8,"locfdr",-1.28976,0.465139
"moment_cap_50s","strong_de",8,"locfdr",-1.28613,0.477322
"master","strong_de",8,"locfdr",-1.28326,0.466759
"oracle","strong_de",8,"locfdr",-1.28366,0.462242
"mle_median_stabilize","strong_de",8,"locfdr",-1.30535,0.48664
"cap_50s_median_stabilize","strong_de",8,"locfdr",-1.30609,0.483035
"mle","strong_de",9,"locfdr",-1.28796,0.419919
"cap_max_s","strong_de",9,"truncated_mle",-1.28136,0.420711
"cap_10s","strong_de",9,"truncated_mle",-1.28874,0.42075
"cap_50s","strong_de",9,"truncated_mle",-1.30231,0.436401
"cap_3median","strong_de",9,"truncated_mle",-1.30076,0.423065
"cap_10median","strong_de",9,"truncated_mle",-1.29959,0.432231
"winsor_95","strong_de",9,"truncated_mle",-1.29855,0.425974
"boundary_to_median","strong_de",9,"truncated_mle",-1.29976,0.430129
"common_raw","strong_de",9,"truncated_mle",-1.282,0.339981
"common_unit","strong_de",9,"truncated_mle",-1.27703,0.403695
"eb_map","strong_de",9,"truncated_mle",-1.28572,0.413229
"profile_lower_50","strong_de",9,"truncated_mle",-1.28993,0.420162
"profile_lower_90","strong_de",9,"truncated_mle",-1.28691,0.418388
"moment_cap_50s","strong_de",9,"truncated_mle",-1.29915,0.430535
"master","strong_de",9,"truncated_mle",-1.28122,0.420238
"oracle","strong_de",9,"truncated_mle",-1.28368,0.407465
"mle_median_stabilize","strong_de",9,"locfdr",-1.31828,0.425111
"cap_50s_median_stabilize","strong_de",9,"truncated_mle",-1.31857,0.443013
"mle","strong_de",10,"truncated_mle",-1.67952,0.590533
"cap_max_s","strong_de",10,"truncated_mle",-1.6476,0.518703
"cap_10s","strong_de",10,"truncated_mle",-1.67623,0.55149
"cap_50s","strong_de",10,"truncated_mle",-1.68485,0.588855
"cap_3median","strong_de",10,"truncated_mle",-1.69164,0.557033
"cap_10median","strong_de",10,"truncated_mle",-1.68128,0.59112
"winsor_95","strong_de",10,"truncated_mle",-1.69228,0.573113
"boundary_to_median","strong_de",10,"truncated_mle",-1.67952,0.590533
"common_raw","strong_de",10,"truncated_mle",-1.66425,0.39162
"common_unit","strong_de",10,"locfdr",-1.64795,0.483129
"eb_map","strong_de",10,"truncated_mle",-1.66142,0.524771
"profile_lower_50","strong_de",10,"truncated_mle",-1.67565,0.556787
"profile_lower_90","strong_de",10,"truncated_mle",-1.66855,0.540757
"moment_cap_50s","strong_de",10,"truncated_mle",-1.68086,0.573788
"master","strong_de",10,"simple",-1.67087,0.556537
"oracle","strong_de",10,"locfdr",-1.6691,0.505663
"mle_median_stabilize","strong_de",10,"truncated_mle",-1.69177,0.595411
"cap_50s_median_stabilize","strong_de",10,"truncated_mle",-1.69322,0.593319
"mle","trend",1,"locfdr",-0.0952768,0.34701
"cap_max_s","trend",1,"locfdr",-0.103624,0.40937
"cap_10s","trend",1,"locfdr",-0.125668,0.412157
"cap_50s","trend",1,"locfdr",-0.131621,0.456116
"cap_3median","trend",1,"locfdr",-0.155608,0.456968
"cap_10median","trend",1,"locfdr",-0.136283,0.464304
"winsor_95","trend",1,"truncated_mle",-0.167146,0.613333
"boundary_to_median","trend",1,"truncated_mle",-0.126059,0.448006
"common_raw","trend",1,"locfdr",-0.117543,0.449907
"common_unit","trend",1,"locfdr",-0.110853,0.412312
"eb_map","trend",1,"locfdr",-0.127741,0.413464
"profile_lower_50","trend",1,"locfdr",-0.117961,0.421328
"profile_lower_90","trend",1,"locfdr",-0.132206,0.418111
"moment_cap_50s","trend",1,"locfdr",-0.137077,0.46173
"master","trend",1,"locfdr",-0.103644,0.40938
"oracle","trend",1,"locfdr",-0.128671,0.434562
"mle_median_stabilize","trend",1,"locfdr",-0.134473,0.443776
"cap_50s_median_stabilize","trend",1,"locfdr",-0.130516,0.452776
"mle","trend",2,"locfdr",-0.00627481,0.288764
"cap_max_s","trend",2,"locfdr",-0.000768364,0.350686
"cap_10s","trend",2,"locfdr",-0.0113797,0.370014
"cap_50s","trend",2,"locfdr",-0.0154342,0.370664
"cap_3median","trend",2,"locfdr",-0.00546099,0.373394
"cap_10median","trend",2,"locfdr",-0.0054881,0.398753
"winsor_95","trend",2,"locfdr",-0.00637446,0.290345
"boundary_to_median","trend",2,"locfdr",-0.0141604,0.36745
"common_raw","trend",2,"locfdr",-0.000859361,0.383186
"common_unit","trend",2,"locfdr",-0.00935874,0.351403
"eb_map","trend",2,"locfdr",-0.0147213,0.370359
"profile_lower_50","trend",2,"locfdr",-0.00231313,0.374736
"profile_lower_90","trend",2,"locfdr",-0.0117815,0.371935
"moment_cap_50s","trend",2,"locfdr",-0.0153473,0.384016
"master","trend",2,"locfdr",-0.000778001,0.350688
"oracle","trend",2,"locfdr",-0.00837414,0.358089
"mle_median_stabilize","trend",2,"locfdr",-0.0177176,0.385079
"cap_50s_median_stabilize","trend",2,"locfdr",-0.0153776,0.369829
"mle","trend",3,"truncated_mle",-0.0286349,0.632228
"cap_max_s","trend",3,"locfdr",-0.0891158,0.365795
"cap_10s","trend",3,"locfdr",-0.0900478,0.387828
"cap_50s","trend",3,"locfdr",-0.0738628,0.390573
"cap_3median","trend",3,"locfdr",-0.0815672,0.385076
"cap_10median","trend",3,"locfdr",-0.0589545,0.3746
"winsor_95","trend",3,"truncated_mle",-0.0288407,0.633194
"boundary_to_median","trend",3,"locfdr",-0.0742454,0.375649
"common_raw","trend",3,"locfdr",-0.0822966,0.388034
"common_unit","trend",3,"locfdr",-0.095245,0.357793
"eb_map","trend",3,"locfdr",-0.0854865,0.389765
"profile_lower_50","trend",3,"locfdr",-0.0748757,0.391101
"profile_lower_90","trend",3,"locfdr",-0.0810653,0.385397
"moment_cap_50s","trend",3,"locfdr",-0.079145,0.397348
"master","trend",3,"locfdr",-0.0891105,0.365793
"oracle","trend",3,"locfdr",-0.0811288,0.376838
"mle_median_stabilize","trend",3,"locfdr",-0.0745352,0.366344
"cap_50s_median_stabilize","trend",3,"locfdr",-0.073798,0.390238
"mle","trend",4,"truncated_mle",0.0677762,0.497333
"cap_max_s","trend",4,"locfdr",0.0657778,0.33785
"cap_10s","trend",4,"locfdr",0.0567702,0.337303
"cap_50s","trend",4,"locfdr",0.0473171,0.365326
"cap_3median","trend",4,"locfdr",0.0455112,0.346577
"cap_10median","trend",4,"locfdr",0.0503893,0.349607
"winsor_95","trend",4,"truncated_mle",0.06795,0.498469
"boundary_to_median","trend",4,"locfdr",0.0496897,0.350327
"common_raw","trend",4,"locfdr",0.0490502,0.367741
"common_unit","trend",4,"locfdr",0.0713878,0.338177
"eb_map","trend",4,"locfdr",0.0542856,0.346897
"profile_lower_50","trend",4,"locfdr",0.0514834,0.329355
"profile_lower_90","trend",4,"locfdr",0.0524076,0.339611
"moment_cap_50s","trend",4,"locfdr",0.051749,0.367817
"master","trend",4,"locfdr",0.0657695,0.337841
"oracle","trend",4,"locfdr",0.048433,0.354316
"mle_median_stabilize","trend",4,"locfdr",0.0557521,0.345796
"cap_50s_median_stabilize","trend",4,"locfdr",0.0473492,0.365788
"mle","trend",5,"locfdr",-0.0348586,0.281
"cap_max_s","trend",5,"locfdr",-0.0556521,0.355432
"cap_10s","trend",5,"locfdr",-0.0539333,0.350685
"cap_50s","trend",5,"locfdr",-0.032201,0.357496
"cap_3median","trend",5,"locfdr",-0.0531858,0.361991
"cap_10median","trend",5,"locfdr",-0.0498919,0.339358
"winsor_95","trend",5,"locfdr",-0.0350185,0.282355
"boundary_to_median","trend",5,"locfdr",-0.0537861,0.363059
"common_raw","trend",5,"locfdr",-0.0469215,0.351346
"common_unit","trend",5,"locfdr",-0.0491394,0.348165
"eb_map","trend",5,"locfdr",-0.0461123,0.354755
"profile_lower_50","trend",5,"locfdr",-0.0423213,0.339425
"profile_lower_90","trend",5,"locfdr",-0.0430061,0.351856
"moment_cap_50s","trend",5,"locfdr",-0.0292899,0.360546
"master","trend",5,"locfdr",-0.055642,0.355414
"oracle","trend",5,"locfdr",-0.0432373,0.354737
"mle_median_stabilize","trend",5,"locfdr",-0.0471186,0.343949
"cap_50s_median_stabilize","trend",5,"locfdr",-0.0319628,0.34758
"mle","trend",6,"truncated_mle",-0.0945816,0.838566
"cap_max_s","trend",6,"locfdr",-0.0518541,0.37777
"cap_10s","trend",6,"locfdr",-0.060748,0.383188
"cap_50s","trend",6,"locfdr",-0.0623286,0.372058
"cap_3median","trend",6,"locfdr",-0.063767,0.36809
"cap_10median","trend",6,"locfdr",-0.0536046,0.37595
"winsor_95","trend",6,"truncated_mle",-0.0945504,0.839596
"boundary_to_median","trend",6,"truncated_mle",-0.059568,0.382414
"common_raw","trend",6,"locfdr",-0.0581587,0.366952
"common_unit","trend",6,"locfdr",-0.0426777,0.363145
"eb_map","trend",6,"locfdr",-0.0651348,0.362498
"profile_lower_50","trend",6,"locfdr",-0.0536087,0.358857
"profile_lower_90","trend",6,"locfdr",-0.0607707,0.361678
"moment_cap_50s","trend",6,"locfdr",-0.0608025,0.368027
"master","trend",6,"locfdr",-0.0518339,0.37775
"oracle","trend",6,"locfdr",-0.0550311,0.365313
"mle_median_stabilize","trend",6,"locfdr",-0.0560779,0.356507
"cap_50s_median_stabilize","trend",6,"locfdr",-0.0624227,0.372558
"mle","trend",7,"locfdr",-0.0764187,0.274185
"cap_max_s","trend",7,"locfdr",-0.0933592,0.345505
"cap_10s","trend",7,"locfdr",-0.103953,0.336263
"cap_50s","trend",7,"locfdr",-0.113165,0.343791
"cap_3median","trend",7,"locfdr",-0.105255,0.342181
"cap_10median","trend",7,"locfdr",-0.0895719,0.335094
"winsor_95","trend",7,"locfdr",-0.0767981,0.275165
"boundary_to_median","trend",7,"locfdr",-0.109294,0.346152
"common_raw","trend",7,"locfdr",-0.114025,0.345501
"common_unit","trend",7,"locfdr",-0.0886439,0.327248
"eb_map","trend",7,"locfdr",-0.105349,0.335534
"profile_lower_50","trend",7,"locfdr",-0.106535,0.333448
"profile_lower_90","trend",7,"locfdr",-0.107574,0.338281
"moment_cap_50s","trend",7,"locfdr",-0.114194,0.354857
"master","trend",7,"locfdr",-0.0933635,0.345511
"oracle","trend",7,"locfdr",-0.106929,0.334226
"mle_median_stabilize","trend",7,"locfdr",-0.101598,0.32646
"cap_50s_median_stabilize","trend",7,"locfdr",-0.111893,0.340642
"mle","trend",8,"locfdr",-0.0858823,0.298218
"cap_max_s","trend",8,"locfdr",-0.123345,0.350902
"cap_10s","trend",8,"locfdr",-0.117047,0.358231
"cap_50s","trend",8,"locfdr",-0.126046,0.36021
"cap_3median","trend",8,"locfdr",-0.11963,0.361617
"cap_10median","trend",8,"locfdr",-0.112693,0.372707
"winsor_95","trend",8,"locfdr",-0.0860773,0.298976
"boundary_to_median","trend",8,"locfdr",-0.132527,0.352335
"common_raw","trend",8,"locfdr",-0.135752,0.340534
"common_unit","trend",8,"locfdr",-0.116188,0.347108
"eb_map","trend",8,"locfdr",-0.117298,0.360885
"profile_lower_50","trend",8,"locfdr",-0.101823,0.351421
"profile_lower_90","trend",8,"locfdr",-0.110964,0.35311
"moment_cap_50s","trend",8,"locfdr",-0.127378,0.350592
"master","trend",8,"locfdr",-0.123337,0.350881
"oracle","trend",8,"locfdr",-0.133718,0.347456
"mle_median_stabilize","trend",8,"locfdr",-0.11976,0.358396
"cap_50s_median_stabilize","trend",8,"locfdr",-0.126207,0.36069
"mle","trend",9,"locfdr",-0.0928107,0.284948
"cap_max_s","trend",9,"locfdr",-0.111123,0.354369
"cap_10s","trend",9,"locfdr",-0.104411,0.367331
"cap_50s","trend",9,"locfdr",-0.120107,0.36813
"cap_3median","trend",9,"locfdr",-0.115589,0.372205
"cap_10median","trend",9,"locfdr",-0.105857,0.338359
"winsor_95","trend",9,"locfdr",-0.0930821,0.285815
"boundary_to_median","trend",9,"locfdr",-0.10479,0.341544
"common_raw","trend",9,"locfdr",-0.108323,0.373849
"common_unit","trend",9,"locfdr",-0.105517,0.358033
"eb_map","trend",9,"locfdr",-0.113727,0.348353
"profile_lower_50","trend",9,"locfdr",-0.116478,0.364704
"profile_lower_90","trend",9,"locfdr",-0.116925,0.353939
"moment_cap_50s","trend",9,"locfdr",-0.122559,0.367092
"master","trend",9,"locfdr",-0.111111,0.354357
"oracle","trend",9,"locfdr",-0.116566,0.352749
"mle_median_stabilize","trend",9,"locfdr",-0.0954992,0.354156
"cap_50s_median_stabilize","trend",9,"locfdr",-0.120959,0.370908
"mle","trend",10,"truncated_mle",-0.0688302,0.575114
"cap_max_s","trend",10,"locfdr",-0.0573175,0.337704
"cap_10s","trend",10,"locfdr",-0.0584624,0.358296
"cap_50s","trend",10,"locfdr",-0.0597009,0.39103
"cap_3median","trend",10,"locfdr",-0.0529072,0.374182
"cap_10median","trend",10,"locfdr",-0.0344216,0.363259
"winsor_95","trend",10,"truncated_mle",-0.0691605,0.576153
"boundary_to_median","trend",10,"locfdr",-0.056551,0.378894
"common_raw","trend",10,"locfdr",-0.0703159,0.380302
"common_unit","trend",10,"locfdr",-0.0604606,0.334445
"eb_map","trend",10,"locfdr",-0.0650642,0.378846
"profile_lower_50","trend",10,"locfdr",-0.0517887,0.359191
"profile_lower_90","trend",10,"locfdr",-0.0607342,0.36183
"moment_cap_50s","trend",10,"locfdr",-0.0627957,0.388018
"master","trend",10,"locfdr",-0.0573184,0.337685
"oracle","trend",10,"locfdr",-0.0650212,0.37984
"mle_median_stabilize","trend",10,"locfdr",-0.0411327,0.367266
"cap_50s_median_stabilize","trend",10,"locfdr",-0.0592438,0.388954
"mle","weak_de",1,"locfdr",-0.0880018,0.336837
"cap_max_s","weak_de",1,"locfdr",-0.0916602,0.316238
"cap_10s","weak_de",1,"locfdr",-0.0953708,0.332005
"cap_50s","weak_de",1,"locfdr",-0.091627,0.34233
"cap_3median","weak_de",1,"locfdr",-0.0948837,0.335987
"cap_10median","weak_de",1,"locfdr",-0.0910241,0.342316
"winsor_95","weak_de",1,"locfdr",-0.0955349,0.337446
"boundary_to_median","weak_de",1,"locfdr",-0.0952539,0.337535
"common_raw","weak_de",1,"locfdr",-0.0892019,0.326636
"common_unit","weak_de",1,"locfdr",-0.0942636,0.326374
"eb_map","weak_de",1,"locfdr",-0.0947418,0.32128
"profile_lower_50","weak_de",1,"locfdr",-0.0914309,0.322911
"profile_lower_90","weak_de",1,"locfdr",-0.0926199,0.327291
"moment_cap_50s","weak_de",1,"locfdr",-0.0894055,0.332285
"master","weak_de",1,"locfdr",-0.0916545,0.316241
"oracle","weak_de",1,"locfdr",-0.0903175,0.337229
"mle_median_stabilize","weak_de",1,"locfdr",-0.0900476,0.344184
"cap_50s_median_stabilize","weak_de",1,"locfdr",-0.0924445,0.345092
"mle","weak_de",2,"locfdr",-0.0096472,0.35558
"cap_max_s","weak_de",2,"locfdr",-0.00600588,0.351499
"cap_10s","weak_de",2,"locfdr",-0.00454373,0.3432
"cap_50s","weak_de",2,"locfdr",-0.00486103,0.334647
"cap_3median","weak_de",2,"locfdr",-0.00750148,0.345415
"cap_10median","weak_de",2,"locfdr",-0.00465802,0.335279
"winsor_95","weak_de",2,"locfdr",-0.00748608,0.346851
"boundary_to_median","weak_de",2,"truncated_mle",-0.00742096,0.350122
"common_raw","weak_de",2,"locfdr",-0.0128701,0.341225
"common_unit","weak_de",2,"locfdr",-0.00189741,0.340715
"eb_map","weak_de",2,"locfdr",-0.00702807,0.343801
"profile_lower_50","weak_de",2,"locfdr",-0.00740366,0.345255
"profile_lower_90","weak_de",2,"locfdr",-0.00701371,0.344184
"moment_cap_50s","weak_de",2,"locfdr",-0.00739303,0.345721
"master","weak_de",2,"locfdr",-0.00600782,0.351484
"oracle","weak_de",2,"locfdr",-0.00620481,0.333882
"mle_median_stabilize","weak_de",2,"locfdr",-0.00747481,0.366384
"cap_50s_median_stabilize","weak_de",2,"locfdr",-0.00200444,0.349015
"mle","weak_de",3,"locfdr",-0.00686152,0.308196
"cap_max_s","weak_de",3,"locfdr",0.00488766,0.299875
"cap_10s","weak_de",3,"locfdr",-0.00366877,0.307839
"cap_50s","weak_de",3,"locfdr",-0.0175744,0.323095
"cap_3median","weak_de",3,"locfdr",-0.00689905,0.308817
"cap_10median","weak_de",3,"locfdr",-0.0105986,0.313019
"winsor_95","weak_de",3,"locfdr",-0.00965247,0.310777
"boundary_to_median","weak_de",3,"locfdr",-0.00496865,0.307383
"common_raw","weak_de",3,"locfdr",0.00574662,0.307989
"common_unit","weak_de",3,"locfdr",0.00568372,0.296105
"eb_map","weak_de",3,"locfdr",-0.000674623,0.306743
"profile_lower_50","weak_de",3,"locfdr",-0.0053012,0.313138
"profile_lower_90","weak_de",3,"locfdr",-0.00395001,0.31196
"moment_cap_50s","weak_de",3,"locfdr",-0.0045224,0.339527
"master","weak_de",3,"locfdr",0.00489581,0.299865
"oracle","weak_de",3,"locfdr",0.00350117,0.322971
"mle_median_stabilize","weak_de",3,"locfdr",-0.00721098,0.316088
"cap_50s_median_stabilize","weak_de",3,"locfdr",-0.0146945,0.323826
"mle","weak_de",4,"locfdr",0.00149415,0.369991
"cap_max_s","weak_de",4,"locfdr",0.0119203,0.344187
"cap_10s","weak_de",4,"locfdr",0.00974042,0.360108
"cap_50s","weak_de",4,"locfdr",0.000706078,0.36922
"cap_3median","weak_de",4,"locfdr",0.0117125,0.352344
"cap_10median","weak_de",4,"locfdr",0.000678625,0.369378
"winsor_95","weak_de",4,"locfdr",0.00446775,0.363243
"boundary_to_median","weak_de",4,"locfdr",0.00149415,0.369991
"common_raw","weak_de",4,"locfdr",0.0224278,0.333097
"common_unit","weak_de",4,"locfdr",0.0162228,0.339821
"eb_map","weak_de",4,"locfdr",0.0164646,0.34807
"profile_lower_50","weak_de",4,"locfdr",0.0106364,0.352887
"profile_lower_90","weak_de",4,"locfdr",0.0133187,0.354166
"moment_cap_50s","weak_de",4,"locfdr",0.00265899,0.358517
"master","weak_de",4,"locfdr",0.0119262,0.344176
"oracle","weak_de",4,"locfdr",0.0155167,0.344979
"mle_median_stabilize","weak_de",4,"locfdr",0.00135871,0.375147
"cap_50s_median_stabilize","weak_de",4,"locfdr",0.000556863,0.374001
"mle","weak_de",5,"locfdr",-0.0558062,0.330974
"cap_max_s","weak_de",5,"locfdr",-0.0535357,0.336039
"cap_10s","weak_de",5,"locfdr",-0.053391,0.344247
"cap_50s","weak_de",5,"locfdr",-0.0540603,0.333709
"cap_3median","weak_de",5,"locfdr",-0.0585001,0.33629
"cap_10median","weak_de",5,"locfdr",-0.0541576,0.333872
"winsor_95","weak_de",5,"locfdr",-0.0558796,0.337681
"boundary_to_median","weak_de",5,"locfdr",-0.0533588,0.330349
"common_raw","weak_de",5,"locfdr",-0.0483272,0.313844
"common_unit","weak_de",5,"locfdr",-0.0500178,0.334568
"eb_map","weak_de",5,"locfdr",-0.0503274,0.339966
"profile_lower_50","weak_de",5,"locfdr",-0.0541151,0.339281
"profile_lower_90","weak_de",5,"locfdr",-0.0502096,0.340298
"moment_cap_50s","weak_de",5,"locfdr",-0.0537928,0.333306
"master","weak_de",5,"locfdr",-0.0535244,0.336024
"oracle","weak_de",5,"locfdr",-0.0524214,0.340817
"mle_median_stabilize","weak_de",5,"locfdr",-0.0539889,0.334087
"cap_50s_median_stabilize","weak_de",5,"locfdr",-0.0553506,0.335057
"mle","weak_de",6,"locfdr",-0.058971,0.341252
"cap_max_s","weak_de",6,"locfdr",-0.0632837,0.320093
"cap_10s","weak_de",6,"locfdr",-0.0582588,0.335568
"cap_50s","weak_de",6,"locfdr",-0.0548467,0.351
"cap_3median","weak_de",6,"locfdr",-0.060164,0.347075
"cap_10median","weak_de",6,"locfdr",-0.0550184,0.341147
"winsor_95","weak_de",6,"locfdr",-0.0546234,0.341434
"boundary_to_median","weak_de",6,"locfdr",-0.0598745,0.339517
"common_raw","weak_de",6,"locfdr",-0.0601713,0.321607
"common_unit","weak_de",6,"locfdr",-0.0694776,0.328531
"eb_map","weak_de",6,"locfdr",-0.0604639,0.331054
"profile_lower_50","weak_de",6,"locfdr",-0.061313,0.333175
"profile_lower_90","weak_de",6,"locfdr",-0.0608807,0.324376
"moment_cap_50s","weak_de",6,"locfdr",-0.0621452,0.349587
"master","weak_de",6,"locfdr",-0.0627638,0.317491
"oracle","weak_de",6,"locfdr",-0.0620792,0.326392
"mle_median_stabilize","weak_de",6,"locfdr",-0.0609261,0.344262
"cap_50s_median_stabilize","weak_de",6,"locfdr",-0.055578,0.3497
"mle","weak_de",7,"truncated_mle",0.0263371,0.454668
"cap_max_s","weak_de",7,"locfdr",0.00515106,0.433117
"cap_10s","weak_de",7,"locfdr",-0.00917244,0.451545
"cap_50s","weak_de",7,"locfdr",-0.00645593,0.449252
"cap_3median","weak_de",7,"locfdr",-0.00805987,0.454016
"cap_10median","weak_de",7,"locfdr",-0.00946842,0.451135
"winsor_95","weak_de",7,"locfdr",-0.0118763,0.452079
"boundary_to_median","weak_de",7,"locfdr",-0.0081535,0.450114
"common_raw","weak_de",7,"locfdr",0.00363407,0.432634
"common_unit","weak_de",7,"locfdr",0.00389216,0.422221
"eb_map","weak_de",7,"locfdr",0.00108537,0.422712
"profile_lower_50","weak_de",7,"locfdr",-0.00281533,0.444716
"profile_lower_90","weak_de",7,"locfdr",0.000759504,0.426021
"moment_cap_50s","weak_de",7,"locfdr",-0.00980395,0.460256
"master","weak_de",7,"locfdr",0.00515403,0.433115
"oracle","weak_de",7,"locfdr",0.00370387,0.42211
"mle_median_stabilize","weak_de",7,"truncated_mle",0.0263896,0.461208
"cap_50s_median_stabilize","weak_de",7,"locfdr",-0.00643025,0.452674
"mle","weak_de",8,"locfdr",-0.0327385,0.324686
"cap_max_s","weak_de",8,"locfdr",-0.029379,0.310771
"cap_10s","weak_de",8,"locfdr",-0.0297581,0.317381
"cap_50s","weak_de",8,"locfdr",-0.0294394,0.327546
"cap_3median","weak_de",8,"locfdr",-0.0274492,0.321507
"cap_10median","weak_de",8,"locfdr",-0.0318223,0.321339
"winsor_95","weak_de",8,"locfdr",-0.0332769,0.327218
"boundary_to_median","weak_de",8,"locfdr",-0.0327385,0.324686
"common_raw","weak_de",8,"locfdr",-0.0326098,0.318795
"common_unit","weak_de",8,"locfdr",-0.0300917,0.312711
"eb_map","weak_de",8,"locfdr",-0.0296668,0.314032
"profile_lower_50","weak_de",8,"locfdr",-0.0253991,0.314447
"profile_lower_90","weak_de",8,"locfdr",-0.0285217,0.317513
"moment_cap_50s","weak_de",8,"locfdr",-0.0242013,0.323793
"master","weak_de",8,"locfdr",-0.0293726,0.310765
"oracle","weak_de",8,"locfdr",-0.035438,0.323904
"mle_median_stabilize","weak_de",8,"locfdr",-0.0331755,0.328416
"cap_50s_median_stabilize","weak_de",8,"locfdr",-0.0297,0.33032
"mle","weak_de",9,"truncated_mle",-0.0465098,0.330181
"cap_max_s","weak_de",9,"locfdr",-0.0522499,0.332325
"cap_10s","weak_de",9,"locfdr",-0.0470259,0.329899
"cap_50s","weak_de",9,"locfdr",-0.0427757,0.33084
"cap_3median","weak_de",9,"locfdr",-0.0459201,0.329794
"cap_10median","weak_de",9,"locfdr",-0.0455645,0.328341
"winsor_95","weak_de",9,"locfdr",-0.0460238,0.33174
"boundary_to_median","weak_de",9,"locfdr",-0.0475115,0.329411
"common_raw","weak_de",9,"locfdr",-0.0523541,0.338176
"common_unit","weak_de",9,"locfdr",-0.0489699,0.330472
"eb_map","weak_de",9,"locfdr",-0.0487591,0.328071
"profile_lower_50","weak_de",9,"locfdr",-0.04226,0.333626
"profile_lower_90","weak_de",9,"locfdr",-0.0489279,0.329783
"moment_cap_50s","weak_de",9,"locfdr",-0.0491897,0.326583
"master","weak_de",9,"locfdr",-0.0522419,0.33231
"oracle","weak_de",9,"locfdr",-0.0468453,0.334705
"mle_median_stabilize","weak_de",9,"truncated_mle",-0.0471378,0.337344
"cap_50s_median_stabilize","weak_de",9,"locfdr",-0.0433396,0.33473
"mle","weak_de",10,"truncated_mle",0.00785779,0.348267
"cap_max_s","weak_de",10,"locfdr",0.015283,0.353908
"cap_10s","weak_de",10,"locfdr",0.01745,0.353955
"cap_50s","weak_de",10,"locfdr",0.0178746,0.35639
"cap_3median","weak_de",10,"locfdr",0.0169747,0.356749
"cap_10median","weak_de",10,"locfdr",0.0136627,0.351883
"winsor_95","weak_de",10,"locfdr",0.0205315,0.3531
"boundary_to_median","weak_de",10,"locfdr",0.0135301,0.34577
"common_raw","weak_de",10,"locfdr",0.00490852,0.346375
"common_unit","weak_de",10,"locfdr",0.0114233,0.350725
"eb_map","weak_de",10,"locfdr",0.0139895,0.356514
"profile_lower_50","weak_de",10,"locfdr",0.0139294,0.354444
"profile_lower_90","weak_de",10,"locfdr",0.0204659,0.351727
"moment_cap_50s","weak_de",10,"locfdr",0.0205938,0.3569
"master","weak_de",10,"locfdr",0.0152766,0.353889
"oracle","weak_de",10,"locfdr",0.0113917,0.344104
"mle_median_stabilize","weak_de",10,"truncated_mle",0.00722716,0.354352
"cap_50s_median_stabilize","weak_de",10,"locfdr",0.0179222,0.357753
"mle","wide_rate",1,"locfdr",0.00365828,0.30625
"cap_max_s","wide_rate",1,"locfdr",0.0128533,0.364486
"cap_10s","wide_rate",1,"locfdr",0.0152861,0.371073
"cap_50s","wide_rate",1,"locfdr",0.0378943,0.391029
"cap_3median","wide_rate",1,"locfdr",0.0236453,0.36637
"cap_10median","wide_rate",1,"locfdr",0.0328124,0.385796
"winsor_95","wide_rate",1,"locfdr",0.00361208,0.306736
"boundary_to_median","wide_rate",1,"locfdr",0.0345995,0.365632
"common_raw","wide_rate",1,"locfdr",0.0187359,0.358685
"common_unit","wide_rate",1,"locfdr",0.0206114,0.36918
"eb_map","wide_rate",1,"locfdr",0.0280485,0.373009
"profile_lower_50","wide_rate",1,"truncated_mle",0.037772,0.400665
"profile_lower_90","wide_rate",1,"locfdr",0.0247259,0.368381
"moment_cap_50s","wide_rate",1,"locfdr",0.0371171,0.364364
"master","wide_rate",1,"locfdr",0.0128495,0.364492
"oracle","wide_rate",1,"locfdr",0.0397547,0.365183
"mle_median_stabilize","wide_rate",1,"locfdr",0.0201978,0.345669
"cap_50s_median_stabilize","wide_rate",1,"locfdr",0.0362131,0.376665
"mle","wide_rate",2,"locfdr",-0.0149999,0.375837
"cap_max_s","wide_rate",2,"locfdr",-0.0248906,0.42247
"cap_10s","wide_rate",2,"locfdr",-0.0321181,0.416226
"cap_50s","wide_rate",2,"locfdr",-0.0130848,0.437737
"cap_3median","wide_rate",2,"locfdr",-0.0294845,0.432672
"cap_10median","wide_rate",2,"locfdr",-0.0129814,0.435191
"winsor_95","wide_rate",2,"locfdr",-0.0150382,0.376281
"boundary_to_median","wide_rate",2,"locfdr",-0.0324185,0.409602
"common_raw","wide_rate",2,"locfdr",-0.0280061,0.418591
"common_unit","wide_rate",2,"locfdr",-0.0383995,0.413469
"eb_map","wide_rate",2,"locfdr",-0.0247502,0.434454
"profile_lower_50","wide_rate",2,"locfdr",-0.016115,0.447282
"profile_lower_90","wide_rate",2,"locfdr",-0.0264675,0.412812
"moment_cap_50s","wide_rate",2,"locfdr",-0.0101245,0.430848
"master","wide_rate",2,"locfdr",-0.0248871,0.422461
"oracle","wide_rate",2,"locfdr",-0.00068383,0.458753
"mle_median_stabilize","wide_rate",2,"locfdr",0.000224239,0.425946
"cap_50s_median_stabilize","wide_rate",2,"locfdr",-0.0129965,0.434881
"mle","wide_rate",3,"locfdr",-0.0212072,0.325119
"cap_max_s","wide_rate",3,"locfdr",-0.0309497,0.340193
"cap_10s","wide_rate",3,"locfdr",-0.0264353,0.357162
"cap_50s","wide_rate",3,"locfdr",-0.0267007,0.384544
"cap_3median","wide_rate",3,"locfdr",-0.0307265,0.37894
"cap_10median","wide_rate",3,"locfdr",-0.0253404,0.39402
"winsor_95","wide_rate",3,"locfdr",-0.0212297,0.325347
"boundary_to_median","wide_rate",3,"locfdr",-0.0235757,0.384129
"common_raw","wide_rate",3,"locfdr",-0.027364,0.340817
"common_unit","wide_rate",3,"locfdr",-0.0331381,0.328933
"eb_map","wide_rate",3,"locfdr",-0.0247487,0.373961
"profile_lower_50","wide_rate",3,"locfdr",-0.0173148,0.378411
"profile_lower_90","wide_rate",3,"locfdr",-0.0244634,0.363701
"moment_cap_50s","wide_rate",3,"locfdr",-0.0250112,0.382565
"master","wide_rate",3,"locfdr",-0.0309372,0.340171
"oracle","wide_rate",3,"locfdr",-0.0284276,0.426491
"mle_median_stabilize","wide_rate",3,"locfdr",-0.0376861,0.417556
"cap_50s_median_stabilize","wide_rate",3,"locfdr",-0.0330834,0.3784
"mle","wide_rate",4,"locfdr",0.0480627,0.300445
"cap_max_s","wide_rate",4,"locfdr",0.0703359,0.346919
"cap_10s","wide_rate",4,"locfdr",0.0656206,0.354985
"cap_50s","wide_rate",4,"locfdr",0.0587834,0.388211
"cap_3median","wide_rate",4,"locfdr",0.0545249,0.374964
"cap_10median","wide_rate",4,"locfdr",0.0704345,0.381685
"winsor_95","wide_rate",4,"locfdr",0.0481158,0.300676
"boundary_to_median","wide_rate",4,"locfdr",0.0516802,0.363074
"common_raw","wide_rate",4,"locfdr",0.0631675,0.347802
"common_unit","wide_rate",4,"locfdr",0.0655999,0.348196
"eb_map","wide_rate",4,"locfdr",0.061409,0.378442
"profile_lower_50","wide_rate",4,"locfdr",0.0732025,0.370095
"profile_lower_90","wide_rate",4,"locfdr",0.0591559,0.36586
"moment_cap_50s","wide_rate",4,"locfdr",0.0595262,0.386116
"master","wide_rate",4,"locfdr",0.0703317,0.346923
"oracle","wide_rate",4,"locfdr",0.0761359,0.407973
"mle_median_stabilize","wide_rate",4,"locfdr",0.0554812,0.34507
"cap_50s_median_stabilize","wide_rate",4,"locfdr",0.0581183,0.383232
"mle","wide_rate",5,"locfdr",0.0206503,0.281095
"cap_max_s","wide_rate",5,"locfdr",0.0308098,0.290888
"cap_10s","wide_rate",5,"locfdr",0.0297347,0.302762
"cap_50s","wide_rate",5,"locfdr",0.0454623,0.334553
"cap_3median","wide_rate",5,"locfdr",0.0355734,0.292524
"cap_10median","wide_rate",5,"locfdr",0.0480792,0.334953
"winsor_95","wide_rate",5,"locfdr",0.0206559,0.281342
"boundary_to_median","wide_rate",5,"locfdr",0.0405971,0.326085
"common_raw","wide_rate",5,"locfdr",0.0325138,0.299326
"common_unit","wide_rate",5,"locfdr",0.0298425,0.293478
"eb_map","wide_rate",5,"locfdr",0.0365019,0.326862
"profile_lower_50","wide_rate",5,"locfdr",0.0435165,0.313019
"profile_lower_90","wide_rate",5,"locfdr",0.0333192,0.298579
"moment_cap_50s","wide_rate",5,"locfdr",0.0421599,0.328367
"master","wide_rate",5,"locfdr",0.0308033,0.290887
"oracle","wide_rate",5,"locfdr",0.0361755,0.346629
"mle_median_stabilize","wide_rate",5,"locfdr",0.0274223,0.328526
"cap_50s_median_stabilize","wide_rate",5,"locfdr",0.0373606,0.322921
"mle","wide_rate",6,"locfdr",-0.041819,0.331183
"cap_max_s","wide_rate",6,"locfdr",-0.067002,0.367038
"cap_10s","wide_rate",6,"locfdr",-0.0577714,0.385544
"cap_50s","wide_rate",6,"locfdr",-0.0513215,0.411536
"cap_3median","wide_rate",6,"locfdr",-0.0568649,0.402201
"cap_10median","wide_rate",6,"locfdr",-0.0549093,0.42582
"winsor_95","wide_rate",6,"locfdr",-0.0417492,0.331721
"boundary_to_median","wide_rate",6,"locfdr",-0.0673054,0.397915
"common_raw","wide_rate",6,"locfdr",-0.0631392,0.360058
"common_unit","wide_rate",6,"locfdr",-0.0729558,0.355855
"eb_map","wide_rate",6,"locfdr",-0.0610905,0.410062
"profile_lower_50","wide_rate",6,"locfdr",-0.0521561,0.417927
"profile_lower_90","wide_rate",6,"locfdr",-0.0662506,0.399368
"moment_cap_50s","wide_rate",6,"locfdr",-0.0433983,0.417315
"master","wide_rate",6,"locfdr",-0.0669945,0.367022
"oracle","wide_rate",6,"locfdr",-0.0528785,0.450847
"mle_median_stabilize","wide_rate",6,"locfdr",-0.0684503,0.388495
"cap_50s_median_stabilize","wide_rate",6,"locfdr",-0.0509272,0.403946
"mle","wide_rate",7,"truncated_mle",-0.0805645,0.757969
"cap_max_s","wide_rate",7,"locfdr",-0.07565,0.315709
"cap_10s","wide_rate",7,"locfdr",-0.0811853,0.339359
"cap_50s","wide_rate",7,"locfdr",-0.0761592,0.377861
"cap_3median","wide_rate",7,"locfdr",-0.075616,0.369566
"cap_10median","wide_rate",7,"locfdr",-0.076613,0.380998
"winsor_95","wide_rate",7,"truncated_mle",-0.0805866,0.758295
"boundary_to_median","wide_rate",7,"locfdr",-0.0846792,0.352437
"common_raw","wide_rate",7,"locfdr",-0.0674749,0.320047
"common_unit","wide_rate",7,"locfdr",-0.0670063,0.306908
"eb_map","wide_rate",7,"locfdr",-0.0815948,0.383741
"profile_lower_50","wide_rate",7,"locfdr",-0.071515,0.359778
"profile_lower_90","wide_rate",7,"locfdr",-0.0809408,0.363219
"moment_cap_50s","wide_rate",7,"locfdr",-0.0755773,0.374679
"master","wide_rate",7,"locfdr",-0.075631,0.315664
"oracle","wide_rate",7,"locfdr",-0.0683316,0.364094
"mle_median_stabilize","wide_rate",7,"locfdr",-0.0783747,0.322845
"cap_50s_median_stabilize","wide_rate",7,"locfdr",-0.070004,0.353717
"mle","wide_rate",8,"locfdr",-0.0053903,0.327986
"cap_max_s","wide_rate",8,"locfdr",-0.000585433,0.361615
"cap_10s","wide_rate",8,"locfdr",-0.0175101,0.355405
"cap_50s","wide_rate",8,"locfdr",0.000658304,0.384564
"cap_3median","wide_rate",8,"locfdr",-0.00504524,0.379236
"cap_10median","wide_rate",8,"locfdr",0.00223833,0.384283
"winsor_95","wide_rate",8,"locfdr",-0.00538445,0.328223
"boundary_to_median","wide_rate",8,"locfdr",-0.018534,0.363338
"common_raw","wide_rate",8,"locfdr",0.00619736,0.367307
"common_unit","wide_rate",8,"locfdr",-0.00295121,0.368249
"eb_map","wide_rate",8,"locfdr",-0.0160287,0.374503
"profile_lower_50","wide_rate",8,"locfdr",0.00128055,0.364887
"profile_lower_90","wide_rate",8,"locfdr",-0.00804841,0.373306
"moment_cap_50s","wide_rate",8,"locfdr",-0.00932127,0.390856
"master","wide_rate",8,"locfdr",-0.000579713,0.361567
"oracle","wide_rate",8,"locfdr",-0.0180423,0.399714
"mle_median_stabilize","wide_rate",8,"locfdr",-0.0103291,0.377192
"cap_50s_median_stabilize","wide_rate",8,"locfdr",0.000683302,0.385674
"mle","wide_rate",9,"locfdr",0.0168064,0.308306
"cap_max_s","wide_rate",9,"locfdr",0.00124753,0.332198
"cap_10s","wide_rate",9,"locfdr",-0.00120359,0.355721
"cap_50s","wide_rate",9,"locfdr",-0.00218881,0.365749
"cap_3median","wide_rate",9,"locfdr",-0.00167652,0.356016
"cap_10median","wide_rate",9,"locfdr",-0.00522131,0.358179
"winsor_95","wide_rate",9,"locfdr",0.0168021,0.308813
"boundary_to_median","wide_rate",9,"locfdr",-0.00387519,0.36689
"common_raw","wide_rate",9,"locfdr",0.00599797,0.321025
"common_unit","wide_rate",9,"locfdr",0.0112677,0.330091
"eb_map","wide_rate",9,"locfdr",-0.0034489,0.349009
"profile_lower_50","wide_rate",9,"locfdr",-0.00221922,0.353069
"profile_lower_90","wide_rate",9,"locfdr",0.00386701,0.352486
"moment_cap_50s","wide_rate",9,"locfdr",-0.00645181,0.365031
"master","wide_rate",9,"locfdr",0.00127093,0.332158
"oracle","wide_rate",9,"truncated_mle",0.0113051,0.380849
"mle_median_stabilize","wide_rate",9,"locfdr",0.0162629,0.379542
"cap_50s_median_stabilize","wide_rate",9,"locfdr",-0.00191487,0.358551
"mle","wide_rate",10,"locfdr",0.0135763,0.276821
"cap_max_s","wide_rate",10,"locfdr",0.0229496,0.316134
"cap_10s","wide_rate",10,"locfdr",0.0229363,0.326476
"cap_50s","wide_rate",10,"locfdr",0.0246702,0.347689
"cap_3median","wide_rate",10,"locfdr",0.0243318,0.344119
"cap_10median","wide_rate",10,"locfdr",0.0281839,0.37799
"winsor_95","wide_rate",10,"locfdr",0.0135798,0.277118
"boundary_to_median","wide_rate",10,"locfdr",0.0251929,0.316633
"common_raw","wide_rate",10,"locfdr",0.0294695,0.308638
"common_unit","wide_rate",10,"locfdr",0.0300391,0.301947
"eb_map","wide_rate",10,"locfdr",0.0207292,0.343432
"profile_lower_50","wide_rate",10,"locfdr",0.0135187,0.351258
"profile_lower_90","wide_rate",10,"locfdr",0.017369,0.327564
"moment_cap_50s","wide_rate",10,"locfdr",0.031856,0.36237
"master","wide_rate",10,"locfdr",0.0229506,0.316124
"oracle","wide_rate",10,"truncated_mle",0.00950285,0.38917
"mle_median_stabilize","wide_rate",10,"locfdr",0.0133658,0.349622
"cap_50s_median_stabilize","wide_rate",10,"locfdr",0.0283129,0.346105
